﻿C_BATCH_HEADER
IDENTITY,STATUS,DATE_CREATED,CREATOR,DATE_COMPLETED,COMPLETER,DATE_REVIEWED,REVIEWER,DATE_AUTHORISED,AUTHORISER,AUTHORISATION_NOTES,DATE_CANCELLED,CANCELLER,LIMITS,ANALYSIS,DESCRIPTION,BATCH_CLASS,TEMPLATE_ID,REVIEW_STATUS,CDS_PROJECT,CDS_CHANNEL_NUMBER,CDS_RSF_NAME,CDS_COMMENTS,CDS_TEMPLATE_NAME,CDS_ANALYSIS_NAME,CDS_METHOD_NAME,CDS_CONTROL_NAME,CDS_CALIBRATION_NAME,CDS_SUBTRACT_NAME,CDS_SUBTRACT_SAMPLE,CDS_SUB_INJECTION,CDS_RVS_CALIB_NAME,CDS_AMOUNT_SAMPLE,CDS_INSTRUMENT,CDS_APPEND_ANALYSIS,ANALYST,INSTRUMENT,START_DATE,END_DATE,BATCH_COMMENT,HAS_ATTACHMENTS,WORKFLOW_NODE,ENTITY_TEMPLATE_ID,ENTITY_TEMPLATE_VERSION,RACK_TEMPLATE_ID,RACK_TEMPLATE_VERSION,RACK_START_POSITION,PLATE_ID,SYSTEM_BATCH,P_PREP_BY,P_PREP_DATE,P_PREP_TYPE
20,1,32,10,32,10,32,10,32,10,255,32,10,10,10,255,10,10,1,12,10,8,60,8,14,10,8,8,14,10,10,8,20,20,1,10,10,32,32,255,1,36,30,10,36,10,10,36,1,10,32,10
                       1
"QE_SCREEN-102121-3","X"," 21-10-2021 09:06:30.79","XIAOFEN", ,, ,, ,,," 21-10-2021 09:11:21.93","XIAOFEN",,"QESCREEN","102121Screens XFL","INSTRUMENT","QE_SCREEN","F",,"0",,,,,,,,,"0","0",,,,"FALSE",,," 21-10-2021 09:06:30.79", ,"Result Summary","FALSE","2ECA6FAF-4D69-43F0-87C6-2BB3A6F9A03B","PETRL_BATCH","1",,"0",,,"FALSE","XIAOFEN"," 21-10-2021 09:06:30.79",
