﻿C_JOB_HEADER
JOB_NAME,JOB_STATUS,BROWSE_DESCRIPTION,SAMPLE_SYNTAX_ID,DATE_CREATED,DATE_COMPLETED,DATE_RECEIVED,DATE_TO_START,SUBMITTER_OPER,SAMPLES_TO_DO,GROUP_ID,TEMPLATE_ID,SAMPLE_TEMPLATE,DATE_AUTHORISED,AUTHORISER,AUTHORISATION_NOTES,OLD_STATUS,INSPECTION_HEADER,NODE_TRIGGER_PATH,ORIGINAL_JOB,BEEN_COPIED,AUTO_VALIDATE,TOTAL_ELEMENTS,LOT_ID,CERTIFICATE,WORKFLOW_NODE,ENTITY_TEMPLATE_ID,ENTITY_TEMPLATE_VERSION,HAS_ATTACHMENTS,CERT_TEMPLATE_ID,CERT_TEMPLATE_VERSION,CERT_ID,CERT_VERSION,SCHEDULE,SCHEDULE_GROUP,P_PROJECT,P_SAMPLING_POINT,P_ACCESSION_NUMBER,P_RACE_DATE,P_OWNER,P_CASE_COORDINATOR,P_PURPOSE,P_SPECIMEN_TYPES,P_ACCESSION_TYPE,P_NRT_ACCESSION_TYPE,P_SEAL,P_ACTUAL_SEAL,P_SEAL_STATUS,P_CONTAINER,P_CONTAINER_STATUS,P_ACTUAL_CONTAINER,P_RECEIVER,P_SCANNER,P_OPENER,P_REMOVER,P_VERIFIER,P_EXCEPTIONS,P_COLOR_CODE,P_DISPOSAL_STATUS,P_DISPOSED_BY,P_DISPOSAL_ORDERED_BY,P_DISPOSAL_APPROVED_BY,P_DISPOSED_DATE,P_STI,P_STI_STATUS,P_RACE_ID,P_FAIR
20,1,234,10,32,32,32,32,10,10,10,10,10,32,10,234,1,10,500,20,1,1,10,30,10,36,30,10,1,36,10,36,10,10,10,10,10,10,32,10,10,20,20,10,10,20,20,20,20,30,20,20,20,20,20,20,100,10,30,10,10,10,32,1,1,10,10
                      39
"JOB_0000000001","A","Job created on 12-AUG-2019 11:06 by HODYT using DEFAULT_JOB entity template",," 12-08-2019 11:08:03.97"," 12-08-2019 13:17:31.60", , ,"HODYT","0",,,," 12-08-2019 15:04:57.21","HODYT","Authorized by HODYT On 8/12/2019 3:04 PM","C",,<NULL>,,"FALSE","FALSE","0",,"0","FAE398B9-5046-4E7B-821B-4EB5749E755B","DEFAULT_JOB","1","FALSE",,"1",,"1",,,,,, ,,,,,,,,,"T",,,,,,,,,,,,,,, ,"FALSE",,"0",
"S000027","X","Accession created on 22-OCT-2019 10:18 by EVANXUE using EQUINE_ACCESSION_JOB entity template",," 22-10-2019 10:18:17.46", , , ,"EVANXUE","0",,,," 20-11-2019 11:11:15.43",,,"V",,<NULL>,,"FALSE","FALSE","0",,"0","A6EFC296-CAAC-4E1A-AD17-12B8A831E8C8","RACETRACK_JOB","1","FALSE",,"1",,"1",,,"RACETRACK","HP","S000027"," 22-10-2019 10:18:08.24",,,"RACE","BU",,,,,"T",,,,,,,,,,,,,,, ,"FALSE",,"0",
"S000028","X","Accession created on 22-OCT-2019 11:59 by GARYW using EQUINE_ACCESSION_JOB entity template",," 22-10-2019 11:59:15.06", , , ,"GARYW","0",,,," 20-11-2019 11:11:22.98",,,"V",,<NULL>,,"FALSE","FALSE","0",,"0","A6EFC296-CAAC-4E1A-AD17-12B8A831E8C8","RACETRACK_JOB","1","FALSE",,"1",,"1",,,"RACETRACK","HP","S000028"," 22-10-2019 11:58:31.18",,,"RACE","BU",,,,,"T",,,,,,,,,,,,,,, ,"FALSE",,"0",
"S000031","X","Accession created on 28-OCT-2019 15:13 by EVANXUE using EQUINE_ACCESSION_JOB entity template",," 28-10-2019 15:13:30.66", , , ,"EVANXUE","0",,,," 20-11-2019 11:11:33.91",,,"V",,<NULL>,,"FALSE","FALSE","0",,"0","A6EFC296-CAAC-4E1A-AD17-12B8A831E8C8","RACETRACK_JOB","1","FALSE",,"1",,"1",,,"RACETRACK","HP","S000031"," 28-10-2019 15:13:12.47",,,"RACE","BU",,,,,"T",,,,,,,,,,,,,,, ,"FALSE",,"0",
"S000032","X","Accession created on 28-OCT-2019 16:01 by EVANXUE using EQUINE_ACCESSION_JOB entity template",," 28-10-2019 16:01:48.75", , , ,"EVANXUE","0",,,," 20-11-2019 11:11:40.29",,,"V",,<NULL>,,"FALSE","FALSE","0",,"0","A6EFC296-CAAC-4E1A-AD17-12B8A831E8C8","RACETRACK_JOB","1","FALSE",,"1",,"1",,,"RACETRACK","HP","S000032"," 28-10-2019 16:01:46.83",,,"RACE","BU",,,,,"T",,,,,,,,,,,,,,, ,"FALSE",,"0",
"S000033","X","Accession created on 28-OCT-2019 16:26 by EVANXUE using EQUINE_ACCESSION_JOB entity template",," 28-10-2019 16:26:54.38", , , ,"EVANXUE","0",,,," 20-11-2019 11:11:48.27",,,"V",,<NULL>,,"FALSE","FALSE","0",,"0","A6EFC296-CAAC-4E1A-AD17-12B8A831E8C8","RACETRACK_JOB","1","FALSE",,"1",,"1",,,"RACETRACK","HP","S000033"," 28-10-2019 16:26:50.95",,,"RACE","BU",,,,,"T",,,,,,,,,,,,,,, ,"FALSE",,"0",
"S000034","X","Accession created on 29-OCT-2019 12:03 by EVANXUE using EQUINE_ACCESSION_JOB entity template",," 29-10-2019 12:03:16.78", , , ,"EVANXUE","0",,,," 20-11-2019 11:11:56.43",,,"V",,<NULL>,,"FALSE","FALSE","0",,"0","A6EFC296-CAAC-4E1A-AD17-12B8A831E8C8","RACETRACK_JOB","1","FALSE",,"1",,"1",,,"RACETRACK","HP","S000034"," 29-10-2019 12:03:13.69",,,"RACE","BU",,,,,"T",,,,,,,,,,,,,,, ,"FALSE",,"0",
"S000035","X","Accession created on 30-OCT-2019 08:58 by EVANXUE using EQUINE_ACCESSION_JOB entity template",," 30-10-2019 08:58:40.62", , , ,"EVANXUE","0",,,," 20-11-2019 11:12:03.85",,,"V",,<NULL>,,"FALSE","FALSE","0",,"0","A6EFC296-CAAC-4E1A-AD17-12B8A831E8C8","RACETRACK_JOB","1","FALSE",,"1",,"1",,,"RACETRACK","HP","S000035"," 30-10-2019 08:58:24.87",,,"RACE","BU",,,,,"T",,,,,,,,,,,,,,, ,"FALSE",,"0",
"S000036","X","Accession created on  8-NOV-2019 17:32 by GARYW using EQUINE_ACCESSION_JOB entity template",," 08-11-2019 17:32:15.28", , , ,"GARYW","0",,,," 11-11-2019 09:33:58.38",,,"V",,<NULL>,,"FALSE","FALSE","0",,"0","A6EFC296-CAAC-4E1A-AD17-12B8A831E8C8","RACETRACK_JOB","1","FALSE",,"1",,"1",,,"RACETRACK","HP","S000036"," 08-11-2019 17:31:19.94",,,"RACE","BU",,,,,"T",,,,,,,,,,"RED",,,,, ,"FALSE",,"0",
"S000037","X","Accession created on  8-NOV-2019 17:36 by GARYW using EQUINE_ACCESSION_JOB entity template",," 08-11-2019 17:36:02.68", , , ,"GARYW","0",,,," 11-11-2019 09:34:05.92",,,"V",,<NULL>,,"FALSE","FALSE","0",,"0","A6EFC296-CAAC-4E1A-AD17-12B8A831E8C8","RACETRACK_JOB","1","FALSE",,"1",,"1",,,"RACETRACK","HP","S000037"," 08-11-2019 17:35:12.21",,,"RACE","BU",,,,,"T",,,,,,,,,,,,,,, ,"FALSE",,"0",
"S000040","X","Accession created on 13-NOV-2019 13:34 by EVANXUE using EQUINE_ACCESSION_JOB entity template",," 13-11-2019 13:34:29.90", , , ,"EVANXUE","0",,,," 13-11-2019 16:43:37.52",,,"V",,<NULL>,,"FALSE","FALSE","0",,"0","A6EFC296-CAAC-4E1A-AD17-12B8A831E8C8","RACETRACK_JOB","1","FALSE",,"1",,"1",,,"RACETRACK","HP",," 13-11-2019 13:33:35.61",,,"RACE","BU",,,,,"T",,,,,,,,,,,,,,, ,"FALSE",,"0",
"S000041","X","Accession created on 13-NOV-2019 13:35 by EVANXUE using EQUINE_ACCESSION_JOB entity template",," 13-11-2019 13:35:49.65", , , ,"EVANXUE","0",,,," 13-11-2019 16:43:38.21",,,"V",,<NULL>,,"FALSE","FALSE","0",,"0","A6EFC296-CAAC-4E1A-AD17-12B8A831E8C8","RACETRACK_JOB","1","FALSE",,"1",,"1",,,"RACETRACK","HP",," 13-11-2019 13:35:30.13",,,"RACE","BU",,,,,"T",,,,,,,,,,,,,,, ,"FALSE",,"0",
"S000042","X","Accession created on 13-NOV-2019 13:36 by EVANXUE using EQUINE_ACCESSION_JOB entity template",," 13-11-2019 13:36:39.34", , , ,"EVANXUE","0",,,," 13-11-2019 16:43:38.72",,,"V",,<NULL>,,"FALSE","FALSE","0",,"0","A6EFC296-CAAC-4E1A-AD17-12B8A831E8C8","RACETRACK_JOB","1","FALSE",,"1",,"1",,,"RACETRACK","HP",," 13-11-2019 13:36:21.03",,,"RACE","BU",,,,,"T",,,,,,,,,,,,,,, ,"FALSE",,"0",
"S000043","X","Accession created on 13-NOV-2019 15:28 by GARYW using EQUINE_ACCESSION_JOB entity template",," 13-11-2019 15:28:07.72", , , ,"GARYW","0",,,," 13-11-2019 16:43:39.35",,,"V",,<NULL>,,"FALSE","FALSE","0",,"0","A6EFC296-CAAC-4E1A-AD17-12B8A831E8C8","RACETRACK_JOB","1","FALSE",,"1",,"1",,,"RACETRACK","HP",," 13-11-2019 15:27:54.86",,,"RACE","BU",,,,,"T",,,,,,,,,,,,,,, ,"FALSE",,"0",
"S000044","X","Accession created on 13-NOV-2019 15:35 by GARYW using EQUINE_ACCESSION_JOB entity template",," 13-11-2019 15:35:33.95", , , ,"GARYW","0",,,," 13-11-2019 16:43:39.46",,,"V",,<NULL>,,"FALSE","FALSE","0",,"0","A6EFC296-CAAC-4E1A-AD17-12B8A831E8C8","RACETRACK_JOB","1","FALSE",,"1",,"1",,,"RACETRACK","HP",," 13-11-2019 15:35:24.68",,,"RACE","BU",,,,,"T",,,,,,,,,,,,,,, ,"FALSE",,"0",
"S000045","X","Accession created on 13-NOV-2019 16:01 by GARYW using EQUINE_ACCESSION_JOB entity template",," 13-11-2019 16:01:46.76", , , ,"GARYW","0",,,," 13-11-2019 16:43:39.49",,,"V",,<NULL>,,"FALSE","FALSE","0",,"0","A6EFC296-CAAC-4E1A-AD17-12B8A831E8C8","RACETRACK_JOB","1","FALSE",,"1",,"1",,,"RACETRACK","HP",," 13-11-2019 16:01:43.10",,,"RACE","BU",,,,,"T",,,,,,,,,,,,,,, ,"FALSE",,"0",
"S000046","X","Accession created on 13-NOV-2019 16:07 by GARYW using EQUINE_ACCESSION_JOB entity template",," 13-11-2019 16:07:07.01", , , ,"GARYW","0",,,," 13-11-2019 16:43:39.56",,,"V",,<NULL>,,"FALSE","FALSE","0",,"0","A6EFC296-CAAC-4E1A-AD17-12B8A831E8C8","RACETRACK_JOB","1","FALSE",,"1",,"1",,,"RACETRACK","HP",," 13-11-2019 16:07:02.78",,,"RACE","BU",,,,,"T",,,,,,,,,,,,,,, ,"FALSE",,"0",
"S000047","X","Accession created on 13-NOV-2019 16:16 by GARYW using EQUINE_ACCESSION_JOB entity template",," 13-11-2019 16:16:56.10", , , ,"GARYW","0",,,," 13-11-2019 16:43:39.61",,,"V",,<NULL>,,"FALSE","FALSE","0",,"0","A6EFC296-CAAC-4E1A-AD17-12B8A831E8C8","RACETRACK_JOB","1","FALSE",,"1",,"1",,,"RACETRACK","HP",," 13-11-2019 16:16:49.92",,,"RACE","BU",,,,,"T",,,,,,,,,,,,,,, ,"FALSE",,"0",
"S000048","X","Accession created on 13-NOV-2019 16:18 by GARYW using EQUINE_ACCESSION_JOB entity template",," 13-11-2019 16:18:46.45", , , ,"GARYW","0",,,," 13-11-2019 16:43:39.66",,,"V",,<NULL>,,"FALSE","FALSE","0",,"0","A6EFC296-CAAC-4E1A-AD17-12B8A831E8C8","RACETRACK_JOB","1","FALSE",,"1",,"1",,,"RACETRACK","HP",," 13-11-2019 16:18:42.60",,,"RACE","BU",,,,,"T",,,,,,,,,,,,,,, ,"FALSE",,"0",
"S000049","X","Accession created on 13-NOV-2019 16:22 by GARYW using EQUINE_ACCESSION_JOB entity template",," 13-11-2019 16:22:16.36", , , ,"GARYW","0",,,," 13-11-2019 16:43:39.74",,,"V",,<NULL>,,"FALSE","FALSE","0",,"0","A6EFC296-CAAC-4E1A-AD17-12B8A831E8C8","RACETRACK_JOB","1","FALSE",,"1",,"1",,,"RACETRACK","HP","S000049"," 13-11-2019 16:22:13.08",,,"RACE","BU",,,,,"T",,,,,,,,,,,,,,, ,"FALSE",,"0",
"S000050","X","Accession created on 13-NOV-2019 16:25 by GARYW using EQUINE_ACCESSION_JOB entity template",," 13-11-2019 16:25:08.74", , , ,"GARYW","0",,,," 13-11-2019 16:43:40.00",,,"V",,<NULL>,,"FALSE","FALSE","0",,"0","A6EFC296-CAAC-4E1A-AD17-12B8A831E8C8","RACETRACK_JOB","1","FALSE",,"1",,"1",,,"RACETRACK","HP",," 13-11-2019 16:25:04.94",,,"RACE","BU",,,,,"T",,,,,,,,,,,,,,, ,"FALSE",,"0",
"S000051","X","Accession created on 13-NOV-2019 16:33 by GARYW using EQUINE_ACCESSION_JOB entity template",," 13-11-2019 16:33:55.27", , , ,"GARYW","0",,,," 13-11-2019 16:43:40.06",,,"V",,<NULL>,,"FALSE","FALSE","0",,"0","A6EFC296-CAAC-4E1A-AD17-12B8A831E8C8","RACETRACK_JOB","1","FALSE",,"1",,"1",,,"RACETRACK","HP","S000051"," 13-11-2019 16:33:52.02",,,"RACE","BU",,,,,"T",,,,,,,,,,,,,,, ,"FALSE",,"0",
"S000052","X","Accession created on 13-NOV-2019 16:37 by GARYW using EQUINE_ACCESSION_JOB entity template",," 13-11-2019 16:37:39.08", , , ,"GARYW","0",,,," 13-11-2019 16:43:40.33",,,"V",,<NULL>,,"FALSE","FALSE","0",,"0","A6EFC296-CAAC-4E1A-AD17-12B8A831E8C8","RACETRACK_JOB","1","FALSE",,"1",,"1",,,"RACETRACK","HP","S000052"," 13-11-2019 16:37:35.35",,,"RACE","BU",,,,,"T",,,,,,,,,,,,,,, ,"FALSE",,"0",
"S000053","X","Accession created on 13-NOV-2019 16:42 by GARYW using EQUINE_ACCESSION_JOB entity template",," 13-11-2019 16:42:05.13", , , ,"GARYW","0",,,," 13-11-2019 16:43:40.61",,,"V",,<NULL>,,"FALSE","FALSE","0",,"0","A6EFC296-CAAC-4E1A-AD17-12B8A831E8C8","RACETRACK_JOB","1","FALSE",,"1",,"1",,,"RACETRACK","HP","S000053"," 13-11-2019 16:41:58.85",,,"RACE","BU",,,,,"T",,,,,,,,,,,,,,, ,"FALSE",,"0",
"S000056","X","Accession created on 15-NOV-2019 16:42 by GARYW using EQUINE_ACCESSION_JOB entity template",," 15-11-2019 16:42:52.69", , , ,"GARYW","0",,,," 15-11-2019 16:49:55.01",,,"V",,<NULL>,,"FALSE","FALSE","0",,"0","26FEE3FB-439C-40F5-AD77-1E41CECF4368","RACETRACK_JOB","1","FALSE",,"1",,"1",,,"RACETRACK","HP","S000056"," 15-11-2019 16:42:22.37",,,"RACE","BU",,,,,"T",,,,,,,,,,,,,,, ,"FALSE",,"0",
"S000081","X","Accession created on 22-MAR-2020 16:29 by HPRACEADM using EQUINE_ACCESSION_JOB entity template",," 22-03-2020 16:29:47.23", , , ,"HPRACEADM","0",,,," 22-03-2020 17:11:46.93",,,"V",,<NULL>,,"FALSE","FALSE","0",,"0","877293A6-6995-49B6-B3A3-81AC8688456C","RACETRACK_JOB_BKG","1","FALSE",,"1",,"1",,,,"HP","S000081"," 02-03-2020 00:00:00.00",,,,,,,,,"T",,,,,,,,,,,,,,, ,"FALSE",,"0",
"S000082","X","Accession created on 22-MAR-2020 16:43 by HPRACEADM using EQUINE_ACCESSION_JOB entity template",," 22-03-2020 16:43:42.59", , , ,"HPRACEADM","0",,,," 22-03-2020 17:11:53.01",,,"V",,<NULL>,,"FALSE","FALSE","0",,"0","877293A6-6995-49B6-B3A3-81AC8688456C","RACETRACK_JOB_BKG","1","FALSE",,"1",,"1",,,,"HP","S000082"," 02-03-2020 00:00:00.00",,,,,,,,,"T",,,,,,,,,,,,,,, ,"FALSE",,"0",
"S000083","X","Accession created on 22-MAR-2020 16:45 by HPRACEADM using EQUINE_ACCESSION_JOB entity template",," 22-03-2020 16:45:25.85", , , ,"HPRACEADM","0",,,," 22-03-2020 17:11:58.45",,,"V",,<NULL>,,"FALSE","FALSE","0",,"0","877293A6-6995-49B6-B3A3-81AC8688456C","RACETRACK_JOB_BKG","1","FALSE",,"1",,"1",,,,,"<New Job 1"," 22-03-2020 16:45:25.13",,,,,,,,,"T",,,,,,,,,,,,,,, ,"FALSE",,"0",
"S000084","X","Accession created on 22-MAR-2020 16:52 by HPRACEADM using EQUINE_ACCESSION_JOB entity template",," 22-03-2020 16:52:14.49", , , ,"HPRACEADM","0",,,," 28-04-2020 17:06:42.69",,,"V",,<NULL>,,"FALSE","FALSE","0",,"0","877293A6-6995-49B6-B3A3-81AC8688456C","RACETRACK_JOB_BKG","1","FALSE",,"1",,"1",,,,"HP","S000084"," 22-03-2020 00:00:00.00",,,,,,,,,"T",,,,,,,,,,,,,,, ,"FALSE",,"0",
"S000107","X","Accession created on  1-APR-2020 13:39 by JAGALOOS using EQUINE_ACCESSION_JOB entity template",," 01-04-2020 13:39:43.66", , , ,"JAGALOOS","0",,,," 01-04-2020 14:03:19.75",,,"V",,<NULL>,,"FALSE","FALSE","0",,"0","26FEE3FB-439C-40F5-AD77-1E41CECF4368","RACETRACK_JOB","1","FALSE",,"1",,"1",,,"RACETRACK","HP","S000107"," 01-04-2020 13:38:12.43",,,"RACE","BU",,,,,"T",,,,,,,,,,,,,,, ,"FALSE",,"0",
"S000108","X","Accession created on  1-APR-2020 13:41 by JAGALOOS using EQUINE_ACCESSION_JOB entity template",," 01-04-2020 13:41:34.44", , , ,"JAGALOOS","0",,,," 01-04-2020 14:03:47.77",,,"V",,<NULL>,,"FALSE","FALSE","0",,"0","26FEE3FB-439C-40F5-AD77-1E41CECF4368","RACETRACK_JOB","1","FALSE",,"1",,"1",,,"RACETRACK","HP","S000108"," 01-04-2020 13:41:04.53",,,"RACE","BU",,,,,"T",,,,,,,,,,,,,,, ,"FALSE",,"0",
"S000130","X","Accession created on 17-APR-2020 12:36 by DTOLBERT using EQUINE_ACCESSION_JOB entity template",," 17-04-2020 12:36:54.14", , , ,"DTOLBERT","0",,,," 15-05-2020 14:48:17.49",,,"V",,<NULL>,,"FALSE","FALSE","0",,"0","26FEE3FB-439C-40F5-AD77-1E41CECF4368","RACETRACK_JOB","1","FALSE",,"1",,"1",,,"RACETRACK","HP","S000130"," 17-04-2020 12:36:44.04",,,"RACE","BU",,,,,"T",,,,,,,,,,,,,,, ,"FALSE",,"0",
"S000358","X","Accession created on 30-JUN-2020 11:33 by MPRACEADM using EQUINE_ACCESSION_JOB entity template",," 30-06-2020 11:33:38.10", , , ,"MPRACEADM","0",,,," 07-07-2020 16:50:29.57",,,"V",,<NULL>,,"FALSE","FALSE","0",,"0","877293A6-6995-49B6-B3A3-81AC8688456C","RACETRACK_JOB_BKG","1","TRUE",,"1",,"1",,,,"MP","S000358"," 10-06-2020 00:00:00.00",,,,,,,,,"T",,,,,,,,,,,,,,, ,"FALSE",,"0",
"S000359","X","Accession created on  1-JUL-2020 10:53 by MPRACEADM using EQUINE_ACCESSION_JOB entity template",," 01-07-2020 10:53:44.46", , , ,"MPRACEADM","0",,,," 07-07-2020 16:51:30.72",,,"V",,<NULL>,,"FALSE","FALSE","0",,"0","877293A6-6995-49B6-B3A3-81AC8688456C","RACETRACK_JOB_BKG","1","TRUE",,"1",,"1",,,,"MP","S000359"," 11-06-2020 00:00:00.00",,,,,,,,,"T",,,,,,,,,,,,,,, ,"FALSE",,"0",
"S000363","X","Accession created on  7-JUL-2020 16:58 by GARYW using EQUINE_ACCESSION_JOB entity template",," 07-07-2020 16:58:41.95", ," 25-06-2021 12:49:04.85", ,"GARYW","0",,,," 07-07-2020 17:17:43.56",,,"V",,<NULL>,,"FALSE","FALSE","0",,"0","877293A6-6995-49B6-B3A3-81AC8688456C","RACETRACK_JOB_BKG","1","TRUE",,"1",,"1",,,,"MP","S000363"," 12-06-2020 00:00:00.00",,,,,,," 1234"," 1234","T Intact"," 62911"," G"," 62911",," AWDT"," AM"," EXJK"," KKS",,,,,,, ,"FALSE",,"0",
"S000370","X","Accession created on 13-JUL-2020 17:37 by GARYW using EQUINE_ACCESSION_JOB entity template",," 13-07-2020 17:37:55.94", , , ,"GARYW","0",,,," 15-07-2020 09:11:23.11",,,"V",,<NULL>,,"FALSE","FALSE","0",,"0","877293A6-6995-49B6-B3A3-81AC8688456C","RACETRACK_JOB_BKG","1","TRUE",,"1",,"1",,,,"MP","S000370"," 13-06-2020 00:00:00.00",,,"RACE",,,,,,"T",,,,,,,,,,,,,,, ,"FALSE",,"0",
"S000374","X","Accession created on 15-JUL-2020 10:00 by MPRACEADM using entity template: Race Track Job Background Job",," 15-07-2020 10:00:48.36", , , ,"MPRACEADM","0",,,," 15-07-2020 12:16:58.07",,,"V",,<NULL>,,"FALSE","FALSE","0",,"0","877293A6-6995-49B6-B3A3-81AC8688456C","RACETRACK_JOB_BKG","1","TRUE",,"1",,"1",,,"RACETRACK","MP","S000374"," 14-06-2020 00:00:00.00",,,"RACE","BU",,," 12364"," 12364","T Intact"," 60240 62352"," G"," 60240 62352","CHEMIST",,,,,,,,,,, ,"FALSE",,"0",
"S000440","X","Accession created on 27-OCT-2020 18:01 by MPRACEADM using entity template: Race Track Job Background Job",," 27-10-2020 18:01:07.09", , , ,"MPRACEADM","0",,,," 27-10-2020 19:28:58.39",,,"V",,<NULL>,,"FALSE","FALSE","0",,"0","877293A6-6995-49B6-B3A3-81AC8688456C","RACETRACK_JOB_BKG","1","TRUE",,"1",,"1",,,"RACETRACK","MP","S000440"," 03-07-2020 00:00:00.00",,,"RACE",,,," 1234"," 1234"," Intact"," 60240"," G"," 60240",," C"," GW"," GW"," GW",,,,,,, ,"FALSE",,"0",
"S000459","A","Accession created on 23-NOV-2020 10:16 by MPRACEADM using entity template: Race Track Job Background Job",," 23-11-2020 10:16:30.08"," 24-11-2020 14:12:41.83", , ,"MPRACEADM","0",,,," 24-11-2020 14:12:51.04","EVANXUE","Authorized by EVANXUE On 11/24/2020 14:12:51","C",,<NULL>,,"FALSE","FALSE","0",,"0","877293A6-6995-49B6-B3A3-81AC8688456C","RACETRACK_JOB_BKG","1","TRUE",,"1",,"1",,,"RACETRACK","MP","S000459"," 05-07-2020 00:00:00.00",,,"RACE",,,," 1234"," 1234"," Intact"," 60246"," G"," 60246",," C"," C"," C"," GW",,,,,,, ,"FALSE",,"0",
