﻿CGI_SCRIPT
IDENTITY,DESCRIPTION,REPORT,ROUTINE,MODIFIABLE,REMOVEFLAG,SECURITY_LEVEL,SECURITY_AREA,NAME
20,234,20,50,1,1,10,20,100
                      16
"COUNTER","Return a text file with a SM Increment (CGI_BIN_COUNT, <param>)","$CGI_SCRIPTS","cgi_bin_counter","TRUE","FALSE","0","Tools","Counter"
"DEFAULT","Generated Default page - returned in response to GET /","$CGI_SCRIPTS","cgi_bin_default","TRUE","FALSE","0","Default","Default"
"DISPLAY_RESULTS","Display Results for a sample","$CGI_LABSYSTEMS","cgi_labsystems_display_results","TRUE","FALSE","5","Result_Display","Display Results"
"DISPLAY_TREE","Display Data Tree for a sample","$CGI_LABSYSTEMS","cgi_labsystems_display_tree","TRUE","FALSE","5","Result_Display","Display Tree"
"FORM_QUERY","Show the parameters from the Entity Body and list the parameters passed in a Form by the POST method","$CGI_SCRIPTS","cgi_bin_form_query","TRUE","FALSE","0","Tools","Form Query"
"LABSYSTEMS","Default script to test LabSystems header and footer","$CGI_LABSYSTEMS","cgi_labsystems_labsystems","TRUE","FALSE","2","Default","Labsystems"
"PARAM_QUERY","List the parameters passed in a GET","$CGI_SCRIPTS","cgi_bin_param_query","TRUE","FALSE","0","Tools","Param Query"
"POST_QUERY","Show the Entity Body and list the parameters passed in a POST method","$CGI_SCRIPTS","cgi_bin_post_query","TRUE","FALSE","0","Tools","Post Query"
"SAMP_LOGIN_TEMP","Get Sample Template for sample login","$CGI_LABSYSTEMS","cgi_labsystems_samp_login_temp","TRUE","FALSE","6","Sample_Login","Samp Login Temp"
"SAMPLE_DETAILS","Prompt for a sample and display sample details","$CGI_LABSYSTEMS","cgi_labsystems_sample_details","TRUE","FALSE","5","Sample_Display","Sample Details"
"SAMPLE_INFO","Display sample information","$CGI_LABSYSTEMS","cgi_labsystems_sample_info","TRUE","FALSE","5","Sample_Display","Sample Info"
"SAMPLE_LOGIN","Login Sample using specified Template","$CGI_LABSYSTEMS","cgi_labsystems_sample_login","TRUE","FALSE","6","Sample_Login","Sample Login"
"SAMPLE_PROMPT","Prompt for a sample and display sample information","$CGI_LABSYSTEMS","cgi_labsystems_sample_prompt","TRUE","FALSE","5","Sample_Display","Sample Prompt"
"SAMPLE_RESULTS","Prompt for a sample and display the results","$CGI_LABSYSTEMS","cgi_labsystems_sample_results","TRUE","FALSE","5","Result_Display","Sample Results"
"SAMPLE_TREE","Prompt for a sample and display the sample tree","$CGI_LABSYSTEMS","cgi_labsystems_sample_tree","TRUE","FALSE","5","Result_Display","Sample Tree"
"TEST_SCRIPT","Default script to test html constructs","$CGI_LABSYSTEMS","cgi_labsystems_test_script","TRUE","FALSE","6","Default","Test Script"
