﻿CHROMELEON
IDENTITY,NAME,GROUP_ID,DESCRIPTION,MODIFIABLE,REMOVEFLAG,WEB_API_SERVER,WEB_API_PORT,WEB_API_PATH,WEB_API_TIMEOUT,WEB_API_USE_SSL,VAULT_NAME,VAULT_URI,SERVER_NAME,GET_REMOTE_INSTRUMENTS,GET_SAMPLE_POSITIONS
30,100,10,255,1,1,255,10,255,10,1,200,2000,200,1,1
                       3
"CHROMELEON","Chromeleon",,,"TRUE","FALSE","TSQ91809004.vet.upenn.edu","8082",,"60000","TRUE",,,,"FALSE","FALSE"
"GCMS","Gcms",,"DESKTOP-1OQ4I3B","TRUE","FALSE","10.210.10.7","8082",,"60000","FALSE","ChromeleonLocal","chrom://DESKTOP-1OQ4I3B/ChromeleonLocal","DESKTOP-1OQ4I3B","FALSE","FALSE"
"TSQ_CHROMELEON","Tsq Chromeleon",,,"TRUE","FALSE","10.210.10.24","8082",,"60000","FALSE",,,,"FALSE","FALSE"
