﻿CHROMELEON_SEQUENCE
IDENTITY,NAME,GROUP_ID,DESCRIPTION,MODIFIABLE,REMOVEFLAG,CHROMELEON_ID,INSTRUMENT_ID,ANALYSIS_ID,STATUS,SEQUENCE_URI,SEQUENCE_FOLDER_URI,INSTRUMENT_METHOD_FOLDER_URI,INSTRUMENT_METHOD,INSTRUMENT_METHOD_URI,PROCESSING_METHOD_FOLDER_URI,PROCESSING_METHOD,PROCESSING_METHOD_URI,EWORKFLOW,EWORKFLOW_URI,START_VIAL_POSITION,SEND_APPROVED,BATCH_ID,INJECTION_VOLUME,COMMENTS,REPORT_TEMPLATE_URI,CHROMELEON_MAPPING_ID
10,100,10,255,1,1,30,10,10,1,2000,2000,2000,255,2000,2000,255,2000,255,2000,5,1,20,10,255,2000,60
                       2
"1","042121 SRM Runs",,,"TRUE","FALSE","GCMS","GC_TRACE","GCMS_NSAID","V","chrom://desktop-1oq4i3b/ChromeleonLocal/ChromeleonLocal/Finalized Auto SRM Files/042121 SRM Runs.seq","chrom://desktop-1oq4i3b/ChromeleonLocal/ChromeleonLocal/Finalized Auto SRM Files",,,,,,,"GC_MS","chrom://desktop-1oq4i3b/ChromeleonLocal/GC_MS.proc","1","FALSE",,"1.0000000000000000E+00",,,"GCMS GC_TRACE GCMS_NSAID"
"2","042121 SRM Runs_1",,,"TRUE","FALSE","GCMS","GC_TRACE","GCMS_NSAID","V","chrom://desktop-1oq4i3b/ChromeleonLocal/ChromeleonLocal/Finalized Auto SRM Files/042121 SRM Runs_1.seq","chrom://desktop-1oq4i3b/ChromeleonLocal/ChromeleonLocal/Finalized Auto SRM Files",,,,,,,"GC_MS","chrom://desktop-1oq4i3b/ChromeleonLocal/GC_MS.proc",,"FALSE","CHROMELEON00000001","1.0000000000000000E+00",,,"GCMS GC_TRACE GCMS_NSAID"
