﻿CRITERIA_ORDER
TABLE_NAME,CRITERIA_SAVED,FIELD_NAME,ORDER_NUMBER,CRIT_ORDER
30,40,255,10,10
                      18
"COMPLETED_MONTH_TESTS","EXPLORE_PETRL_MGT_1_17","DATE_STARTED","1","DESCENDING"
"FAVOURITE","USERS_FAVOURITES","RECORD_KEY0","1","ASCENDING"
"FAVOURITE","USERS_FAVOURITES","TABLE_NAME","2","ASCENDING"
"JOB_HEADER","EXPLORE_RACETRACK_2_17","DATE_CREATED","1","DESCENDING"
"JOB_HEADER","JOB_SCHED_LOGIN","DATE_CREATED","1","DESCENDING"
"JOB_HEADER","USERS_AUTH_JOBS","JOB_NAME","1","ASCENDING"
"JOB_HEADER","USERS_COMP_JOBS","JOB_NAME","1","ASCENDING"
"JOB_HEADER","USERS_IN_PROG_SAMPLES","JOB_NAME","1","ASCENDING"
"LOGIN_COUNT","EXPLORE_PETRL_MGT_2_17","LOGIN_DATE","1","DESCENDING"
"P_RACE_CARD","EXPLORE_RACETRACK_7_17","RACE_ID","1","DESCENDING"
"P_RACE_CARD","EXPLORE_RACETRACK_7_17","IDENTITY","2","ASCENDING"
"SAMPLE","SAMPLES_ACTIVE","ID_NUMERIC","1","ASCENDING"
"SAMPLE","USERS_AUTH_SAMPLES","ID_NUMERIC","1","DESCENDING"
"SAMPLE","USERS_COMP_SAMPLES","ID_NUMERIC","1","DESCENDING"
"SAMPLE","USERS_IN_PROG_SAMPLES","ID_NUMERIC","1","DESCENDING"
"SAMPLE","USERS_UNAVAIL_SAMPLES","ID_NUMERIC","1","DESCENDING"
"STOCK_BATCH","STOCK_BATCH_ASSIGN","DATE_CREATED","1","ASCENDING"
"WORKSHEET","USERS_WORKSHEETS","DATE_GENERATED","1","DESCENDING"
