﻿CRITERIA_VARIABLE
TABLE_NAME,CRITERIA_SAVED,NAME,TYPE,VALUE,REPORT,ROUTINE
30,40,50,20,100,20,50
                      64
"DM_DATA_ITEM","DATA_ITEMS_BY_CONVERTER_CLASS","Converter Class","Prompt",,,
"DM_DATA_ITEM","DATA_ITEMS_BY_NAME","Name","Prompt",,,
"DM_DATA_ITEM_PROPERTY","DATA_ITEM_PROPERTIES_BY_PROP_VALUE_TEXT","Package Property","Prompt",,,
"DM_DATA_ITEM_PROPERTY","DATA_ITEM_PROPERTIES_BY_PROP_VALUE_TEXT","Value Text","Prompt",,,
"DM_DATA_ITEM_PROPERTY","DATA_ITEM_PROPERTIES_BY_VALUE_TEXT","Value Text","Prompt",,,
"DM_DATA_PACKAGE","DATA_PACKAGES_BY_RULE","Packaging Rule","Prompt",,,
"DM_DATA_PACKAGE","DATA_PACKAGES_BY_RULE_AND_PACKAGED_ON","Packaged On (Start)","Prompt",,,
"DM_DATA_PACKAGE","DATA_PACKAGES_BY_RULE_AND_PACKAGED_ON","Packaged On (End)","Prompt",,,
"DM_DATA_PACKAGE","DATA_PACKAGES_BY_RULE_AND_PACKAGED_ON","Packaging Rule","Prompt",,,
"DM_DATA_PACKAGE_FILE","DATA_PACKAGE_FILES_BY_PATH","Filename Path","Prompt",,,
"FAVOURITE","USERS_FAVOURITES","Current User","Environment","OPERATOR",,
"JOB_HEADER","EXPLORE_RACETRACK_2_17","defLocation","Environment",,"LIT_PROMPT_ROUTINE","DEFAULTLOCATIONPROMPT"
"JOB_HEADER","EXPLORE_RACETRACK_6_17","defLocation","Environment",,"LIT_PROMPT_ROUTINE","DEFAULTLOCATIONPROMPT"
"JOB_HEADER","EXPLORE_RACETRACK_7_17","defLocation","Environment",,"LIT_PROMPT_ROUTINE","DEFAULTLOCATIONPROMPT"
"JOB_HEADER","USERS_AUTH_JOBS","Operator","Environment","OPERATOR",,
"JOB_HEADER","USERS_COMP_JOBS","Operator","Environment","OPERATOR",,
"JOB_HEADER","USERS_IN_PROG_SAMPLES","Operator","Environment","OPERATOR",,
"LAB_EXECUTION","LE_MY_TASKS","Operator","Environment","OPERATOR",,
"P_RACE","EXPLORE_RACETRACK_4_17","defLocation","Environment",,"LIT_PROMPT_ROUTINE","DEFAULTLOCATIONPROMPT"
"P_RACE","P_RACEEXPLORE_RACETRACK_3_17","defLocation","Environment",,"LIT_PROMPT_ROUTINE","DEFAULTLOCATIONPROMPT"
"P_RACE_CARD","EXPLORE_RACETRACK_7_17","defLocation","Environment",,"LIT_PROMPT_ROUTINE","DEFAULTLOCATIONPROMPT"
"P_RACE_CARD","P_RACE_CARDEXPLORE_PETRL_7_13","defLocation","Environment",,"LIT_PROMPT_ROUTINE","DEFAULTLOCATIONPROMPT"
"RACE_JOB_HEADER","EXPLORE_RACETRACK_8_17","defLocation","Environment",,"LIT_PROMPT_ROUTINE","DEFAULTLOCATIONPROMPT"
"RESULT","BATCH_RESULT","TEST_NUMBER","Parameter",,,
"RESULT","BATCH_RESULT","ID_NUMERIC","Parameter",,,
"RESULT","BATCH_RESULT","INST_BATCH","Parameter",,,
"RESULT","BATCH_RESULT","COMP_NAME","Parameter",,,
"RESULT","BATCH_STD_RESULTS","INST_BATCH","Parameter",,,
"RESULT","BATCH_STD_RESULTS","STANDARD","Parameter",,,
"RESULT","BATCH_STD_RESULTS","COMP_NAME","Parameter",,,
"RESULT","EPO_CONC_RESULTS","COMP_NAME","Parameter",,,
"RESULT","EPO_CONC_RESULTS","ID_NUMERIC","Parameter",,,
"RESULT","FLASH_POINT_COMPONENTS","Sample","Parameter",,,
"RESULT","FLASH_POINT_COMPONENTS","Analysis","Parameter",,,
"RESULT","FLASH_POINT_COMPONENTS","Component","Parameter",,,
"RESULT","SAMPLE_RESULTS","COMP_NAME","Parameter",,,
"RESULT","SAMPLE_RESULTS","ID_NUMERIC","Parameter",,,
"SAMPLE","EXPLORE_MOBILE_1_14","Location","Prompt",,,
"SAMPLE","EXPLORE_MOBILE_2_14","Customer","Prompt",,,
"SAMPLE","EXPLORE_MOBILE_3_14","Operator","Environment","OPERATOR",,
"SAMPLE","EXPLORE_MOBILE_4_14","Today","Environment","TODAY",,
"SAMPLE","EXPLORE_MOBILE_5_14","Job","Prompt",,,
"SAMPLE","EXPLORE_MOBILE_6_14","End Date","Prompt",,,
"SAMPLE","EXPLORE_MOBILE_6_14","Start Date","Prompt",,,
"SAMPLE","EXPLORE_MOBILE_7_14","Login Date","Prompt",,,
"SAMPLE","EXPLORE_U$HODYT_1_15","TodayVariable","Environment","TODAY",,
"SAMPLE","EXPLORE_U$HODYT_1_15","Today","Environment","TODAY",,
"SAMPLE","EXPLORE_U$HODYT_1_15","OperatorVariable","Environment","OPERATOR",,
"SAMPLE","EXPLORE_U$HODYT_1_15","Operator ID","Prompt",,,
"SAMPLE","EXPLORE_U$SYSTEM_3_16","Start Date","Prompt",,,
"SAMPLE","EXPLORE_U$SYSTEM_3_16","End Date","Prompt",,,
"SAMPLE","SAMPLES_OVERDUE","NowVariable","Environment","NOW",,
"SAMPLE","USERS_AUTH_SAMPLES","Operator","Environment","OPERATOR",,
"SAMPLE","USERS_COMP_SAMPLES","Operator","Environment","OPERATOR",,
"SAMPLE","USERS_IN_PROG_SAMPLES","Operator","Environment","OPERATOR",,
"SAMPLE","USERS_UNAVAIL_SAMPLES","Operator","Environment","OPERATOR",,
"SAMPLE_INSPECT_VIEW","EXPLORE_DEFAULT_12_15","OperatorVariable","Environment","OPERATOR",,
"SAMPLE_POINT","EXPLORE_RACETRACK_3_17","defLocation","Environment",,"LIT_PROMPT_ROUTINE","DEFAULTLOCATIONPROMPT"
"SAMPLE_POINT","SAMPLE_POINTEXPLORE_RACETRACK_3_2","defLocation","Environment",,"LIT_PROMPT_ROUTINE","DEFAULTLOCATIONPROMPT"
"STOCK_BATCH","STOCK_BATCH_ASSIGN","Location","Parameter",,,
"TEST","EXPLORE_MOBILE_10_14","CurrentOperator","Environment","OPERATOR",,
"TEST","EXPLORE_MOBILE_11_14","Instrument","Prompt",,,
"TEST","EXPLORE_MOBILE_9_14","Analysis","Prompt",,,
"WORKSHEET","USERS_WORKSHEETS","Current Operator","Environment","OPERATOR",,
