﻿CRITERIA_CONDITION
TABLE_NAME,CRITERIA_SAVED,CRITERIA_ORDER,CRITERIA_FIELD,OPERATOR,VALUE
30,40,10,255,10,255
                     547
"BATCH_HEADER","BATCH_ASSIGNABLE","1","STATUS","EQUALS","V"
"BATCH_HEADER","BATCH_ASSIGNABLE","2","TEMPLATE_ID","GRT_LESS",
"BATCH_HEADER","EXPLORE_U$ADREANCE_1_18","1","ANALYST","EQUALS","ADREANCE"
"BATCH_HEADER","EXPLORE_U$ALLYSONO_1_18","1","ANALYST","EQUALS","ALLYSONO"
"BATCH_HEADER","EXPLORE_U$APRILYQ_1_17","1","ANALYST","EQUALS","APRILYQ"
"BATCH_HEADER","EXPLORE_U$CHEMIST_1_17","1","ANALYST","EQUALS","EXTESTCHEM"
"BATCH_HEADER","EXPLORE_U$GPEHLERT_2_18","1","ANALYST","EQUALS","GPEHLERT"
"BATCH_HEADER","EXPLORE_U$GPEHLERT_4_18","1","AUTHORISER","EQUALS","GPEHLERT"
"BATCH_HEADER","EXPLORE_U$GPEHLERT_5_18","1","CREATOR","EQUALS","GPEHLERT"
"BATCH_HEADER","EXPLORE_U$JACLYNRM_1_18","1","ANALYST","EQUALS","JACLYNRM"
"BATCH_HEADER","EXPLORE_U$JKEENAN_1_17","1","ANALYST","EQUALS","JKEENAN"
"BATCH_HEADER","EXPLORE_U$KRIZZO_1_16","1","ANALYST","EQUALS","KRIZZO"
"BATCH_HEADER","EXPLORE_U$KSTALKER_1_18","1","ANALYST","EQUALS","KSTALKER"
"BATCH_HEADER","EXPLORE_U$LEIFMCG_1_17","1","ANALYST","EQUALS","LEIFMCG"
"BATCH_HEADER","EXPLORE_U$LPITTMAN_1_18","1","ANALYST","EQUALS","LPITTMAN"
"BATCH_HEADER","EXPLORE_U$NKHUMPAN_1_18","1","ANALYST","EQUALS","NKHUMPAN"
"BATCH_HEADER","EXPLORE_U$PROCTORR_1_18","1","ANALYST","EQUALS","PROCTORR"
"BATCH_TMPL_HEADER","ELISARECHECK","1","ANALYSIS.NAME","LIKE","%Recheck Test%"
"CERT_TEMPLATE","CERT_TEMPLATE_FOR_JOBS","1","CERTIFICATE_TYPE","EQUALS","JOB"
"CERT_TEMPLATE","CERT_TEMPLATE_FOR_LOTS","1","CERTIFICATE_TYPE","EQUALS","LOT"
"CERT_TEMPLATE","CERT_TEMPLATE_FOR_SAMPLES","1","CERTIFICATE_TYPE","EQUALS","SAMPLE"
"DM_DATA_ITEM","DATA_ITEMS_BY_CONVERTER_CLASS","1","CONVERTER_CLASS","EQUALS","Converter Class"
"DM_DATA_ITEM","DATA_ITEMS_BY_NAME","1","NAME","LIKE","Name"
"DM_DATA_ITEM_PROPERTY","DATA_ITEM_PROPERTIES_BY_PROP_VALUE_TEXT","1","DM_PACKAGE_PROPERTY_ID","EQUALS","Package Property"
"DM_DATA_ITEM_PROPERTY","DATA_ITEM_PROPERTIES_BY_PROP_VALUE_TEXT","2","AND",,
"DM_DATA_ITEM_PROPERTY","DATA_ITEM_PROPERTIES_BY_PROP_VALUE_TEXT","3","VALUE_TEXT","LIKE","Value Text"
"DM_DATA_ITEM_PROPERTY","DATA_ITEM_PROPERTIES_BY_VALUE_TEXT","1","VALUE_TEXT","LIKE","Value Text"
"DM_DATA_PACKAGE","DATA_PACKAGES_BY_RULE","1","DM_PACKAGING_RULE_ID","EQUALS","Packaging Rule"
"DM_DATA_PACKAGE","DATA_PACKAGES_BY_RULE_AND_PACKAGED_ON","1","DM_PACKAGING_RULE_ID","EQUALS","Packaging Rule"
"DM_DATA_PACKAGE","DATA_PACKAGES_BY_RULE_AND_PACKAGED_ON","2","AND",,
"DM_DATA_PACKAGE","DATA_PACKAGES_BY_RULE_AND_PACKAGED_ON","3","PACKAGED_ON","GRT_EQ","Packaged On (Start)"
"DM_DATA_PACKAGE","DATA_PACKAGES_BY_RULE_AND_PACKAGED_ON","4","AND",,
"DM_DATA_PACKAGE","DATA_PACKAGES_BY_RULE_AND_PACKAGED_ON","5","PACKAGED_ON","LESS_EQ","Packaged On (End)"
"DM_DATA_PACKAGE_FILE","DATA_PACKAGE_FILES_BY_PATH","1","FILE_NAME","LIKE","Filename Path"
"EXPLORER_FOLDER","CABINET_TABLE_DETAILS","1","CABINET","EQUALS","TABLE_DETAILS"
"FAVOURITE","USERS_FAVOURITES","1","USER_ID","EQUALS","Current User"
"INCIDENTS","EXPLORE_U$GPEHLERT_6_18","1","REPORTED_BY","EQUALS","GPEHLERT"
"JOB_HEADER","AUTHORIZED","1","JOB_STATUS","EQUALS","A"
"JOB_HEADER","EXPLORE_PETRL_20_13","1","P_STI","EQUALS","T"
"JOB_HEADER","EXPLORE_PETRL_4_13","1","JOB_STATUS","GRT_LESS","R"
"JOB_HEADER","EXPLORE_PETRL_4_13","2","AND",,
"JOB_HEADER","EXPLORE_PETRL_4_13","3","JOB_STATUS","GRT_LESS","X"
"JOB_HEADER","EXPLORE_PETRL_4_13","4","AND",,
"JOB_HEADER","EXPLORE_PETRL_4_13","5","HAS_ATTACHMENTS","EQUALS","T"
"JOB_HEADER","EXPLORE_RACETRACK_2_17","1","P_SAMPLING_POINT.POINT_LOCATION.IDENTITY","EQUALS","defLocation"
"JOB_HEADER","EXPLORE_RACETRACK_6_17","1","P_SAMPLING_POINT.POINT_LOCATION","EQUALS","defLocation"
"JOB_HEADER","EXPLORE_RACETRACK_6_17","2","AND",,
"JOB_HEADER","EXPLORE_RACETRACK_6_17","3","JOB_STATUS","GRT_LESS","X"
"JOB_HEADER","EXPLORE_RACETRACK_7_17","1","P_SAMPLING_POINT.POINT_LOCATION","EQUALS","defLocation"
"JOB_HEADER","EXPLORE_RACETRACK_7_17","2","AND",,
"JOB_HEADER","EXPLORE_RACETRACK_7_17","3","P_STI","EQUALS","T"
"JOB_HEADER","EXPLORE_RACETRACK_SI_1_20","1","JOB_STATUS","GRT_LESS","X"
"JOB_HEADER","EXPLORE_U$GPEHLERT_3_18","1","AUTHORISER","EQUALS","GPEHLERT"
"JOB_HEADER","JOB_SCHED_LOGIN","1","JOB_STATUS","GRT_LESS","A"
"JOB_HEADER","JOB_SCHED_LOGIN","2","JOB_STATUS","GRT_LESS","R"
"JOB_HEADER","JOB_SCHED_LOGIN","3","JOB_STATUS","GRT_LESS","X"
"JOB_HEADER","JOB_SCHED_LOGIN","4","JOB_STATUS","GRT_LESS","S"
"JOB_HEADER","USERS_AUTH_JOBS","1","SUBMITTER_OPER","EQUALS","Operator"
"JOB_HEADER","USERS_AUTH_JOBS","2","AND",,
"JOB_HEADER","USERS_AUTH_JOBS","3","JOB_STATUS","EQUALS","A"
"JOB_HEADER","USERS_COMP_JOBS","1","(",,
"JOB_HEADER","USERS_COMP_JOBS","2","JOB_STATUS","EQUALS","C"
"JOB_HEADER","USERS_COMP_JOBS","3","OR",,
"JOB_HEADER","USERS_COMP_JOBS","4","JOB_STATUS","EQUALS","I"
"JOB_HEADER","USERS_COMP_JOBS","5",")",,
"JOB_HEADER","USERS_COMP_JOBS","6","AND",,
"JOB_HEADER","USERS_COMP_JOBS","7","SUBMITTER_OPER","EQUALS","Operator"
"JOB_HEADER","USERS_IN_PROG_SAMPLES","1","(",,
"JOB_HEADER","USERS_IN_PROG_SAMPLES","2","JOB_STATUS","EQUALS","V"
"JOB_HEADER","USERS_IN_PROG_SAMPLES","3","OR",,
"JOB_HEADER","USERS_IN_PROG_SAMPLES","4","JOB_STATUS","EQUALS","S"
"JOB_HEADER","USERS_IN_PROG_SAMPLES","5",")",,
"JOB_HEADER","USERS_IN_PROG_SAMPLES","6","AND",,
"JOB_HEADER","USERS_IN_PROG_SAMPLES","7","SUBMITTER_OPER","EQUALS","Operator"
"LAB_EXECUTION","LE_MY_TASKS","1","(",,
"LAB_EXECUTION","LE_MY_TASKS","2","STATUS","EQUALS","P"
"LAB_EXECUTION","LE_MY_TASKS","3","OR",,
"LAB_EXECUTION","LE_MY_TASKS","4","STATUS","EQUALS","V"
"LAB_EXECUTION","LE_MY_TASKS","5",")",,
"LAB_EXECUTION","LE_MY_TASKS","6","AND",,
"LAB_EXECUTION","LE_MY_TASKS","7","ASSIGNED_TO","EQUALS","Operator"
"LAB_METHOD","LE_SAMPLE_METHODS","1","TABLE_NAME","EQUALS","SAMPLE"
"LAB_METHOD","LE_TEST_METHODS","1","TABLE_NAME","EQUALS","TEST"
"LOCATION","LOCATION_ASSIGNABLE","1","ASSIGNABLE","EQUALS","T"
"LOCATION","LOCATION_NO_PARENT","1","PARENT_LOCATION","EQUALS",
"LOT_DETAILS","AUTHORIZED","1","STATUS","EQUALS","A"
"MAINTENANCE","MAIN_REQUIRED","1","STATUS","EQUALS","M"
"MAINTENANCE","MAIN_REQUIRED","2","OR",,
"MAINTENANCE","MAIN_REQUIRED","3","STATUS","EQUALS","I"
"MASTER_MENU","MASTER_MENU_FORMS","1","IMPLEMENTATION_TYPE","GRT_LESS","DOTNET"
"MASTER_MENU","MASTER_MENU_FORMS","2","TASK_NAME","GRT_LESS",
"P_CONTAINER_SHIPMENT","EXPLORE_PETRL_26_13","1","ADD_INCIDENTS","EQUALS","T"
"P_CONTAINER_SHIPMENT","EXPLORE_PETRL_26_13","2","AND",,
"P_CONTAINER_SHIPMENT","EXPLORE_PETRL_26_13","3","HAS_INCIDENTS","EQUALS",
"P_CONTAINER_SHIPMENT","EXPLORE_PETRL_27_13","1","SHIPMENT.SHIPPED","EQUALS",
"P_CONTAINER_SHIPMENT","EXPLORE_PETRL_27_13","2","DATE_RECEIVED","EQUALS",
"P_RACE","EXPLORE_RACETRACK_4_17","1","SAMPLING_POINT.POINT_LOCATION.LOCATION_TYPE","EQUALS","RACE_TRACK"
"P_RACE","EXPLORE_RACETRACK_4_17","2","AND",,
"P_RACE","EXPLORE_RACETRACK_4_17","3","SAMPLING_POINT.POINT_LOCATION","EQUALS","defLocation"
"P_RACE","P_RACEEXPLORE_RACETRACK_3_17","1","SAMPLING_POINT.POINT_LOCATION.LOCATION_TYPE","EQUALS","RACE_TRACK"
"P_RACE","P_RACEEXPLORE_RACETRACK_3_17","2","AND",,
"P_RACE","P_RACEEXPLORE_RACETRACK_3_17","3","SAMPLING_POINT.POINT_LOCATION","EQUALS","defLocation"
"P_RACE_CARD","EXPLORE_RACETRACK_7_17","1","SAMPLING_POINT.POINT_LOCATION.LOCATION_TYPE","EQUALS","RACE_TRACK"
"P_RACE_CARD","EXPLORE_RACETRACK_7_17","2","AND",,
"P_RACE_CARD","EXPLORE_RACETRACK_7_17","3","SAMPLING_POINT.POINT_LOCATION","EQUALS","defLocation"
"P_RACE_CARD","EXPLORE_RACETRACK_7_17","4","AND",,
"P_RACE_CARD","EXPLORE_RACETRACK_7_17","5","SELECTED","EQUALS","T"
"P_RACE_CARD","P_RACE_CARDEXPLORE_PETRL_7_13","1","SAMPLING_POINT.POINT_LOCATION.LOCATION_TYPE","EQUALS","RACE_TRACK"
"P_RACE_CARD","P_RACE_CARDEXPLORE_PETRL_7_13","2","AND",,
"P_RACE_CARD","P_RACE_CARDEXPLORE_PETRL_7_13","3","SAMPLING_POINT.POINT_LOCATION","EQUALS","defLocation"
"PERSONNEL","PREP_OPERATOR","1","IDENTITY","EQUALS","CHEMIST"
"PERSONNEL","PREP_OPERATOR","2","OR",,
"PERSONNEL","PREP_OPERATOR","3","IDENTITY","EQUALS","IM_USER"
"PLATE","EXPLORE_U$APRILYQ_2_17","1","LOGIN_BY","EQUALS","APRILYQ"
"PLATE","EXPLORE_U$NKHUMPAN_2_18","1","LOGIN_BY","EQUALS","NKHUMPAN"
"RACE_JOB_HEADER","EXPLORE_RACETRACK_8_17","1","SAMPLING_POINT.POINT_LOCATION","EQUALS","defLocation"
"RACE_JOB_HEADER","EXPLORE_RACETRACK_8_17","2","AND",,
"RACE_JOB_HEADER","EXPLORE_RACETRACK_8_17","3","JOB_STATUS","GRT_LESS","X"
"RECD_MONTH_COUNT","EXPLORE_U$GPEHLERT_1_18","1","RECD_COUNT","GRT_EQ","1"
"RESULT","BATCH_RESULT","1","TEST_NUMBER.INSTRUMENT_BATCH","EQUALS","INST_BATCH"
"RESULT","BATCH_RESULT","2","AND",,
"RESULT","BATCH_RESULT","3","TEST_NUMBER.SAMPLE","EQUALS","ID_NUMERIC"
"RESULT","BATCH_RESULT","4","AND",,
"RESULT","BATCH_RESULT","5","NAME","EQUALS","COMP_NAME"
"RESULT","BATCH_STD_RESULTS","1","TEST_NUMBER.INSTRUMENT_BATCH","EQUALS","INST_BATCH"
"RESULT","BATCH_STD_RESULTS","2","AND","EQUALS",
"RESULT","BATCH_STD_RESULTS","3","TEST_NUMBER.SAMPLE.STANDARD_ID","EQUALS","STANDARD"
"RESULT","BATCH_STD_RESULTS","4","AND",,
"RESULT","BATCH_STD_RESULTS","5","NAME","EQUALS","COMP_NAME"
"RESULT","EPO_CONC_RESULTS","1","TEST_NUMBER.SAMPLE","EQUALS","ID_NUMERIC"
"RESULT","EPO_CONC_RESULTS","2","AND","EQUALS",
"RESULT","EPO_CONC_RESULTS","3","NAME","EQUALS","COMP_NAME"
"RESULT","FLASH_POINT_COMPONENTS","1","TEST_NUMBER.SAMPLE","EQUALS","Sample"
"RESULT","FLASH_POINT_COMPONENTS","2","TEST_NUMBER.ANALYSIS","EQUALS","Analysis"
"RESULT","FLASH_POINT_COMPONENTS","3","NAME","EQUALS","Component"
"RESULT","FLASH_POINT_COMPONENTS","4","(",,
"RESULT","FLASH_POINT_COMPONENTS","5","STATUS","GRT_LESS","U"
"RESULT","FLASH_POINT_COMPONENTS","6","AND",,
"RESULT","FLASH_POINT_COMPONENTS","7","STATUS","GRT_LESS","R"
"RESULT","FLASH_POINT_COMPONENTS","8","AND",,
"RESULT","FLASH_POINT_COMPONENTS","9","STATUS","GRT_LESS","X"
"RESULT","FLASH_POINT_COMPONENTS","10",")",,
"RESULT","SAMPLE_RESULTS","1","TEST_NUMBER.SAMPLE","EQUALS","ID_NUMERIC"
"RESULT","SAMPLE_RESULTS","2","AND","EQUALS",
"RESULT","SAMPLE_RESULTS","3","NAME","EQUALS","COMP_NAME"
"RESULT","SAMPLE_RESULTS","4","AND",,
"RESULT","SAMPLE_RESULTS","5","STATUS","GRT_LESS","R"
"RESULT","SAMPLE_RESULTS","6","AND",,
"RESULT","SAMPLE_RESULTS","7","STATUS","GRT_LESS","X"
"SAMP_JOB_TEST_RESULT","EXPLORE_PETRL_23_13","1","TEST_STATUS","GRT_LESS","X"
"SAMP_TEST_VIEW","8AAS_LC_SC","1","INSTRUMENT_BATCH","EQUALS",
"SAMP_TEST_VIEW","8AAS_LC_SC","2","AND",,
"SAMP_TEST_VIEW","8AAS_LC_SC","3","TEST_STATUS","EQUALS","V"
"SAMP_TEST_VIEW","ALTR_CONF","1","INSTRUMENT_BATCH","EQUALS",
"SAMP_TEST_VIEW","ALTR_CONF","2","AND","EQUALS",
"SAMP_TEST_VIEW","ALTR_CONF","3","TEST_STATUS","EQUALS","V"
"SAMP_TEST_VIEW","BARBIT_RCK","1","INSTRUMENT_BATCH","EQUALS",
"SAMP_TEST_VIEW","BARBIT_RCK","2","AND",,
"SAMP_TEST_VIEW","BARBIT_RCK","3","TEST_STATUS","EQUALS","V"
"SAMP_TEST_VIEW","BARBITUR_U","1","INSTRUMENT_BATCH","EQUALS",
"SAMP_TEST_VIEW","BARBITUR_U","2","AND",,
"SAMP_TEST_VIEW","BARBITUR_U","3","TEST_STATUS","EQUALS","V"
"SAMP_TEST_VIEW","BETA_CONF","1","INSTRUMENT_BATCH","EQUALS",
"SAMP_TEST_VIEW","BETA_CONF","2","AND","EQUALS",
"SAMP_TEST_VIEW","BETA_CONF","3","TEST_STATUS","EQUALS","V"
"SAMP_TEST_VIEW","BG_TCO2_SC","1","INSTRUMENT_BATCH","EQUALS",
"SAMP_TEST_VIEW","BG_TCO2_SC","2","TEST_STATUS","EQUALS","V"
"SAMP_TEST_VIEW","BUPR_CONF","1","INSTRUMENT_BATCH","EQUALS",
"SAMP_TEST_VIEW","BUPREN_RCK","1","INSTRUMENT_BATCH","EQUALS",
"SAMP_TEST_VIEW","BUPREN_RCK","2","AND",,
"SAMP_TEST_VIEW","BUPREN_RCK","3","TEST_STATUS","EQUALS","V"
"SAMP_TEST_VIEW","CAFF_CONF","1","INSTRUMENT_BATCH","EQUALS",
"SAMP_TEST_VIEW","CAFF_CONF","2","AND",,
"SAMP_TEST_VIEW","CAFF_CONF","3","TEST_STATUS","EQUALS","V"
"SAMP_TEST_VIEW","CAPS_CONF","1","INSTRUMENT_BATCH","EQUALS",
"SAMP_TEST_VIEW","CAPS_CONF","2","AND",,
"SAMP_TEST_VIEW","CAPS_CONF","3","TEST_STATUS","EQUALS","V"
"SAMP_TEST_VIEW","CARB_CONF","1","INSTRUMENT_BATCH","EQUALS",
"SAMP_TEST_VIEW","CARB_CONF","2","AND","EQUALS",
"SAMP_TEST_VIEW","CARB_CONF","3","TEST_STATUS","EQUALS","V"
"SAMP_TEST_VIEW","CLEN_CONF","1","INSTRUMENT_BATCH","EQUALS",
"SAMP_TEST_VIEW","CLEN_CONF","2","AND","EQUALS",
"SAMP_TEST_VIEW","CLEN_CONF","3","TEST_STATUS","EQUALS","V"
"SAMP_TEST_VIEW","CLEN_H_CON","1","INSTRUMENT_BATCH","EQUALS",
"SAMP_TEST_VIEW","CLEN_H_CON","2","AND","EQUALS",
"SAMP_TEST_VIEW","CLEN_H_CON","3","TEST_STATUS","EQUALS","V"
"SAMP_TEST_VIEW","CLEN_P_CON","1","INSTRUMENT_BATCH","EQUALS",
"SAMP_TEST_VIEW","CLEN_P_CON","2","AND","EQUALS",
"SAMP_TEST_VIEW","CLEN_P_CON","3","TEST_STATUS","EQUALS","V"
"SAMP_TEST_VIEW","CLEN_T_CON","1","INSTRUMENT_BATCH","EQUALS",
"SAMP_TEST_VIEW","CLEN_T_CON","2","AND","EQUALS",
"SAMP_TEST_VIEW","CLEN_T_CON","3","TEST_STATUS","EQUALS","V"
"SAMP_TEST_VIEW","CLEN_UTCON","1","INSTRUMENT_BATCH","EQUALS",
"SAMP_TEST_VIEW","CLEN_UTCON","2","AND","EQUALS",
"SAMP_TEST_VIEW","CLEN_UTCON","3","TEST_STATUS","EQUALS","V"
"SAMP_TEST_VIEW","CM_LC_TEST","1","INSTRUMENT_BATCH","EQUALS",
"SAMP_TEST_VIEW","CM_LC_TEST","2","AND","EQUALS",
"SAMP_TEST_VIEW","CM_LC_TEST","3","TEST_STATUS","EQUALS","V"
"SAMP_TEST_VIEW","COCA_CONF","1","INSTRUMENT_BATCH","EQUALS",
"SAMP_TEST_VIEW","COCAIN_RCK","1","INSTRUMENT_BATCH","EQUALS",
"SAMP_TEST_VIEW","COCAIN_RCK","2","AND",,
"SAMP_TEST_VIEW","COCAIN_RCK","3","TEST_STATUS","EQUALS","V"
"SAMP_TEST_VIEW","CONFIRM_2","1","INSTRUMENT_BATCH","EQUALS",
"SAMP_TEST_VIEW","CONFIRM_2","2","AND","EQUALS",
"SAMP_TEST_VIEW","CONFIRM_2","3","TEST_STATUS","EQUALS","V"
"SAMP_TEST_VIEW","CONFIRM_EX","1","INSTRUMENT_BATCH","EQUALS",
"SAMP_TEST_VIEW","CONFIRM_EX","2","AND","EQUALS",
"SAMP_TEST_VIEW","CONFIRM_EX","3","TEST_STATUS","EQUALS","V"
"SAMP_TEST_VIEW","DEX_CONF","1","INSTRUMENT_BATCH","EQUALS",
"SAMP_TEST_VIEW","DEX_CONF","2","AND","EQUALS",
"SAMP_TEST_VIEW","DEX_CONF","3","TEST_STATUS","EQUALS","V"
"SAMP_TEST_VIEW","DG_LC_TEST","1","INSTRUMENT_BATCH","EQUALS",
"SAMP_TEST_VIEW","DG_LC_TEST","2","AND","EQUALS",
"SAMP_TEST_VIEW","DG_LC_TEST","3","TEST_STATUS","EQUALS","V"
"SAMP_TEST_VIEW","DMSOMANUAL","1","INSTRUMENT_BATCH","EQUALS",
"SAMP_TEST_VIEW","DMSOMANUAL","2","AND",,
"SAMP_TEST_VIEW","DMSOMANUAL","3","TEST_STATUS","EQUALS","V"
"SAMP_TEST_VIEW","DMSOPBUTE","1","INSTRUMENT_BATCH","EQUALS",
"SAMP_TEST_VIEW","DMSOPBUTE","2","TEST_STATUS","EQUALS","V"
"SAMP_TEST_VIEW","DOXPRM_RCK","1","INSTRUMENT_BATCH","EQUALS",
"SAMP_TEST_VIEW","DOXPRM_RCK","2","AND",,
"SAMP_TEST_VIEW","DOXPRM_RCK","3","TEST_STATUS","EQUALS","V"
"SAMP_TEST_VIEW","DT_CONF","1","INSTRUMENT_BATCH","EQUALS",
"SAMP_TEST_VIEW","DT_CONF","2","AND","EQUALS",
"SAMP_TEST_VIEW","DT_CONF","3","TEST_STATUS","EQUALS","V"
"SAMP_TEST_VIEW","DT_LC_TES","1","INSTRUMENT_BATCH","EQUALS",
"SAMP_TEST_VIEW","DT_LC_TES","2","AND","EQUALS",
"SAMP_TEST_VIEW","DT_LC_TES","3","TEST_STATUS","EQUALS","V"
"SAMP_TEST_VIEW","ELISA_ALL","1","INSTRUMENT_BATCH","EQUALS",
"SAMP_TEST_VIEW","ELISA_ALL","2","AND",,
"SAMP_TEST_VIEW","ELISA_ALL","3","TEST_STATUS","EQUALS","V"
"SAMP_TEST_VIEW","ELISAU_ALL","1","INSTRUMENT_BATCH","EQUALS",
"SAMP_TEST_VIEW","ELISAU_ALL","2","AND",,
"SAMP_TEST_VIEW","ELISAU_ALL","3","TEST_STATUS","EQUALS","V"
"SAMP_TEST_VIEW","EX_LC_TEST","1","INSTRUMENT_BATCH","EQUALS",
"SAMP_TEST_VIEW","EX_LC_TEST","2","AND","EQUALS",
"SAMP_TEST_VIEW","EX_LC_TEST","3","TEST_STATUS","EQUALS","V"
"SAMP_TEST_VIEW","EXACTIV_EX","1","INSTRUMENT_BATCH","EQUALS",
"SAMP_TEST_VIEW","EXACTIV_EX","2","AND",,
"SAMP_TEST_VIEW","EXACTIV_EX","3","TEST_STATUS","EQUALS","V"
"SAMP_TEST_VIEW","FENGRP_RCK","1","INSTRUMENT_BATCH","EQUALS",
"SAMP_TEST_VIEW","FENGRP_RCK","2","AND",,
"SAMP_TEST_VIEW","FENGRP_RCK","3","TEST_STATUS","EQUALS","V"
"SAMP_TEST_VIEW","FENTYL_RCK","1","INSTRUMENT_BATCH","EQUALS",
"SAMP_TEST_VIEW","FENTYL_RCK","2","AND",,
"SAMP_TEST_VIEW","FENTYL_RCK","3","TEST_STATUS","EQUALS","V"
"SAMP_TEST_VIEW","FICOX_CONF","1","INSTRUMENT_BATCH","EQUALS",
"SAMP_TEST_VIEW","FLU_CONF","1","INSTRUMENT_BATCH","EQUALS",
"SAMP_TEST_VIEW","FLU_CONF","2","AND","EQUALS",
"SAMP_TEST_VIEW","FLU_CONF","3","TEST_STATUS","EQUALS","V"
"SAMP_TEST_VIEW","FUR_CONF","1","INSTRUMENT_BATCH","EQUALS",
"SAMP_TEST_VIEW","FUR_CONF","2","AND","EQUALS",
"SAMP_TEST_VIEW","FUR_CONF","3","TEST_STATUS","EQUALS","V"
"SAMP_TEST_VIEW","GLAUALK_CO","1","INSTRUMENT_BATCH","EQUALS",
"SAMP_TEST_VIEW","GLYCOP_RCK","1","INSTRUMENT_BATCH","EQUALS",
"SAMP_TEST_VIEW","GLYCOP_RCK","2","AND",,
"SAMP_TEST_VIEW","GLYCOP_RCK","3","TEST_STATUS","EQUALS","V"
"SAMP_TEST_VIEW","GUAIF_CONF","1","INSTRUMENT_BATCH","EQUALS",
"SAMP_TEST_VIEW","GUAIF_CONF","2","AND","EQUALS",
"SAMP_TEST_VIEW","GUAIF_CONF","3","TEST_STATUS","EQUALS","V"
"SAMP_TEST_VIEW","HPLC_TEST_1","1","TEST_COUNT","EQUALS","         1"
"SAMP_TEST_VIEW","HPLC_TEST_1","2","AND",,
"SAMP_TEST_VIEW","HPLC_TEST_1","3","ANALYSIS","EQUALS","HPLC"
"SAMP_TEST_VIEW","HYDROM_RCK","1","INSTRUMENT_BATCH","EQUALS",
"SAMP_TEST_VIEW","HYDROM_RCK","2","AND",,
"SAMP_TEST_VIEW","HYDROM_RCK","3","TEST_STATUS","EQUALS","V"
"SAMP_TEST_VIEW","IA_EPO_RCK","1","INSTRUMENT_BATCH","EQUALS",
"SAMP_TEST_VIEW","IA_EPO_RCK","2","TEST_STATUS","EQUALS","V"
"SAMP_TEST_VIEW","IA_EPO_SCR","1","INSTRUMENT_BATCH","EQUALS",
"SAMP_TEST_VIEW","IA_EPO_SCR","2","TEST_STATUS","EQUALS","V"
"SAMP_TEST_VIEW","IA_FUR_RCK","1","INSTRUMENT_BATCH","EQUALS",
"SAMP_TEST_VIEW","IA_FUR_RCK","2","AND",,
"SAMP_TEST_VIEW","IA_FUR_RCK","3","TEST_STATUS","EQUALS","V"
"SAMP_TEST_VIEW","IA_FUR_SCN","1","INSTRUMENT_BATCH","EQUALS",
"SAMP_TEST_VIEW","IA_FUR_SCN","2","AND",,
"SAMP_TEST_VIEW","IA_FUR_SCN","3","TEST_STATUS","EQUALS","V"
"SAMP_TEST_VIEW","IPATRO_RCK","1","INSTRUMENT_BATCH","EQUALS",
"SAMP_TEST_VIEW","IPATRO_RCK","2","AND",,
"SAMP_TEST_VIEW","IPATRO_RCK","3","TEST_STATUS","EQUALS","V"
"SAMP_TEST_VIEW","JM_LC_TEST","1","INSTRUMENT_BATCH","EQUALS",
"SAMP_TEST_VIEW","JM_LC_TEST","2","AND","EQUALS",
"SAMP_TEST_VIEW","JM_LC_TEST","3","TEST_STATUS","EQUALS","V"
"SAMP_TEST_VIEW","JUSTINES70","1","INSTRUMENT_BATCH","EQUALS",
"SAMP_TEST_VIEW","JUSTINES70","2","AND","EQUALS",
"SAMP_TEST_VIEW","JUSTINES70","3","TEST_STATUS","EQUALS","V"
"SAMP_TEST_VIEW","KR_LC_TEST","1","INSTRUMENT_BATCH","EQUALS",
"SAMP_TEST_VIEW","KR_LC_TEST","2","AND","EQUALS",
"SAMP_TEST_VIEW","KR_LC_TEST","3","TEST_STATUS","EQUALS","V"
"SAMP_TEST_VIEW","LC_1DRUG","1","INSTRUMENT_BATCH","EQUALS",
"SAMP_TEST_VIEW","LC_1DRUG","2","AND",,
"SAMP_TEST_VIEW","LC_1DRUG","3","TEST_STATUS","EQUALS","V"
"SAMP_TEST_VIEW","LC_8AAS_2","1","INSTRUMENT_BATCH","EQUALS",
"SAMP_TEST_VIEW","LC_8AAS_2","2","AND",,
"SAMP_TEST_VIEW","LC_8AAS_2","3","TEST_STATUS","EQUALS","V"
"SAMP_TEST_VIEW","LC_8AAS_SC","1","INSTRUMENT_BATCH","EQUALS",
"SAMP_TEST_VIEW","LC_8AAS_SC","2","AND",,
"SAMP_TEST_VIEW","LC_8AAS_SC","3","TEST_STATUS","EQUALS","V"
"SAMP_TEST_VIEW","LC_CON_2","1","INSTRUMENT_BATCH","EQUALS",
"SAMP_TEST_VIEW","LC_CON_2","2","AND","EQUALS",
"SAMP_TEST_VIEW","LC_CON_2","3","TEST_STATUS","EQUALS","V"
"SAMP_TEST_VIEW","LC_CONFIRM","1","INSTRUMENT_BATCH","EQUALS",
"SAMP_TEST_VIEW","LC_CONFIRM","2","AND",,
"SAMP_TEST_VIEW","LC_CONFIRM","3","TEST_STATUS","EQUALS","V"
"SAMP_TEST_VIEW","LC_DMSOPBT","1","INSTRUMENT_BATCH","EQUALS",
"SAMP_TEST_VIEW","LC_DMSOPBT","2","TEST_STATUS","EQUALS","V"
"SAMP_TEST_VIEW","LCMS_CHECK","1","INSTRUMENT_BATCH","EQUALS",
"SAMP_TEST_VIEW","LCMS_CHECK","2","AND",,
"SAMP_TEST_VIEW","LCMS_CHECK","3","TEST_STATUS","EQUALS","V"
"SAMP_TEST_VIEW","LCMS_TEMP","1","INSTRUMENT_BATCH","EQUALS",
"SAMP_TEST_VIEW","LCMS_TEMP","2","TEST_STATUS","EQUALS","V"
"SAMP_TEST_VIEW","LCMSCONF","1","INSTRUMENT_BATCH","EQUALS",
"SAMP_TEST_VIEW","LCMSCONF","2","AND",,
"SAMP_TEST_VIEW","LCMSCONF","3","TEST_STATUS","EQUALS","V"
"SAMP_TEST_VIEW","LEVALL_RCK","1","INSTRUMENT_BATCH","EQUALS",
"SAMP_TEST_VIEW","LEVALL_RCK","2","AND",,
"SAMP_TEST_VIEW","LEVALL_RCK","3","TEST_STATUS","EQUALS","V"
"SAMP_TEST_VIEW","LEVP_CONF","1","INSTRUMENT_BATCH","EQUALS",
"SAMP_TEST_VIEW","LEVP_CONF","2","AND","EQUALS",
"SAMP_TEST_VIEW","LEVP_CONF","3","TEST_STATUS","EQUALS","V"
"SAMP_TEST_VIEW","LEVU_CONF","1","INSTRUMENT_BATCH","EQUALS",
"SAMP_TEST_VIEW","LEVU_CONF","2","AND","EQUALS",
"SAMP_TEST_VIEW","LEVU_CONF","3","TEST_STATUS","EQUALS","V"
"SAMP_TEST_VIEW","LIDO_CONF","1","INSTRUMENT_BATCH","EQUALS",
"SAMP_TEST_VIEW","LIDOCA_RCK","1","INSTRUMENT_BATCH","EQUALS",
"SAMP_TEST_VIEW","LIDOCA_RCK","2","AND",,
"SAMP_TEST_VIEW","LIDOCA_RCK","3","TEST_STATUS","EQUALS","V"
"SAMP_TEST_VIEW","MEPHEN_RCK","1","INSTRUMENT_BATCH","EQUALS",
"SAMP_TEST_VIEW","MEPHEN_RCK","2","AND",,
"SAMP_TEST_VIEW","MEPHEN_RCK","3","TEST_STATUS","EQUALS","V"
"SAMP_TEST_VIEW","MEPRED_RCK","1","INSTRUMENT_BATCH","EQUALS",
"SAMP_TEST_VIEW","MEPRED_RCK","2","AND",,
"SAMP_TEST_VIEW","MEPRED_RCK","3","TEST_STATUS","EQUALS","V"
"SAMP_TEST_VIEW","METH_CONF","1","INSTRUMENT_BATCH","EQUALS",
"SAMP_TEST_VIEW","METHCARB","1","INSTRUMENT_BATCH","EQUALS",
"SAMP_TEST_VIEW","MPRED_CONF","1","INSTRUMENT_BATCH","EQUALS",
"SAMP_TEST_VIEW","NAN_CONF","1","INSTRUMENT_BATCH","EQUALS",
"SAMP_TEST_VIEW","NAN_CONF","2","AND",,
"SAMP_TEST_VIEW","NAN_CONF","3","TEST_STATUS","EQUALS","V"
"SAMP_TEST_VIEW","NSAID_SCN","1","INSTRUMENT_BATCH","EQUALS",
"SAMP_TEST_VIEW","NSAID_SCN","2","AND",,
"SAMP_TEST_VIEW","NSAID_SCN","3","TEST_STATUS","EQUALS","V"
"SAMP_TEST_VIEW","OMEP_CONF","1","INSTRUMENT_BATCH","EQUALS",
"SAMP_TEST_VIEW","OPIATE_RCK","1","INSTRUMENT_BATCH","EQUALS",
"SAMP_TEST_VIEW","OPIATE_RCK","2","AND",,
"SAMP_TEST_VIEW","OPIATE_RCK","3","TEST_STATUS","EQUALS","V"
"SAMP_TEST_VIEW","OXYCO_CONU","1","INSTRUMENT_BATCH","EQUALS",
"SAMP_TEST_VIEW","OXYCOD_CON","1","INSTRUMENT_BATCH","EQUALS",
"SAMP_TEST_VIEW","OXYMOR_RCK","1","INSTRUMENT_BATCH","EQUALS",
"SAMP_TEST_VIEW","OXYMOR_RCK","2","AND","EQUALS",
"SAMP_TEST_VIEW","OXYMOR_RCK","3","TEST_STATUS","EQUALS","V"
"SAMP_TEST_VIEW","PBUTE_CONF","1","INSTRUMENT_BATCH","EQUALS",
"SAMP_TEST_VIEW","PBUTE_CONF","2","AND","EQUALS",
"SAMP_TEST_VIEW","PBUTE_CONF","3","TEST_STATUS","EQUALS","V"
"SAMP_TEST_VIEW","PEMO_CONF","1","INSTRUMENT_BATCH","EQUALS",
"SAMP_TEST_VIEW","PEMO_CONF","2","AND",,
"SAMP_TEST_VIEW","PEMO_CONF","3","TEST_STATUS","EQUALS","V"
"SAMP_TEST_VIEW","PREDN_CONF","1","INSTRUMENT_BATCH","EQUALS",
"SAMP_TEST_VIEW","PROMAZNE_U","1","INSTRUMENT_BATCH","EQUALS",
"SAMP_TEST_VIEW","PROMAZNE_U","2","AND",,
"SAMP_TEST_VIEW","PROMAZNE_U","3","TEST_STATUS","EQUALS","V"
"SAMP_TEST_VIEW","PROMZ_RCK","1","INSTRUMENT_BATCH","EQUALS",
"SAMP_TEST_VIEW","PROMZ_RCK","2","AND",,
"SAMP_TEST_VIEW","PROMZ_RCK","3","TEST_STATUS","EQUALS","V"
"SAMP_TEST_VIEW","PROPRO_RCK","1","INSTRUMENT_BATCH","EQUALS",
"SAMP_TEST_VIEW","PROPRO_RCK","2","AND",,
"SAMP_TEST_VIEW","PROPRO_RCK","3","TEST_STATUS","EQUALS","V"
"SAMP_TEST_VIEW","QE_SCREEN","1","INSTRUMENT_BATCH","EQUALS",
"SAMP_TEST_VIEW","QE_SCREEN","2","AND",,
"SAMP_TEST_VIEW","QE_SCREEN","3","TEST_STATUS","EQUALS","V"
"SAMP_TEST_VIEW","RANIT_CONF","1","INSTRUMENT_BATCH","EQUALS",
"SAMP_TEST_VIEW","RANIT_CONF","2","AND","EQUALS",
"SAMP_TEST_VIEW","RANIT_CONF","3","TEST_STATUS","EQUALS","V"
"SAMP_TEST_VIEW","SILDE_CONF","1","INSTRUMENT_BATCH","EQUALS",
"SAMP_TEST_VIEW","SPICEC_RCK","1","INSTRUMENT_BATCH","EQUALS",
"SAMP_TEST_VIEW","SPICEC_RCK","2","AND",,
"SAMP_TEST_VIEW","SPICEC_RCK","3","TEST_STATUS","EQUALS","V"
"SAMP_TEST_VIEW","STAN_CONF","1","INSTRUMENT_BATCH","EQUALS",
"SAMP_TEST_VIEW","STAN_CONF","2","AND",,
"SAMP_TEST_VIEW","STAN_CONF","3","TEST_STATUS","EQUALS","V"
"SAMP_TEST_VIEW","TC_CONFIRM","1","INSTRUMENT_BATCH","EQUALS",
"SAMP_TEST_VIEW","TC_CONFIRM","2","AND",,
"SAMP_TEST_VIEW","TC_CONFIRM","3","TEST_STATUS","EQUALS","V"
"SAMP_TEST_VIEW","TC_SCREEN","1","INSTRUMENT_BATCH","EQUALS",
"SAMP_TEST_VIEW","TC_SCREEN","2","AND",,
"SAMP_TEST_VIEW","TC_SCREEN","3","TEST_STATUS","EQUALS","V"
"SAMP_TEST_VIEW","TC_SCREENB","1","INSTRUMENT_BATCH","EQUALS",
"SAMP_TEST_VIEW","TC_SCREENB","2","AND",,
"SAMP_TEST_VIEW","TC_SCREENB","3","TEST_STATUS","EQUALS","V"
"SAMP_TEST_VIEW","TEST_CONF","1","INSTRUMENT_BATCH","EQUALS",
"SAMP_TEST_VIEW","TEST_CONF","2","AND","EQUALS",
"SAMP_TEST_VIEW","TEST_CONF","3","TEST_STATUS","EQUALS","V"
"SAMP_TEST_VIEW","THEOP_CONF","1","INSTRUMENT_BATCH","EQUALS",
"SAMP_TEST_VIEW","THEOP_CONF","2","AND","EQUALS",
"SAMP_TEST_VIEW","THEOP_CONF","3","TEST_STATUS","EQUALS","V"
"SAMP_TEST_VIEW","THEOU_CONF","1","INSTRUMENT_BATCH","EQUALS",
"SAMP_TEST_VIEW","THEOU_CONF","2","AND","EQUALS",
"SAMP_TEST_VIEW","THEOU_CONF","3","TEST_STATUS","EQUALS","V"
"SAMP_TEST_VIEW","TJH_MY_BAT","1","TEST_COUNT","EQUALS","2"
"SAMP_TEST_VIEW","TRIAC_CONF","1","INSTRUMENT_BATCH","EQUALS",
"SAMP_TEST_VIEW","TRIAC_CONF","2","AND","EQUALS",
"SAMP_TEST_VIEW","TRIAC_CONF","3","TEST_STATUS","EQUALS","V"
"SAMPLE","ALL_SAMPLES","1","STANDARD","EQUALS",
"SAMPLE","AUTHORIZED","1","STATUS","EQUALS","A"
"SAMPLE","EXPIRED","1","STATUS","EQUALS","E"
"SAMPLE","EXPLORE_DEFAULT_10_15","1","ON_SPEC","EQUALS","False"
"SAMPLE","EXPLORE_DEFAULT_10_15","2","PRODUCT","GRT_LESS",
"SAMPLE","EXPLORE_DEFAULT_11_15","1","INSPECTION_HEADER","GRT_LESS",
"SAMPLE","EXPLORE_DEFAULT_11_15","2","STATUS","EQUALS","C"
"SAMPLE","EXPLORE_DEFAULT_14_15","1","IS_SPLIT","EQUALS",
"SAMPLE","EXPLORE_MOBILE_1_14","1","LOCATION_ID","EQUALS","Location"
"SAMPLE","EXPLORE_MOBILE_2_14","1","CUSTOMER_ID","EQUALS","Customer"
"SAMPLE","EXPLORE_MOBILE_3_14","1","LOGIN_BY","EQUALS","Operator"
"SAMPLE","EXPLORE_MOBILE_4_14","1","LOGIN_DATE","GRT_EQ","Today"
"SAMPLE","EXPLORE_MOBILE_5_14","1","JOB_NAME","EQUALS","Job"
"SAMPLE","EXPLORE_MOBILE_6_14","1","LOGIN_DATE","GRT_EQ","Start Date"
"SAMPLE","EXPLORE_MOBILE_6_14","2","LOGIN_DATE","LESS_EQ","End Date"
"SAMPLE","EXPLORE_MOBILE_7_14","1","LOGIN_DATE","GRT_EQ","Login Date"
"SAMPLE","EXPLORE_PETRL_16_13","1","STATUS","EQUALS","T"
"SAMPLE","EXPLORE_PETRL_19_13","1","P_STI","EQUALS","T"
"SAMPLE","EXPLORE_PETRL_19_13","2","IS_SPLIT","GRT_LESS","T"
"SAMPLE","EXPLORE_PETRL_22_13","1","STATUS","EQUALS","A"
"SAMPLE","EXPLORE_U$DEBORAH_1_17","1","LOGIN_BY","EQUALS","HODYT"
"SAMPLE","EXPLORE_U$HODYT_1_15","1","LOGIN_BY","EQUALS","HODYT"
"SAMPLE","EXPLORE_U$SYSTEM_3_16","1","(",,
"SAMPLE","EXPLORE_U$SYSTEM_3_16","2","LOGIN_DATE","GRT_EQ","Start Date"
"SAMPLE","EXPLORE_U$SYSTEM_3_16","3","AND",,
"SAMPLE","EXPLORE_U$SYSTEM_3_16","4","LOGIN_DATE","LESS_EQ","End Date"
"SAMPLE","EXPLORE_U$SYSTEM_3_16","5",")",,
"SAMPLE","EXPLORE_U$SYSTEM_3_16","6","AND",,
"SAMPLE","EXPLORE_U$SYSTEM_3_16","7","(",,
"SAMPLE","EXPLORE_U$SYSTEM_3_16","8","STATUS","EQUALS","C"
"SAMPLE","EXPLORE_U$SYSTEM_3_16","9","OR",,
"SAMPLE","EXPLORE_U$SYSTEM_3_16","10","STATUS","EQUALS","A"
"SAMPLE","EXPLORE_U$SYSTEM_3_16","11",")",,
"SAMPLE","NEAR_EXPIRY","1","SAMPLE_TYPE","EQUALS","RETAIN"
"SAMPLE","NEAR_EXPIRY","2","RETAIN_UNTIL_DATE","LESS_EQ","   7 00:00:00.00"
"SAMPLE","NEAR_EXPIRY","3","STATUS","GRT_LESS","E"
"SAMPLE","NEAR_EXPIRY","4","STATUS","GRT_LESS","X"
"SAMPLE","NEAR_EXPIRY","5","STATUS","GRT_LESS","D"
"SAMPLE","NEAR_TEST","1","SAMPLE_TYPE","EQUALS","RETAIN"
"SAMPLE","NEAR_TEST","2","RETAIN_NEXT_TEST_DATE","LESS_EQ","   7 00:00:00.00"
"SAMPLE","NEAR_TEST","3","STATUS","EQUALS","B"
"SAMPLE","RETAIN","1","SAMPLE_TYPE","EQUALS","RETAIN"
"SAMPLE","RETAIN_TEST","1","SAMPLE_TYPE","EQUALS","RETAIN"
"SAMPLE","RETAIN_TEST","2","STATUS","GRT_LESS","E"
"SAMPLE","RETAIN_TEST","3","STATUS","GRT_LESS","D"
"SAMPLE","RETAIN_TEST","4","STATUS","GRT_LESS","B"
"SAMPLE","RETAIN_TEST","5","STATUS","GRT_LESS","X"
"SAMPLE","ROOT_SAMPLES","1","IS_SPLIT","EQUALS","F"
"SAMPLE","SAMPLES_OVERDUE","1","DATERESREQ","LESS","NowVariable"
"SAMPLE","SAMPLES_OVERDUE","2","STATUS","GRT_LESS","C"
"SAMPLE","SAMPLES_OVERDUE","3","STATUS","GRT_LESS","A"
"SAMPLE","SAMPLES_OVERDUE","4","STATUS","GRT_LESS","X"
"SAMPLE","SAMPLES_OVERDUE","5","STATUS","GRT_LESS","R"
"SAMPLE","SAMPLES_SUSPENDED","1","STATUS","EQUALS","S"
"SAMPLE","TJH_SAMPLE_REPORT","1","STATUS","EQUALS","C"
"SAMPLE","TJH_SAMPLE_REPORT","2","OR",,
"SAMPLE","TJH_SAMPLE_REPORT","3","STATUS","EQUALS","A"
"SAMPLE","USERS_AUTH_SAMPLES","1","(",,
"SAMPLE","USERS_AUTH_SAMPLES","2","STATUS","EQUALS","A"
"SAMPLE","USERS_AUTH_SAMPLES","3","OR",,
"SAMPLE","USERS_AUTH_SAMPLES","4","STATUS","EQUALS","R"
"SAMPLE","USERS_AUTH_SAMPLES","5",")",,
"SAMPLE","USERS_AUTH_SAMPLES","6","AND",,
"SAMPLE","USERS_AUTH_SAMPLES","7","LOGIN_BY","EQUALS","Operator"
"SAMPLE","USERS_COMP_SAMPLES","1","(",,
"SAMPLE","USERS_COMP_SAMPLES","2","STATUS","EQUALS","I"
"SAMPLE","USERS_COMP_SAMPLES","3","OR",,
"SAMPLE","USERS_COMP_SAMPLES","4","STATUS","EQUALS","C"
"SAMPLE","USERS_COMP_SAMPLES","5",")",,
"SAMPLE","USERS_COMP_SAMPLES","6","AND",,
"SAMPLE","USERS_COMP_SAMPLES","7","LOGIN_BY","EQUALS","Operator"
"SAMPLE","USERS_IN_PROG_SAMPLES","1","(",,
"SAMPLE","USERS_IN_PROG_SAMPLES","2","STATUS","EQUALS","W"
"SAMPLE","USERS_IN_PROG_SAMPLES","3","OR",,
"SAMPLE","USERS_IN_PROG_SAMPLES","4","STATUS","EQUALS","S"
"SAMPLE","USERS_IN_PROG_SAMPLES","5","OR",,
"SAMPLE","USERS_IN_PROG_SAMPLES","6","STATUS","EQUALS","H"
"SAMPLE","USERS_IN_PROG_SAMPLES","7","OR",,
"SAMPLE","USERS_IN_PROG_SAMPLES","8","STATUS","EQUALS","V"
"SAMPLE","USERS_IN_PROG_SAMPLES","9",")",,
"SAMPLE","USERS_IN_PROG_SAMPLES","10","AND",,
"SAMPLE","USERS_IN_PROG_SAMPLES","11","LOGIN_BY","EQUALS","Operator"
"SAMPLE","USERS_UNAVAIL_SAMPLES","1","LOGIN_BY","EQUALS","Operator"
"SAMPLE","USERS_UNAVAIL_SAMPLES","2","AND",,
"SAMPLE","USERS_UNAVAIL_SAMPLES","3","STATUS","EQUALS","U"
"SAMPLE_INSPECT_VIEW","EXPLORE_DEFAULT_12_15","1","(",,
"SAMPLE_INSPECT_VIEW","EXPLORE_DEFAULT_12_15","2","PERSONNEL_ID","EQUALS","OperatorVariable"
"SAMPLE_INSPECT_VIEW","EXPLORE_DEFAULT_12_15","3","OR",,
"SAMPLE_INSPECT_VIEW","EXPLORE_DEFAULT_12_15","4","ROLE_PERSONNEL_ID","EQUALS","OperatorVariable"
"SAMPLE_INSPECT_VIEW","EXPLORE_DEFAULT_12_15","5",")",,
"SAMPLE_INSPECT_VIEW","EXPLORE_DEFAULT_12_15","6","INSPECTION_STATUS","EQUALS","V"
"SAMPLE_POINT","EXPLORE_RACETRACK_3_17","1","POINT_LOCATION.LOCATION_TYPE","EQUALS","RACE_TRACK"
"SAMPLE_POINT","EXPLORE_RACETRACK_3_17","2","AND",,
"SAMPLE_POINT","EXPLORE_RACETRACK_3_17","3","POINT_LOCATION","EQUALS","defLocation"
"SAMPLE_POINT","SAMPLE_POINTEXPLORE_PETRL_3_2","1","POINT_LOCATION.LOCATION_TYPE","EQUALS","RACE_TRACK"
"SAMPLE_POINT","SAMPLE_POINTEXPLORE_RACETRACK_3_2","1","POINT_LOCATION.LOCATION_TYPE","EQUALS","RACE_TRACK"
"SAMPLE_POINT","SAMPLE_POINTEXPLORE_RACETRACK_3_2","2","AND",,
"SAMPLE_POINT","SAMPLE_POINTEXPLORE_RACETRACK_3_2","3","POINT_LOCATION","EQUALS","defLocation"
"STANDARD_VERSIONS","DEF_PARAM_S_CRIT","1","STATUS","EQUALS","A"
"STOCK_BATCH","DEF_PARAM_SK_CRIT","1","STATUS","EQUALS","V"
"STOCK_BATCH","DEF_PARAM_SK_CRIT","2","STANDARD_VERSION","GRT_LESS",
"STOCK_BATCH","STOCK_BATCH_ACTIVE","1","(",,
"STOCK_BATCH","STOCK_BATCH_ACTIVE","2","STATUS","EQUALS","V"
"STOCK_BATCH","STOCK_BATCH_ACTIVE","3","OR",,
"STOCK_BATCH","STOCK_BATCH_ACTIVE","4","STATUS","EQUALS","C"
"STOCK_BATCH","STOCK_BATCH_ACTIVE","5",")",,
"STOCK_BATCH","STOCK_BATCH_ACTIVE","6","AND",,
"STOCK_BATCH","STOCK_BATCH_ACTIVE","7","REMOVEFLAG","EQUALS","F"
"STOCK_BATCH","STOCK_BATCH_ASSIGN","1","STATUS","EQUALS","V"
"STOCK_BATCH","STOCK_BATCH_ASSIGN","2","AND",,
"STOCK_BATCH","STOCK_BATCH_ASSIGN","3","(",,
"STOCK_BATCH","STOCK_BATCH_ASSIGN","4","LOCATION","GRT_LESS",
"STOCK_BATCH","STOCK_BATCH_ASSIGN","5","AND",,
"STOCK_BATCH","STOCK_BATCH_ASSIGN","6","LOCATION","EQUALS","Location"
"STOCK_BATCH","STOCK_BATCH_ASSIGN","7",")",,
"SUBSTANCE_HAZARD","EXPLORE_U$KATHLEEN_1_18","1","HAZARD","EQUALS",
"SUBSTANCE_HAZARD","EXPLORE_U$KATHLEEN_1_18","2","SUBSTANCE.SDS","EQUALS",
"SUBSTANCE_HAZARD","EXPLORE_U$KATHLEEN_1_18","3","SUBSTANCE.GHS_SIGNAL_WORD","EQUALS",
"SUBSTANCE_HAZARD","EXPLORE_U$KATHLEEN_1_18","4","SUBSTANCE.HEALTH","EQUALS",
"SUBSTANCE_HAZARD","EXPLORE_U$KATHLEEN_1_18","5","SUBSTANCE.INSTABILITY","EQUALS",
"SUBSTANCE_HAZARD","EXPLORE_U$KATHLEEN_1_18","6","SUBSTANCE.FLAMMABILITY","EQUALS",
"SUBSTANCE_HAZARD","EXPLORE_U$KATHLEEN_1_18","7","SUBSTANCE.STORAGE_INSTRUCTIONS","EQUALS",
"TEST","AUTHORIZED","1","STATUS","EQUALS","A"
"TEST","AUTHORIZED","2","SAMPLE.STANDARD","EQUALS",
"TEST","DEF_PARAM_T_CRIT","1","STATUS","EQUALS","V"
"TEST","DEF_PARAM_T_CRIT","2","AND",,
"TEST","DEF_PARAM_T_CRIT","3","SAMPLE.BATCH_ID","EQUALS",
"TEST","DEF_PARAM_T_CRIT","4","AND",,
"TEST","DEF_PARAM_T_CRIT","5","SAMPLE.STANDARD","EQUALS",
"TEST","EXPLORE_MOBILE_10_14","1","STARTER","EQUALS","CurrentOperator"
"TEST","EXPLORE_MOBILE_11_14","1","INSTRUMENT","EQUALS","Instrument"
"TEST","EXPLORE_MOBILE_9_14","1","ANALYSIS","EQUALS","Analysis"
"TEST","TEST_UNASSIGNED","1","WORKSHEET","EQUALS","         0"
"TEST","TEST_UNASSIGNED","2","STATUS","EQUALS","V"
"WORKFLOW","EXPLORE_DATA_MANAGER_11_20","1","TABLE_NAME","EQUALS","DM_DATA_PACKAGE"
"WORKFLOW","EXPLORE_DATA_MANAGER_11_20","2","OR",,
"WORKFLOW","EXPLORE_DATA_MANAGER_11_20","3","TABLE_NAME","EQUALS","DM_DATA_ITEM"
"WORKFLOW","EXPLORE_PETRL_3_13","1","NAME","EQUALS","Race Track Accession Simulation"
"WORKFLOW","EXPLORE_PETRL_3_13","2","OR",,
"WORKFLOW","EXPLORE_PETRL_3_13","3","NAME","EQUALS","Race Track Accession Simulation Test Selection"
"WORKFLOW","EXPLORE_PETRL_3_13","4","OR",,
"WORKFLOW","EXPLORE_PETRL_3_13","5","NAME","EQUALS","PETRL Single Plate EPO ELisa - Batch Template Selection"
"WORKFLOW","EXPLORE_PETRL_3_13","6","OR",,
"WORKFLOW","EXPLORE_PETRL_3_13","7","NAME","EQUALS","PETRL Single Plate EPO Recheck"
"WORKFLOW","EXPLORE_PETRL_6_13","1","WORKFLOW_TYPE","EQUALS","PLATE"
"WORKSHEET","USERS_WORKSHEETS","1","ASSIGNED_OPERATOR","EQUALS","Current Operator"
