﻿CUSTOMER
IDENTITY,GROUP_ID,COMPANY_NAME,ADDRESS1,ADDRESS2,ADDRESS3,ADDRESS4,ADDRESS5,ADDRESS6,PHONE_NUM,CONTACT,MODIFIABLE,REMOVEFLAG,SUSPENDFLAG,DESCRIPTION,WEB_PAGE,EMAIL,NAME,P_CUSTOMER_TYPE
10,10,78,78,78,78,78,78,78,78,78,1,1,1,234,100,100,100,30
                      29
"BBFAIR",,"Big Butler Fair","NULL","NULL","NULL","PA","NULL",,,,"TRUE","TRUE","FALSE",,,"NULL","Big Butler Fair","FAIR"
"BLFAIR",,"Bloomsburg Fair","NULL","NULL","NULL","PA","NULL",,,,"TRUE","TRUE","FALSE",,,"NULL","Bloomsburg Fair","FAIR"
"BSG",,"Bedrock Sand and Gravel Co., Inc.","12 Rock Road","Bedrock",,,,,"555-1212","Mr. Slate","TRUE","TRUE","FALSE","Bedrock Sand and Gravel Co., Inc.","bsg.org","Mr.Slate@bsg.org","Bedrock Sand and Gravel Co., Inc.",
"CLFAIR",,"Clearfield County Fair","NULL","NULL","NULL","PA","NULL",,,,"TRUE","TRUE","FALSE",,,"NULL","Clearfield County Fair","FAIR"
"CRFAIR",,"Crawford County Fair","NULL","NULL","NULL","PA","NULL",,,,"TRUE","TRUE","FALSE",,,"NULL","Crawford County Fair","FAIR"
"DAFAIR",,"Dayton Fair","NULL","NULL","NULL","PA","NULL",,,,"TRUE","TRUE","FALSE",,,"NULL","Dayton Fair","FAIR"
"DAHA",,"Dayton Horsemen's Association","NULL","NULL","NULL","PA","NULL",,,,"TRUE","TRUE","FALSE",,,"NULL","Dayton Horsemen's Association",
"ERFAIR",,"Erie County Fair","NULL","NULL","NULL","PA","NULL",,,,"TRUE","TRUE","FALSE",,,"NULL","Erie County Fair","FAIR"
"GRFAIR",,"Greene County Fair","NULL","NULL","NULL","PA","NULL",,,,"TRUE","TRUE","FALSE",,,"NULL","Greene County Fair","FAIR"
"HP",,"Harrah's Philadelphia","PA Harness Racing Commission","1001 Harrah's Blvd","Chester","PA","19013",,,,"TRUE","FALSE","FALSE",,,"dst@vet.upenn.edu","Harrah's Philadelphia","RT"
"INFAIR",,"Indiana County Fair","NULL","NULL","NULL","PA","NULL",,,,"TRUE","TRUE","FALSE",,,"NULL","Indiana County Fair","FAIR"
"JUFAIR",,"Juniata County Fair","NULL","NULL","NULL","PA","NULL",,,,"TRUE","TRUE","FALSE",,,"NULL","Juniata County Fair","FAIR"
"LYFAIR",,"Lycoming County Fair","NULL","NULL","NULL","PA","NULL",,,,"TRUE","TRUE","FALSE",,,"NULL","Lycoming County Fair","FAIR"
"MD",,"Meadows","PA Harness Racing Commission","200 Racetrack Road, Bldg 26","Washington","PA","15301",,,"Meadows Racetrack","TRUE","FALSE","FALSE","Meadows Race Track",,"dst@vet.upenn.edu","Meadows Race Track","RT"
"MP",,"Meadows","PA Harness Racing Commission","200 Racetrack Road, Bldg 26","Washington","PA","15301",,,"Meadows Racetrack","TRUE","FALSE","FALSE",,,"dst@vet.upenn.edu","Meadows","RT"
"NBC_CLINIC",,"University of Pennsylvania Schoool of Veterinary Medicine",,,,,,,,"Dr. Joanne Haughan","TRUE","FALSE","FALSE","Samples received from NBC Clinicians",,,"NBC Clinicians",
"NJRC",,"New Jersey Racing Commission",,,"New Jersey",,,,,,"TRUE","FALSE","FALSE","New Jersey Racing Commission",,,"New Jersey Racing Commission","COMM"
"PARX",,"Parx","PA Horse Racing Commission","3255 Richlieu Road","Bensalem","PA","19020",,,,"TRUE","FALSE","FALSE",,,,"Parx","RT"
"PD",,"Pocono Downs","PA Harness Racing Commission","1282 Highway 315","Wilkes Barre","PA","18702",,,,"TRUE","FALSE","FALSE",,,"dst@upenn.edu","Pocono Downs","RT"
"PENN",,"Penn National Race Track","PA Horse Racing Commission","777 Hollywood Blvd.","Grantville","PA","17028",,,"Penn National Racetrack","TRUE","FALSE","FALSE",,,"evanxue@upenn.edu","Penn National Race Track","RT"
"PETRL",,"Pennsylvania Equine Toxicology & Research Laboratory","Acting Director: Dr. Mary A. Robinson VMD, PhD, DACVCP","220 E. Rosedale Ave., P.O. Box 551","West Chester","PA","19380",,,,"TRUE","FALSE","FALSE",,,"NULL","Pennsylvania Equine Toxicology & Research Laboratory",
"PID",,"Presque Isle Downs","PA Horse Racing Commission","8199 Perry Highway","Erie","PA","16509",,,,"TRUE","FALSE","FALSE",,,"kdunn@pa.gov","Presque Isle Downs","RT"
"SBD",,"Standardbred Bureau Director","PA Department of Agriculture","2301 North Cameron Street","Harrisburg","PA","17110",,,"PA Bureau of Standardbred Horse Racing","TRUE","FALSE","FALSE",,,"evanxue@upenn.edu","Standardbred Bureau Director","DIR"
"STFAIR",,"Stoneboro Fair","NULL","NULL","NULL","PA","NULL",,,,"TRUE","TRUE","FALSE",,,"NULL","Stoneboro Fair","FAIR"
"STHHA",,"Stoneboro HHA","NULL","NULL","NULL","PA","NULL",,,,"TRUE","TRUE","FALSE",,,"NULL","Stoneboro HHA",
"TBD",,"Thoroughbred Bureau Director","PA Department of Agriculture","2301 North Cameron Street","Harrisburg","PA","17110",,,"PA Bureau of Thoroughbred Horse Racing","TRUE","FALSE","FALSE",,,"dst@vet.upenn.edu","Thoroughbred Bureau Director","DIR"
"WASFAIR",,"Washington County Fair","NULL","NULL","NULL","PA","NULL",,,,"TRUE","TRUE","FALSE",,,"NULL","Washington County Fair","FAIR"
"WAYFARI",,"Wayne County Fair","NULL","NULL","NULL","PA","NULL",,,,"TRUE","TRUE","FALSE",,,"NULL","Wayne County Fair","FAIR"
"YORFAIR",,"York Fair","NULL","NULL","NULL","PA","NULL",,,,"TRUE","TRUE","FALSE",,,"NULL","York Fair","FAIR"
