﻿DM_RULE_TEMPLATE
DM_RULE_TEMPLATE_ID,NAME,GROUP_ID,DESCRIPTION,MODIFIABLE,KEY_FILE_SPEC,PACKAGE_CLASS,PACKAGE_PROGID,UPLOAD_RULE,CONVERTER_CLASS,CONVERTER_NAME,CONVERTER_EXTENSION
36,100,10,234,1,255,255,255,4000,10,255,255
                     215
"003B6BDC-94C4-49C4-B0F1-85CB7AB5B544","PerkinElmer TurboChrom (single injection)",,,"FALSE","*.raw,*.rst,*.seq,*.idx",,,"<base>.raw,<base>.rst,<base>.rpt,<base>.spc","GAML","PETRBCRM","*.raw,*.rst,*.seq,*.idx"
"01BAE1C3-B854-457A-AC0E-32E5F20F54FD","Varian Cary UV-Vis (OS/2)",,,"FALSE","DATA.*",,,,"GAML","VARIAN_3","DATA.*"
"01BED8E4-81E5-45C5-B6B3-859E18009491","PerkinElmer PC137 SAM",,,"FALSE","*.bin",,,,"GAML","PESAM","*.bin"
"02721110-FD86-4AD6-9CEB-4B54A75A6DF7","Lecroy 9400 Series Oscilloscopes",,,"FALSE","*.lec",,,,"GAML","LC9424","*.lec"
"03D3129E-B67F-459D-997E-B0C35C105704","HP LAS Chromatography",,,"FALSE","*.seq,*.res",,,"*.seq,*.mth,*.res","GAML","HPLAS_CGM","*.seq,*.res"
"04BD11AC-CB8D-4E72-AF94-5964B8FB0AEF","Thermo Mattson ICON FT-IR",,,"FALSE","*.hdr",,,,"GAML","MATTSON","*.hdr"
"065C4F27-1101-4A19-9636-E7E9523A8FD2","Chemagnetics SpinSight NMR",,,"FALSE","data",,,"*.*","GAML","CHMGSPIN","data"
"08AFC875-02F5-4688-9689-C31E48E839EC","Agilent HP 1040 Diode Array",,,"FALSE","*.hpd",,,,"GAML","HP_1040","*.hpd"
"08D4E0D3-A209-4C05-8DA3-C72FF9FAFCFC","JYHoriba ISA Spex Raman",,,"FALSE","*.spt",,,,"GAML","SPEX","*.spt"
"0A81B27F-95A6-492E-AD49-13D83DF3CD7A","JEOL Generic (Delta) NMR",,,"FALSE","*.hdr",,,,"GAML","JEOLGNMR","*.hdr"
"0AE639FD-AF2D-4085-8E85-DD95390D0716","TA Instruments Thermal Analysis",,,"FALSE","*.000,*.001,*.002,*.003,*.004,*.005,*.006,*.007,*.008,*.009",,,,"GAML","TAINS_UA","*.000,*.001,*.002,*.003,*.004,*.005,*.006,*.007,*.008,*.009"
"0E47BAB5-611E-4216-9D2A-293BD7E1910E","Thermo Mattson WinFirst FT-IR",,,"FALSE","*.abs,*.drt,*.ras,*.igm,*.sbm,*.bkg,*.big",,,,"GAML","MATSN1ST","*.abs,*.drt,*.ras,*.igm,*.sbm,*.bkg,*.big"
"1025E83E-D074-4953-9751-CD6862AA775B","Beckman PeakPro (All files in input folder)",,"Beckman PeakPro Chromatography Data System (All files in input folder)","FALSE","*.cvfs,*.rvfs",,,"*.*","GAML","BECKMANPEAKPRO","*.cvfs,*.rvfs"
"14A47B99-852B-45FE-AF38-04727AF14560","Thermo Fisher Scientific Spectra Physics Linear Instruments DAD",,,"FALSE","*.bff",,,,"GAML","LINEAR","*.bff"
"14EF3AEE-8FFF-46C9-864F-3CABA1FF1141","Bruker Daltonics ESI",,,"FALSE","analysis.baf",,,"<recurse>*.*","GAML","BRKR_DALTONICS","analysis.baf"
"15003393-8A23-4AB2-99C5-F30407193760","PerkinElmer Access*Chrom (single injection)",,,"FALSE","*.raw",,,"<base>.raw,<base>.bpf,<base>.prc","GAML","PENLSNAC","*.raw"
"15152484-1261-4BC5-A773-598AB248AAF0","Teknivent GC-MS",,,"FALSE","*.ctl",,,,"GAML","TEKNIVNT","*.raw"
"1595769B-97B2-4BF5-A6CD-B24C8D391081","Beckman Standard UV-Vis",,,"FALSE","*.bsf",,,,"GAML","BECKMAN","*.bsf"
"15E469D3-899E-4622-844A-ABCDEE2BFA29","Spectrolab PFS2000 FT-IR",,,"FALSE","*.spe",,,,"GAML","PFS2000","*.spe"
"16CB1093-F152-4856-A19C-80F41C4E6008","Thermo Finnigan Xcalibur",,,"FALSE","*.raw",,,"<base>.raw,<base>.rst","GAML","XCALIBUR","*.raw"
"17163440-F186-453C-9435-5D00DD61DEEF","ASD Indico Pro",,,"FALSE","*.asd",,,,"GAML","INDICO","*.asd"
"178A99F8-9E49-458D-B0C0-C1DFD9E88D97","GE OMEGA NMR",,,"FALSE","*.geh",,,,"GAML","OMEGA","*.geh"
"181E8C22-29B2-4535-A171-CBC6EBF5B8E0","Shimadzu Class-VP Chromatography",,,"FALSE","*.dat",,,,"GAML","EZCHROM","*.dat"
"1861D7C7-7CF2-4569-B568-E5F02039CCF2","PerkinElmer FL WinLab",,,"FALSE","*.sp,*.ig,*.chr,*.td,*.sp3,*.fsm,*.lsc",,,,"GAML","PESPCTRM","*.sp,*.ig,*.chr,*.td,*.sp3,*.fsm,*.lsc"
"18AC371C-7CFF-4BB0-8AA6-58FF1146CF96","Agilent HP 8452A UV-Vis Kinetics",,,"FALSE","*.tim",,,,"GAML","HP_8452K","*.tim"
"1B67B67F-1ED7-46CD-A365-E93747E255CE","Acorn NMR NUTS",,,"FALSE","*.nmr,*.fid,*.001,*.c13,*.h1",,,,"GAML","NUTSNMR","*.nmr,*.fid,*.001,*.c13,*.h1"
"1BBB8712-2603-4FEF-B4B3-5B59035413BF","Beckman PeakPro (Selected input file only)",,"Beckman PeakPro Chromatography Data System (Selected input file only)","TRUE","*.cvfs,*.rvfs",,,"<base>.*","GAML","BECKMANPEAKPRO_SINGLE","*.cvfs,*.rvfs"
"1E32B006-7C49-4654-8374-2BD74E57FCC8","Waters Maxima 820 Chromatogram",,,"FALSE","*.dat",,,,"GAML","WATERS","*.dat"
"1F6BBE6D-29DD-43E4-894D-9EAA4A14D505","Spectra Physics 4200 Integrator",,,"FALSE","*.mma",,,,"GAML","SP42X0","*.mma"
"1F92B6F6-AD6A-43E0-8522-F2B6CDBFB757","Thermo Fisher Scientific Thru-Put Target Chromatography",,,"FALSE","keyfile.txt",,,"<recurse>*.*","GAML","TARGET","chromat.bin"
"1FB4616A-0E1F-4F28-935A-E306C31DFF42","Jasco J-600 CD",,,"FALSE","*.j",,,,"GAML","JASCO","*.j"
"20D76A92-1FE6-42F1-9AAA-4C717A8E0D95","Bio-Rad Bio-Dimension UV-VIS",,,"FALSE","*.bff",,,,"GAML","LINEAR","*.bff"
"21B95D5D-B683-4123-8B1E-E3DE46D546A4","ISA Spex Raman",,,"FALSE","*.spt",,,,"GAML","SPEX","*.spt"
"234870C0-E509-431E-B6F2-A71997ACC090","Shimadzu Hyper-UV",,,"FALSE","*.irs,*.uvd,*.nmr,*.flu,*.ms,*.3d,*.sda,*.chr,*.tim",,,,"GAML","LABCNTRL","*.irs,*.uvd,*.nmr,*.flu,*.ms,*.3d,*.sda,*.chr,*.tim"
"24074D73-739E-46AD-B235-97196192705D","ABB Bomem DA Series FT-IR",,,"FALSE","*.da,*.tra,*.igm,*.log,*.ref,*.spc",,,,"GAML","BOMEM_DA","*.da,*.tra,*.igm,*.log,*.ref,*.spc"
"25769F75-F1A0-4955-A42A-FCF4E5522070","Thermo Spectronic Aminco-Bowman2",,,"FALSE","*.dat",,,,"GAML","SLM_BWM2","*.dat"
"27076144-C432-49DE-B0A6-8D3985F79BF0","Empower",,,"FALSE",,"MILLENNIUM","gcvt_Millennium.dbcnvt.1","<base>.*","GAML","EMPOWER","*.gaml"
"2A491043-A824-467C-829F-AEDC127B59B4","Thermo GRAMS SPC",,,"FALSE","*.spc,*.cgm,*.fir,*.rmn,*.ms,*.nmr,*.uv,*.vis,*.nir,*.efl,*xry,*.gc,*.lc,*.hc,*.das",,,"<base>.spc,<base>.cgm,<base>.pks,<base>.pkc","GAML","SPC","*.spc,*.cgm,*.fir,*.rmn,*.ms,*.nmr,*.uv,*.vis,*.nir,*.efl,*xry,*.gc,*.lc,*.hc,*.das"
"2A61D77B-0F0D-4E70-8121-03BC82516000","Zeiss ASCII",,,"FALSE","*.000",,,,"GAML","ZEISS","*.000"
"2A8A1485-5B78-48B2-9D09-3ED6CFD366F3","ASCII with Header",,,"FALSE","*.asp",,,,"GAML","ASCII","*.asp"
"2BB351C1-7CF4-46FC-808F-F06D33632CE0","Thermo GAML",,"The Thermo Generalized Analytical Markup Language (GAML) format.","FALSE","*.gaml",,,,"GAML","GAML","*.gaml"
"2D0B0B1B-2F8A-48C4-8464-1330B47E516A","Dionex Chromeleon",,,"FALSE",,"CHROMELEON","gcvt_chromeleon.dbcnvt.1","<base>.*","GAML","CHROMELEON","*.gaml"
"2F432573-25D4-4EC7-A479-4181748A56C4","JEOL WinSpec FT-IR",,,"FALSE","*.wsf,*.wbf",,,,"GAML","JEOL_WS","*.wsf,*.wbf"
"2F6C6181-12B2-4817-B2D5-EE15BAC7F51C","Foss NIRSystems NSAS/Vision NIR",,,"FALSE","*.da",,,"<base>.da,<base>.cn","GAML","NIRSYS","*.da"
"34BBBCE1-44D9-40A7-9B85-5871557DBAEF","ANDO AQ Optical Spectrum Analyzer",,,"FALSE","*.csv",,,,"GAML","ANDO_AQ","*.csv"
"35139BDD-86A1-4C5D-885D-7F0FF390F884","Digilab IMX FT-IR",,,"FALSE","*.dt",,,,"GAML","DIGI_IMX","*.dt"
"352D0F0B-7718-4DEF-BFB1-3F2196A51BF8","Agilent Chemstation Mass Spectra",,,"FALSE","*.ms,*.d",,,"<recurse>*.*","GAML","HP_MSD","*.ms,*.d"
"3A1CF8CD-EA30-4E9A-A746-589DCA124C83","ASI ReactIR",,,"FALSE","*.exp",,,"<base>.exp,*.acq,*.exb,*.pro","GAML","NIC_OMNC","*.acq,*.exb"
"3DA3E84A-865A-4C2A-9559-4E6F349060B5","Waters 990 Diode Array",,,"FALSE","*.dt3",,,,"GAML","WTRS_990","*.dt3"
"3F2C1284-9112-44E9-A51C-B773707EFB64","LabControl SPECTACLE",,,"FALSE","*.irs,*.uvd,*.nmr,*.flu,*.ms,*.3d,*.sda,*.chr,*.tim",,,,"GAML","LABCNTRL","*.irs,*.uvd,*.nmr,*.flu,*.ms,*.3d,*.sda,*.chr,*.tim"
"3FDF8E5C-6DCA-454B-8577-06D521156439","Micromass MassLynx",,,"FALSE","_HEADER.TXT",,,"*.*","GAML","MM_MSLNX","_HEADER.TXT"
"40411116-9919-4116-A15E-36C6047EA38B","Hitachi R-1200/1100 NMR",,,"FALSE","*.nmr",,,,"GAML","HITR1200","*.nmr"
"41D8BA68-C2E1-4888-A86F-96FF6E260909","Princeton Instruments CCD",,,"FALSE","*.spe",,,,"GAML","PI","*.spe"
"42AB3E7E-33B8-48F5-884D-2454EB4D8C08","Beckman Karat32 Chromatography",,,"FALSE","*.dat",,,,"GAML","EZCHROM","*.dat"
"437C78B2-985E-4F64-9425-A188ED3715DD","Analect Instruments FT-IR",,,"FALSE","*.asf,*.aif,*.abs,*.bkh,*.bkl",,,,"GAML","ANALECT","*.asf,*.aif,*.abs,*.bkh,*.bkl"
"438A224D-237E-4672-ABCB-F59A83C1A7C8","Thermo Spectronic SLM Aminco 3000 UV-Vis",,,"FALSE","*.mrd",,,,"GAML","SLM3000","*.mrd"
"4532A9DF-A053-41B0-8966-97485AEAD75B","PerkinElmer FLDM",,,"FALSE","*.sp",,,,"GAML","PERKIN-E","*.sp"
"457FE9C1-9D6D-4926-A519-526C7CD1BE9A","Shimadzu Hyper-IR",,,"FALSE","*.irs,*.uvd,*.nmr,*.flu,*.ms,*.3d,*.sda,*.chr,*.tim",,,,"GAML","LABCNTRL","*.irs,*.uvd,*.nmr,*.flu,*.ms,*.3d,*.sda,*.chr,*.tim"
"45A49BE5-849A-4D1A-AFA0-054391584C34","Microsoft Office Documents",,,"FALSE","*.doc,*.dot,*.xls,*.xlt,*.ppt,*.pot,*.pps,*.adp,*.msg,*.pub,*.vsd",,,,"MSDOCS",,"*.doc,*.dot,*.xls,*.xlt,*.ppt,*.pot,*.pps,*.adp,*.msg,*.pub,*.vsd"
"4610DC44-055E-4567-91F0-C2FF42090F73","Agilent ChemStation LC/GC/CE/PDA/MS (All Files)",,,"FALSE","WORKLIST.XML,SEQUENCE.ACAML,RESULT.XML,SEQUENCE.ACAM_,SAMPLE.ACAML,SAMPLE.MAC,PRE_POST.INI,DATA.MS,*.CH,*.UV,*.D",,,"<recurse>*.*","GAML","CHEMSTATION","WORKLIST.XML,SEQUENCE.ACAML,RESULT.XML,SEQUENCE.ACAM_,SAMPLE.ACAML,SAMPLE.MAC,PRE_POST.INI,DATA.MS,*.CH,*.UV,*.D"
"467619B4-018B-452F-8D44-0B81D8DC7B78","Spectra Physics ChromStation",,,"FALSE","*.raw",,,,"GAML","SPCTRA_P","*.raw"
"4814A3A3-1D99-4C65-9FCF-C28CFFAEA68C","Radiomatic FLO-1",,,"FALSE","*.dat",,,,"GAML","RAD_FLO1","*.dat"
"4A089EA8-65BA-4903-92BA-D6B4264C4D68","Bruker Aspect NMR",,,"FALSE","*.bkr,*.fid,*.h1,*.c13",,,,"GAML","BRKRANMR","*.bkr,*.fid,*.h1,*.c13"
"4A78E101-D52E-4C55-BA83-21F08413B9B5","Temet Instruments FT-IR",,,"FALSE","*.spe",,,,"GAML","TEMET","*.spe"
"4A9FF465-504A-4FC2-87F5-3B6736DDB26B","Thermo Nicolet Atl�s Mapping",,,"FALSE","*.spa,*.srs,*.map",,,,"GAML","NIC_OMNC","*.spa,*.srs,*.map"
"4D7B8642-FBA8-40FB-9F8E-11FD873B7577","Beckman DU60 UV-Vis",,,"FALSE","*.asc",,,,"GAML","BKMNDU60","*.asc"
"4DC69A10-5C22-434F-AC05-685E466B57AA","GBC Spectral UV-Vis",,,"FALSE","*.irs,*.uvd,*.nmr,*.flu,*.ms,*.3d,*.sda,*.chr,*.tim",,,,"GAML","LABCNTRL","*.irs,*.uvd,*.nmr,*.flu,*.ms,*.3d,*.sda,*.chr,*.tim"
"500DD3A7-136A-47D0-B774-3AD35AFCBC84","Bruker ATS FT-IR",,,"FALSE","*.bir,*.dat",,,,"GAML","BRKR_ATS","*.bir,*.dat"
"5086CF6B-CDBD-4F53-BD23-56E60EEB7231","Jasco J-700 CD",,,"FALSE","*.jsp,*.jtp",,,,"GAML","JASCO700","*.jsp,*.jtp"
"5146E178-6E04-416F-B412-8B265B4AD0D4","Agilent ChemStation LC/GC/CE/PDA/MS (Single File)",,,"FALSE","DATA.MS,*.CH,*.UV,*.D",,,,"GAML","CHEMSTATION","DATA.MS,*.CH,*.UV,*.D"
"5180A58A-45A4-4B1C-AA29-4F0987963DC0","Digilab IRD GC-IR",,,"FALSE","*.d",,,,"GAML","HP_IRD","*.d"
"5184CBC9-078C-49A9-99E5-1F5A1FABDD08","Thermo Spectronic Helios UV-Vis",,,"FALSE","*.scn",,,,"GAML","TSHELIOS","*.scn"
"51C2CBB0-8EE1-46EE-8FD3-9A1C6C7DBA84","IBM IR30 FT-IR",,,"FALSE","*.ibm",,,,"GAML","IBM_IR30","*.ibm"
"5269DA52-1EB5-4064-8909-A11C1D12CB90","Thermo Fisher IEEE 32-bit Float",,,"FALSE","*.fsp",,,,"GAML","FLOAT_PT","*.fsp"
"52C1B2C5-A9B1-4359-A369-F269C8636C88","GE Nicolet NMR",,,"FALSE","*.nic,*.001",,,,"GAML","NIC_NMR","*.nic,*.001"
"5459EB38-CE73-49E7-8A98-3130FD48D60F","Kratos MACH3 GC-MS",,,"FALSE","*.run",,,,"GAML","KRATOSM3","*.run"
"5727FE2D-600A-4820-9C0A-954AC40EC89D","Bio-Rad BioDimension DAD",,,"FALSE","*.bff",,,,"GAML","BIODIM","*.bff"
"58CAC488-0A44-4D81-A8AE-C64A5D475450","Chromeleon7 Chromatography Data System",,,"FALSE",,"CHROMELEON7","gcvt_chromeleon7.dbcnvt.1","*.*","GAML","CHROMELEON7","*.gaml"
"5BC278FE-DC52-41D3-BC8E-58B8657DDFF3","Thermo Nicolet OMNIC FT-IR",,,"FALSE","*.spa,*.spg",,,,"GAML","NIC_OMNC","*.spa,*.spg"
"5C393370-5359-4FFE-9BC3-CCFF136E569A","Interspectrum PFS2000 FT-IR",,,"FALSE","*.spe",,,,"GAML","PFS2000","*.spe"
"5D76DD8D-2F05-4A02-9E51-EC8DCFD0A8B0","Agilent 8452 UV-Vis",,,"FALSE","*.wav",,,,"GAML","HP_8452","*.wav"
"5EC16E92-73C7-4FAD-B6DA-EE5A61403F10","Office Open XML",,,"FALSE","*.docx,*.dotx,*.docm,*.dotm,*.xlsx,*.xlsm,*.xltx,*.xltm,*.pptx,*.pptm,*.potx,*.potm,*.ppsx,*.ppsm",,,,"OOXML",,"*.docx,*.dotx,*.docm,*.dotm,*.xlsx,*.xlsm,*.xltx,*.xltm,*.pptx,*.pptm,*.potx,*.potm,*.ppsx,*.ppsm"
"5EF21FFF-4BE1-4515-B3E5-55B1CAE1A572","LTI PowerScan NIR",,,"FALSE","*.dat",,,,"GAML","LTI_PS","*.dat"
"5F752D9C-9F52-4876-8E20-A16353360442","PerkinElmer TurboMass",,,"FALSE","_HEADER.TXT",,,,"GAML","MM_MSLNX","_HEADER.TXT"
"60B2CEBB-3F6E-471D-BB3B-925BB34B0710","ASCII XY (Variable X Spacing)",,,"FALSE","*.prn",,,,"GAML","ASCIIXYS","*.prn"
"61BA4822-01DA-41D1-9132-3F4110673EE2","Amersham Biosciences UNICORN",,"Amersham Biosciences UNICORN","FALSE","*.res",,,,"GAML","AMBIO_UNICORN","*.res"
"62A3979D-448D-4A68-8F60-5BEDE1FDD018","ASCII (Single Column)",,,"FALSE","*.txt",,,,"GAML","ASCII_Y","*.txt"
"6384ECE1-525E-4C13-8A96-44FEA6767A60","ASD PSII UV-Vis",,,"FALSE","*.obs",,,,"GAML","ASD_PSII","*.obs"
"63B43569-60D9-4F45-96A0-F353EA91E8AB","EGG PAR OMA88",,,"FALSE","*.dat",,,,"GAML","PAR_OMA","*.dat"
"63F0D7E9-164E-47DD-AED1-C8E45A900EFB","Lotus 1-2-3 (Version 2)",,,"FALSE","*.wk1",,,,"GAML","LOTUS_2","*.wk1"
"6480743C-F5FD-43C2-A711-7287B2FEA8F4","Xml",,,"FALSE","*.xml",,,,"XML",,"*.xml"
"64C8E872-D02B-4BFF-9B6E-10194C3400D2","Techmag MacNMR",,,"FALSE","*.mac,*.fid,*.h1,*.c13,*.spc",,,,"GAML","MAC_NMR","*.mac,*.fid,*.h1,*.c13,*.spc"
"670FD58F-F78B-4724-92C8-D67B0412E8AD","Beckman Gold PDA Spectra",,,"FALSE","*.dad",,,"<recurse>*.*","GAML","BKMNGOLD","*.dad"
"68EBB5C6-9622-4D69-9E15-661054CA0F86","Telos Labs Spectrogram FT-IR",,,"FALSE","*.msr,*.ref,*.dat",,,,"GAML","TELOS","*.msr,*.ref,*.dat"
"69580DB3-0D84-49D0-A5D2-C863001B9ABD","Groton Technology SoloNet PDA",,,"FALSE","*.snd",,,,"GAML","SOLONT","*.snd"
"6B6F573F-5BC7-427B-B003-BE24E4A26A7A","Thermo Finnigan ITDS",,,"FALSE","*.dat",,,,"GAML","FMITDS","*.dat"
"6DEE62F4-DE14-4E53-BECF-2BCB973063E8","Hitachi D7000 Chromatography",,,"FALSE","*.dad,*.ex*,*.rw*,*.sc*",,,"<recurse>*.*","GAML","HIT_D7K","*.dad,*.ex*,*.rw*,*.sc*"
"6E3828B2-0500-4391-9527-F2FF7E1C36AB","Thermo Fisher Scientific Elemental SOLAAR",,,"FALSE","*.slr",,,,"GAML","SOLAAR","*.slr"
"6F0C1A7E-4D46-4F01-824D-7F3E833D3C43","Bomem DA Series FT-IR",,,"FALSE","*.da,*.tra,*.igm,*.log,*.ref,*.spc",,,,"GAML","BOMEM_DA","*.da,*.tra,*.igm,*.log,*.ref,*.spc"
"70E07349-58A1-4841-A391-18E6495F8DF3","PerkinElmer Access*Chrom (sequence)",,,"FALSE","*.raw",,,"<base>.seq,*.raw,*.bpf,*.prc,*.met","GAML","PENLSNAC","*.raw"
"726F6CBC-E407-4FE2-BB06-06E47C6C039A","Bio-Rad Sadtler Spectra",,,"FALSE","*.irf",,,,"GAML","SADTLER","*.irf"
"72C4B1EE-3431-4221-8CAB-07CB12C950A3","NIST MSP ASCII Mass Spectrometry",,,"FALSE","*.msp",,,,"GAML","NIST_MSP","*.msp"
"73435310-8DBF-47C0-A87B-0ED2E4A04B7E","Varian Galaxie /JMBS DIAMIR/Bio-Tek KromaSystem 3000",,,"FALSE","*.DATA",,,,"GAML","VAR_GALAXIE","*.DATA"
"741EE408-4060-4EDB-9357-1DA812CF1706","Bruker AXS DiffracPlus",,,"FALSE","*.raw",,,,"GAML","BRKRDXRD","*.raw"
"7542CA88-530C-48B5-8757-191B7E60C930","PerkinElmer AutoIMAGE FT-IR",,,"FALSE","*.sp,*.ig,*.chr,*.td,*.sp3,*.fsm,*.lsc",,,,"GAML","PESPCTRM","*.sp,*.ig,*.chr,*.td,*.sp3,*.fsm,*.lsc"
"75B0EF1B-440A-4351-A942-695D8AA4CB19","Bruker PC Win-NMR (Processed only)",,,"FALSE","*.aqs",,,"*.aqs,*.fqs,*.1i,*.1r,*.hst,*.int,*.pc,*.ply,*.tit,*.dis","GAML","BRKRWNMR","*.aqs"
"7656F216-BA79-4AB1-B66B-D416A105DF0F","JYHoriba ISA PRISM Raman",,,"FALSE","*.l00,*.s00,*.m00,*.t00,*.d00",,,,"GAML","ISA_RAMN","*.l00,*.s00,*.m00,*.t00,*.d00"
"76A73732-1A80-4E04-A103-C30923FA079D","Shimadzu QP5000 GC-MS",,,"FALSE","*.r01,*.r02",,,,"GAML","SHM_QP5K","*.r01,*.r02"
"76CAA8F7-BB00-4234-B2A3-45979773D9E2","Lecroy LC7200 Oscilloscope",,,"FALSE","*.000",,,,"GAML","LC7200","*.000"
"78231FC7-3DB3-4166-920E-69F37D718C87","PerkinElmer UV WinLab",,,"FALSE","*.sp,*.ig,*.chr,*.td,*.sp3,*.fsm,*.lsc",,,,"GAML","PESPCTRM","*.sp,*.ig,*.chr,*.td,*.sp3,*.fsm,*.lsc"
"7993786B-93F8-4855-B4E1-9C9D73137343","Bruker XwinNMR (Processed)",,,"FALSE","PROCS",,,"*.*,..\\..\\*.*","GAML","BRKR_XWN","*.fid,*.1r,*.ser,*.2rr"
"79D8BF6A-143D-464E-A07A-B4614ED229F2","Bruker OPUS FTIR",,,"FALSE","*.0*",,,,"GAML","BRKR_OPS","*.1,*.103,*.3,*.0,*.2"
"7A5F9795-C393-45A2-ADDE-38CE21957012","JEOL GX/EX NMR",,,"FALSE","*.gxd",,,,"GAML","JEOL","*.gxd"
"7B3B8E8A-2145-4758-BE1D-36422E88832C","LTI SpectraMetrix NIR",,,"FALSE","*.mac,*.fid,*.h1,*.c13,*.spc",,,,"GAML","LTI_PS","*.dat"
"7E4B7600-A111-4F27-AC4A-DF91F2BB9EFD","Lotus 1-2-3 (Version 1/1A)",,,"FALSE","*.wks",,,,"GAML","LOTUS_1A","*.wks"
"7E7B8141-D7D7-43ED-975C-3B95AD2F43B4","Prolab Resources Vector/One GC-MS",,,"FALSE","*.ctl",,,,"GAML","TEKNIVNT","*.ctl"
"7EA7DD07-81A2-49B4-B6E2-628432F0FB1D","Bruker Daltonics MALDI",,,"FALSE","AnalysisParameter.xml",,,"<recurse>*.*","GAML","BRKR_DALTONICS","AnalysisParameter.xml"
"7EE4FF23-1507-40F2-B95F-FC49CB607BAB","JYHoriba ISA SpectraMax Raman (DOS)",,,"FALSE","*.l00,*.s00,*.m00,*.t00,*.d00",,,,"GAML","ISA_SMAX","*.l00,*.s00,*.m00,*.t00,*.d00"
"7F29CEA8-15AF-4611-B342-D071CCC4504E","Varian VNMR",,,"FALSE","PROCPAR",,,"<recurse>*.*","GAML","V_UNITY","fid,phasefile"
"7F568E76-5C1E-4E62-9103-FC1CFC7FD589","Horiba FT-IR",,,"FALSE","*.hsp,*.mdt",,,,"GAML","HORIBA","*.hsp,*.mdt"
"7FEEB828-7278-4449-9D7E-0C58BA2B20C0","Waters Millennium32",,,"FALSE",,"MILLENNIUM","gcvt_Millennium.dbcnvt.1","<base>.*","GAML","GAML","*.gaml"
"80339879-F938-4932-81EE-82EAE3DBE8B0","UOP Guided Wave SpectrON NIR",,,"FALSE","*.gw",,,,"GAML","G_WAVE","*.gw"
"80966BB7-C26A-4716-814B-19173C13CC1A","Thermo Nicolet SX/DX FT-IR",,,"FALSE","*.nic,*.001",,,,"GAML","NIC_FTIR","*.nic,*.001"
"8170E1BF-76FA-449D-A912-039A4DEF06B8","Spectra Physics DAD",,,"FALSE","*.bff",,,,"GAML","SP_LINEAR","*.bff"
"82DBB1BB-EC25-42BE-9BE6-C82A2AD4AD7A","Thermo Finnigan ChromQuest",,,"FALSE","*.dat",,,,"GAML","EZCHROM","*.dat"
"89A0F206-DB04-49AD-B4E3-29602FA7ECD2","Brimrose NIR",,,"FALSE","*.dat",,,,"GAML","BRIMROSE","*.dat"
"8D38F7D8-F62D-4DCC-99D6-AF4DB1D282AC","NIRSystems NSAS/Vision NIR",,,"FALSE","*.da",,,"<base>.da,<base>.cn","GAML","NIRSYS","*.da"
"8EE737A7-B365-4DA6-B289-2EEC1F1E1E4D","HP PAWS Chemstation Chromatrography",,,"FALSE","*.d",,,"*.*","GAML","HP_1090","*.d"
"903E2A98-560D-47E9-AFF8-02EFCC3811E2","Guided Wave SpectrON NIR",,,"FALSE","*.gw",,,,"GAML","G_WAVE","*.gw"
"90ACA4AA-E9E1-4376-A313-50E9FFFBDD97","PerkinElmer Spectrum IR",,,"FALSE","*.sp,*.ig,*.chr,*.td,*.sp3,*.fsm,*.lsc",,,,"GAML","PESPCTRM","*.sp,*.ig,*.chr,*.td,*.sp3,*.fsm,*.lsc"
"94B56D9B-A403-474B-8EB6-A32EFF7ABECB","Ando Instruments AQ 6312B",,,"FALSE","*.wav",,,,"GAML","ANDO","*.wav"
"95FF39CF-BC61-470F-848A-9D70014B35EB","Guided Wave SpectrON",,,"FALSE","*.gw",,,,"GAML","G_WAVE","*.gw"
"9721DF06-A879-4E5D-B10E-7690EE80C567","PerkinElmer UVDM",,,"FALSE","*.sp",,,,"GAML","PERKIN-E","*.sp"
"974D20A0-2E7A-4E63-B333-D6337ADEB2A4","Polymer Labs Cirrus GPC",,,"FALSE","*.plw",,,"*.*","GAML","PLCIRRUS_CGM","*.rst"
"9768F845-6569-4D8B-AD51-DEE7FA26157B","Thermo LabSystems Atlas Chromatography",,,"FALSE","*.ana",,,"<recurse>*.*","GAML","ATLAS","*.ana"
"9850136A-4A4B-4FF7-A22F-082A2D2783EB","JYHoriba Dilor Microdil 28/Z24 Raman (V1)",,,"FALSE","*.dil",,,,"GAML","DILOR_1","*.dil"
"99D8D279-3A50-47E8-9014-65EA1A43CBD0","Thermo Nicolet PC-IR FT-IR",,,"FALSE","*.ird",,,,"GAML","NIC_PCIR","*.ird"
"9A0D8436-5630-4006-830D-B9079BC52761","Perten PerCon NIR",,,"FALSE","*.pe",,,,"GAML","PERTEN","*.pe"
"9A8CA9AF-E307-4B3B-A552-7F4CAD39A212","Thermo Oriel RUNNES II CCD",,,"FALSE","*.dat",,,,"GAML","ORL_RUN2","*.dat"
"9AB3C0C2-3758-46C7-B704-CE1716E571CE","Beckman Gold Chromatograms",,,"FALSE","*.chr",,,"<recurse>..\\*.*","GAML","BKMNGCHR","*.chr"
"9B1C0EE2-667C-45A0-8762-D1D5B57646E9","AVIV UV-Vis/CD",,,"FALSE","*.avv",,,,"GAML","AVIV","*.avv"
"9C9809A1-E82B-4782-B76D-F23F06F0465C","Stanford Research SR265",,,"FALSE","*.dat",,,,"GAML","SR_265","*.dat"
"9ECB8E80-727F-4CBD-A8D0-1D707F8267D8","Thermo Finnigan Masslab",,,"FALSE","_HEADER.TXT",,,,"GAML","MM_MSLNX","_HEADER.TXT"
"9F9A8E01-161C-4AAF-A15F-EE2EA51F38B1","SLM Universal UV/FL",,,"FALSE","*.dat",,,,"GAML","SLM","*.dat"
"A3A84543-1D89-4010-AA42-42F92395E198","Agilent Chemstation PDA Spectra",,,"FALSE","*.uv",,,"<recurse>*.*","GAML","HP_1090D","*.uv"
"A573B59D-4BA2-445B-BE35-28FF46B2E4BD","Varian Star GC",,,"FALSE","*.run",,,"<base>.run,*.mth,*.wrt,*.seq","GAML","VAR_STGC","*.run"
"A83A8D9E-9AA4-4613-9CC1-BAFB6B5C3FB4","Bruker ESP300 ESR",,,"FALSE","*.par",,,,"GAML","BRKR_ESR","*.par"
"AE0E9360-81F3-47C1-AA5C-57DAF68140CC","Pharmacia LKB GelscanXL",,,"FALSE","*.dl",,,,"GAML","GELSCAN","*.dl"
"AF594299-9F94-4E59-8695-13C6A6211260","Otsuka UV-Vis DAD",,,"FALSE","*.dt1",,,,"GAML","OTSUKA","*.dt1"
"B0EE1A45-3D27-4D80-8D3B-6F2344B3C30D","Dilor Microdil 28 Raman (V2)",,,"FALSE","*.dlr,*.ms0,*.msu,*.ss0,*.sc0",,,,"GAML","DILOR_2","*.dlr,*.ms0,*.msu,*.ss0,*.sc0"
"B140A605-0C5C-4A15-9547-A2ED94445F8E","Varian Cary WINUV",,,"FALSE","*.B??,*.D??,*.FB??,*.FD??",,,,"GAML","VARIAN_WINUV","*.B??,*.D??,*.FB??,*.FD??"
"B3E5003E-FE8D-498D-B8AE-414DC1834D0E","PerkinElmer IR Data Manager",,,"FALSE","*.sp",,,,"GAML","PERKIN-E","*.sp"
"B3FBA057-E96D-4936-9A30-F6A14992175B","Tracor Northern TN-6500",,,"FALSE","*.spa",,,,"GAML","TN_6500","*.spa"
"B4198E84-2865-4CB5-BC41-211B41E316EE","Varian SpinSight NMR",,,"FALSE","data",,,"*.*","GAML","CHMGSPIN","data"
"B61A4303-A0B6-4CD8-961F-3761549E6384","Bruker AMX/X32 Series NMR",,,"FALSE","*.aqs",,,"<base>.aqs,<base>.ttl,<base>.fid,<base>rsp","GAML","BRKR_AMX","*.aqs"
"B7FF2B4F-8F4D-4229-9B64-03DFD0657D62","PerkinElmer TotalChrom (sequence)",,,"FALSE","*.raw,*.rst,*.seq,*.idx",,,"<base>.seq,*.raw,*.rst,*.mth,*.rpt,*.spc","GAML","PETRBCRM","*.raw,*.rst,*.seq,*.idx"
"BA028935-14AB-4899-9F83-E6F6666B7656","Ando AQ-6312 Spectrum Analyzer",,,"FALSE","*.wav",,,,"GAML","ANDO","*.wav"
"BA700423-DAC2-48EA-BFD4-F8C2A74B9E8D","EGG PAR CCD",,,"FALSE","*.dat",,,,"GAML","PAR","*.dat"
"BBA5FD28-818C-477D-A052-AF377C994C82","ASYST Data File",,,"FALSE","*.dta",,,,"GAML","ASYST","*.dta"
"BBDDD63F-2E73-4BCC-B2C2-BD4FAA1F1145","PerkinElmer Nelson 2600 Chromatography",,,"FALSE","*.hdr",,,,"GAML","PEN2600","*.hdr"
"BD1EE949-5885-4E89-A242-42BF5C842C23","Tracor Northern TN-6600",,,"FALSE","*.sp",,,,"GAML","TRACOR","*.sp"
"BEDDF42D-8E6D-422A-9295-6687091C6194","Applied Automation Optichrom Advanced GLC",,,"FALSE","*.cr1",,,,"GAML","APPL_AUT","*.cr1"
"BF1D7750-290F-48D3-98BB-01F1FDAF6F59","Dilor Microdil 28/Z24 Raman (V1)",,,"FALSE","*.dil",,,,"GAML","DILOR_1","*.dil"
"BF895890-E073-4F4D-A835-4A8C761E5D18","Varian Saturn5 GC-MS",,,"FALSE","*.sms",,,,"GAML","VAR_SAT5","*.sms"
"C19413EF-856E-4AE8-8DEB-4EE4F83F06BF","Gilson Unipoint Chromatography",,,"FALSE","*.gdt",,,"<base>.*,*.gr*","GAML","GLSN_UNI","*.gdt"
"C1DA189A-6E0B-4D1D-BDA3-8DA984CDFE15","AnDI/AIA/netCDF Mass Spectrometry",,,"FALSE","*.cdf,*.nc",,,,"GAML","AIA_MS","*.cdf,*.nc"
"C281A5E0-647E-4E87-9E4A-5069A7CB58CD","Adobe PDF",,,"FALSE","*.pdf",,,,"PDF",,"*.pdf"
"C36B57AE-E847-4F6D-8AD9-98A9824FCD32","Hitachi R-1500 NMR",,,"FALSE","*.prm",,,,"GAML","HIT_NMR","*.prm"
"C4AEB6D3-45F9-4C02-A062-FAACAC67083B","DIF (Data Interchange Format)",,,"FALSE","*.dif",,,,"GAML","DIF","*.dif"
"C7DA3068-837F-4D29-8697-0274267F4102","Varian Saturn3 GC-MS",,,"FALSE","*.ms",,,,"GAML","VAR_SAT3","*.ms"
"CA15E696-06BA-440E-B88A-E5838FECE80C","Bruker XwinNMR (Raw only)",,,"FALSE","FID",,,"*.*","GAML","BRKR_XWN","*.fid,*.1r,*.ser,*.2rr"
"CBE69092-98C4-47D1-97AC-D9CABC0988C5","Empower 3 Chromatography Data System",,,"FALSE",,"EMPOWER3","GCVT_EMPOWER3.DBCNVT.1","*.*","GAML","EMPOWER3","*.gaml"
"CD12B329-E336-47A9-86DE-71A7787805FA","Image File",,,"FALSE","*.bmp,*.emf,*.gif,*.ico,*.jpg,*.jpeg,*.png,*.tiff,*.wmf",,,,"IMAGE",,"*.bmp,*.emf,*.gif,*.ico,*.jpg,*.jpeg,*.png,*.tiff,*.wmf"
"CD5D89B9-7132-4851-A582-0F184BB6658D","Groton Technology PF1 PDA",,,"FALSE","*.dat",,,,"GAML","GROTON","*.dat"
"CDEA12BA-DF35-477C-A8BE-86227DEDA0F0","PerkinElmer PIONIR NIR",,,"FALSE","*.pdf",,,,"GAML","PEPIONIR","*.pdf"
"CEAE337D-C3BF-4CFF-BF4F-0B423BEEDE23","SSI EZChrom Elite Chromatography",,,"FALSE","*.dat",,,,"GAML","EZCHROM","*.dat"
"D21CDFBE-2B95-466B-8B62-57251B2BD828","PerkinElmer TurboChrom (sequence)",,,"FALSE","*.raw,*.rst,*.seq,*.idx",,,"<base>.seq,*.raw,*.rst,*.mth,*.rpt,*.spc","GAML","PETRBCRM","*.raw,*.rst,*.seq,*.idx"
"D23FB49F-311F-4851-9954-9CB552ECF968","Varian XL/XR/Gemini NMR",,,"FALSE","*.txt",,,"*.*","GAML","VAR_NMR","*.txt"
"D329F629-CE11-474D-9465-7E648F06EEBD","Bio-Rad BioDimensions PDA",,,"FALSE","*.bff",,,,"GAML","LINEAR","*.bff"
"D35231B3-7624-4EB4-BF8C-FA3179F9E1EE","Kontron DS450 Chromatography",,,"FALSE","*.smp",,,,"GAML","KONTRON","*.smp"
"D68E9896-79E8-4916-9E84-BCEF1B77A4D3","Jasco Spectrum Manager",,,"FALSE","*.jws,*.jwa,*.jwb",,,,"GAML","JASCO_SM","*.jws,*.jwa,*.jwb"
"D7563822-F200-4EF6-BC21-874E0BDD003B","Perkin-Elmer IR Data Manager",,,"FALSE","*.sp,*.ig,*.chr",,,,"GAML","PE-IRDM","*.sp,*.ig,*.chr"
"D7D8D4E9-D584-441F-B2AB-E38F48E7EF26","ASCII XY (Constant X Spacing)",,,"FALSE","*.prn,*.asc,*.csv,*.txt,*.tbl",,,,"GAML","ASCII_XY","*.prn,*.asc,*.csv,*.txt,*.tbl"
"D86D3E8D-869B-4B0E-B717-A57FAD4BFC70","Siemens DiffracPlus",,,"FALSE","*.raw",,,,"GAML","BRKRDXRD","*.raw"
"D92E7EFC-6E9D-4361-980B-B19124DF4FB5","Bruker PC Win-NMR (Raw only)",,,"FALSE","*.fid",,,"*.aqs,*.fid,*.fqs,*.par,*.tit,*.dis","GAML","BRKRWNMR","*.fid"
"DC9A7D6A-93A0-455A-BDF0-A924F5D11F66","Chemagnetics CMX NMR",,,"FALSE","*.pb",,,"<base>.d,<base>.pb","GAML","CMX_NMR","*.pb"
"DD542231-66DB-450C-A743-3E3B89119047","Shimadzu UV160/265",,,"FALSE","*.szu,*.spc,*.sgl,*.kin",,,,"GAML","SHIMADZU","*.szu,*.spc,*.sgl,*.kin"
"DF34B192-86D1-4644-B3CC-490B0F6CC3F8","Alton Instruments LS2000",,,"FALSE","*.all,*.dta",,,,"GAML","ALTON","*.all,*.dta"
"DFD6B7BB-FA78-4555-BB9C-B1EEF7B6E648","Hitachi LACHROM HPLC System Manager",,,"FALSE","*.dad,*.ex*,*.rw*,*.sc*",,,"<recurse>*.*","GAML","HIT_D7K","*.dad,*.ex*,*.rw*,*.sc*"
"E0AE83FF-B0A4-40C9-8E6B-5EEF7EB6C415","Beckman FT1000/2000 FT-IR",,,"FALSE","*.bec,*.pct,*.sgl,*.ifg",,,,"GAML","BECK_FT","*.bec,*.pct,*.sgl,*.ifg"
"E2633099-4547-4795-8DDF-38A65647347C","HP IRD Chemstation GC-IR",,,"FALSE","*.d",,,,"GAML","HP_IRD","*.d"
"E29020CA-9C65-448A-AD17-21FC5E9E2C74","LDC SM5000 PDA",,,"FALSE","*.ld#",,,,"GAML","LDC","*.ld#"
"E39B8020-852A-47DA-A4F5-7E1E82049E64","JCAMP DX",,,"FALSE","*.dx,*.jdx,*.jcm",,,,"GAML","J-CAMP","*.dx,*.jdx,*.jcm"
"E4E136C9-F3A8-4723-AA56-B921F2C7A581","Dionex-Lee Scientific 600",,,"FALSE","*.dat",,,,"GAML","DLS_600","*.dat"
"E5BD7043-C9C6-4456-AA9F-64F290560E57","Thermo LabSystems Multichrom",,,"FALSE","*.aif,*.i*,*.r*",,,"<base>.*","GAML","TLS_MULTICHROM","*.aif,*.i*,*.r*"
"E666999B-F79F-4653-B836-5B66BEB657DB","AnDI/AIA/netCDF Chromatography",,,"FALSE","*.cdf,*.nc",,,,"GAML","AIA_CGM","*.cdf,*.nc"
"EB71E267-6875-485D-AA59-C7310151454D","ISA SpectraMax Raman (DOS)",,,"FALSE","*.l00,*.s00,*.m00,*.t00,*.d00",,,,"GAML","ISA_SMAX","*.l00,*.s00,*.m00,*.t00,*.d00"
"EC2E8334-A739-46E0-8451-E372212CE3DF","Thermo Nicolet Series FT-IR",,,"FALSE","*.srs,*.map",,,,"GAML","NIC_OMNC","*.srs,*.map"
"ED583D54-C95E-4381-9413-43D351CBA1E9","Lecroy 8818A Oscilloscope",,,"FALSE","*.raw",,,,"GAML","LC8818A","*.raw"
"F1009F53-7CF4-4E73-B2CC-CD3E84E79FC2","Phillips IR/40 FT-IR",,,"FALSE","*.irs",,,,"GAML","PLPSIR40","*.irs"
"F122A6B0-F820-40ED-9BD3-A1BB67B5A1BC","Digilab 3200 FT-IR",,,"FALSE","*.dt,*.ch",,,,"GAML","DIGILAB","*.dt,*.ch"
"F26DA9FF-A189-4D11-AD38-23D42EA21576","EGG Spectrum Master MAESTRO II",,,"FALSE","*.chn",,,,"GAML","MAESTRO2","*.chn"
"F30A16AF-227A-4EFB-A515-77A6E6E630D6","ASCII XY (High Precision X)",,,"FALSE","*.prn",,,,"GAML","ASCIIXYP","*.prn"
"F362F0C3-37D6-449B-AA34-E0F7CEDAF0E3","EGG PAR ProcessVision",,,"FALSE","*.bin",,,,"GAML","PAR_PV","*.bin"
"F3E4C916-F875-43E7-BEE7-621A238B350D","Text",,,"FALSE","*.txt",,,,"TEXT",,"*.txt"
"F5996ABE-55AF-4B30-8150-E948C6DFE37B","AnDI/AIA/netCDF FT-IR",,,"FALSE","*.cdf,*.nc",,,,"GAML","AIA_FTIR","*.cdf,*.nc"
"F5FE488A-1D74-48EE-B9FC-92E8EE2D1ECD","ABI-Sciex Analyst",,,"FALSE","*.wiff",,,,"GAML","PE_SCIEX","*.wiff"
"F88B0522-5225-42BF-B6B8-F868E3AF08E5","JYHoriba Dilor Microdil 28 Raman (V2)",,,"FALSE","*.dlr,*.ms0,*.msu,*.ss0,*.sc0",,,,"GAML","DILOR_2","*.dlr,*.ms0,*.msu,*.ss0,*.sc0"
"F9420097-E9BF-4B34-AFC0-B70C7F76C1A3","IBM 9420 UV-Vis",,,"FALSE","*.xxx",,,,"GAML","IBM9420","*.xxx"
"F9490AF0-39EC-4CA4-A0D5-1F8CB068B1DB","Agilent Chemstation Chromatograms",,,"FALSE","*.d,*.ch",,,"<recurse>*.*","GAML","HP_3365B","*.d,*.ch"
"FA5A7E5D-4E5B-4D62-9480-7F520952EC70","ISA PRISM Raman",,,"FALSE","*.l00,*.s00,*.m00,*.t00,*.d00",,,,"GAML","ISA_RAMN","*.l00,*.s00,*.m00,*.t00,*.d00"
"FA7D8B53-5018-4CEA-9C18-BB74AB50B5A6","PerkinElmer 7000 Series FT-IR",,,"FALSE","*.sp",,,,"GAML","PE_7000","*.sp"
"FD5DF1B6-E5E8-4716-8DE4-8F5C24D2FFBF","PerkinElmer TotalChrom (single injection)",,,"FALSE","*.raw,*.rst,*.seq,*.idx",,,"<base>.raw,<base>.rst,<base>.rpt,<base>.spc","GAML","PETRBCRM","*.raw,*.rst,*.seq,*.idx"
"FE6A3D6F-D738-444A-8645-9D35340DB974","VG Elemental PlasmaQuad ICP-MS",,,"FALSE","*.dat",,,,"GAML","VG_PQ","*.dat"
"FF2B8B42-A2DC-4C78-9D5B-AFFFB768F6C8","Thermo Oriel InstaSpec CCD",,,"FALSE","*.dat,*.ii",,,"<base>.dat,<base>.ii","GAML","ORL_IS","*.dat,*.ii"
