﻿ENTITY_TEMPLATE_PARAMETER
PARAMETER_NAME,ENTITY_TEMPLATE_ID,ENTITY_TEMPLATE_VERSION,PARAMETER_TYPE,DEFAULT_VALUE,CATEGORY,UNITS,PLACES,TABLE_NAME,PHRASE_TYPE_ID,MINIMUM,MAXIMUM,TARGET_VALUE,CRITERIA,VALIDATION_CRITERIA,TRUE_WORD,FALSE_WORD,TARGET_BOOLEAN,PHRASE_VALID_ONLY,ROUNDING_FORMULA,SIG_FIGS_NUMBER,SIG_FIGS_ROUNDING,SIG_FIGS_FILTER
100,30,10,20,255,10,40,10,50,10,500,500,10,40,40,10,10,10,1,500,10,10,10
                      13
"Broken Sample Cleaned UP","BROKE_SAMP","1","BOOLEAN","FALSE",,,"0",,,,,"0.0000000000000000E+00",,,,,"N","FALSE",,"-1","-1",
"Has Sample been canceled","BROKE_SAMP","1","BOOLEAN","FALSE",,,"0",,,,,"0.0000000000000000E+00",,,,,"N","FALSE",,"-1","-1",
"Resample Requested","BROKE_SAMP","1","BOOLEAN","FALSE",,,"0",,,,,"0.0000000000000000E+00",,,,,"N","FALSE",,"-1","-1",
"When Breakage Occured","BROKE_SAMP","1","DATE",,,,"0",,,,,"0.0000000000000000E+00",,,,,"N","FALSE",,"-1","-1",
"Corrective action","DEFAULT_INCIDENT","1","TEXT",,,,"0",,,,,"0.0000000000000000E+00",,,,,"N","FALSE",,"0","0",
"Description","P_CONTAINER_INCIDENT","1","TEXT",,,,"0",,,,,"0.0000000000000000E+00",,,,,"N","FALSE",,"-1","-1",
"Notify Lab Manager","P_CONTAINER_INCIDENT","1","BOOLEAN","FALSE",,,"0",,,,,"0.0000000000000000E+00",,,,,"N","FALSE",,"-1","-1",
"Seals Intact","P_CONTAINER_INCIDENT","1","BOOLEAN","T",,,"0",,,,,"0.0000000000000000E+00",,,,,"N","FALSE",,"-1","-1",
"Locks Secure","P_CONTAINER_INCIDENT","1","BOOLEAN","T",,,"0",,,,,"0.0000000000000000E+00",,,,,"N","FALSE",,"-1","-1",
"Good Condition","P_CONTAINER_INCIDENT","1","BOOLEAN","T",,,"0",,,,,"0.0000000000000000E+00",,,,,"N","FALSE",,"-1","-1",
"Corrective action","P_SAMPLE_INCIDENT","1","TEXT",,,,"0",,,,,"0.0000000000000000E+00",,,,,"N","FALSE",,"0","0",
"Description","P_SAMPLE_INCIDENT","1","TEXT",,,,"0",,,,,"0.0000000000000000E+00",,,,,"N","FALSE",,"-1","-1",
"Notify Lab Manager","P_SAMPLE_INCIDENT","1","BOOLEAN","FALSE",,,"0",,,,,"0.0000000000000000E+00",,,,,"N","FALSE",,"-1","-1",
