﻿ENTITY_TEMPLATE_PROPERTY
PROPERTY_NAME,ENTITY_TEMPLATE_ID,ENTITY_TEMPLATE_VERSION,ORDER_NUM,TITLE,DEFAULT_VALUE,PROMPT_TYPE,FILTER_BY,CRITERIA,CATEGORY,DEFAULT_TYPE,CELL_WIDTH,DISPLAY_RULE
100,30,10,10,100,255,10,100,40,100,10,10,500
                     435
"LocationId","BROKE_SAMP","1","1","Location",,"PROMPT",,,,"VALUE","50",
"Description","DEFAULT_BATCH","1","1","Description",,"PROMPT",,,,"VALUE","50",
"Analyst","DEFAULT_BATCH","1","2","Analyst",,"PROMPT",,,,"VALUE","50",
"Instrument","DEFAULT_BATCH","1","3","Instrument",,"PROMPT",,,,"VALUE","50",
"InspectionPlan","DEFAULT_CERT","1","1","Inspection Plan",,"READONLY",,,,"VALUE","50",
"Product","DEFAULT_CERT","1","2","Product","[PrimarySample.ProductLink]","READONLY",,,,"ASSIGN_B","50",
"GradeCode","DEFAULT_CERT","1","3","Grade Code","[PrimarySample.GradeCode]","READONLY",,,,"ASSIGN_B","50",
"Customer","DEFAULT_CERT","1","4","Customer","[PrimarySample.CustomerId]","READONLY",,,,"ASSIGN_B","50",
"Comments","DEFAULT_CERT","1","5","Comments","[PrimarySample.Comments]","PROMPT",,,,"ASSIGN_B","50",
"ReportedAnalysis","DEFAULT_CERT_RESULT","1","1","Analysis",,"MANDATORY",,,,"VALUE","50",
"ReportedName","DEFAULT_CERT_RESULT","1","2","Name",,"MANDATORY",,,,"VALUE","50",
"ReportedValue","DEFAULT_CERT_RESULT","1","3","Value",,"PROMPT",,,,"VALUE","50",
"ReportedUnits","DEFAULT_CERT_RESULT","1","4","Units",,"PROMPT",,,,"VALUE","50",
"ReportedLimits","DEFAULT_CERT_RESULT","1","5","Limits",,"PROMPT",,,,"VALUE","50",
"LocationId","DEFAULT_INCIDENT","1","1","Location",,"PROMPT",,,,"VALUE","50",
"AuthoriseInspectors","DEFAULT_INCIDENT","1","2","Authorise Inspectors",,"PROMPT",,,,"VALUE","50",
"BrowseDescription","DEFAULT_JOB","1","1","Browse Description","'Job created on ' + Substring(FormatDateDefault(Now()),0,17) + ' by ' + Operator() + ' using DEFAULT_JOB entity template'","PROMPT",,,,"ASSIGN_B","50",
"LotId","DEFAULT_JOB","1","2","Lot",,"PROMPT",,,,"VALUE","50",
"TotalElements","DEFAULT_JOB","1","3","Total Elements",,"PROMPT",,,,"VALUE","50",
"AutoValidate","DEFAULT_JOB","1","4","Auto Validate",,"PROMPT",,,,"VALUE","50",
"CertTemplate","DEFAULT_JOB","1","5","Certificate Template",,"PROMPT",,"CERT_TEMPLATE_FOR_JOBS",,"VALUE","50",
"ProductLink","DEFAULT_LOT","1","1","Product",,"PROMPT",,,,"VALUE","50",
"LotType","DEFAULT_LOT","1","2","Lot Type",,"PROMPT",,,,"VALUE","50",
"Quantity","DEFAULT_LOT","1","3","Quantity",,"PROMPT",,,,"VALUE","50",
"Units","DEFAULT_LOT","1","4","Units",,"PROMPT",,,,"VALUE","50",
"TrackInventory","DEFAULT_LOT","1","5","Track Inventory",,"READONLY",,,,"VALUE","50",
"ExpiryDate","DEFAULT_LOT","1","6","Expiry Date",,"PROMPT",,,,"VALUE","50",
"CertTemplate","DEFAULT_LOT","1","7","Certificate Template",,"PROMPT",,"CERT_TEMPLATE_FOR_LOTS",,"VALUE","50",
"SampleType","DEFAULT_RETAIN","1","1","Sample Type","RETAIN","READONLY",,,,"VALUE","50",
"LocationId","DEFAULT_RETAIN","1","2","Location",,"PROMPT",,,,"VALUE","50",
"RetainTestPlan","DEFAULT_RETAIN","1","3","Retain Test Plan",,"PROMPT",,,,"VALUE","50",
"RetainUntilDate","DEFAULT_RETAIN","1","4","Retain Until",,"PROMPT",,,,"VALUE","50",
"RetainNextTestDate","DEFAULT_RETAIN","1","5","Next Retain Test",,"READONLY",,,,"VALUE","50",
"RetainLastTestDate","DEFAULT_RETAIN","1","6","Last Retain Test",,"READONLY",,,,"VALUE","50",
"RetainAssociatedJob","DEFAULT_RETAIN","1","7","Associated Job",,"READONLY",,,,"VALUE","50",
"RetainAssociatedSample","DEFAULT_RETAIN","1","8","Associated Sample",,"READONLY",,,,"VALUE","50",
"ProjectId","DEFAULT_SAMPLE","1","1","Project",,"PROMPT",,,,"VALUE","50",
"ProductLink","DEFAULT_SAMPLE","1","2","Product",,"PROMPT",,,,"VALUE","50",
"GradeCode","DEFAULT_SAMPLE","1","3","Grade Code",,"PROMPT",,,,"VALUE","50",
"BatchName","DEFAULT_SAMPLE","1","4","Batch Name",,"PROMPT",,,,"VALUE","50",
"SampleName","DEFAULT_SAMPLE","1","5","Sample Name",,"PROMPT",,,,"VALUE","50",
"Description","DEFAULT_SAMPLE","1","6","Description",,"PROMPT",,,,"VALUE","50",
"SamplingPoint","DEFAULT_SAMPLE","1","7","Sampling Point",,"PROMPT",,,,"VALUE","50",
"SampleType","DEFAULT_SAMPLE","1","8","Sample Type",,"PROMPT",,,,"VALUE","50",
"SampledDate","DEFAULT_SAMPLE","1","9","Sampled Date","   0 00:00:00.00","PROMPT",,,,"VALUE","50",
"CustomerId","DEFAULT_SAMPLE","1","10","Customer",,"PROMPT",,,,"VALUE","50",
"InvoiceNumber","DEFAULT_SAMPLE","1","11","Invoice Number",,"PROMPT",,,,"VALUE","50",
"RecdDate","DEFAULT_SAMPLE","1","12","Recd Date","   0 00:00:00.00","PROMPT",,,,"VALUE","50",
"Substance","DEFAULT_SAMPLE","1","13","Substance",,"PROMPT",,,,"VALUE","50",
"LocationId","DEFAULT_SAMPLE","1","14","Location",,"PROMPT",,,,"VALUE","50",
"Preparation","DEFAULT_SAMPLE","1","15","Preparation",,"PROMPT",,,,"VALUE","50",
"TestSchedule","DEFAULT_SAMPLE","1","16","Test Schedule",,"PROMPT",,,,"VALUE","50",
"Dateresreq","DEFAULT_SAMPLE","1","17","Dateresreq","   0 00:00:00.00","PROMPT",,,,"VALUE","50",
"Priority","DEFAULT_SAMPLE","1","18","Priority","1","PROMPT",,,,"VALUE","50",
"JobName","DEFAULT_SAMPLE","1","19","Job Name",,"PROMPT",,,,"VALUE","50",
"InspectionHeader","DEFAULT_SAMPLE","1","20","Inspection Header",,"PROMPT",,,,"VALUE","50",
"BatchId","DEFAULT_SAMPLE","1","21","Batch",,"PROMPT",,,,"VALUE","50",
"TotalElements","DEFAULT_SAMPLE","1","22","Total Elements","JobName.TotalElements","PROMPT",,,,"ASSIGN_B","50",
"AutoValidate","DEFAULT_SAMPLE","1","23","Auto Validate",,"PROMPT",,,,"VALUE","50",
"LabMethod","DEFAULT_SAMPLE","1","24","Lab Method",,"PROMPT",,"LE_SAMPLE_METHODS",,"VALUE","50",
"CertTemplate","DEFAULT_SAMPLE","1","25","Certificate Template",,"PROMPT",,"CERT_TEMPLATE_FOR_SAMPLES",,"VALUE","50",
"ProjectId","DEFAULT_SUB_SAMPLE","1","1","Project","[SplitParent.ProjectId]","READONLY",,,,"ASSIGN_B","50",
"ProductLink","DEFAULT_SUB_SAMPLE","1","2","Product","[SplitParent.ProductLink]","PROMPT",,,,"ASSIGN_B","50",
"GradeCode","DEFAULT_SUB_SAMPLE","1","3","Grade Code","[SplitParent.GradeCode]","PROMPT",,,,"ASSIGN_B","50",
"BatchName","DEFAULT_SUB_SAMPLE","1","4","Batch Name","[SplitParent.BatchName]","READONLY",,,,"ASSIGN_B","50",
"SampleName","DEFAULT_SUB_SAMPLE","1","5","Sample Name","[SplitParent.SampleName]","PROMPT",,,,"ASSIGN_B","50",
"Description","DEFAULT_SUB_SAMPLE","1","6","Description","[SplitParent.Description]","PROMPT",,,,"ASSIGN_B","50",
"SamplingPoint","DEFAULT_SUB_SAMPLE","1","7","Sampling Point","[SplitParent.SamplingPoint]","READONLY",,,,"ASSIGN_B","50",
"SampleType","DEFAULT_SUB_SAMPLE","1","8","Sample Type","[SplitParent.SampleType]","READONLY",,,,"ASSIGN_B","50",
"SampledDate","DEFAULT_SUB_SAMPLE","1","9","Sampled Date","[SplitParent.SampledDate]","READONLY",,,,"ASSIGN_B","50",
"CustomerId","DEFAULT_SUB_SAMPLE","1","10","Customer","[SplitParent.CustomerId]","READONLY",,,,"ASSIGN_B","50",
"InvoiceNumber","DEFAULT_SUB_SAMPLE","1","11","Invoice Number","[SplitParent.InvoiceNumber]","READONLY",,,,"ASSIGN_B","50",
"RecdDate","DEFAULT_SUB_SAMPLE","1","12","Recd Date","[SplitParent.RecdDate]","READONLY",,,,"ASSIGN_B","50",
"Substance","DEFAULT_SUB_SAMPLE","1","13","Substance","[SplitParent.Substance]","READONLY",,,,"ASSIGN_B","50",
"LocationId","DEFAULT_SUB_SAMPLE","1","14","Location","[SplitParent.LocationId]","PROMPT",,,,"ASSIGN_B","50",
"Preparation","DEFAULT_SUB_SAMPLE","1","15","Preparation",,"PROMPT",,,,"VALUE","50",
"TestSchedule","DEFAULT_SUB_SAMPLE","1","16","Test Schedule",,"PROMPT",,,,"VALUE","50",
"Dateresreq","DEFAULT_SUB_SAMPLE","1","17","Dateresreq","[SplitParent.Dateresreq]","PROMPT",,,,"ASSIGN_B","50",
"Priority","DEFAULT_SUB_SAMPLE","1","18","Priority","[SplitParent.Priority]","PROMPT",,,,"ASSIGN_B","50",
"JobName","DEFAULT_SUB_SAMPLE","1","19","Job Name","[SplitParent.JobName]","READONLY",,,,"ASSIGN_B","50",
"InspectionHeader","DEFAULT_SUB_SAMPLE","1","20","Inspection Header",,"PROMPT",,,,"VALUE","50",
"BatchId","DEFAULT_SUB_SAMPLE","1","21","Batch","[SplitParent.BatchId]","READONLY",,,,"ASSIGN_B","50",
"AutoValidate","DEFAULT_SUB_SAMPLE","1","22","Auto Validate","[SplitParent.AutoValidate]","PROMPT",,,,"ASSIGN_B","50",
"ComponentList","DEFAULT_TEST","1","1","Component List",,"PROMPT",,,,"VALUE","50",
"InstrumentCategory","DEFAULT_TEST","1","2","Instrument Category",,"PROMPT",,,,"VALUE","50",
"InstrumentType","DEFAULT_TEST","1","3","Instrument Type",,"PROMPT","InstrumentCategory",,,"VALUE","50",
"Instrument","DEFAULT_TEST","1","4","Instrument",,"PROMPT","InstrumentCategory, InstrumentType",,,"VALUE","50",
"Starter","DEFAULT_TEST","1","5","Starter",,"PROMPT",,,,"VALUE","50",
"TestPriority","DEFAULT_TEST","1","6","Test Priority","1","PROMPT",,,,"VALUE","50",
"IsStandard","DEFAULT_TEST","1","7","Std","T","READONLY",,,,"VALUE","50",
"LabMethod","DEFAULT_TEST","1","8","Lab Method","[Analysis.LabMethod]","HIDDEN",,"LE_TEST_METHODS",,"ASSIGN_B","50",
"SampledDate","DT_BLOOD_GAS","1","1","Sampled Date","-  1 00:00:00.00","PROMPT",,,,"VALUE","50",
"SamplingPoint","DT_BLOOD_GAS","1","2","Sampling Point",,"PROMPT",,,,"VALUE","50",
"Description","DT_BLOOD_GAS","1","3","Description","'Daily Sample:' +  [SamplingPoint]","PROMPT",,,,"ASSIGN_A","50",
"ProjectId","DT_BLOOD_GAS","1","4","Project",,"READONLY",,,,"VALUE","50",
"Substance","DT_BLOOD_GAS","1","5","Substance","TISSUE","HIDDEN",,,,"VALUE","50",
"Dateresreq","DT_BLOOD_GAS","1","6","Date Result Required","AddDays( [SampledDate] , 7)","PROMPT",,,,"ASSIGN_A","50",
"CustomerId","DT_BLOOD_GAS","1","7","Customer","[ProjectId.CustomerId]","PROMPT",,,,"ASSIGN_A","50",
"TestSchedule","DT_BLOOD_GAS","1","8","Test Schedule","TJH_TS_1","PROMPT",,,,"VALUE","50",
"InspectionHeader","DT_BLOOD_GAS","1","9","Inspection Header","DTINSP","PROMPT",,,,"VALUE","50",
"PAccessionNumber","EQUINE_ACCESSION_JOB","1","1","Accession Number","[JobName]","MANDATORY",,,,"ASSIGN_A","50",
"PRaceDate","EQUINE_ACCESSION_JOB","1","2","Race Date","   0 00:00:00.00","MANDATORY",,,,"VALUE","50",
"PPurpose","EQUINE_ACCESSION_JOB","1","3","Purpose","1","PROMPT",,,,"VALUE","50",
"PSamplingPoint","EQUINE_ACCESSION_JOB","1","4","Psampling Point",,"PROMPT",,,,"VALUE","50",
"PProject","EQUINE_ACCESSION_JOB","1","5","Pproject","TOXICOLOGY","PROMPT",,,,"VALUE","50",
"BrowseDescription","EQUINE_ACCESSION_JOB","1","6","Browse Description","'Accession'  +  ' created on ' + Substring(FormatDateDefault(Now()),0,17) + ' by ' + Operator() + ' using EQUINE_ACCESSION_JOB entity template'","PROMPT",,,,"ASSIGN_A","50",
"TotalElements","EQUINE_ACCESSION_JOB","1","7","Total Elements",,"PROMPT",,,,"VALUE","50",
"AutoValidate","EQUINE_ACCESSION_JOB","1","8","Auto Validate",,"PROMPT",,,,"VALUE","50",
"CertTemplate","EQUINE_ACCESSION_JOB","1","9","Certificate Template",,"PROMPT",,"CERT_TEMPLATE_FOR_JOBS",,"VALUE","50",
"PReceiver","EQUINE_ACCESSION_JOB","1","10","Receiver",,"PROMPT",,,,"VALUE","50",
"PSpecimenTypes","EQUINE_ACCESSION_JOB","1","11","Specimen Types",,"PROMPT",,,,"VALUE","50",
"PSeal","EQUINE_ACCESSION_JOB","1","12","Seal",,"PROMPT",,,,"VALUE","50",
"PActualSeal","EQUINE_ACCESSION_JOB","1","13","Actual Seal",,"PROMPT",,,,"VALUE","50",
"PSealStatus","EQUINE_ACCESSION_JOB","1","14","Seal Status","T","PROMPT",,,,"VALUE","50",
"JobName","EQUINE_ACCESSION_SAMPLE","1","1","Job Name",,"PROMPT",,,,"VALUE","50",
"ProjectId","EQUINE_ACCESSION_SAMPLE","1","2","Project","TOXICOLOGY","PROMPT",,,,"VALUE","50",
"ProductLink","EQUINE_ACCESSION_SAMPLE","1","3","Product","EQUINE_TOX         1","PROMPT",,,,"VALUE","50",
"PSpecimenType","EQUINE_ACCESSION_SAMPLE","1","4","Specimen Type",,"PROMPT",,,,"VALUE","50",
"PSpecimenId","EQUINE_ACCESSION_SAMPLE","1","5","Specimen ID",,"PROMPT",,,,"VALUE","50",
"PCommisssionNo","EQUINE_ACCESSION_SAMPLE","1","6","Commisssion #","Increment('SAMPLE', 'CommNo')","PROMPT",,,,"ASSIGN_B","50",
"PGender","EQUINE_ACCESSION_SAMPLE","1","7","Gender","4","PROMPT",,,,"VALUE","50",
"PAge","EQUINE_ACCESSION_SAMPLE","1","8","Age","4","PROMPT",,,,"VALUE","50",
"PSuffix","EQUINE_ACCESSION_SAMPLE","1","9","Suffix","F","PROMPT",,,,"VALUE","50",
"PSti","EQUINE_ACCESSION_SAMPLE","1","10","STI",,"PROMPT",,,,"VALUE","50",
"PFurosemide","EQUINE_ACCESSION_SAMPLE","1","11","Furosemide",,"PROMPT",,,,"VALUE","50",
"PLasix","EQUINE_ACCESSION_SAMPLE","1","12","Lasix",,"PROMPT",,,,"VALUE","50",
"PVolume","EQUINE_ACCESSION_SAMPLE","1","13","Volume",,"PROMPT",,,,"VALUE","50",
"SampleName","EQUINE_ACCESSION_SAMPLE","1","14","Sample Name",,"PROMPT",,,,"VALUE","50",
"Description","EQUINE_ACCESSION_SAMPLE","1","15","Description",,"PROMPT",,,,"VALUE","50",
"SamplingPoint","EQUINE_ACCESSION_SAMPLE","1","16","Sampling Point","[JobName.PSamplingPoint]","PROMPT",,,,"ASSIGN_B","50",
"SampledDate","EQUINE_ACCESSION_SAMPLE","1","17","Sampled Date","   0 00:00:00.00","PROMPT",,,,"VALUE","50",
"CustomerId","EQUINE_ACCESSION_SAMPLE","1","18","Customer",,"PROMPT",,,,"VALUE","50",
"RecdDate","EQUINE_ACCESSION_SAMPLE","1","19","Recd Date","   0 00:00:00.00","PROMPT",,,,"VALUE","50",
"LocationId","EQUINE_ACCESSION_SAMPLE","1","20","Location",,"PROMPT",,,,"VALUE","50",
"TestSchedule","EQUINE_ACCESSION_SAMPLE","1","21","Test Schedule",,"PROMPT",,,,"VALUE","50",
"Dateresreq","EQUINE_ACCESSION_SAMPLE","1","22","Dateresreq","   0 00:00:00.00","PROMPT",,,,"VALUE","50",
"Priority","EQUINE_ACCESSION_SAMPLE","1","23","Priority","3","PROMPT",,,,"VALUE","50",
"InspectionHeader","EQUINE_ACCESSION_SAMPLE","1","24","Inspection Header",,"PROMPT",,,,"VALUE","50",
"TotalElements","EQUINE_ACCESSION_SAMPLE","1","25","Total Elements","JobName.TotalElements","PROMPT",,,,"ASSIGN_B","50",
"AutoValidate","EQUINE_ACCESSION_SAMPLE","1","26","Auto Validate",,"PROMPT",,,,"VALUE","50",
"JobName","EQUINE_SAMPLE_POOL","1","1","Job Name",,"PROMPT",,,,"VALUE","50",
"ProjectId","EQUINE_SAMPLE_POOL","1","2","Project","TOXICOLOGY","PROMPT",,,,"VALUE","50",
"ProductLink","EQUINE_SAMPLE_POOL","1","3","Product","EQUINE_TOX         1","PROMPT",,,,"VALUE","50",
"PSpecimenId","EQUINE_SAMPLE_POOL","1","4","Pspecimen",,"PROMPT",,,,"VALUE","50",
"PCommisssionNo","EQUINE_SAMPLE_POOL","1","5","Pcommisssion No",,"PROMPT",,,,"VALUE","50",
"PGender","EQUINE_SAMPLE_POOL","1","6","Pgender","4","PROMPT",,,,"VALUE","50",
"PAge","EQUINE_SAMPLE_POOL","1","7","Page","4","PROMPT",,,,"VALUE","50",
"PSuffix","EQUINE_SAMPLE_POOL","1","8","Psuffix","F","PROMPT",,,,"VALUE","50",
"PSti","EQUINE_SAMPLE_POOL","1","9","Psti",,"PROMPT",,,,"VALUE","50",
"SampleName","EQUINE_SAMPLE_POOL","1","10","Sample Name",,"PROMPT",,,,"VALUE","50",
"Description","EQUINE_SAMPLE_POOL","1","11","Description",,"PROMPT",,,,"VALUE","50",
"SamplingPoint","EQUINE_SAMPLE_POOL","1","12","Sampling Point",,"PROMPT",,,,"VALUE","50",
"SampledDate","EQUINE_SAMPLE_POOL","1","13","Sampled Date",,"PROMPT",,,,"VALUE","50",
"CustomerId","EQUINE_SAMPLE_POOL","1","14","Customer",,"PROMPT",,,,"VALUE","50",
"RecdDate","EQUINE_SAMPLE_POOL","1","15","Recd Date","   0 00:00:00.00","PROMPT",,,,"VALUE","50",
"LocationId","EQUINE_SAMPLE_POOL","1","16","Location",,"PROMPT",,,,"VALUE","50",
"TestSchedule","EQUINE_SAMPLE_POOL","1","17","Test Schedule",,"PROMPT",,,,"VALUE","50",
"Dateresreq","EQUINE_SAMPLE_POOL","1","18","Dateresreq","   0 00:00:00.00","PROMPT",,,,"VALUE","50",
"Priority","EQUINE_SAMPLE_POOL","1","19","Priority","3","PROMPT",,,,"VALUE","50",
"InspectionHeader","EQUINE_SAMPLE_POOL","1","20","Inspection Header",,"PROMPT",,,,"VALUE","50",
"TotalElements","EQUINE_SAMPLE_POOL","1","21","Total Elements","JobName.TotalElements","PROMPT",,,,"ASSIGN_B","50",
"AutoValidate","EQUINE_SAMPLE_POOL","1","22","Auto Validate",,"PROMPT",,,,"VALUE","50",
"JobName","MANUAL_SAMPLE","1","1","Job Name",,"PROMPT",,,,"VALUE","50",
"ProjectId","MANUAL_SAMPLE","1","2","Project","TOXICOLOGY","PROMPT",,,,"VALUE","50",
"ProductLink","MANUAL_SAMPLE","1","3","Product",,"PROMPT",,,,"VALUE","50",
"PPurpose","MANUAL_SAMPLE","1","4","Purpose","[JobName.PPurpose]","PROMPT",,,,"ASSIGN_B","50",
"PCommissionNo","MANUAL_SAMPLE","1","5","Commission #","Increment('SAMPLE', 'CommNo')","MANDATORY",,,,"ASSIGN_B","50",
"PSpecimenId","MANUAL_SAMPLE","1","6","Specimen ID",,"PROMPT",,,,"VALUE","50",
"PSpecimenTypes","MANUAL_SAMPLE","1","7","Pspecimen Types","BU","MANDATORY",,,,"VALUE","50",
"PSpecimenType","MANUAL_SAMPLE","1","8","Pspecimen Type",,"READONLY",,,,"VALUE","50",
"PGender","MANUAL_SAMPLE","1","9","Gender",,"PROMPT",,,,"VALUE","50",
"PAge","MANUAL_SAMPLE","1","10","Age",,"PROMPT",,,,"VALUE","50",
"PSuffix","MANUAL_SAMPLE","1","11","Suffix",,"PROMPT",,,,"VALUE","50",
"PFurosemide","MANUAL_SAMPLE","1","12","Furosemide","F","PROMPT",,,,"VALUE","50",
"PLasix","MANUAL_SAMPLE","1","13","Lasix",,"PROMPT",,,,"VALUE","50",
"PVolume","MANUAL_SAMPLE","1","14","Volume",,"PROMPT",,,,"VALUE","50",
"SamplingPoint","MANUAL_SAMPLE","1","15","Sampling Point","[JobName.PSamplingPoint]","PROMPT",,,,"ASSIGN_B","50",
"Description","MANUAL_SAMPLE","1","16","Description",,"PROMPT",,,,"VALUE","50",
"SampleName","MANUAL_SAMPLE","1","17","Sample Name",,"PROMPT",,,,"VALUE","50",
"SampledDate","MANUAL_SAMPLE","1","18","Sampled Date","   0 00:00:00.00","PROMPT",,,,"VALUE","50",
"CustomerId","MANUAL_SAMPLE","1","19","Customer",,"PROMPT",,,,"VALUE","50",
"RecdDate","MANUAL_SAMPLE","1","20","Recd Date","   0 00:00:00.00","PROMPT",,,,"VALUE","50",
"LocationId","MANUAL_SAMPLE","1","21","Location",,"PROMPT",,,,"VALUE","50",
"Dateresreq","MANUAL_SAMPLE","1","22","Dateresreq","   0 00:00:00.00","PROMPT",,,,"VALUE","50",
"Priority","MANUAL_SAMPLE","1","23","Priority","3","PROMPT",,,,"VALUE","50",
"InspectionHeader","MANUAL_SAMPLE","1","24","Inspection Header",,"PROMPT",,,,"VALUE","50",
"AutoValidate","MANUAL_SAMPLE","1","25","Auto Validate",,"PROMPT",,,,"VALUE","50",
"PSti","MANUAL_SAMPLE","1","26","STI",,"PROMPT",,,,"VALUE","50",
"JobName","MANUALSPEC","1","1","Job Name","[SplitParent.JobName]","PROMPT",,,,"ASSIGN_B","50",
"ProjectId","MANUALSPEC","1","2","Project","[SplitParent.ProjectId]","PROMPT",,,,"ASSIGN_B","50",
"ProductLink","MANUALSPEC","1","3","Product","[SplitParent.ProductLink]","PROMPT",,,,"ASSIGN_B","50",
"PPurpose","MANUALSPEC","1","4","Purpose","[SplitParent.PPurpose]","PROMPT",,,,"ASSIGN_B","50",
"PCommissionNo","MANUALSPEC","1","5","Commission #","[SplitParent.PCommissionNo]","PROMPT",,,,"ASSIGN_B","50",
"PSpecimenId","MANUALSPEC","1","6","Specimen","[SplitParent.PSpecimenId]","MANDATORY",,,,"ASSIGN_B","50",
"PSpecimenType","MANUALSPEC","1","7","Specimen Type",,"MANDATORY",,,,"VALUE","50",
"PGender","MANUALSPEC","1","8","Gender","[SplitParent.PGender]","PROMPT",,,,"ASSIGN_B","50",
"PAge","MANUALSPEC","1","9","Age","[SplitParent.PAge]","PROMPT",,,,"ASSIGN_B","50",
"PSuffix","MANUALSPEC","1","10","Suffix","[SplitParent.PSuffix]","PROMPT",,,,"ASSIGN_B","50",
"SampleName","MANUALSPEC","1","11","Sample Name","[SplitParent.SampleName]","PROMPT",,,,"ASSIGN_B","50",
"PFurosemide","MANUALSPEC","1","12","Furosemide","[SplitParent.PFurosemide]","PROMPT",,,,"ASSIGN_B","50",
"PLasix","MANUALSPEC","1","13","Lasix","[SplitParent.PLasix]","PROMPT",,,,"ASSIGN_B","50",
"PVolume","MANUALSPEC","1","14","Volume",,"PROMPT",,,,"VALUE","50",
"SamplingPoint","MANUALSPEC","1","15","Sampling Point","[SplitParent.SamplingPoint]","PROMPT",,,,"ASSIGN_B","50",
"Description","MANUALSPEC","1","16","Description","[SplitParent.Description]","PROMPT",,,,"ASSIGN_B","50",
"SampleName","MANUALSPEC","1","17","Sample Name",,"PROMPT",,,,"VALUE","50",
"SampledDate","MANUALSPEC","1","18","Sampled Date","[SplitParent.SampledDate]","PROMPT",,,,"ASSIGN_B","50",
"CustomerId","MANUALSPEC","1","19","Customer","[SplitParent.CustomerId]","PROMPT",,,,"ASSIGN_B","50",
"RecdDate","MANUALSPEC","1","20","Recd Date","[SplitParent.RecdDate]","PROMPT",,,,"ASSIGN_B","50",
"LocationId","MANUALSPEC","1","21","Location","[SplitParent.LocationId]","PROMPT",,,,"ASSIGN_B","50",
"Dateresreq","MANUALSPEC","1","22","Dateresreq","[SplitParent.Dateresreq]","PROMPT",,,,"ASSIGN_B","50",
"Priority","MANUALSPEC","1","23","Priority","[SplitParent.Priority]","PROMPT",,,,"ASSIGN_B","50",
"InspectionHeader","MANUALSPEC","1","24","Inspection Header",,"PROMPT",,,,"VALUE","50",
"AutoValidate","MANUALSPEC","1","25","Auto Validate","[SplitParent.AutoValidate]","PROMPT",,,,"ASSIGN_B","50",
"PSti","MANUALSPEC","1","26","Psti",,"PROMPT",,,,"VALUE","50",
"Description","PETRL_BATCH","1","1","Description",,"PROMPT",,,,"VALUE","50",
"PPrepBy","PETRL_BATCH","1","2","Prep Analyst","Operator()","PROMPT",,,,"ASSIGN_B","50",
"PPrepDate","PETRL_BATCH","1","3","Prep Date","   0 00:00:00.00","PROMPT",,,,"VALUE","50",
"Analyst","PETRL_BATCH","1","4","Analyst",,"PROMPT",,,,"VALUE","50",
"StartDate","PETRL_BATCH","1","5","Analysis Date","   0 00:00:00.00","PROMPT",,,,"VALUE","50",
"Instrument","PETRL_BATCH","1","6","Instrument",,"PROMPT",,,,"VALUE","50",
"BatchComment","PETRL_BATCH","1","7","Batch Comment","Result Summary","PROMPT",,,,"VALUE","50",
"PAccessionNumber","RACETRACK_JOB","1","1","Accession Number",,"READONLY",,,,"VALUE","50",
"PRaceDate","RACETRACK_JOB","1","2","Race Date","   0 00:00:00.00","MANDATORY",,,,"VALUE","50",
"DateReceived","RACETRACK_JOB","1","3","Date Received",,"PROMPT",,,,"VALUE","50",
"PPurpose","RACETRACK_JOB","1","4","Purpose","RACE","PROMPT",,,,"VALUE","50",
"PSamplingPoint","RACETRACK_JOB","1","5","Sampling Point",,"PROMPT",,,,"VALUE","50",
"PProject","RACETRACK_JOB","1","6","Project","RACETRACK","PROMPT",,,,"VALUE","50",
"POwner","RACETRACK_JOB","1","7","Owner",,"PROMPT",,,,"VALUE","50",
"BrowseDescription","RACETRACK_JOB","1","8","Browse Description","'Accession'  +  ' created on ' + Substring(FormatDateDefault(Now()),0,17) + ' by ' + Operator() + ' using EQUINE_ACCESSION_JOB entity template'","PROMPT",,,,"ASSIGN_A","50",
"TotalElements","RACETRACK_JOB","1","9","Total Elements",,"PROMPT",,,,"VALUE","50",
"AutoValidate","RACETRACK_JOB","1","10","Auto Validate",,"PROMPT",,,,"VALUE","50",
"CertTemplate","RACETRACK_JOB","1","11","Certificate Template",,"PROMPT",,"CERT_TEMPLATE_FOR_JOBS",,"VALUE","50",
"PReceiver","RACETRACK_JOB","1","12","Receiver",,"PROMPT",,,,"VALUE","50",
"PSpecimenTypes","RACETRACK_JOB","1","13","Specimen Types","BU","PROMPT",,,,"VALUE","50",
"PSeal","RACETRACK_JOB","1","14","Seal",,"PROMPT",,,,"VALUE","50",
"PActualSeal","RACETRACK_JOB","1","15","Actual Seal",,"PROMPT",,,,"VALUE","50",
"PSealStatus","RACETRACK_JOB","1","16","Seal Status","T","PROMPT",,,,"VALUE","50",
"PScanner","RACETRACK_JOB","1","17","Scanner",,"PROMPT",,,,"VALUE","50",
"POpener","RACETRACK_JOB","1","18","Opener",,"PROMPT",,,,"VALUE","50",
"PRemover","RACETRACK_JOB","1","19","Remover",,"PROMPT",,,,"VALUE","50",
"PVerifier","RACETRACK_JOB","1","20","Verifier",,"PROMPT",,,,"VALUE","50",
"PExceptions","RACETRACK_JOB","1","21","Exceptions",,"PROMPT",,,,"VALUE","50",
"PColorCode","RACETRACK_JOB","1","22","Pcolor Code",,"PROMPT",,,,"VALUE","50",
"DateReceived","RACETRACK_JOB","1","23","Date Received",,"PROMPT",,,,"VALUE","50",
"PAccessionNumber","RACETRACK_JOB_BKG","1","1","Accession Number","[JobName]","PROMPT",,,,"ASSIGN_A","50",
"PAccessionType","RACETRACK_JOB_BKG","1","2","Accession Type",,"PROMPT",,,,"VALUE","50",
"PRaceDate","RACETRACK_JOB_BKG","1","3","Race Date","   0 00:00:00.00","MANDATORY",,,,"VALUE","50",
"PPurpose","RACETRACK_JOB_BKG","1","4","Purpose","RACE","PROMPT",,,,"VALUE","50",
"PSamplingPoint","RACETRACK_JOB_BKG","1","5","Sampling Point",,"PROMPT",,,,"VALUE","50",
"PProject","RACETRACK_JOB_BKG","1","6","Project",,"PROMPT",,,,"VALUE","50",
"POwner","RACETRACK_JOB_BKG","1","7","Owner",,"PROMPT",,,,"VALUE","50",
"BrowseDescription","RACETRACK_JOB_BKG","1","8","Browse Description","'Accession'  +  ' created on ' + Substring(FormatDateDefault(Now()),0,17) + ' by ' +  Operator() + ' using entity template: '  +  [EntityTemplate.EntityTemplateName]","PROMPT",,,,"ASSIGN_A","50",
"TotalElements","RACETRACK_JOB_BKG","1","9","Total Elements",,"PROMPT",,,,"VALUE","50",
"AutoValidate","RACETRACK_JOB_BKG","1","10","Auto Validate",,"PROMPT",,,,"VALUE","50",
"CertTemplate","RACETRACK_JOB_BKG","1","11","Certificate Template",,"PROMPT",,"CERT_TEMPLATE_FOR_JOBS",,"VALUE","50",
"PReceiver","RACETRACK_JOB_BKG","1","12","Receiver",,"PROMPT",,,,"VALUE","50",
"PSpecimenTypes","RACETRACK_JOB_BKG","1","13","Specimen Types",,"PROMPT",,,,"VALUE","50",
"PSeal","RACETRACK_JOB_BKG","1","14","Seal",,"PROMPT",,,,"VALUE","50",
"PContainer","RACETRACK_JOB_BKG","1","15","Ccontainer",,"PROMPT",,,,"VALUE","50",
"PContainerStatus","RACETRACK_JOB_BKG","1","16","Container Status",,"PROMPT",,,,"VALUE","50",
"PActualContainer","RACETRACK_JOB_BKG","1","17","Actual Container",,"PROMPT",,,,"VALUE","50",
"PActualSeal","RACETRACK_JOB_BKG","1","18","Actual Seal",,"PROMPT",,,,"VALUE","50",
"PSealStatus","RACETRACK_JOB_BKG","1","19","Seal Status",,"PROMPT",,,,"VALUE","50",
"POpener","RACETRACK_JOB_BKG","1","20","Opener",,"PROMPT",,,,"VALUE","50",
"PScanner","RACETRACK_JOB_BKG","1","21","Scanner",,"PROMPT",,,,"VALUE","50",
"PRemover","RACETRACK_JOB_BKG","1","22","Remover",,"PROMPT",,,,"VALUE","50",
"PVerifier","RACETRACK_JOB_BKG","1","23","Verifier",,"PROMPT",,,,"VALUE","50",
"PExceptions","RACETRACK_JOB_BKG","1","24","Exceptions",,"PROMPT",,,,"VALUE","50",
"PFair","RACETRACK_JOB_BKG","1","25","Fair",,"PROMPT",,,,"VALUE","50",
"DateReceived","RACETRACK_JOB_BKG","1","26","Date Received",,"PROMPT",,,,"VALUE","50",
"JobName","RACETRACK_SAMPLE","1","1","Job Name",,"PROMPT",,,,"VALUE","50",
"ProjectId","RACETRACK_SAMPLE","1","2","Project","TOXICOLOGY","PROMPT",,,,"VALUE","50",
"ProductLink","RACETRACK_SAMPLE","1","3","Product",,"PROMPT",,,,"VALUE","50",
"PPurpose","RACETRACK_SAMPLE","1","4","Purpose","[JobName.PPurpose]","PROMPT",,,,"ASSIGN_B","50",
"PCommissionNo","RACETRACK_SAMPLE","1","5","Commission #","Increment('SAMPLE', 'CommNo')","READONLY",,,,"ASSIGN_B","50",
"PSpecimenId","RACETRACK_SAMPLE","1","6","Specimen ID",,"PROMPT",,,,"VALUE","50",
"PSpecimenTypes","RACETRACK_SAMPLE","1","7","Pspecimen Types","BU","MANDATORY",,,,"VALUE","50",
"PSpecimenType","RACETRACK_SAMPLE","1","8","Pspecimen Type",,"READONLY",,,,"VALUE","50",
"PGender","RACETRACK_SAMPLE","1","9","Gender","M","PROMPT",,,,"VALUE","50",
"PAge","RACETRACK_SAMPLE","1","10","Age","4","PROMPT",,,,"VALUE","50",
"PSuffix","RACETRACK_SAMPLE","1","11","Suffix","F","PROMPT",,,,"VALUE","50",
"PFurosemide","RACETRACK_SAMPLE","1","12","Furosemide","T","PROMPT",,,,"VALUE","50",
"PLasix","RACETRACK_SAMPLE","1","13","Lasix",,"PROMPT",,,,"VALUE","50",
"PVolume","RACETRACK_SAMPLE","1","14","Volume",,"PROMPT",,,,"VALUE","50",
"SamplingPoint","RACETRACK_SAMPLE","1","15","Sampling Point","[JobName.PSamplingPoint]","PROMPT",,,,"ASSIGN_B","50",
"Description","RACETRACK_SAMPLE","1","16","Description",,"PROMPT",,,,"VALUE","50",
"SampleName","RACETRACK_SAMPLE","1","17","Sample Name",,"PROMPT",,,,"VALUE","50",
"SampledDate","RACETRACK_SAMPLE","1","18","Sampled Date","   0 00:00:00.00","PROMPT",,,,"VALUE","50",
"CustomerId","RACETRACK_SAMPLE","1","19","Customer",,"PROMPT",,,,"VALUE","50",
"RecdDate","RACETRACK_SAMPLE","1","20","Recd Date","   0 00:00:00.00","PROMPT",,,,"VALUE","50",
"LocationId","RACETRACK_SAMPLE","1","21","Location",,"PROMPT",,,,"VALUE","50",
"Dateresreq","RACETRACK_SAMPLE","1","22","Dateresreq","   0 00:00:00.00","PROMPT",,,,"VALUE","50",
"Priority","RACETRACK_SAMPLE","1","23","Priority","3","PROMPT",,,,"VALUE","50",
"InspectionHeader","RACETRACK_SAMPLE","1","24","Inspection Header",,"PROMPT",,,,"VALUE","50",
"AutoValidate","RACETRACK_SAMPLE","1","25","Auto Validate",,"PROMPT",,,,"VALUE","50",
"PSti","RACETRACK_SAMPLE","1","26","STI",,"PROMPT",,,,"VALUE","50",
"JobName","RACETRACK_SAMPLE_RT","1","1","Job Name",,"PROMPT",,,,"VALUE","50",
"ProjectId","RACETRACK_SAMPLE_RT","1","2","Project",,"PROMPT",,,,"VALUE","50",
"ProductLink","RACETRACK_SAMPLE_RT","1","3","Product",,"PROMPT",,,,"VALUE","50",
"PPurpose","RACETRACK_SAMPLE_RT","1","4","Purpose","[JobName.PPurpose]","PROMPT",,,,"ASSIGN_B","50",
"PSpecimenTypes","RACETRACK_SAMPLE_RT","1","5","Pspecimen Types",,"PROMPT",,,,"VALUE","50",
"PSpecimenId","RACETRACK_SAMPLE_RT","1","6","Specimen ID",,"MANDATORY",,,,"VALUE","50",
"PCommissionNo","RACETRACK_SAMPLE_RT","1","7","Commission #",,"READONLY",,,,"VALUE","50",
"PGender","RACETRACK_SAMPLE_RT","1","8","Gender",,"PROMPT",,,,"VALUE","50",
"PAge","RACETRACK_SAMPLE_RT","1","9","Age",,"PROMPT",,,,"VALUE","50",
"PSuffix","RACETRACK_SAMPLE_RT","1","10","Suffix",,"PROMPT",,,,"VALUE","50",
"PSti","RACETRACK_SAMPLE_RT","1","11","STI",,"PROMPT",,,,"VALUE","50",
"PFurosemide","RACETRACK_SAMPLE_RT","1","12","Furosemide",,"PROMPT",,,,"VALUE","50",
"PLasix","RACETRACK_SAMPLE_RT","1","13","Lasix",,"PROMPT",,,,"VALUE","50",
"PVolume","RACETRACK_SAMPLE_RT","1","14","Volume",,"PROMPT",,,,"VALUE","50",
"SampleName","RACETRACK_SAMPLE_RT","1","15","Sample Name",,"PROMPT",,,,"VALUE","50",
"Description","RACETRACK_SAMPLE_RT","1","16","Description",,"PROMPT",,,,"VALUE","50",
"SamplingPoint","RACETRACK_SAMPLE_RT","1","17","Sampling Point","[JobName.PSamplingPoint]","PROMPT",,,,"ASSIGN_B","50",
"SampledDate","RACETRACK_SAMPLE_RT","1","18","Sampled Date","[JobName.PRaceDate]","PROMPT",,,,"ASSIGN_B","50",
"CustomerId","RACETRACK_SAMPLE_RT","1","19","Customer",,"PROMPT",,,,"VALUE","50",
"LocationId","RACETRACK_SAMPLE_RT","1","20","Location","[SamplingPoint.PointLocation]","PROMPT",,,,"ASSIGN_B","50",
"TestSchedule","RACETRACK_SAMPLE_RT","1","21","Test Schedule",,"PROMPT",,,,"VALUE","50",
"Dateresreq","RACETRACK_SAMPLE_RT","1","22","Dateresreq","   7 00:00:00.00","PROMPT",,,,"VALUE","50",
"Priority","RACETRACK_SAMPLE_RT","1","23","Priority","3","PROMPT",,,,"VALUE","50",
"InspectionHeader","RACETRACK_SAMPLE_RT","1","24","Inspection Header",,"PROMPT",,,,"VALUE","50",
"AutoValidate","RACETRACK_SAMPLE_RT","1","25","Auto Validate",,"PROMPT",,,,"VALUE","50",
"JobName","RACETRACK_SPECIMEN","1","1","Job Name","[SplitParent.JobName]","PROMPT",,,,"ASSIGN_B","50",
"ProjectId","RACETRACK_SPECIMEN","1","2","Project","[SplitParent.ProjectId]","PROMPT",,,,"ASSIGN_B","50",
"ProductLink","RACETRACK_SPECIMEN","1","3","Product","[SplitParent.ProductLink]","PROMPT",,,,"ASSIGN_B","50",
"PPurpose","RACETRACK_SPECIMEN","1","4","Purpose","[SplitParent.PPurpose]","PROMPT",,,,"ASSIGN_B","50",
"PCommissionNo","RACETRACK_SPECIMEN","1","5","Commission #","[SplitParent.PCommissionNo]","PROMPT",,,,"ASSIGN_B","50",
"PSpecimenId","RACETRACK_SPECIMEN","1","6","Specimen","[SplitParent.PSpecimenId]","MANDATORY",,,,"ASSIGN_B","50",
"PSpecimenType","RACETRACK_SPECIMEN","1","7","Specimen Type",,"MANDATORY",,,,"VALUE","50",
"PGender","RACETRACK_SPECIMEN","1","8","Gender","[SplitParent.PGender]","PROMPT",,,,"ASSIGN_B","50",
"PAge","RACETRACK_SPECIMEN","1","9","Age","[SplitParent.PAge]","PROMPT",,,,"ASSIGN_B","50",
"PSuffix","RACETRACK_SPECIMEN","1","10","Suffix","[SplitParent.PSuffix]","PROMPT",,,,"ASSIGN_B","50",
"SampleName","RACETRACK_SPECIMEN","1","11","Sample Name","[SplitParent.SampleName]","PROMPT",,,,"ASSIGN_B","50",
"PFurosemide","RACETRACK_SPECIMEN","1","12","Furosemide","[SplitParent.PFurosemide]","PROMPT",,,,"ASSIGN_B","50",
"PLasix","RACETRACK_SPECIMEN","1","13","Lasix","[SplitParent.PLasix]","PROMPT",,,,"ASSIGN_B","50",
"PVolume","RACETRACK_SPECIMEN","1","14","Volume",,"PROMPT",,,,"VALUE","50",
"SamplingPoint","RACETRACK_SPECIMEN","1","15","Sampling Point","[SplitParent.SamplingPoint]","PROMPT",,,,"ASSIGN_B","50",
"Description","RACETRACK_SPECIMEN","1","16","Description","[SplitParent.Description]","PROMPT",,,,"ASSIGN_B","50",
"SampleName","RACETRACK_SPECIMEN","1","17","Sample Name",,"PROMPT",,,,"VALUE","50",
"SampledDate","RACETRACK_SPECIMEN","1","18","Sampled Date","[SplitParent.SampledDate]","PROMPT",,,,"ASSIGN_B","50",
"CustomerId","RACETRACK_SPECIMEN","1","19","Customer","[SplitParent.CustomerId]","PROMPT",,,,"ASSIGN_B","50",
"RecdDate","RACETRACK_SPECIMEN","1","20","Recd Date","[SplitParent.RecdDate]","PROMPT",,,,"ASSIGN_B","50",
"LocationId","RACETRACK_SPECIMEN","1","21","Location","[SplitParent.LocationId]","PROMPT",,,,"ASSIGN_B","50",
"Dateresreq","RACETRACK_SPECIMEN","1","22","Dateresreq","[SplitParent.Dateresreq]","PROMPT",,,,"ASSIGN_B","50",
"Priority","RACETRACK_SPECIMEN","1","23","Priority","[SplitParent.Priority]","PROMPT",,,,"ASSIGN_B","50",
"InspectionHeader","RACETRACK_SPECIMEN","1","24","Inspection Header",,"PROMPT",,,,"VALUE","50",
"AutoValidate","RACETRACK_SPECIMEN","1","25","Auto Validate","[SplitParent.AutoValidate]","PROMPT",,,,"ASSIGN_B","50",
"PSti","RACETRACK_SPECIMEN","1","26","Psti",,"PROMPT",,,,"VALUE","50",
"ProjectId","RETAIN_SUB_SAMPLE","1","1","Project","[SplitParent.ProjectId]","READONLY",,,,"ASSIGN_A","50",
"ProductLink","RETAIN_SUB_SAMPLE","1","2","Product","[SplitParent.ProductLink]","READONLY",,,,"ASSIGN_A","50",
"GradeCode","RETAIN_SUB_SAMPLE","1","3","Grade Code","[SplitParent.GradeCode]","READONLY",,,,"ASSIGN_A","50",
"BatchName","RETAIN_SUB_SAMPLE","1","4","Batch Name","[SplitParent.BatchName]","READONLY",,,,"ASSIGN_A","50",
"SampleName","RETAIN_SUB_SAMPLE","1","5","Sample Name","[SplitParent.SampleName]","READONLY",,,,"ASSIGN_A","50",
"Description","RETAIN_SUB_SAMPLE","1","6","Description","[SplitParent.Description]","READONLY",,,,"ASSIGN_A","50",
"SamplingPoint","RETAIN_SUB_SAMPLE","1","7","Sampling Point","[SplitParent.SamplingPoint]","READONLY",,,,"ASSIGN_A","50",
"SampleType","RETAIN_SUB_SAMPLE","1","8","Sample Type","RETAIN","READONLY",,,,"VALUE","50",
"SampledDate","RETAIN_SUB_SAMPLE","1","9","Sampled Date","[SplitParent.SampledDate]","READONLY",,,,"ASSIGN_A","50",
"CustomerId","RETAIN_SUB_SAMPLE","1","10","Customer","[SplitParent.CustomerId]","READONLY",,,,"ASSIGN_A","50",
"InvoiceNumber","RETAIN_SUB_SAMPLE","1","11","Invoice Number","[SplitParent.InvoiceNumber]","READONLY",,,,"ASSIGN_A","50",
"RecdDate","RETAIN_SUB_SAMPLE","1","12","Recd Date","[SplitParent.RecdDate]","READONLY",,,,"ASSIGN_A","50",
"Substance","RETAIN_SUB_SAMPLE","1","13","Substance","[SplitParent.Substance]","READONLY",,,,"ASSIGN_A","50",
"LocationId","RETAIN_SUB_SAMPLE","1","14","Location","[SplitParent.LocationId]","PROMPT",,,,"ASSIGN_B","50",
"JobName","RETAIN_SUB_SAMPLE","1","15","Job Name","[SplitParent.JobName]","READONLY",,,,"ASSIGN_A","50",
"InspectionHeader","RETAIN_SUB_SAMPLE","1","16","Inspection Header",,"PROMPT",,,,"VALUE","50",
"BatchId","RETAIN_SUB_SAMPLE","1","17","Batch","[SplitParent.BatchId]","READONLY",,,,"ASSIGN_A","50",
"AutoValidate","RETAIN_SUB_SAMPLE","1","18","Auto Validate",,"PROMPT",,,,"VALUE","50",
"RetainTestPlan","RETAIN_SUB_SAMPLE","1","19","Retain Test Plan",,"PROMPT",,,,"VALUE","50",
"RetainUntilDate","RETAIN_SUB_SAMPLE","1","20","Retain Until Date",,"PROMPT",,,,"VALUE","50",
"RetainNextTestDate","RETAIN_SUB_SAMPLE","1","21","Retain Next Test Date",,"READONLY",,,,"VALUE","50",
"RetainLastTestDate","RETAIN_SUB_SAMPLE","1","22","Retain Last Test Date",,"READONLY",,,,"VALUE","50",
"RetainAssociatedJob","RETAIN_SUB_SAMPLE","1","23","Associated Job",,"READONLY",,,,"VALUE","50",
"RetainAssociatedSample","RETAIN_SUB_SAMPLE","1","24","Associated Sample",,"READONLY",,,,"VALUE","50",
"JobName","RT_QC_SAMPLE","1","1","Job Name",,"PROMPT",,,,"VALUE","50",
"ProjectId","RT_QC_SAMPLE","1","2","Project","TOXICOLOGY","PROMPT",,,,"VALUE","50",
"PPurpose","RT_QC_SAMPLE","1","3","Purpose","[JobName.PPurpose]","PROMPT",,,,"ASSIGN_B","50",
"PSpecimenType","RT_QC_SAMPLE","1","4","Pspecimen Type",,"READONLY",,,,"VALUE","50",
"SamplingPoint","RT_QC_SAMPLE","1","5","Sampling Point","[JobName.PSamplingPoint]","PROMPT",,,,"ASSIGN_B","50",
"Description","RT_QC_SAMPLE","1","6","Description","QC Sample","PROMPT",,,,"VALUE","50",
"SampleName","RT_QC_SAMPLE","1","7","Sample Name","Parent for Blank Spike","PROMPT",,,,"VALUE","50",
"SampledDate","RT_QC_SAMPLE","1","8","Sampled Date","   0 00:00:00.00","PROMPT",,,,"VALUE","50",
"CustomerId","RT_QC_SAMPLE","1","9","Customer",,"PROMPT",,,,"VALUE","50",
"RecdDate","RT_QC_SAMPLE","1","10","Recd Date","   0 00:00:00.00","PROMPT",,,,"VALUE","50",
"LocationId","RT_QC_SAMPLE","1","11","Location",,"PROMPT",,,,"VALUE","50",
"Dateresreq","RT_QC_SAMPLE","1","12","Dateresreq","   0 00:00:00.00","PROMPT",,,,"VALUE","50",
"Priority","RT_QC_SAMPLE","1","13","Priority","3","PROMPT",,,,"VALUE","50",
"InspectionHeader","RT_QC_SAMPLE","1","14","Inspection Header",,"PROMPT",,,,"VALUE","50",
"AutoValidate","RT_QC_SAMPLE","1","15","Auto Validate",,"PROMPT",,,,"VALUE","50",
"PSti","RT_QC_SAMPLE","1","16","STI",,"PROMPT",,,,"VALUE","50",
"CustomerId","SAMPLE_TYPE_SUB_CUST","1","1","Customer",,"PROMPT",,,,"VALUE","50",
"SampleType","SAMPLE_TYPE_SUB_CUST","1","2","Sample Type",,"PROMPT",,,,"VALUE","50",
"Substance","SAMPLE_TYPE_SUB_CUST","1","3","Substance",,"PROMPT",,,,"VALUE","50",
"SamplingPoint","SAMPLE_TYPE_SUB_CUST","1","4","Sampling Point",,"PROMPT",,,,"VALUE","50",
"CustomerId","TESTING1234","1","1","Customer",,"PROMPT",,,,"VALUE","50",
"Dateresreq","TESTING1234","1","2","date result required",,"PROMPT",,,,"VALUE","50",
"Substance","TESTING1234","1","3","Substance","TISSUE","HIDDEN",,,,"VALUE","50",
"Description","TESTING1234","1","4","Description",,"PROMPT",,,,"VALUE","50",
"SampledDate","TESTING1234","1","5","Sampled Date","-  1 00:00:00.00","PROMPT",,,,"VALUE","50",
"SamplingPoint","TESTING1234","1","6","Sampling Point",,"MANDATORY",,,,"VALUE","50",
"JobName","TISSUE_MANUAL","1","1","Job Name",,"PROMPT",,,,"VALUE","50",
"ProjectId","TISSUE_MANUAL","1","2","Project","TOXICOLOGY","PROMPT",,,,"VALUE","50",
"ProductLink","TISSUE_MANUAL","1","3","Product",,"PROMPT",,,,"VALUE","50",
"PPurpose","TISSUE_MANUAL","1","4","Purpose","[JobName.PPurpose]","PROMPT",,,,"ASSIGN_B","50",
"PCommissionNo","TISSUE_MANUAL","1","5","Commission #","Increment('SAMPLE', 'CommNo')","MANDATORY",,,,"ASSIGN_B","50",
"PSpecimenId","TISSUE_MANUAL","1","6","Specimen ID",,"PROMPT",,,,"VALUE","50",
"PSpecimenTypes","TISSUE_MANUAL","1","7","Pspecimen Types","T","MANDATORY",,,,"VALUE","50",
"PSpecimenType","TISSUE_MANUAL","1","8","Pspecimen Type",,"READONLY",,,,"VALUE","50",
"PGender","TISSUE_MANUAL","1","9","Gender",,"PROMPT",,,,"VALUE","50",
"PAge","TISSUE_MANUAL","1","10","Age",,"PROMPT",,,,"VALUE","50",
"PSuffix","TISSUE_MANUAL","1","11","Suffix",,"PROMPT",,,,"VALUE","50",
"PFurosemide","TISSUE_MANUAL","1","12","Furosemide","F","PROMPT",,,,"VALUE","50",
"PLasix","TISSUE_MANUAL","1","13","Lasix",,"PROMPT",,,,"VALUE","50",
"PVolume","TISSUE_MANUAL","1","14","Volume",,"PROMPT",,,,"VALUE","50",
"SamplingPoint","TISSUE_MANUAL","1","15","Sampling Point","[JobName.PSamplingPoint]","PROMPT",,,,"ASSIGN_B","50",
"Description","TISSUE_MANUAL","1","16","Description",,"PROMPT",,,,"VALUE","50",
"SampleName","TISSUE_MANUAL","1","17","Sample Name",,"MANDATORY",,,,"VALUE","50",
"SampledDate","TISSUE_MANUAL","1","18","Sampled Date","   0 00:00:00.00","PROMPT",,,,"VALUE","50",
"CustomerId","TISSUE_MANUAL","1","19","Customer",,"PROMPT",,,,"VALUE","50",
"RecdDate","TISSUE_MANUAL","1","20","Recd Date","   0 00:00:00.00","PROMPT",,,,"VALUE","50",
"LocationId","TISSUE_MANUAL","1","21","Location",,"PROMPT",,,,"VALUE","50",
"Dateresreq","TISSUE_MANUAL","1","22","Dateresreq","   0 00:00:00.00","PROMPT",,,,"VALUE","50",
"Priority","TISSUE_MANUAL","1","23","Priority","3","PROMPT",,,,"VALUE","50",
"InspectionHeader","TISSUE_MANUAL","1","24","Inspection Header",,"PROMPT",,,,"VALUE","50",
"AutoValidate","TISSUE_MANUAL","1","25","Auto Validate",,"PROMPT",,,,"VALUE","50",
"PSti","TISSUE_MANUAL","1","26","STI",,"PROMPT",,,,"VALUE","50",
"SampledDate","TJH_SAMPLE","1","1","Sampled Date","-  1 00:00:00.00","MANDATORY",,,,"VALUE","50",
"SamplingPoint","TJH_SAMPLE","1","2","Sampling Point",,"MANDATORY",,,,"VALUE","50",
"Description","TJH_SAMPLE","1","3","Description","'Dailey Sample: ' +  [SamplingPoint]","READONLY",,,,"ASSIGN_A","50",
"ProjectId","TJH_SAMPLE","1","4","Project",,"MANDATORY",,,,"VALUE","50",
"CustomerId","TJH_SAMPLE","1","5","Customer","[ProjectId.CustomerId]","READONLY",,,,"ASSIGN_A","50",
"Dateresreq","TJH_SAMPLE","1","6","Date results required","AddDays( [SampledDate] ,7 )","READONLY",,,,"ASSIGN_A","50",
"TestSchedule","TJH_SAMPLE","1","7","Test Schedule","TJH_TS_2","PROMPT",,,,"VALUE","50",
"SampledDate","TRACK_SAMPLING","1","1","Race Date",,"MANDATORY",,,,"VALUE","50",
"CustomerId","TRACK_SAMPLING","1","2","Track Name",,"MANDATORY",,,,"VALUE","50",
"SampleType","TRACK_SAMPLING","1","3","Sample Type",,"PROMPT",,,,"VALUE","50",
"Substance","TRACK_SAMPLING","1","4","Substance",,"PROMPT",,,,"VALUE","50",
"Gender","TRACK_SAMPLING","1","5","Gender",,"MANDATORY",,,,"VALUE","50",
