﻿EXPLORER_HIERARCHY_LEVEL
TABLE_NAME,HIERARCHY,LINK_TABLE_NAME,ORDER_NUMBER,TREE_DISPLAY_FIELDS,LINK_FROM_PARENT,LINK_TO_PARENT,CRITERIA,EXPLORER_FORM,EXPLORER_FORM_TASK
30,40,30,10,200,200,200,40,30,100
                      34
"JOB_HEADER","JOB_SAMP_TEST_RESL","JOB_HEADER","1","JOB_NAME",,,,,
"JOB_HEADER","JOB_SAMP_TEST_RESL","SAMPLE","2","ID_TEXT","JOB_NAME","JOB_NAME",,,
"JOB_HEADER","JOB_SAMP_TEST_RESL","TEST","3","ANALYSIS,TEST_COUNT","ID_NUMERIC","SAMPLE",,,
"JOB_HEADER","JOB_SAMP_TEST_RESL","RESULT","4","TEST_NUMBER,NAME","TEST_NUMBER","TEST_NUMBER",,,
"JOB_HEADER","JOBNODRILLDOWN","JOB_HEADER","1","JOB_NAME",,,,,
"JOB_HEADER","TEST_SUB","JOB_HEADER","1","JOB_NAME",,,,,
"JOB_HEADER","TEST_SUB","SAMPLE","2","ID_TEXT","JOB_NAME","JOB_NAME",,,
"JOB_HEADER","TEST_SUB","SAMPLE_FORMULATION","3","PARENT_SAMPLE,CHILD_SAMPLE","ID_NUMERIC","PARENT_SAMPLE",,,
"LOCATION","LOCATION_RECURSIVE","LOCATION","1","NAME",,,,,
"LOCATION","LOCATION_RECURSIVE","LOCATION","2","NAME","IDENTITY","PARENT_LOCATION",,,
"LOCATION","LOCATION_RECURSIVE","LOCATION","3","NAME","IDENTITY","PARENT_LOCATION",,,
"LOCATION","LOCATION_RECURSIVE","LOCATION","4","NAME","IDENTITY","PARENT_LOCATION",,,
"LOCATION","LOCATION_RECURSIVE","LOCATION","5","NAME","IDENTITY","PARENT_LOCATION",,,
"LOCATION","LOCATION_RECURSIVE","LOCATION","6","NAME","IDENTITY","PARENT_LOCATION",,,
"LOCATION","LOCATION_RECURSIVE_INST_DASH","LOCATION","1","NAME",,,,,
"LOCATION","LOCATION_RECURSIVE_INST_DASH","LOCATION","2","NAME","IDENTITY","PARENT_LOCATION",,"LocationInstrumentExplorer","LocationInstrumentDashTask"
"LOCATION","LOCATION_RECURSIVE_INST_DASH","LOCATION","3","NAME","IDENTITY","PARENT_LOCATION",,"LocationInstrumentExplorer","LocationInstrumentDashTask"
"LOCATION","LOCATION_RECURSIVE_INST_DASH","LOCATION","4","NAME","IDENTITY","PARENT_LOCATION",,"LocationInstrumentExplorer","LocationInstrumentDashTask"
"LOCATION","LOCATION_RECURSIVE_INST_DASH","LOCATION","5","NAME","IDENTITY","PARENT_LOCATION",,"LocationInstrumentExplorer","LocationInstrumentDashTask"
"LOCATION","LOCATION_RECURSIVE_INST_DASH","LOCATION","6","NAME","IDENTITY","PARENT_LOCATION",,"LocationInstrumentExplorer","LocationInstrumentDashTask"
"LOCATION","LOCATION_RECURSIVE_SAMP_DASH","LOCATION","1","NAME",,,,,
"LOCATION","LOCATION_RECURSIVE_SAMP_DASH","LOCATION","2","NAME","IDENTITY","PARENT_LOCATION",,"LocationSampleExplorer","LocationSampleDashTask"
"LOCATION","LOCATION_RECURSIVE_SAMP_DASH","LOCATION","3","NAME","IDENTITY","PARENT_LOCATION",,"LocationSampleExplorer","LocationSampleDashTask"
"LOCATION","LOCATION_RECURSIVE_SAMP_DASH","LOCATION","4","NAME","IDENTITY","PARENT_LOCATION",,"LocationSampleExplorer","LocationSampleDashTask"
"LOCATION","LOCATION_RECURSIVE_SAMP_DASH","LOCATION","5","NAME","IDENTITY","PARENT_LOCATION",,"LocationSampleExplorer","LocationSampleDashTask"
"LOCATION","LOCATION_RECURSIVE_SAMP_DASH","LOCATION","6","NAME","IDENTITY","PARENT_LOCATION",,"LocationSampleExplorer","LocationSampleDashTask"
"SAMPLE","SAMPLE_TEST","SAMPLE","1","ID_TEXT",,,,,
"SAMPLE","SAMPLE_TEST","TEST","2","ANALYSIS,TEST_COUNT","ID_NUMERIC","SAMPLE",,,
"SAMPLE","SAMPLE_TEST_RESULT","SAMPLE","1","ID_TEXT",,,,,
"SAMPLE","SAMPLE_TEST_RESULT","TEST","2","ANALYSIS,TEST_COUNT","ID_NUMERIC","SAMPLE",,,
"SAMPLE","SAMPLE_TEST_RESULT","RESULT","3","TEST_NUMBER,NAME","TEST_NUMBER","TEST_NUMBER",,,
"STOCK","STOCK_INVENTORY","STOCK","1","IDENTITY",,,,,
"STOCK","STOCK_INVENTORY","STOCK_INVENTORY","2","STOCK,INVENTORY_NUMBER","IDENTITY","STOCK",,,
"STOCK","STOCK_INVENTORY","STOCK_INVENTORY_USE","3","ORDER_NUMBER","INVENTORY_NUMBER,STOCK","INVENTORY_NUMBER,STOCK",,,
