﻿EXPLORER_GROUP
CABINET,FOLDER_NUMBER,GROUP_NUMBER,FIELD_NAME,NAME,DESCRIPTION,ICON_1,ICON_2,PARENT_NUMBER,ORDER_NUMBER,SHOW_PHRASE_DESC,ICON_ROUTINE,GROUP_FORM,GROUP_FORM_TASK,CHILD_FORM,CHILD_FORM_TASK
30,10,10,30,100,234,30,30,10,10,1,30,30,100,30,100
                     196
"CHROMELEON_LINK","3","33","INSTRUMENT_ID","By Instrument","Sequences grouped by Instrument","INT_CLOSED_FOLDER","INT_OPEN_FOLDER","0","1","FALSE",,,,,
"CHROMELEON_LINK","3","35","ANALYSIS_ID","By Analysis","Sequences by Analysis","INT_CLOSED_FOLDER","INT_OPEN_FOLDER","0","2","FALSE",,,,,
"CHROMELEON_LINK","3","66","STATUS","By Status","Sequences grouped by Status","INT_CLOSED_FOLDER","INT_OPEN_FOLDER","0","3","TRUE",,,,,
"DATA_MANAGER","1","1","CAPTURE_SOURCE_NAME","Capture Source",,"DM_APPLICATION_TYPE","DM_APPLICATION_TYPE","0","1","FALSE",,,,,
"DATA_MANAGER","1","2","COMPUTER_NAME","Computer Name",,"DM_WORKSTATION","DM_WORKSTATION","0","2","FALSE",,,,,
"DATA_MANAGER","1","3","PACKAGED_ON","Packaged on",,"INT_CALENDAR","INT_CALENDAR","0","3","FALSE",,,,,
"DATA_MANAGER","1","4","DM_PACKAGING_RULE_ID","Packaging Rule",,"DM_PACKAGING_RULE","DM_PACKAGING_RULE","0","4","FALSE",,,,,
"DATA_MANAGER","1","5","STATUS","Status",,"INT_HELP","INT_HELP","0","5","TRUE",,,,,
"DATA_MANAGER","1","6","CAPTURE_SOURCE_NAME","Capture Source",,"DM_APPLICATION_TYPE","DM_APPLICATION_TYPE","0","6","FALSE",,,,,
"DATA_MANAGER","1","7","COMPUTER_NAME","Computer Name",,"DM_WORKSTATION","DM_WORKSTATION","0","7","FALSE",,,,,
"DATA_MANAGER","1","8","PACKAGED_ON","Packaged on",,"INT_CALENDAR","INT_CALENDAR","0","8","FALSE",,,,,
"DATA_MANAGER","1","9","DM_PACKAGING_RULE_ID","Packaging Rule",,"DM_PACKAGING_RULE","DM_PACKAGING_RULE","0","9","FALSE",,,,,
"DATA_MANAGER","1","10","STATUS","Status",,"INT_HELP","INT_HELP","0","10","TRUE",,,,,
"DEFAULT","1","2","STATUS","Status","List of Samples by Status","INT_HELP","INT_HELP","0","1","TRUE",,,,,
"DEFAULT","1","9","JOB_NAME","Job Name","List of Samples by Job","INT_SAMPLES_MULTI","INT_SAMPLES_MULTI","0","2","FALSE",,,,,
"DEFAULT","1","50","STATUS","Status","List of Samples by Status","INT_HELP","INT_HELP","2","3","TRUE",,,,,
"DEFAULT","1","10","BATCH_ID","Batch","List of Samples by Batch","INT_WORKBOOK","INT_WORKBOOK","0","4","FALSE",,,,,
"DEFAULT","1","3","LOGIN_DATE","Login date","List of Samples by Login Date","INT_CALENDAR","INT_CALENDAR","0","5","FALSE",,,,,
"DEFAULT","1","4","SAMPLING_POINT","Sampling point","List of Samples by Sampling Point","INT_SAMPLE_POINT","INT_SAMPLE_POINT","0","6","FALSE",,,,,
"DEFAULT","1","5","CUSTOMER_ID","Customer","List of Samples by Customer","INT_USER","INT_USER","0","7","FALSE",,,,,
"DEFAULT","1","6","TEMPLATE_ID","Template","List of Samples by Template Identity","INT_SAMPLE_TEMPLATE","INT_SAMPLE_TEMPLATE","0","8","FALSE",,,,,
"DEFAULT","1","7","STATUS","Status by Login Date","List of Samples broken down by Status and Login Date.","INT_HELP","INT_HELP","0","9","TRUE",,,,,
"DEFAULT","1","8","LOGIN_DATE","Login date","Samples by Login Date ( Nested )","INT_CALENDAR","INT_CALENDAR","9","10","FALSE",,,,,
"DEFAULT","1","11","LOCATION_ID","Location","List of Samples by Location","INT_WORLD","INT_WORLD","0","11","FALSE",,,,,
"DEFAULT","1","12","PRODUCT","Product",,"INT_MLPS","INT_MLPS","0","12","FALSE",,,,,
"DEFAULT","2","1","DATE_CREATED","Date Created","Jobs By Date","INT_CALENDAR","INT_CALENDAR","0","1","FALSE",,,,,
"DEFAULT","2","2","JOB_STATUS","Job status",,"INT_HELP","INT_HELP","0","2","TRUE",,,,,
"DEFAULT","2","3","TEMPLATE_ID","Template id",,"INT_JOB_TEMPLATE","INT_JOB_TEMPLATE","0","3","FALSE",,,,,
"DEFAULT","3","1","STATUS","Status","List of Batches grouped by Status","INT_HELP","INT_HELP","0","1","TRUE",,,,,
"DEFAULT","3","2","BATCH_CLASS","Batch class","List of Batches grouped by Class","INT_TEST_TUBES","INT_TEST_TUBES","0","2","TRUE",,,,,
"DEFAULT","3","3","DATE_CREATED","Date Created","List of Batches grouped by Date Created","INT_CALENDAR","INT_CALENDAR","0","3","FALSE",,,,,
"DEFAULT","3","4","INSTRUMENT","Instrument","List of Batches grouped by Instrument","INT_INSTRUMENT","INT_INSTRUMENT","0","4","FALSE",,,,,
"DEFAULT","3","5","TEMPLATE_ID","Template","List of Batches grouped by Template","BATCH_TEMPLATE","BATCH_TEMPLATE","0","5","FALSE",,,,,
"DEFAULT","3","6","DATE_CREATED","Date Created","List of Batches grouped by Date Created","INT_CALENDAR","INT_CALENDAR","0","6","FALSE",,,,,
"DEFAULT","3","7","INSTRUMENT","Instrument","List of Batches grouped by Instrument","INT_INSTRUMENT","INT_INSTRUMENT","0","7","FALSE",,,,,
"DEFAULT","3","8","TEMPLATE_ID","Template","List of Batches grouped by Template","BATCH_TEMPLATE","BATCH_TEMPLATE","0","8","FALSE",,,,,
"DEFAULT","4","1","STATUS","Test status",,"INT_HELP","INT_HELP","0","1","TRUE",,,,,
"DEFAULT","4","2","ANALYSIS","Analysis",,"INT_TEST","INT_TEST","0","2","FALSE",,,,,
"DEFAULT","4","3","INSTRUMENT","Instrument",,"INT_BALANCE","INT_BALANCE","0","3","FALSE",,,,,
"DEFAULT","5","1","TYPE","Type","Certificate Type","INT_CLOSED_FOLDER","INT_OPEN_FOLDER","0","1","FALSE",,,,,
"DEFAULT","5","2","TEMPLATE","Template","Certificate Template","INT_CLOSED_FOLDER","INT_OPEN_FOLDER","0","2","FALSE",,,,,
"DEFAULT","5","3","STATUS","Status",,"INT_CLOSED_FOLDER","INT_OPEN_FOLDER","0","3","FALSE",,,,,
"DEFAULT","6","1","STATUS","Lot status",,"INT_HELP","INT_HELP","0","1","TRUE",,,,,
"DEFAULT","6","2","TEMPLATE","Template id",,"INT_LOT_TEMPLATE","INT_LOT_TEMPLATE","0","2","FALSE",,,,,
"DEFAULT","7","1","STATUS","Status","List of Certificates by Status","INT_HELP","INT_HELP","0","1","TRUE",,,,,
"DEFAULT","7","2","CERTIFICATE_TYPE","Type","List of Certificates by Type","INT_TABLE","INT_TABLE","0","2","TRUE",,,,,
"DEFAULT","7","3","CERT_TEMPLATE_NAME","Template","List of Certificates by Template","CERT_TEMPLATE","CERT_TEMPLATE","0","3","FALSE",,,,,
"DEFAULT","7","4","DATE_CREATED","Date Created","List of Certificates by Date Created","INT_CALENDAR","INT_CALENDAR","0","4","FALSE",,,,,
"DEFAULT","7","5","PRODUCT_ID","Product","List of Certificates by Product","PRODUCT","PRODUCT","0","5","FALSE",,,,,
"DEFAULT","7","6","CUSTOMER","Customer","List of Certificates by Customer","INT_USER","INT_USER","0","6","FALSE",,,,,
"DEFAULT","7","7","STATUS","Status","List of Certificates by Status","INT_HELP","INT_HELP","0","7","TRUE",,,,,
"DEFAULT","7","8","CERTIFICATE_TYPE","Type","List of Certificates by Type","INT_TABLE","INT_TABLE","0","8","TRUE",,,,,
"DEFAULT","7","9","CERT_TEMPLATE_NAME","Template","List of Certificates by Template","CERT_TEMPLATE","CERT_TEMPLATE","0","9","FALSE",,,,,
"DEFAULT","7","10","DATE_CREATED","Date Created","List of Certificates by Date Created","INT_CALENDAR","INT_CALENDAR","0","10","FALSE",,,,,
"DEFAULT","7","11","PRODUCT_ID","Product","List of Certificates by Product","PRODUCT","PRODUCT","0","11","FALSE",,,,,
"DEFAULT","7","12","CUSTOMER","Customer","List of Certificates by Customer","INT_USER","INT_USER","0","12","FALSE",,,,,
"DEFAULT","8","1","STATUS","Status","List of Plates grouped by Status","INT_HELP","INT_HELP","0","1","TRUE",,,,,
"DEFAULT","8","2","LOCATION_ID","Location","List of Plates grouped by Location","INT_WORLD","INT_WORLD","0","2","FALSE",,,,,
"DEFAULT","8","3","PLATE_TYPE_NAME","Plate Type","List of Plates grouped by Plate Type","PLATE_TYPE","PLATE_TYPE","0","3","FALSE",,,,,
"DEFAULT","8","4","LOGIN_ON","Login Date","List of Plates grouped by Login Date","INT_CALENDAR","INT_CALENDAR","0","4","FALSE",,,,,
"DEFAULT","8","5","STATUS","Status","List of Plates grouped by Status","INT_HELP","INT_HELP","0","5","TRUE",,,,,
"DEFAULT","8","6","LOCATION_ID","Location","List of Plates grouped by Location","INT_WORLD","INT_WORLD","0","6","FALSE",,,,,
"DEFAULT","8","7","PLATE_TYPE_NAME","Plate Type","List of Plates grouped by Plate Type","PLATE_TYPE","PLATE_TYPE","0","7","FALSE",,,,,
"DEFAULT","8","8","LOGIN_ON","Login Date","List of Plates grouped by Login Date","INT_CALENDAR","INT_CALENDAR","0","8","FALSE",,,,,
"DEFAULT","9","1","STATUS","Incident status",,"INT_HELP","INT_HELP","0","1","TRUE",,,,,
"DEFAULT","9","2","ENTITY_TEMPLATE_ID","Entity Template id",,"INT_INCIDENT_TEMPLATE","INT_INCIDENT_TEMPLATE","0","2","FALSE",,,,,
"DEFAULT","9","3","SUBJECT_TABLE","Subject Table",,"SCHEMA_TABLESET","SCHEMA_TABLESET","0","3","FALSE",,,,,
"DEFAULT","9","4","INCIDENT_DATE","Incident Date",,"INT_CALENDAR","INT_CALENDAR","0","4","FALSE",,,,,
"DEFAULT","9","5","STATUS","Incident status",,"INT_HELP","INT_HELP","0","5","TRUE",,,,,
"DEFAULT","9","6","ENTITY_TEMPLATE_ID","Entity Template id",,"INT_INCIDENT_TEMPLATE","INT_INCIDENT_TEMPLATE","0","6","FALSE",,,,,
"DEFAULT","9","7","SUBJECT_TABLE","Subject Table",,"SCHEMA_TABLESET","SCHEMA_TABLESET","0","7","FALSE",,,,,
"DEFAULT","9","8","INCIDENT_DATE","Incident Date",,"INT_CALENDAR","INT_CALENDAR","0","8","FALSE",,,,,
"DEFAULT","14","243","STATUS","Status",,"INT_CLOSED_FOLDER","INT_OPEN_FOLDER","0","1","FALSE",,,,,
"DEFAULT","14","245","JOB_NAME","Job Name",,"INT_CLOSED_FOLDER","INT_OPEN_FOLDER","0","2","FALSE",,,,,
"DEFAULT","14","247","BATCH_ID",,,"INT_CLOSED_FOLDER","INT_OPEN_FOLDER","0","3","FALSE",,,,,
"LAB_EXECUTION","5","1","ASSIGNED_TO","Assignment","List of Lab Execution Tasks by Assignment","INT_PEOPLE","INT_PEOPLE","0","1","TRUE",,,,,
"LAB_EXECUTION","5","2","STATUS","Status","List of Lab Execution Tasks by Status","INT_HELP","INT_HELP","0","2","TRUE",,,,,
"LAB_EXECUTION","5","3","LAB_METHOD_TYPE","Type","List of Lab Execution Tasks by Type","PREFERENCES","PREFERENCES","0","3","TRUE",,,,,
"LAB_EXECUTION","5","4","STATUS","Status by Started Date","List of Lab Execution Tasks by Status/Date Started","INT_HELP","INT_HELP","0","4","TRUE",,,,,
"LAB_EXECUTION","5","5","DATE_STARTED","Date Started","List of Lab Execution Tasks by Date Started","INT_CALENDAR","INT_CALENDAR","4","5","FALSE",,,,,
"LAB_EXECUTION","5","6","LAB_METHOD_NAME","Lab Method","List of Lab Execution Tasks by Method","BOOKS","BOOKS","0","6","FALSE",,,,,
"LABORATORY","1","1","INSTRUMENT_CATEGORY","Grouped by Category",,"INT_MCR_UP","INT_MCR_UP","0","1","FALSE",,,,,
"LABORATORY","1","2","INSTRUMENT_TEMPLATE","Grouped by Type",,"INT_MCR_UP","INT_MCR_UP","0","1","FALSE",,,,,
"LABORATORY","1","3","LOCATION_ID","Grouped by Location",,"INT_WORLD","INT_WORLD","0","2","FALSE",,,,,
"LABORATORY","1","4","WORKSTATION_NAME","Grouped by Workstation",,"INT_COMPUTER","INT_COMPUTER","0","3","FALSE",,,,,
"LABORATORY","1","5","INSTRUMENT_CATEGORY","Grouped by Category",,"INT_MCR_UP","INT_MCR_UP","0","5","FALSE",,,,,
"LABORATORY","15","1","CLASS","Grouped By Class","Grouped according to whether the unit is a base unit, a derived unit, a calculated unit or a supplementary unit","INT_MCR_UP","INT_MCR_UP","0","1","TRUE",,,,,
"LABORATORY","15","3","SYSTEM","Grouped By System","Grouped by the System or Standards body used to define unit","INT_WORLD","INT_WORLD","0","2","TRUE",,,,,
"LABORATORY","15","2","QUANTITY","Grouped By Measurement","Grouped By Measurement Type (e.g Area, Length, Temperature)","INT_BOX_CYAN","INT_BOX_CYAN","2","3","TRUE",,,,,
"LABORATORY","18","1","STOCK","Stock","Stock","INT_CLOSED_FOLDER","INT_OPEN_FOLDER","0","1","FALSE",,,,,
"LABORATORY","18","2","STOCK_BATCH_ID","Stock Batch","Stock Batch","INT_CLOSED_FOLDER","INT_OPEN_FOLDER","1","2","FALSE",,"StockDash","StockDashTask","StockBatchDash","StockBatchDashTask"
"LABORATORY","18","3","LOCATION","Location","Location","INT_CLOSED_FOLDER","INT_OPEN_FOLDER","0","3","FALSE",,,,,
"LABORATORY","18","4","STOCK","Stock","Stock","INT_CLOSED_FOLDER","INT_OPEN_FOLDER","3","4","FALSE",,"StockBatchOverviewDash","StockBatchOverviewDashTask","StockBatchOverviewDash","StockBatchOverviewDashTask"
"LABORATORY","18","5","STOCK_BATCH_ID","Stock Batch","Stock Batch","INT_CLOSED_FOLDER","INT_OPEN_FOLDER","4","5","FALSE",,"StockBatchOverviewDash","StockBatchOverviewDashTask","StockBatchDash","StockBatchDashTask"
"LABORATORY","28","1","CERTIFICATE_TYPE","Type","List of Certificate Templates by Type","INT_TABLE","INT_TABLE","0","1","TRUE",,,,,
"LABORATORY","28","2","PRODUCT_ID","Product","List of Certificate Templates by Product","PRODUCT","PRODUCT","0","2","FALSE",,,,,
"LABORATORY","28","3","CUSTOMER","Customer","List of Certificate Templates by Customer","INT_USER","INT_USER","0","3","FALSE",,,,,
"LABORATORY","28","4","LANGUAGE","Language","List of Certificate Templates by Language","SPEECH_BUBBLE","SPEECH_BUBBLE","0","4","FALSE",,,,,
"LABORATORY","28","5","CERTIFICATE_TYPE","Type","List of Certificate Templates by Type","INT_TABLE","INT_TABLE","0","5","TRUE",,,,,
"LABORATORY","28","6","PRODUCT_ID","Product","List of Certificate Templates by Product","PRODUCT","PRODUCT","0","6","FALSE",,,,,
"LABORATORY","28","7","CUSTOMER","Customer","List of Certificate Templates by Customer","INT_USER","INT_USER","0","7","FALSE",,,,,
"LABORATORY","28","8","LANGUAGE","Language","List of Certificate Templates by Language","SPEECH_BUBBLE","SPEECH_BUBBLE","0","8","FALSE",,,,,
"PETRL","1","58","ANALYSIS","Analysis",,"INT_CLOSED_FOLDER","INT_OPEN_FOLDER","0","1","FALSE",,,,,
"PETRL","1","60","IDENTITY","Batch Template",,"INT_CLOSED_FOLDER","INT_OPEN_FOLDER","0","2","FALSE",,,,,
"PETRL","2","63","ANALYSIS","Analysis",,"INT_CLOSED_FOLDER","INT_OPEN_FOLDER","0","1","FALSE",,,,,
"PETRL","2","65","STATUS","Status",,"INT_CLOSED_FOLDER","INT_OPEN_FOLDER","0","2","FALSE",,,,,
"PETRL","2","250","DATE_CREATED","Date Created",,"INT_CLOSED_FOLDER","INT_OPEN_FOLDER","0","3","FALSE",,,,,
"PETRL","2","252","ANALYSIS","Analysis",,"INT_CLOSED_FOLDER","INT_OPEN_FOLDER","3","4","FALSE",,,,,
"PETRL","2","805","CREATOR","Chemist",,"INT_CLOSED_FOLDER","INT_OPEN_FOLDER","0","5","FALSE",,,,,
"PETRL","4","73","DATE_RECEIVED","Date Received",,"INT_CLOSED_FOLDER","INT_OPEN_FOLDER","0","1","FALSE",,,,,
"PETRL","4","75","P_SAMPLING_POINT","Race Track",,"INT_CLOSED_FOLDER","INT_OPEN_FOLDER","0","2","FALSE",,,,,
"PETRL","4","298","P_STI","Short Term Investigation",,"INT_CLOSED_FOLDER","INT_OPEN_FOLDER","0","3","FALSE",,,,,
"PETRL","4","300","P_SAMPLING_POINT","Race Track",,"INT_CLOSED_FOLDER","INT_OPEN_FOLDER","3","4","FALSE",,,,,
"PETRL","4","497","JOB_STATUS","Status",,"INT_CLOSED_FOLDER","INT_OPEN_FOLDER","0","5","FALSE",,,,,
"PETRL","4","527","P_ACCESSION_TYPE","Accession Type",,"INT_CLOSED_FOLDER","INT_OPEN_FOLDER","0","6","TRUE",,,,,
"PETRL","7","346","LOGIN_ON","Date Created",,"INT_CALENDAR","INT_OPEN_FOLDER","0","1","FALSE",,,,,
"PETRL","7","531","P_PLATE_ANALYSIS","Plate Analysis",,"INT_CLOSED_FOLDER","INT_OPEN_FOLDER","0","2","TRUE",,,,,
"PETRL","7","534","STATUS","Plate Status",,"INT_CLOSED_FOLDER","INT_OPEN_FOLDER","0","3","FALSE",,,,,
"PETRL","7","811","LOGIN_BY","Chemist",,"INT_CLOSED_FOLDER","INT_OPEN_FOLDER","0","4","FALSE",,,,,
"PETRL","9","603","DATE_RECEIVED","Date Received",,"INT_CLOSED_FOLDER","INT_OPEN_FOLDER","0","1","FALSE",,,,,
"PETRL","9","652","SAMPLING_POINT","Racetrack",,"INT_CLOSED_FOLDER","INT_OPEN_FOLDER","0","2","FALSE",,,,,
"PETRL","12","153","P_SPECIMEN_TYPES","Specimen Type","Specimen Type","INT_CLOSED_FOLDER","INT_OPEN_FOLDER","0","1","TRUE",,,,,
"PETRL","12","157","P_SPECIMEN_TYPE","Sub Sample Types","Sub Sample Types","INT_CLOSED_FOLDER","INT_OPEN_FOLDER","0","2","TRUE",,,,,
"PETRL","12","513","P_SPECIMEN_TYPE","PETRL Specimen Types","PETRL Specimen Types","INT_CLOSED_FOLDER","INT_OPEN_FOLDER","0","3","TRUE",,,,,
"PETRL","15","196","INCIDENT_DATE","Incident Date",,"INT_CLOSED_FOLDER","INT_OPEN_FOLDER","0","1","FALSE",,,,,
"PETRL","15","198","SUBJECT_TABLE","Table",,"INT_CLOSED_FOLDER","INT_OPEN_FOLDER","1","2","FALSE",,,,,
"PETRL","15","200","SUBJECT_TABLE","Table",,"INT_CLOSED_FOLDER","INT_OPEN_FOLDER","0","3","FALSE",,,,,
"PETRL","15","202","STATUS","Status",,"INT_CLOSED_FOLDER","INT_OPEN_FOLDER","0","4","FALSE",,,,,
"PETRL","16","213","JOB_NAME","Job","Accession","INT_CLOSED_FOLDER","INT_OPEN_FOLDER","0","1","FALSE",,,,,
"PETRL","16","215","SAMPLING_POINT","Sample Point","Race Track","INT_CLOSED_FOLDER","INT_OPEN_FOLDER","0","2","FALSE",,,,,
"PETRL","18","675","P_CUSTOMER_TYPE","Customer Type",,"INT_CLOSED_FOLDER","INT_OPEN_FOLDER","0","1","FALSE",,,,,
"PETRL","19","312","JOB_NAME","Job",,"INT_CLOSED_FOLDER","INT_OPEN_FOLDER","0","1","FALSE",,,,,
"PETRL","19","314","P_STI_STATUS","STI_STATUS",,"INT_CLOSED_FOLDER","INT_OPEN_FOLDER","0","2","TRUE",,,,,
"PETRL","19","316","DATERESREQ","Date Results Required",,"INT_CLOSED_FOLDER","INT_OPEN_FOLDER","0","3","FALSE",,,,,
"PETRL","23","391","JOB_DATE_CREATED","Job date Created",,"INT_CLOSED_FOLDER","INT_OPEN_FOLDER","0","1","FALSE",,,,,
"PETRL","23","393","TEST_STATUS","Test status",,"INT_CLOSED_FOLDER","INT_OPEN_FOLDER","0","2","FALSE",,,,,
"PETRL","23","398","JOB_NAME","Job name",,"INT_CLOSED_FOLDER","INT_OPEN_FOLDER","0","3","FALSE",,,,,
"PETRL","24","455","SAMPLING_POINT","Race Track",,"INT_CLOSED_FOLDER","INT_OPEN_FOLDER","0","1","FALSE",,,,,
"PETRL_MGT","7","694","P_DISPOSAL_STATUS","Disposal Status",,"INT_CLOSED_FOLDER","INT_OPEN_FOLDER","0","1","FALSE",,,,,
"PETRL_RT_MGT","3","455","SAMPLING_POINT","Race Track",,"INT_CLOSED_FOLDER","INT_OPEN_FOLDER","0","1","FALSE",,,,,
"RACETRACK","4","126","RACE_DATE","Date",,"INT_CLOSED_FOLDER","INT_OPEN_FOLDER","0","1","FALSE",,,,,
"RACETRACK","6","405","DATE_CREATED","Date Created",,"INT_CLOSED_FOLDER","INT_OPEN_FOLDER","0","1","FALSE",,,,,
"RACETRACK","7","470","RACE_DATE","Race Date",,"INT_CLOSED_FOLDER","INT_OPEN_FOLDER","0","1","FALSE",,,,,
"RACETRACK","8","904","DATE_CREATED","Date Created",,"INT_CLOSED_FOLDER","INT_OPEN_FOLDER","0","1","FALSE",,,,,
"RACETRACK_SI","1","417","P_SAMPLING_POINT","Race Track",,"INT_CLOSED_FOLDER","INT_OPEN_FOLDER","0","1","FALSE",,,,,
"RACETRACK_SI","2","414","RACE_DATE","Race Date",,"INT_CLOSED_FOLDER","INT_OPEN_FOLDER","0","1","FALSE",,,,,
"RACETRACK_SI","3","420","RACE_DATE","Race Date",,"INT_CLOSED_FOLDER","INT_OPEN_FOLDER","0","1","FALSE",,,,,
"RETAIN","2","1","STATUS","Status","List of Retain Samples by Status","INT_HELP","INT_HELP","0","1","TRUE",,,,,
"RETAIN","2","2","RETAIN_UNTIL_DATE","Retain Until Date","List of Retain Samples by Retain Until Date","INT_CALENDAR","INT_CALENDAR","0","2","FALSE",,,,,
"RETAIN","2","3","RETAIN_ASSOCIATED_JOB_NAME","Associated Job Name","List of Retain Samples by Associated Job Name","INT_SAMPLES_MULTI","INT_SAMPLES_MULTI","0","3","FALSE",,,,,
"RETAIN","2","4","LOCATION_ID","Location","List of Retain Samples by Location","INT_WORLD","INT_WORLD","0","4","FALSE",,,,,
"RETAIN","2","5","LOGIN_DATE","Login Date","List of Retain Samples by Login Date","INT_CALENDAR","INT_CALENDAR","0","5","FALSE",,,,,
"RETAIN","2","6","STATUS","Status","List of Retain Samples by Status","INT_HELP","INT_HELP","0","6","TRUE",,,,,
"RETAIN","2","7","RETAIN_UNTIL_DATE","Retain Until Date","List of Retain Samples by Retain Until Date","INT_CALENDAR","INT_CALENDAR","0","7","FALSE",,,,,
"RETAIN","2","8","RETAIN_ASSOCIATED_JOB_NAME","Associated Job Name","List of Retain Samples by Associated Job Name","INT_SAMPLES_MULTI","INT_SAMPLES_MULTI","0","8","FALSE",,,,,
"RETAIN","2","9","LOCATION_ID","Location","List of Retain Samples by Location","INT_WORLD","INT_WORLD","0","9","FALSE",,,,,
"RETAIN","2","10","LOGIN_DATE","Login Date","List of Retain Samples by Login Date","INT_CALENDAR","INT_CALENDAR","0","10","FALSE",,,,,
"RETAIN","3","1","LOCATION_ID","Location","List of retain samples by location","INT_WORLD","INT_WORLD","0","1","FALSE",,,,,
"RETAIN","3","2","LOCATION_ID","Location","List of retain samples by location","INT_WORLD","INT_WORLD","0","2","FALSE",,,,,
"RETAIN","4","1","LOCATION_ID","Location","List of Retain Samples by Location","INT_WORLD","INT_WORLD","0","1","FALSE",,,,,
"RETAIN","4","2","RETAIN_TEST_PLAN_ID","Test Plan","List of Retain Samples by Test Plan","RETAIN_TEST_PLAN","RETAIN_TEST_PLAN","0","2","FALSE",,,,,
"RETAIN","4","3","LOCATION_ID","Location","List of Retain Samples by Location","INT_WORLD","INT_WORLD","0","3","FALSE",,,,,
"RETAIN","4","4","RETAIN_TEST_PLAN_ID","Test Plan","List of Retain Samples by Test Plan","RETAIN_TEST_PLAN","RETAIN_TEST_PLAN","0","4","FALSE",,,,,
"RETAIN","5","1","LOCATION_ID","Location","List of Retain Samples by Location","INT_WORLD","INT_WORLD","0","1","FALSE",,,,,
"RETAIN","5","2","RETAIN_TEST_PLAN_ID","Test Plan","List of Retain Samples by Test Plan","RETAIN_TEST_PLAN","RETAIN_TEST_PLAN","0","2","FALSE",,,,,
"RETAIN","5","3","LOCATION_ID","Location","List of Retain Samples by Location","INT_WORLD","INT_WORLD","0","3","FALSE",,,,,
"RETAIN","5","4","RETAIN_TEST_PLAN_ID","Test Plan","List of Retain Samples by Test Plan","RETAIN_TEST_PLAN","RETAIN_TEST_PLAN","0","4","FALSE",,,,,
"RETAIN","6","1","LOCATION_ID","Location","List of Retain Samples by Location","INT_WORLD","INT_WORLD","0","1","FALSE",,,,,
"RETAIN","6","2","LOCATION_ID","Location","List of Retain Samples by Location","INT_WORLD","INT_WORLD","0","2","FALSE",,,,,
"SYSTEM","1","1","OPERATOR","Operator","Access by Operator","INT_USER","INT_USER","0","1","FALSE",,,,,
"SYSTEM","1","2","SERVER_DATE","Login Date","Access by Login Date","INT_CALENDAR","INT_CALENDAR","0","2","FALSE",,,,,
"SYSTEM","1","3","IP_ADDRESS","IP address","Access by IP Address","INT_DOT","INT_DOT","0","3","FALSE",,,,,
"SYSTEM","1","4","ACTION","Type","Access by Type","INT_HELP","INT_HELP","0","4","FALSE",,,,,
"SYSTEM","7","1","TYPE","Type","Menu Items Broken Down By Type.","INT_CLOSED_FOLDER","INT_OPEN_FOLDER","0","1","TRUE",,,,,
"SYSTEM","8","1","ROLE_ID","Role id","Role Breakdown","INT_KEY","INT_KEY","0","1","FALSE",,,,,
"SYSTEM","9","1","TABLE_NAME","Table Name","Data Trail By Table","INT_TABLE","INT_TABLE","0","1","FALSE",,,,,
"SYSTEM","10","1","OPERATOR","Operator",,"INT_USER","INT_USER","0","1","FALSE",,,,,
"SYSTEM","10","2","TYPE","Type",,"INT_BOX_CYAN","INT_BOX_CYAN","1","2","FALSE",,,,,
"SYSTEM","10","3","IDENTITY","Identity",,"INT_PROPERTIES","INT_PROPERTIES","2","3","FALSE",,,,,
"SYSTEM","11","1","FULLNAME","Operator","Signatures by operator","INT_USER","INT_USER","0","1","FALSE",,,,,
"SYSTEM","11","2","SERVER_DATE","Signing Date","Signatures by date","INT_CALENDAR","INT_CALENDAR","0","2","FALSE",,,,,
"SYSTEM","21","1","CATEGORY","Category","Configuration Category","INT_SETTINGS","INT_SETTINGS","0","1","TRUE",,,,,
"SYSTEM","31","1","IMPLEMENTATION_TYPE","Implementation type","Current Implementation type","INT_CLOSED_FOLDER","INT_OPEN_FOLDER","0","1","FALSE",,,,,
"SYSTEM","31","2","TABLE_NAME","Entity Name","Entity/Table name","INT_CLOSED_FOLDER","INT_OPEN_FOLDER","0","2","FALSE",,,,,
"SYSTEM","33","160","WORKFLOW_TYPE","Workflow Type","Workflows organized by Type","INT_CLOSED_FOLDER","INT_OPEN_FOLDER","0","1","TRUE",,,,,
"SYSTEM","41","1","CREATED_BY","Operator","Activities by operator","INT_USER","INT_USER","0","1","TRUE",,,,,
"SYSTEM","41","2","CREATED_ON","Date","Activities by date","INT_CALENDAR","INT_CALENDAR","0","2","TRUE",,,,,
"SYSTEM","41","3","ACTIVITY_TYPE","Type","Activities by type","INT_HELP_BUBBLE","INT_HELP_BUBBLE","0","3","TRUE",,,,,
"SYSTEM","41","4","CREATED_BY","Operator","Activities by operator","INT_USER","INT_USER","0","4","TRUE",,,,,
"SYSTEM","41","5","CREATED_ON","Date","Activities by date","INT_CALENDAR","INT_CALENDAR","0","5","TRUE",,,,,
"SYSTEM","41","6","ACTIVITY_TYPE","Type","Activities by type","INT_HELP_BUBBLE","INT_HELP_BUBBLE","0","6","TRUE",,,,,
"U$HODYT","1","18","STATUS","Status",,"INT_HELP","INT_HELP","0","1","TRUE",,,,,
"U$HODYT","1","22","SAMPLING_POINT","Sampling Point",,"INT_SAMPLE_POINT","INT_SAMPLE_POINT","0","2","FALSE",,,,,
"U$HODYT","1","26","STATUS","Status",,"INT_HELP","INT_HELP","2","3","TRUE",,,,,
"USER","2","1","WORKSHEET_TYPE","Worksheet type",,"INT_WORKBOOK","INT_WORKBOOK","0","1","TRUE",,,,,
"USER","2","2","DATE_GENERATED","Date Generated",,"INT_CALENDAR","INT_CALENDAR","0","2","TRUE",,,,,
