﻿EXPLORER_COLUMN
CABINET,FOLDER_NUMBER,COLUMN_NUMBER,NAME,DESCRIPTION,TABLE_NAME,FIELD_NAME,ROUTINE,LIBRARY,WIDTH,GROUP_ID,ORDER_NUMBER
30,10,10,30,234,30,100,30,20,10,10,10
                     873
"DEFAULT","1","1","Sample ID",,,"IdText",,,"0",,"0"
"DEFAULT","1","2","Sample Status",,,"Status",,,"0",,"0"
"DEFAULT","1","3","Suffix",,,"PSuffix",,,"0",,"0"
"INTERNAL$DST","2","1","ID Text",,,"ID_TEXT",,,"18",,"0"
"INTERNAL$DST","2","2","Status",,,"STATUS",,,"6",,"0"
"INTERNAL$DST","2","3","P volume",,,"P_VOLUME",,,"8",,"0"
"INTERNAL$DST","2","4","Has incidents",,,"HAS_INCIDENTS",,,"7",,"0"
"INTERNAL$DST","2","5","Login date",,,"LOGIN_DATE",,,"16",,"0"
"INTERNAL$DST","2","6","Authoriser",,,"AUTHORISER",,,"10",,"0"
"INTERNAL$DST","2","7","Authorisation notes",,,"AUTHORISATION_NOTES",,,"234",,"0"
"INTERNAL$KATHLEEN","2","1","ID Text",,,"ID_TEXT",,,"21",,"0"
"INTERNAL$KATHLEEN","2","2","Status",,,"STATUS",,,"6",,"0"
"INTERNAL$KATHLEEN","2","3","Login date",,,"LOGIN_DATE",,,"28",,"0"
"PETRL","2","1","Identity",,,"Identity",,,"0",,"0"
"PETRL","2","2","Analysis",,,"Analysis",,,"0",,"0"
"PETRL","2","3","Description",,,"Description",,,"0",,"0"
"PETRL","2","4","DateCreated",,,"DateCreated",,,"0",,"0"
"PETRL","2","5",,,,"Creator",,,"0",,"0"
"PETRL","2","6","Status",,,"Status",,,"0",,"0"
"PETRL","2","7","Analyst",,,"Analyst",,,"0",,"0"
"PETRL","2","8","AuthorisationNotes",,,"AuthorisationNotes",,,"0",,"0"
"PETRL","2","9","DateAuthorised",,,"DateAuthorised",,,"0",,"0"
"PETRL","2","10","Authoriser",,,"Authoriser",,,"0",,"0"
"PETRL","2","11","BatchComment",,,"BatchComment",,,"0",,"0"
"PETRL","2","12","Instrument",,,"Instrument",,,"0",,"0"
"PETRL","4","1","Accession",,,"JobName",,,"200",,"0"
"PETRL","4","2","Race Date",,,"PRaceDate",,,"175",,"0"
"PETRL","4","3","Date Received",,,"DateReceived",,,"175",,"0"
"PETRL","4","4","Race Track",,,"PSamplingPoint",,,"220",,"0"
"PETRL","4","5","Accession Type",,,"PAccessionType",,,"220",,"0"
"PETRL","4","6","JobStatus",,,"JobStatus",,,"110",,"0"
"PETRL","4","7","STI Status",,,"PSti",,,"0",,"0"
"PETRL","4","8","Suspect_Samples",,,"Suspect_Samples",,,"0",,"0"
"PETRL","4","9","Negative_Samples",,,"Negative_Samples",,,"0",,"0"
"PETRL","4","10","Total_Specimens",,,"Total_Specimens",,,"0",,"0"
"PETRL","4","11","Authoriser",,,"Authoriser",,,"200",,"0"
"PETRL","4","12","DateAuthorised",,,"DateAuthorised",,,"175",,"0"
"PETRL","4","13","AuthorisationNotes",,,"AuthorisationNotes",,,"0",,"0"
"PETRL","4","14","ContainerStatus",,,"PContainerStatus",,,"0",,"0"
"PETRL","4","15","ContainerShipmentIncidents",,,"ContainerShipmentIncidents",,,"0",,"0"
"PETRL","4","16","PExceptions",,,"PExceptions",,,"400",,"0"
"PETRL","7","1","PlateName",,,"PlateName",,,"0",,"0"
"PETRL","7","2","PlateTypeName",,,"PlateTypeName",,,"0",,"0"
"PETRL","7","3","Status",,,"Status",,,"0",,"0"
"PETRL","7","4","Description",,,"Description",,,"0",,"0"
"PETRL","7","5","PPlateAnalysis",,,"PPlateAnalysis",,,"0",,"0"
"PETRL","7","6","PPlateCount",,,"PPlateCount",,,"0",,"0"
"PETRL","7","7","AuthorizedOn",,,"AuthorizedOn",,,"0",,"0"
"PETRL","7","8","AuthorizedBy",,,"AuthorizedBy",,,"0",,"0"
"PETRL","7","9","Comments",,,"Comments",,,"0",,"0"
"PETRL","9","1","Identity",,,"Identity",,,"0",,"0"
"PETRL","9","2","Shipment",,,"Shipment",,,"0",,"0"
"PETRL","9","3","Container",,,"Container",,,"0",,"0"
"PETRL","9","4","SamplingPoint",,,"SamplingPoint",,,"0",,"0"
"PETRL","9","5","DateReceived",,,"DateReceived",,,"0",,"0"
"PETRL","9","6","ShipmentDate",,,"ShipmentDate",,,"0",,"0"
"PETRL","15","1","IncidentId",,,"IncidentId",,,"0",,"0"
"PETRL","15","2","Status",,,"Status",,,"0",,"0"
"PETRL","15","3","ReportedBy",,,"ReportedBy",,,"0",,"0"
"PETRL","15","4","Description",,,"Description",,,"0",,"0"
"PETRL","15","5","IncidentDate",,,"IncidentDate",,,"0",,"0"
"PETRL","16","1","IdText",,,"IdText",,,"0",,"0"
"PETRL","16","2","CommissionNo",,,"PCommissionNo",,,"0",,"0"
"PETRL","16","3","Suffixes",,,"Suffixes",,,"0",,"0"
"PETRL","16","4","SpecimenTypes",,,"PSpecimenTypes",,,"0",,"0"
"PETRL","16","5","SpecimenType",,,"PSpecimenType",,,"0",,"0"
"PETRL","16","6","JobName",,,"JobName",,,"0",,"0"
"PETRL","16","7","SamplingPoint",,,"SamplingPoint",,,"0",,"0"
"PETRL","18","1","Identity",,,"Identity",,,"0",,"0"
"PETRL","18","2","CompanyName",,,"CompanyName",,,"0",,"0"
"PETRL","18","3","Contact",,,"Contact",,,"0",,"0"
"PETRL","18","4","PCustomerType",,,"PCustomerType",,,"0",,"0"
"PETRL","18","5","Address1",,,"Address1",,,"0",,"0"
"PETRL","18","6","Address2",,,"Address2",,,"0",,"0"
"PETRL","18","7","PCustomerType",,,"PCustomerType",,,"0",,"0"
"PETRL","19","1","IdText",,,"IdText",,,"0",,"0"
"PETRL","19","2","PCommissionNo",,,"PCommissionNo",,,"0",,"0"
"PETRL","19","3","Suffixes",,,"Suffixes",,,"0",,"0"
"PETRL","19","4","PSpecimenTypes",,,"PSpecimenTypes",,,"0",,"0"
"PETRL","19","5","Status",,,"Status",,,"0",,"0"
"PETRL","19","6","JobName",,,"JobName",,,"0",,"0"
"PETRL","19","7","SamplingPoint",,,"SamplingPoint",,,"0",,"0"
"PETRL","19","8","RecdDate",,,"RecdDate",,,"0",,"0"
"PETRL","19","9","Dateresreq",,,"Dateresreq",,,"0",,"0"
"PETRL","19","10","PSti",,,"PSti",,,"0",,"0"
"PETRL","19","11","PStiStatus",,,"PStiStatus",,,"0",,"0"
"PETRL","19","12","Comments",,,"Comments",,,"0",,"0"
"PETRL","20","1","JobName",,,"JobName",,,"0",,"0"
"PETRL","20","2","PAccessionType",,,"PAccessionType",,,"0",,"0"
"PETRL","20","3","PRaceDate",,,"PRaceDate",,,"0",,"0"
"PETRL","20","4","PSamplingPoint",,,"PSamplingPoint",,,"0",,"0"
"PETRL","20","5","DateReceived",,,"DateReceived",,,"0",,"0"
"PETRL","20","6","Suspect_Samples",,,"Suspect_Samples",,,"0",,"0"
"PETRL","20","7","Total_Specimens",,,"Total_Specimens",,,"0",,"0"
"PETRL","23","1","JobName",,,"JobName",,,"0",,"0"
"PETRL","23","2","IdText",,,"IdText",,,"0",,"0"
"PETRL","23","3","Analysis",,,"Analysis",,,"0",,"0"
"PETRL","23","4","ComponentName",,,"ComponentName",,,"0",,"0"
"PETRL","23","5","ResultValue",,,"ResultValue",,,"0",,"0"
"PETRL","23","6","ResultText",,,"ResultText",,,"0",,"0"
"PETRL","23","7","Units",,,"Units",,,"0",,"0"
"PETRL","23","8","ResultStatus",,,"ResultStatus",,,"0",,"0"
"PETRL","23","9","Authoriser",,,"Authoriser",,,"0",,"0"
"PETRL","23","10","AuthorisationNotes",,,"AuthorisationNotes",,,"0",,"0"
"PETRL","23","11","DateResultAuthorised",,,"DateResultAuthorised",,,"0",,"0"
"PETRL","23","12","Instrument",,,"Instrument",,,"0",,"0"
"PETRL","23","13","DateResultEntered",,,"DateResultEntered",,,"0",,"0"
"PETRL","23","14","TestNumber",,,"TestNumber",,,"0",,"0"
"PETRL","24","1","JobName",,,"JobName",,,"0",,"0"
"PETRL","24","2","RaceDate",,,"RaceDate",,,"0",,"0"
"PETRL","24","3","SamplingPoint",,,"SamplingPoint",,,"0",,"0"
"PETRL","24","4","AnimalId",,,"AnimalId",,,"0",,"0"
"PETRL","24","5","SpecimenType",,,"SpecimenType",,,"0",,"0"
"PETRL","24","6","Suffix",,,"Suffix",,,"0",,"0"
"PETRL","26","1","Shipment",,,"Shipment",,,"0",,"0"
"PETRL","26","2","ShipmentDate",,,"ShipmentDate",,,"0",,"0"
"PETRL","26","3","ActualContainer",,,"ActualContainer",,,"0",,"0"
"PETRL","26","4","SamplingPoint",,,"SamplingPoint",,,"0",,"0"
"PETRL","26","5","RaceDates",,,"RaceDates",,,"0",,"0"
"PETRL","26","6","DateReceived",,,"DateReceived",,,"0",,"0"
"PETRL","26","7","Jobs",,,"Jobs",,,"0",,"0"
"PETRL","26","8","SpecimenRange",,,"SpecimenRange",,,"0",,"0"
"PETRL","26","9","ContainerStatus",,,"ContainerStatus",,,"0",,"0"
"PETRL","26","10","Comments",,,"Comments",,,"0",,"0"
"PETRL","27","1","Identity",,,"Identity",,,"0",,"0"
"PETRL","27","2","Shipment",,,"Shipment",,,"0",,"0"
"PETRL","27","3","Container",,,"Container",,,"0",,"0"
"PETRL","27","4","SamplingPoint",,,"SamplingPoint",,,"0",,"0"
"PETRL","27","5","DateReceived",,,"DateReceived",,,"0",,"0"
"PETRL","27","6","ShipmentDate",,,"ShipmentDate",,,"0",,"0"
"PETRL_MGT","7","1","PCommissionNo",,,"PCommissionNo",,,"0",,"0"
"PETRL_MGT","7","2","Suffixes",,,"Suffixes",,,"0",,"0"
"PETRL_MGT","7","3","SampleType",,,"SampleType",,,"0",,"0"
"PETRL_MGT","7","4","Authoriser",,,"Authoriser",,,"0",,"0"
"PETRL_MGT","7","5","AuthorisationNotes",,,"AuthorisationNotes",,,"0",,"0"
"PETRL_MGT","7","6","DateAuthorised",,,"DateAuthorised",,,"0",,"0"
"PETRL_MGT","7","7","LocationId",,,"LocationId",,,"0",,"0"
"PETRL_MGT","7","8","PDisposalStatus",,,"PDisposalStatus",,,"0",,"0"
"PETRL_MGT","7","9","PDoNotDispose",,,"PDoNotDispose",,,"0",,"0"
"PETRL_MGT","7","10","PDisposed",,,"PDisposed",,,"0",,"0"
"PETRL_MGT","7","11","PDisposedBy",,,"PDisposedBy",,,"0",,"0"
"PETRL_MGT","7","12","PDisposedDate",,,"PDisposedDate",,,"0",,"0"
"PETRL_RT_MGT","1","1","SamplingPoint",,,"SamplingPoint",,,"0",,"0"
"PETRL_RT_MGT","1","2","RaceDate",,,"RaceDate",,,"0",,"0"
"PETRL_RT_MGT","1","3","Identity",,,"Identity",,,"0",,"0"
"PETRL_RT_MGT","1","4","RaceNo",,,"RaceNo",,,"0",,"0"
"PETRL_RT_MGT","1","5","SubmittedBy",,,"SubmittedBy",,,"0",,"0"
"RACETRACK","4","1","Sampling Point",,,"SamplingPoint",,,"0",,"0"
"RACETRACK","4","2","Race Date",,,"RaceDate",,,"0",,"0"
"RACETRACK","4","3","Accession Type",,,"AccessionType",,,"0",,"0"
"RACETRACK","4","4","Fair",,,"Fair",,,"0",,"0"
"RACETRACK","4","5","Created By",,,"CreatedBy",,,"0",,"0"
"RACETRACK","4","6","Created On",,,"CreatedOn",,,"0",,"0"
"RACETRACK","4","7","Race Submitted",,,"RaceSubmitted",,,"0",,"0"
"RACETRACK","4","8","Submitted By",,,"SubmittedBy",,,"0",,"0"
"RACETRACK","4","9","Has Attachments",,,"HasAttachments",,,"0",,"0"
"RACETRACK","4","10","Manual Entry",,,"ManualEntry",,,"0",,"0"
"RACETRACK","4","11","Comments",,,"Comments",,,"0",,"0"
"RACETRACK","6","1","Job Name",,,"JobName",,,"0",,"0"
"RACETRACK","6","2","Sampling Point",,,"PSamplingPoint",,,"0",,"0"
"RACETRACK","6","3","Race Date",,,"PRaceDate",,,"0",,"0"
"RACETRACK","6","4","Accession Type",,,"PAccessionType",,,"0",,"0"
"RACETRACK","6","5","Container #s",,,"PContainer",,,"0",,"0"
"RACETRACK","6","6","Blood_Specimens",,,"Blood_Specimens",,,"0",,"0"
"RACETRACK","6","7","Urine_Specimens",,,"Urine_Specimens",,,"0",,"0"
"RACETRACK","6","8","Total_Specimens",,,"Total_Specimens",,,"0",,"0"
"RACETRACK","6","9","Has Attachments",,,"HasAttachments",,,"0",,"0"
"RACETRACK","6","10","Exceptions",,,"PExceptions",,,"0",,"0"
"RACETRACK","7","1","Race Date",,,"RaceDate",,,"0",,"0"
"RACETRACK","7","2","Job Name",,,"JobName",,,"0",,"0"
"RACETRACK","7","3","Race No",,,"RaceNo",,,"0",,"0"
"RACETRACK","7","4","Horse Name/ Description",,,"HorseName",,,"0",,"0"
"RACETRACK","7","5","Animal / Commission Barcode Id",,,"AnimalId",,,"0",,"0"
"RACETRACK","7","6","Gender",,,"Gender",,,"0",,"0"
"RACETRACK","7","7","Pre Race Lasix",,,"PreRaceLasix",,,"0",,"0"
"RACETRACK","7","8","Suffixes",,,"Suffixes",,,"0",,"0"
"RACETRACK","7","9","Testing Reasons",,,"TestingReasons",,,"0",,"0"
"RACETRACK","7","10","Specimen Types",,,"SpecimenTypes",,,"0",,"0"
"RACETRACK","7","11","Notes",,,"Notes",,,"0",,"0"
"RACETRACK_SI","1","1","Accession Name",,,"JobName",,,"0",,"0"
"RACETRACK_SI","1","2","RaceDate",,,"PRaceDate",,,"0",,"0"
"RACETRACK_SI","1","3","Race Track",,,"PSamplingPoint",,,"0",,"0"
"RACETRACK_SI","1","4","RaceId",,,"PRaceId",,,"0",,"0"
"RACETRACK_SI","2","1","JobName",,,"JobName",,,"0",,"0"
"RACETRACK_SI","2","2","SamplingPoint",,,"SamplingPoint",,,"0",,"0"
"RACETRACK_SI","2","3","RaceDate",,,"RaceDate",,,"0",,"0"
"RACETRACK_SI","2","4","AccessionType",,,"AccessionType",,,"0",,"0"
"RACETRACK_SI","2","5","Fair",,,"Fair",,,"0",,"0"
"RACETRACK_SI","2","6","CreatedBy",,,"CreatedBy",,,"0",,"0"
"RACETRACK_SI","2","7","SubmittedBy",,,"SubmittedBy",,,"0",,"0"
"RACETRACK_SI","2","8","RaceSubmitted",,,"RaceSubmitted",,,"0",,"0"
"RACETRACK_SI","2","9","HasAttachments",,,"HasAttachments",,,"0",,"0"
"SYSTEM","4","1","Identity",,,"Identity",,,"0",,"0"
"SYSTEM","4","2","GroupId",,,"GroupId",,,"0",,"0"
"SYSTEM","4","3","Description",,,"Description",,,"0",,"0"
"SYSTEM","4","4","ModifiedOn",,,"ModifiedOn",,,"0",,"0"
"SYSTEM","4","5","ModifiedBy",,,"ModifiedBy",,,"0",,"0"
"SYSTEM","4","6",,,,"DetailsContent",,,"0",,"0"
"TABLE_DETAILS","1","1","Sample ID",,,"IdText",,,"0",,"0"
"TABLE_DETAILS","1","2","PSpecimenTypes",,,"PSpecimenType",,,"0",,"0"
"TABLE_DETAILS","1","3","Suffix",,,"PSuffix",,,"0",,"0"
"TABLE_DETAILS","1","4","RecdDate",,,"RecdDate",,,"0",,"0"
"TABLE_DETAILS","1","5","Status",,,"Status",,,"0",,"0"
"TABLE_DETAILS","1","6","PStiStatus",,,"PStiStatus",,,"0",,"0"
"TABLE_DETAILS","1","7","Authoriser",,,"Authoriser",,,"0",,"0"
"TABLE_DETAILS","1","8","AuthorisationNotes",,,"AuthorisationNotes",,,"0",,"0"
"TABLE_DETAILS","1","9","DateAuthorised",,,"DateAuthorised",,,"0",,"0"
"TABLE_DETAILS","1","10","Comments",,,"Comments",,,"0",,"0"
"TABLE_DETAILS","1","11","PDisposalStatus",,,"PDisposalStatus",,,"0",,"0"
"TABLE_DETAILS","1","12","PDisposedDate",,,"PDisposedDate",,,"0",,"0"
"TABLE_DETAILS","3","1","Identity",,,"Identity",,,"0",,"0"
"TABLE_DETAILS","3","2","Description",,,"Description",,,"0",,"0"
"TABLE_DETAILS","3","3","Status",,,"Status",,,"0",,"0"
"TABLE_DETAILS","3","4","Authoriser",,,"Authoriser",,,"0",,"0"
"TABLE_DETAILS","3","5","AuthorisationNotes",,,"AuthorisationNotes",,,"0",,"0"
"TABLE_DETAILS","3","6","DateAuthorised",,,"DateAuthorised",,,"0",,"0"
"TABLE_DETAILS","3","7","Instrument",,,"Instrument",,,"0",,"0"
"TABLE_DETAILS","3","8","Analyst",,,"Analyst",,,"0",,"0"
"TABLE_DETAILS","3","9","BatchComment",,,"BatchComment",,,"100",,"0"
"TABLE_DETAILS","3","10","PPrepDate",,,"PPrepDate",,,"100",,"0"
"TABLE_DETAILS","3","11","PPrepBy",,,"PPrepBy",,,"100",,"0"
"TABLE_DETAILS","66","1","Analysis",,,"Analysis",,,"100",,"0"
"TABLE_DETAILS","66","2","PAnalyst",,,"PAnalyst",,,"100",,"0"
"TABLE_DETAILS","66","3","Status",,,"Status",,,"100",,"0"
"TABLE_DETAILS","66","4","DateStarted",,,"DateStarted",,,"100",,"0"
"TABLE_DETAILS","66","5","Sample.PCommissionNo",,,"Sample.PCommissionNo",,,"100",,"0"
"TABLE_DETAILS","66","6","TestCount",,,"TestCount",,,"100",,"0"
"TABLE_DETAILS","66","7","Completer",,,"Completer",,,"100",,"0"
"TABLE_DETAILS","66","8","Authoriser",,,"Authoriser",,,"100",,"0"
"TABLE_DETAILS","66","9","DateAuthorised",,,"DateAuthorised",,,"100",,"0"
"TABLE_DETAILS","66","10","AuthorisationComment",,,"AuthorisationComment",,,"100",,"0"
"TABLE_DETAILS","66","11","InstrumentType",,,"InstrumentType",,,"100",,"0"
"TABLE_DETAILS","66","12","ParentJobName",,,"ParentJobName",,,"100",,"0"
"TABLE_DETAILS","66","13","Comments",,,"Comments",,,"100",,"0"
"TABLE_DETAILS","126","1","BatchTemplate",,,"BatchTemplate",,,"100",,"0"
"TABLE_DETAILS","126","2","Description",,,"Description",,,"100",,"0"
"TABLE_DETAILS","126","3","LabMethodName",,,"LabMethodName",,,"100",,"0"
"TABLE_DETAILS","126","4","ApprovalStatus",,,"ApprovalStatus",,,"100",,"0"
"TABLE_DETAILS","126","5","DetailsContent",,,"DetailsContent",,,"100",,"0"
"TABLE_DETAILS","166","1","SamplingPoint",,,"SamplingPoint",,,"100",,"0"
"TABLE_DETAILS","166","2","RaceDate",,,"RaceDate",,,"100",,"0"
"TABLE_DETAILS","166","3","RaceNo",,,"RaceNo",,,"100",,"0"
"TABLE_DETAILS","166","4","AnimalId",,,"AnimalId",,,"100",,"0"
"TABLE_DETAILS","166","5","HorseName",,,"HorseName",,,"100",,"0"
"TABLE_DETAILS","166","6","JobName",,,"JobName",,,"100",,"0"
"TABLE_DETAILS","168","1","SamplingPoint",,,"SamplingPoint",,,"100",,"0"
"TABLE_DETAILS","168","2","RaceDate",,,"RaceDate",,,"100",,"0"
"TABLE_DETAILS","168","3","Identity",,,"Identity",,,"100",,"0"
"TABLE_DETAILS","168","4","RaceNo",,,"RaceNo",,,"100",,"0"
"TABLE_DETAILS","168","5","SubmittedBy",,,"SubmittedBy",,,"100",,"0"
"TABLE_DETAILS","170","1","Identity",,,"Identity",,,"100",,"0"
"TABLE_DETAILS","170","2","Customer",,,"Customer",,,"100",,"0"
"TABLE_DETAILS","170","3","ContactName",,,"ContactName",,,"100",,"0"
"TABLE_DETAILS","170","4","FirstName",,,"FirstName",,,"100",,"0"
"TABLE_DETAILS","170","5","LastName",,,"LastName",,,"100",,"0"
"TABLE_DETAILS","170","6","Email",,,"Email",,,"100",,"0"
"TABLE_DETAILS","170","7","WorkNum",,,"WorkNum",,,"100",,"0"
"TABLE_DETAILS","170","8","PrimaryContact",,,"PrimaryContact",,,"100",,"0"
"TABLE_DETAILS","171","1","Identity",,,"Identity",,,"100",,"0"
"TABLE_DETAILS","171","2","Shipment",,,"Shipment",,,"100",,"0"
"TABLE_DETAILS","171","3","Container Identity",,,"Container.Identity",,,"100",,"0"
"TABLE_DETAILS","171","4","Race Track - SamplingPoint",,,"SamplingPoint",,,"100",,"0"
"TABLE_DETAILS","171","5","DateReceived",,,"DateReceived",,,"100",,"0"
"TABLE_DETAILS","171","6","ShipmentDate",,,"ShipmentDate",,,"100",,"0"
"TABLE_DETAILS","172","1","ShipmentDate",,,"ShipmentDate",,,"100",,"0"
"TABLE_DETAILS","172","2","Shipped",,,"Shipped",,,"100",,"0"
"TABLE_DETAILS","172","3","Containers",,,"ContainersString",,,"100",,"0"
"TABLE_DETAILS","172","4","Identity",,,"Identity",,,"100",,"0"
"TABLE_DETAILS","172","5","SamplingPoint",,,"SamplingPoint",,,"100",,"0"
"TABLE_DETAILS","172","6","Checked",,,"Checked",,,"100",,"0"
"TABLE_DETAILS","173","1","SamplingPoint",,,"SamplingPoint",,,"100",,"0"
"TABLE_DETAILS","173","2","RaceId",,,"RaceId",,,"100",,"0"
"TABLE_DETAILS","173","3","RaceDate",,,"RaceDate",,,"100",,"0"
"TABLE_DETAILS","173","4","AnimalId",,,"AnimalId",,,"100",,"0"
"TABLE_DETAILS","173","5","SpecimenType",,,"SpecimenType",,,"100",,"0"
"TABLE_DETAILS$ADREANCE","24","1","Name",,,"NAME",,,"-2",,"0"
"TABLE_DETAILS$ADREANCE","24","2","Identity",,,"IDENTITY",,,"-2",,"0"
"TABLE_DETAILS$ADREANCE","24","3","Browse description",,,"BROWSE_DESCRIPTION",,,"-2",,"0"
"TABLE_DETAILS$CHEMIST","12","1","Identity",,,"IDENTITY",,,"-2",,"0"
"TABLE_DETAILS$CHEMIST","12","2","Description",,,"DESCRIPTION",,,"-2",,"0"
"TABLE_DETAILS$CHEMIST","58","1","Id text",,,"ID_TEXT",,,"-2",,"0"
"TABLE_DETAILS$CHEMIST","58","2","Id numeric",,,"ID_NUMERIC",,,"-2",,"0"
"TABLE_DETAILS$CHEMIST","58","3","Analysis",,,"ANALYSIS",,,"-2",,"0"
"TABLE_DETAILS$CHEMIST","58","4","Test count",,,"TEST_COUNT",,,"-2",,"0"
"TABLE_DETAILS$CHEMIST","58","5","Test status",,,"TEST_STATUS",,,"-2",,"0"
"TABLE_DETAILS$CHEMIST","58","6","Instrument",,,"INSTRUMENT",,,"-2",,"0"
"TABLE_DETAILS$CHEMIST","58","7","Job name",,,"JOB_NAME",,,"-2",,"0"
"TABLE_DETAILS$CMMCAU","15","1","Name",,,"NAME",,,"-2",,"0"
"TABLE_DETAILS$CMMCAU","15","2","Identity",,,"IDENTITY",,,"-2",,"0"
"TABLE_DETAILS$CMMCAU","15","3","Description",,,"DESCRIPTION",,,"-2",,"0"
"TABLE_DETAILS$CMMCAU","24","1","Name",,,"NAME",,,"-2",,"0"
"TABLE_DETAILS$CMMCAU","24","2","Identity",,,"IDENTITY",,,"-2",,"0"
"TABLE_DETAILS$CMMCAU","24","3","Browse description",,,"BROWSE_DESCRIPTION",,,"-2",,"0"
"TABLE_DETAILS$CMMCAU","25","1","Name",,,"NAME",,,"-2",,"0"
"TABLE_DETAILS$CMMCAU","25","2","Identity",,,"IDENTITY",,,"-2",,"0"
"TABLE_DETAILS$CMMCAU","25","3","Description",,,"DESCRIPTION",,,"-2",,"0"
"TABLE_DETAILS$CMMCAU","28","1","Name",,,"NAME",,,"-2",,"0"
"TABLE_DETAILS$CMMCAU","28","2","Identity",,,"IDENTITY",,,"-2",,"0"
"TABLE_DETAILS$CMMCAU","28","3","Description",,,"DESCRIPTION",,,"-2",,"0"
"TABLE_DETAILS$CMMCAU","58","1","Id numeric",,,"ID_NUMERIC",,,"-2",,"0"
"TABLE_DETAILS$CMMCAU","58","2","Analysis",,,"ANALYSIS",,,"-2",,"0"
"TABLE_DETAILS$CMMCAU","58","3","Test count",,,"TEST_COUNT",,,"-2",,"0"
"TABLE_DETAILS$CMMCAU","58","4","Test status",,,"TEST_STATUS",,,"-2",,"0"
"TABLE_DETAILS$CMMCAU","58","5","Instrument",,,"INSTRUMENT",,,"-2",,"0"
"TABLE_DETAILS$CMMCAU","58","6","Job name",,,"JOB_NAME",,,"-2",,"0"
"TABLE_DETAILS$DEBORAH","1","1","ID Numeric",,,"ID_NUMERIC",,,"-2",,"0"
"TABLE_DETAILS$DEBORAH","1","2","ID Text",,,"ID_TEXT",,,"-2",,"0"
"TABLE_DETAILS$DEBORAH","1","3","Status",,,"STATUS",,,"-2",,"0"
"TABLE_DETAILS$DEBORAH","1","4","Login date",,,"LOGIN_DATE",,,"-2",,"0"
"TABLE_DETAILS$DEBORAH","2","1","Job name",,,"JOB_NAME",,,"-2",,"0"
"TABLE_DETAILS$DEBORAH","2","2","Browse description",,,"BROWSE_DESCRIPTION",,,"-2",,"0"
"TABLE_DETAILS$DEBORAH","8","1","Name",,,"NAME",,,"-2",,"0"
"TABLE_DETAILS$DEBORAH","8","2","Project id",,,"PROJECT_ID",,,"-2",,"0"
"TABLE_DETAILS$DEBORAH","8","3","Browse description",,,"BROWSE_DESCRIPTION",,,"-2",,"0"
"TABLE_DETAILS$DEBORAH","12","1","Identity",,,"IDENTITY",,,"-2",,"0"
"TABLE_DETAILS$DEBORAH","12","2","Description",,,"DESCRIPTION",,,"-2",,"0"
"TABLE_DETAILS$DEBORAH","18","1","Name",,,"NAME",,,"-2",,"0"
"TABLE_DETAILS$DEBORAH","18","2","Level id",,,"LEVEL_ID",,,"-2",,"0"
"TABLE_DETAILS$DEBORAH","18","3","Description",,,"DESCRIPTION",,,"-2",,"0"
"TABLE_DETAILS$DEBORAH","23","1","Name",,,"NAME",,,"-2",,"0"
"TABLE_DETAILS$DEBORAH","23","2","Identity",,,"IDENTITY",,,"-2",,"0"
"TABLE_DETAILS$DEBORAH","23","3","Description",,,"DESCRIPTION",,,"-2",,"0"
"TABLE_DETAILS$DEBORAH","42","1","Name",,,"NAME",,,"-2",,"0"
"TABLE_DETAILS$DEBORAH","42","2","Identity",,,"IDENTITY",,,"-2",,"0"
"TABLE_DETAILS$DEBORAH","42","3","Title",,,"TITLE",,,"-2",,"0"
"TABLE_DETAILS$DEBORAH","50","1","Identity",,,"IDENTITY",,,"-2",,"0"
"TABLE_DETAILS$DEBORAH","50","2","Table name",,,"TABLE_NAME",,,"-2",,"0"
"TABLE_DETAILS$DEBORAH","50","3","Description",,,"DESCRIPTION",,,"-2",,"0"
"TABLE_DETAILS$DEBORAH","58","1","Id text",,,"ID_TEXT",,,"-2",,"0"
"TABLE_DETAILS$DEBORAH","58","2","Id numeric",,,"ID_NUMERIC",,,"-2",,"0"
"TABLE_DETAILS$DEBORAH","58","3","Analysis",,,"ANALYSIS",,,"-2",,"0"
"TABLE_DETAILS$DEBORAH","58","4","Test count",,,"TEST_COUNT",,,"-2",,"0"
"TABLE_DETAILS$DEBORAH","58","5","Test status",,,"TEST_STATUS",,,"-2",,"0"
"TABLE_DETAILS$DEBORAH","58","6","Instrument",,,"INSTRUMENT",,,"-2",,"0"
"TABLE_DETAILS$DEBORAH","82","1","Name",,,"NAME",,,"-2",,"0"
"TABLE_DETAILS$DEBORAH","82","2","Identity",,,"IDENTITY",,,"-2",,"0"
"TABLE_DETAILS$DEBORAH","82","3","Description",,,"DESCRIPTION",,,"-2",,"0"
"TABLE_DETAILS$DEBORAH","117","1","Comp list",,,"COMP_LIST",,,"-2",,"0"
"TABLE_DETAILS$DEBORAH","117","2","Description",,,"DESCRIPTION",,,"-2",,"0"
"TABLE_DETAILS$DST","1","1","ID Numeric",,,"ID_NUMERIC",,,"-2",,"0"
"TABLE_DETAILS$DST","1","2","ID Text",,,"ID_TEXT",,,"-2",,"0"
"TABLE_DETAILS$DST","1","3","Status",,,"STATUS",,,"-2",,"0"
"TABLE_DETAILS$DST","1","4","Login date",,,"LOGIN_DATE",,,"-2",,"0"
"TABLE_DETAILS$DST","2","1","Job name",,,"JOB_NAME",,,"-2",,"0"
"TABLE_DETAILS$DST","2","2","Browse description",,,"BROWSE_DESCRIPTION",,,"-2",,"0"
"TABLE_DETAILS$DST","3","1","Identity",,,"IDENTITY",,,"-2",,"0"
"TABLE_DETAILS$DST","3","2","Description",,,"DESCRIPTION",,,"-2",,"0"
"TABLE_DETAILS$DST","12","1","Identity",,,"IDENTITY",,,"-2",,"0"
"TABLE_DETAILS$DST","12","2","Description",,,"DESCRIPTION",,,"-2",,"0"
"TABLE_DETAILS$DST","22","1","Name",,,"NAME",,,"-2",,"0"
"TABLE_DETAILS$DST","22","2","Identity",,,"IDENTITY",,,"-2",,"0"
"TABLE_DETAILS$DST","22","3","Description",,,"DESCRIPTION",,,"-2",,"0"
"TABLE_DETAILS$DST","24","1","Name",,,"NAME",,,"-2",,"0"
"TABLE_DETAILS$DST","24","2","Identity",,,"IDENTITY",,,"-2",,"0"
"TABLE_DETAILS$DST","24","3","Browse description",,,"BROWSE_DESCRIPTION",,,"-2",,"0"
"TABLE_DETAILS$DST","25","1","Name",,,"NAME",,,"-2",,"0"
"TABLE_DETAILS$DST","25","2","Identity",,,"IDENTITY",,,"-2",,"0"
"TABLE_DETAILS$DST","25","3","Description",,,"DESCRIPTION",,,"-2",,"0"
"TABLE_DETAILS$DST","28","1","Name",,,"NAME",,,"-2",,"0"
"TABLE_DETAILS$DST","28","2","Identity",,,"IDENTITY",,,"-2",,"0"
"TABLE_DETAILS$DST","28","3","Description",,,"DESCRIPTION",,,"-2",,"0"
"TABLE_DETAILS$DST","39","1","Name",,,"NAME",,,"-2",,"0"
"TABLE_DETAILS$DST","39","2","Identity",,,"IDENTITY",,,"-2",,"0"
"TABLE_DETAILS$DST","39","3","Description",,,"DESCRIPTION",,,"-2",,"0"
"TABLE_DETAILS$DST","58","1","Id text",,,"ID_TEXT",,,"-2",,"0"
"TABLE_DETAILS$DST","58","2","Id numeric",,,"ID_NUMERIC",,,"-2",,"0"
"TABLE_DETAILS$DST","58","3","Analysis",,,"ANALYSIS",,,"-2",,"0"
"TABLE_DETAILS$DST","58","4","Test count",,,"TEST_COUNT",,,"-2",,"0"
"TABLE_DETAILS$DST","58","5","Test status",,,"TEST_STATUS",,,"-2",,"0"
"TABLE_DETAILS$DST","58","6","Instrument",,,"INSTRUMENT",,,"-2",,"0"
"TABLE_DETAILS$DST","58","7","Job name",,,"JOB_NAME",,,"-2",,"0"
"TABLE_DETAILS$DTOLBERT","1","1","ID Text",,,"ID_TEXT",,,"-2",,"0"
"TABLE_DETAILS$DTOLBERT","1","2","Status",,,"STATUS",,,"-2",,"0"
"TABLE_DETAILS$DTOLBERT","1","3","Login date",,,"LOGIN_DATE",,,"-2",,"0"
"TABLE_DETAILS$DTOLBERT","2","1","Job name",,,"JOB_NAME",,,"-2",,"0"
"TABLE_DETAILS$DTOLBERT","2","2","Browse description",,,"BROWSE_DESCRIPTION",,,"-2",,"0"
"TABLE_DETAILS$DTOLBERT","11","1","Name",,,"NAME",,,"-2",,"0"
"TABLE_DETAILS$DTOLBERT","11","2","Identity",,,"IDENTITY",,,"-2",,"0"
"TABLE_DETAILS$DTOLBERT","11","3","Description",,,"DESCRIPTION",,,"-2",,"0"
"TABLE_DETAILS$DTOLBERT","15","1","Name",,,"NAME",,,"-2",,"0"
"TABLE_DETAILS$DTOLBERT","15","2","Identity",,,"IDENTITY",,,"-2",,"0"
"TABLE_DETAILS$DTOLBERT","15","3","Description",,,"DESCRIPTION",,,"-2",,"0"
"TABLE_DETAILS$DTOLBERT","17","1","Name",,,"NAME",,,"-2",,"0"
"TABLE_DETAILS$DTOLBERT","17","2","Identity",,,"IDENTITY",,,"-2",,"0"
"TABLE_DETAILS$DTOLBERT","17","3","Product version",,,"PRODUCT_VERSION",,,"-2",,"0"
"TABLE_DETAILS$DTOLBERT","17","4","Description",,,"DESCRIPTION",,,"-2",,"0"
"TABLE_DETAILS$DTOLBERT","17","5","Approval status",,,"APPROVAL_STATUS",,,"-2",,"0"
"TABLE_DETAILS$DTOLBERT","24","1","Name",,,"NAME",,,"-2",,"0"
"TABLE_DETAILS$DTOLBERT","24","2","Identity",,,"IDENTITY",,,"-2",,"0"
"TABLE_DETAILS$DTOLBERT","24","3","Browse description",,,"BROWSE_DESCRIPTION",,,"-2",,"0"
"TABLE_DETAILS$DTOLBERT","28","1","Name",,,"NAME",,,"-2",,"0"
"TABLE_DETAILS$DTOLBERT","28","2","Identity",,,"IDENTITY",,,"-2",,"0"
"TABLE_DETAILS$DTOLBERT","28","3","Description",,,"DESCRIPTION",,,"-2",,"0"
"TABLE_DETAILS$DTOLBERT","49","1","Name",,,"NAME",,,"-2",,"0"
"TABLE_DETAILS$DTOLBERT","49","2","Identity",,,"IDENTITY",,,"-2",,"0"
"TABLE_DETAILS$DTOLBERT","49","3","Description",,,"DESCRIPTION",,,"-2",,"0"
"TABLE_DETAILS$DTOLBERT","58","1","Id numeric",,,"ID_NUMERIC",,,"-2",,"0"
"TABLE_DETAILS$DTOLBERT","58","2","Analysis",,,"ANALYSIS",,,"-2",,"0"
"TABLE_DETAILS$DTOLBERT","58","3","Test count",,,"TEST_COUNT",,,"-2",,"0"
"TABLE_DETAILS$DTOLBERT","58","4","Test status",,,"TEST_STATUS",,,"-2",,"0"
"TABLE_DETAILS$DTOLBERT","58","5","Instrument",,,"INSTRUMENT",,,"-2",,"0"
"TABLE_DETAILS$DTOLBERT","58","6","Job name",,,"JOB_NAME",,,"-2",,"0"
"TABLE_DETAILS$EVANXUE","1","1","ID Numeric",,,"ID_NUMERIC",,,"-2",,"0"
"TABLE_DETAILS$EVANXUE","1","2","ID Text",,,"ID_TEXT",,,"-2",,"0"
"TABLE_DETAILS$EVANXUE","1","3","Status",,,"STATUS",,,"-2",,"0"
"TABLE_DETAILS$EVANXUE","1","4","Login date",,,"LOGIN_DATE",,,"-2",,"0"
"TABLE_DETAILS$EVANXUE","3","1","Identity",,,"IDENTITY",,,"-2",,"0"
"TABLE_DETAILS$EVANXUE","3","2","Description",,,"DESCRIPTION",,,"-2",,"0"
"TABLE_DETAILS$EVANXUE","12","1","Identity",,,"IDENTITY",,,"-2",,"0"
"TABLE_DETAILS$EVANXUE","12","2","Description",,,"DESCRIPTION",,,"-2",,"0"
"TABLE_DETAILS$EVANXUE","17","1","Name",,,"NAME",,,"-2",,"0"
"TABLE_DETAILS$EVANXUE","17","2","Identity",,,"IDENTITY",,,"-2",,"0"
"TABLE_DETAILS$EVANXUE","17","3","Product version",,,"PRODUCT_VERSION",,,"-2",,"0"
"TABLE_DETAILS$EVANXUE","17","4","Description",,,"DESCRIPTION",,,"-2",,"0"
"TABLE_DETAILS$EVANXUE","17","5","Approval status",,,"APPROVAL_STATUS",,,"-2",,"0"
"TABLE_DETAILS$EVANXUE","18","1","Name",,,"NAME",,,"-2",,"0"
"TABLE_DETAILS$EVANXUE","18","2","Level id",,,"LEVEL_ID",,,"-2",,"0"
"TABLE_DETAILS$EVANXUE","18","3","Description",,,"DESCRIPTION",,,"-2",,"0"
"TABLE_DETAILS$EVANXUE","21","1","Unit Symbol",,,"IDENTITY",,,"-2",,"0"
"TABLE_DETAILS$EVANXUE","21","2","Quantity",,,"QUANTITY",,,"-2",,"0"
"TABLE_DETAILS$EVANXUE","21","3","Common Name",,,"DESCRIPTION",,,"-2",,"0"
"TABLE_DETAILS$EVANXUE","23","1","Name",,,"NAME",,,"-2",,"0"
"TABLE_DETAILS$EVANXUE","23","2","Identity",,,"IDENTITY",,,"-2",,"0"
"TABLE_DETAILS$EVANXUE","23","3","Description",,,"DESCRIPTION",,,"-2",,"0"
"TABLE_DETAILS$EVANXUE","24","1","Name",,,"NAME",,,"-2",,"0"
"TABLE_DETAILS$EVANXUE","24","2","Identity",,,"IDENTITY",,,"-2",,"0"
"TABLE_DETAILS$EVANXUE","24","3","Browse description",,,"BROWSE_DESCRIPTION",,,"-2",,"0"
"TABLE_DETAILS$EVANXUE","28","1","Name",,,"NAME",,,"-2",,"0"
"TABLE_DETAILS$EVANXUE","28","2","Identity",,,"IDENTITY",,,"-2",,"0"
"TABLE_DETAILS$EVANXUE","28","3","Description",,,"DESCRIPTION",,,"-2",,"0"
"TABLE_DETAILS$EVANXUE","39","1","Name",,,"NAME",,,"-2",,"0"
"TABLE_DETAILS$EVANXUE","39","2","Identity",,,"IDENTITY",,,"-2",,"0"
"TABLE_DETAILS$EVANXUE","39","3","Description",,,"DESCRIPTION",,,"-2",,"0"
"TABLE_DETAILS$EVANXUE","42","1","Name",,,"NAME",,,"-2",,"0"
"TABLE_DETAILS$EVANXUE","42","2","Identity",,,"IDENTITY",,,"-2",,"0"
"TABLE_DETAILS$EVANXUE","42","3","Title",,,"TITLE",,,"-2",,"0"
"TABLE_DETAILS$EVANXUE","48","1","Name",,,"NAME",,,"-2",,"0"
"TABLE_DETAILS$EVANXUE","48","2","Identity",,,"IDENTITY",,,"-2",,"0"
"TABLE_DETAILS$EVANXUE","48","3","Description",,,"DESCRIPTION",,,"-2",,"0"
"TABLE_DETAILS$EVANXUE","50","1","Identity",,,"IDENTITY",,,"-2",,"0"
"TABLE_DETAILS$EVANXUE","50","2","Table name",,,"TABLE_NAME",,,"-2",,"0"
"TABLE_DETAILS$EVANXUE","50","3","Description",,,"DESCRIPTION",,,"-2",,"0"
"TABLE_DETAILS$EVANXUE","58","1","Id numeric",,,"ID_NUMERIC",,,"-2",,"0"
"TABLE_DETAILS$EVANXUE","58","2","Analysis",,,"ANALYSIS",,,"-2",,"0"
"TABLE_DETAILS$EVANXUE","58","3","Test count",,,"TEST_COUNT",,,"-2",,"0"
"TABLE_DETAILS$EVANXUE","58","4","Test status",,,"TEST_STATUS",,,"-2",,"0"
"TABLE_DETAILS$EVANXUE","58","5","Instrument",,,"INSTRUMENT",,,"-2",,"0"
"TABLE_DETAILS$EVANXUE","58","6","Job name",,,"JOB_NAME",,,"-2",,"0"
"TABLE_DETAILS$EVANXUE","108","1","Name",,,"NAME",,,"-2",,"0"
"TABLE_DETAILS$EVANXUE","108","2","Identity",,,"IDENTITY",,,"-2",,"0"
"TABLE_DETAILS$EVANXUE","108","3","Description",,,"DESCRIPTION",,,"-2",,"0"
"TABLE_DETAILS$EXTESTCHEM","1","1","ID Text",,,"ID_TEXT",,,"-2",,"0"
"TABLE_DETAILS$EXTESTCHEM","1","2","Status",,,"Status",,,"-2",,"0"
"TABLE_DETAILS$EXTESTCHEM","1","3","Login date",,,"LOGIN_DATE",,,"-2",,"0"
"TABLE_DETAILS$EXTESTCHEM","1","4","Recd date",,,"RECD_DATE",,,"-2",,"0"
"TABLE_DETAILS$EXTESTCHEM","1","5","Authoriser",,,"Authoriser",,,"-2",,"0"
"TABLE_DETAILS$EXTESTCHEM","2","1","Job name",,,"JOB_NAME",,,"-2",,"0"
"TABLE_DETAILS$EXTESTCHEM","2","2","Browse description",,,"BROWSE_DESCRIPTION",,,"-2",,"0"
"TABLE_DETAILS$EXTESTCHEM","3","1","Identity",,,"IDENTITY",,,"-2",,"0"
"TABLE_DETAILS$EXTESTCHEM","3","2","Description",,,"DESCRIPTION",,,"-2",,"0"
"TABLE_DETAILS$EXTESTCHEM","5","1","Name",,,"NAME",,,"-2",,"0"
"TABLE_DETAILS$EXTESTCHEM","5","2","Identity",,,"IDENTITY",,,"-2",,"0"
"TABLE_DETAILS$EXTESTCHEM","5","3","Location type",,,"LOCATION_TYPE",,,"-2",,"0"
"TABLE_DETAILS$EXTESTCHEM","5","4","Description",,,"DESCRIPTION",,,"-2",,"0"
"TABLE_DETAILS$EXTESTCHEM","7","1","Name",,,"NAME",,,"-2",,"0"
"TABLE_DETAILS$EXTESTCHEM","7","2","Identity",,,"IDENTITY",,,"-2",,"0"
"TABLE_DETAILS$EXTESTCHEM","7","3","Description",,,"DESCRIPTION",,,"-2",,"0"
"TABLE_DETAILS$EXTESTCHEM","12","1","Identity",,,"IDENTITY",,,"-2",,"0"
"TABLE_DETAILS$EXTESTCHEM","12","2","Description",,,"DESCRIPTION",,,"-2",,"0"
"TABLE_DETAILS$EXTESTCHEM","18","1","Name",,,"NAME",,,"-2",,"0"
"TABLE_DETAILS$EXTESTCHEM","18","2","Level id",,,"LEVEL_ID",,,"-2",,"0"
"TABLE_DETAILS$EXTESTCHEM","18","3","Description",,,"DESCRIPTION",,,"-2",,"0"
"TABLE_DETAILS$EXTESTCHEM","22","1","Name",,,"NAME",,,"-2",,"0"
"TABLE_DETAILS$EXTESTCHEM","22","2","Identity",,,"IDENTITY",,,"-2",,"0"
"TABLE_DETAILS$EXTESTCHEM","22","3","Description",,,"DESCRIPTION",,,"-2",,"0"
"TABLE_DETAILS$EXTESTCHEM","24","1","Name",,,"NAME",,,"-2",,"0"
"TABLE_DETAILS$EXTESTCHEM","24","2","Identity",,,"IDENTITY",,,"-2",,"0"
"TABLE_DETAILS$EXTESTCHEM","24","3","Browse description",,,"BROWSE_DESCRIPTION",,,"-2",,"0"
"TABLE_DETAILS$EXTESTCHEM","25","1","Name",,,"NAME",,,"-2",,"0"
"TABLE_DETAILS$EXTESTCHEM","25","2","Identity",,,"IDENTITY",,,"-2",,"0"
"TABLE_DETAILS$EXTESTCHEM","25","3","Description",,,"DESCRIPTION",,,"-2",,"0"
"TABLE_DETAILS$EXTESTCHEM","39","1","Name",,,"NAME",,,"-2",,"0"
"TABLE_DETAILS$EXTESTCHEM","39","2","Identity",,,"IDENTITY",,,"-2",,"0"
"TABLE_DETAILS$EXTESTCHEM","39","3","Description",,,"DESCRIPTION",,,"-2",,"0"
"TABLE_DETAILS$EXTESTCHEM","42","1","Name",,,"NAME",,,"-2",,"0"
"TABLE_DETAILS$EXTESTCHEM","42","2","Identity",,,"IDENTITY",,,"-2",,"0"
"TABLE_DETAILS$EXTESTCHEM","42","3","Title",,,"TITLE",,,"-2",,"0"
"TABLE_DETAILS$EXTESTCHEM","44","1","Procedure num",,,"PROCEDURE_NUM",,,"-2",,"0"
"TABLE_DETAILS$EXTESTCHEM","44","2","Description",,,"DESCRIPTION",,,"-2",,"0"
"TABLE_DETAILS$EXTESTCHEM","44","3","Data type",,,"DATA_TYPE",,,"-2",,"0"
"TABLE_DETAILS$EXTESTCHEM","44","4","Action type",,,"ACTION_TYPE",,,"-2",,"0"
"TABLE_DETAILS$EXTESTCHEM","48","1","Name",,,"NAME",,,"-2",,"0"
"TABLE_DETAILS$EXTESTCHEM","48","2","Identity",,,"IDENTITY",,,"-2",,"0"
"TABLE_DETAILS$EXTESTCHEM","48","3","Description",,,"DESCRIPTION",,,"-2",,"0"
"TABLE_DETAILS$EXTESTCHEM","50","1","Identity",,,"IDENTITY",,,"-2",,"0"
"TABLE_DETAILS$EXTESTCHEM","50","2","Table name",,,"TABLE_NAME",,,"-2",,"0"
"TABLE_DETAILS$EXTESTCHEM","50","3","Description",,,"DESCRIPTION",,,"-2",,"0"
"TABLE_DETAILS$EXTESTCHEM","58","1","Id text",,,"ID_TEXT",,,"-2",,"0"
"TABLE_DETAILS$EXTESTCHEM","58","2","Id numeric",,,"ID_NUMERIC",,,"-2",,"0"
"TABLE_DETAILS$EXTESTCHEM","58","3","Analysis",,,"ANALYSIS",,,"-2",,"0"
"TABLE_DETAILS$EXTESTCHEM","58","4","Test count",,,"TEST_COUNT",,,"-2",,"0"
"TABLE_DETAILS$EXTESTCHEM","58","5","Test status",,,"TEST_STATUS",,,"-2",,"0"
"TABLE_DETAILS$EXTESTCHEM","58","6","Instrument",,,"INSTRUMENT",,,"-2",,"0"
"TABLE_DETAILS$EXTESTCHEM","58","7","Job name",,,"JOB_NAME",,,"-2",,"0"
"TABLE_DETAILS$EXTESTCHEM","75","1","Menu name",,,"MENU_NAME",,,"-2",,"0"
"TABLE_DETAILS$EXTESTCHEM","82","1","Name",,,"NAME",,,"-2",,"0"
"TABLE_DETAILS$EXTESTCHEM","82","2","Identity",,,"IDENTITY",,,"-2",,"0"
"TABLE_DETAILS$EXTESTCHEM","82","3","Description",,,"DESCRIPTION",,,"-2",,"0"
"TABLE_DETAILS$FUYU","1","1","ID Numeric",,,"ID_NUMERIC",,,"-2",,"0"
"TABLE_DETAILS$FUYU","1","2","ID Text",,,"ID_TEXT",,,"-2",,"0"
"TABLE_DETAILS$FUYU","1","3","Status",,,"STATUS",,,"-2",,"0"
"TABLE_DETAILS$FUYU","1","4","Login date",,,"LOGIN_DATE",,,"-2",,"0"
"TABLE_DETAILS$GARYW","2","1","Job name",,,"JOB_NAME",,,"-2",,"0"
"TABLE_DETAILS$GARYW","2","2","Date created",,,"DATE_CREATED",,,"-2",,"0"
"TABLE_DETAILS$GARYW","2","3","Browse description",,,"BROWSE_DESCRIPTION",,,"-2",,"0"
"TABLE_DETAILS$GARYW","3","1","Identity",,,"IDENTITY",,,"-2",,"0"
"TABLE_DETAILS$GARYW","3","2","Description",,,"DESCRIPTION",,,"-2",,"0"
"TABLE_DETAILS$GARYW","12","1","Identity",,,"IDENTITY",,,"-2",,"0"
"TABLE_DETAILS$GARYW","12","2","Description",,,"DESCRIPTION",,,"-2",,"0"
"TABLE_DETAILS$GARYW","15","1","Name",,,"NAME",,,"-2",,"0"
"TABLE_DETAILS$GARYW","15","2","Identity",,,"IDENTITY",,,"-2",,"0"
"TABLE_DETAILS$GARYW","15","3","Description",,,"DESCRIPTION",,,"-2",,"0"
"TABLE_DETAILS$GARYW","17","1","Name",,,"NAME",,,"-2",,"0"
"TABLE_DETAILS$GARYW","17","2","Identity",,,"IDENTITY",,,"-2",,"0"
"TABLE_DETAILS$GARYW","17","3","Product version",,,"PRODUCT_VERSION",,,"-2",,"0"
"TABLE_DETAILS$GARYW","17","4","Description",,,"DESCRIPTION",,,"-2",,"0"
"TABLE_DETAILS$GARYW","17","5","Approval status",,,"APPROVAL_STATUS",,,"-2",,"0"
"TABLE_DETAILS$GARYW","18","1","Name",,,"NAME",,,"-2",,"0"
"TABLE_DETAILS$GARYW","18","2","Level id",,,"LEVEL_ID",,,"-2",,"0"
"TABLE_DETAILS$GARYW","18","3","Description",,,"DESCRIPTION",,,"-2",,"0"
"TABLE_DETAILS$GARYW","20","1","Identity",,,"IDENTITY",,,"-2",,"0"
"TABLE_DETAILS$GARYW","20","2","Name",,,"NAME",,,"-2",,"0"
"TABLE_DETAILS$GARYW","20","3","Description",,,"DESCRIPTION",,,"-2",,"0"
"TABLE_DETAILS$GARYW","37","1","Session id",,,"SESSION_ID",,,"-2",,"0"
"TABLE_DETAILS$GARYW","37","2","Operator",,,"OPERATOR",,,"-2",,"0"
"TABLE_DETAILS$GARYW","39","1","Name",,,"NAME",,,"-2",,"0"
"TABLE_DETAILS$GARYW","39","2","Identity",,,"IDENTITY",,,"-2",,"0"
"TABLE_DETAILS$GARYW","39","3","Description",,,"DESCRIPTION",,,"-2",,"0"
"TABLE_DETAILS$GARYW","42","1","Name",,,"NAME",,,"-2",,"0"
"TABLE_DETAILS$GARYW","42","2","Identity",,,"IDENTITY",,,"-2",,"0"
"TABLE_DETAILS$GARYW","42","3","Title",,,"TITLE",,,"-2",,"0"
"TABLE_DETAILS$GARYW","44","1","Procedure num",,,"PROCEDURE_NUM",,,"-2",,"0"
"TABLE_DETAILS$GARYW","44","2","Description",,,"DESCRIPTION",,,"-2",,"0"
"TABLE_DETAILS$GARYW","44","3","Data type",,,"DATA_TYPE",,,"-2",,"0"
"TABLE_DETAILS$GARYW","44","4","Action type",,,"ACTION_TYPE",,,"-2",,"0"
"TABLE_DETAILS$GARYW","48","1","Name",,,"NAME",,,"-2",,"0"
"TABLE_DETAILS$GARYW","48","2","Identity",,,"IDENTITY",,,"-2",,"0"
"TABLE_DETAILS$GARYW","48","3","Description",,,"DESCRIPTION",,,"-2",,"0"
"TABLE_DETAILS$GARYW","50","1","Identity",,,"IDENTITY",,,"-2",,"0"
"TABLE_DETAILS$GARYW","50","2","Table name",,,"TABLE_NAME",,,"-2",,"0"
"TABLE_DETAILS$GARYW","50","3","Description",,,"DESCRIPTION",,,"-2",,"0"
"TABLE_DETAILS$GARYW","53","1","Name",,,"NAME",,,"-2",,"0"
"TABLE_DETAILS$GARYW","53","2","Identity",,,"IDENTITY",,,"-2",,"0"
"TABLE_DETAILS$GARYW","53","3","Description",,,"DESCRIPTION",,,"-2",,"0"
"TABLE_DETAILS$GARYW","58","1","Id numeric",,,"ID_NUMERIC",,,"-2",,"0"
"TABLE_DETAILS$GARYW","58","2","Analysis",,,"ANALYSIS",,,"-2",,"0"
"TABLE_DETAILS$GARYW","58","3","Test count",,,"TEST_COUNT",,,"-2",,"0"
"TABLE_DETAILS$GARYW","58","4","Test status",,,"TEST_STATUS",,,"-2",,"0"
"TABLE_DETAILS$GARYW","58","5","Instrument",,,"INSTRUMENT",,,"-2",,"0"
"TABLE_DETAILS$GARYW","58","6","Job name",,,"JOB_NAME",,,"-2",,"0"
"TABLE_DETAILS$GARYW","66","1","Instrument batch",,,"INSTRUMENT_BATCH",,,"-2",,"0"
"TABLE_DETAILS$GARYW","66","2","Test number",,,"TEST_NUMBER",,,"-2",,"0"
"TABLE_DETAILS$GARYW","66","3","Analysis",,,"ANALYSIS",,,"-2",,"0"
"TABLE_DETAILS$GARYW","66","4","Sample",,,"SAMPLE",,,"-2",,"0"
"TABLE_DETAILS$GARYW","66","5","Status",,,"STATUS",,,"-2",,"0"
"TABLE_DETAILS$GARYW","79","1","Folder number",,,"FOLDER_NUMBER",,,"-2",,"0"
"TABLE_DETAILS$GARYW","79","2","Name",,,"NAME",,,"-2",,"0"
"TABLE_DETAILS$GARYW","79","3","Cabinet",,,"CABINET",,,"-2",,"0"
"TABLE_DETAILS$GARYW","79","4","Table name",,,"TABLE_NAME",,,"-2",,"0"
"TABLE_DETAILS$GARYW","79","5","Description",,,"DESCRIPTION",,,"-2",,"0"
"TABLE_DETAILS$GARYW","82","1","Name",,,"NAME",,,"-2",,"0"
"TABLE_DETAILS$GARYW","82","2","Identity",,,"IDENTITY",,,"-2",,"0"
"TABLE_DETAILS$GARYW","82","3","Description",,,"DESCRIPTION",,,"-2",,"0"
"TABLE_DETAILS$GARYW","93","1","Name",,,"NAME",,,"-2",,"0"
"TABLE_DETAILS$GARYW","93","2","Identity",,,"IDENTITY",,,"-2",,"0"
"TABLE_DETAILS$GARYW","93","3","Description",,,"DESCRIPTION",,,"-2",,"0"
"TABLE_DETAILS$GARYW","94","1","Name",,,"NAME",,,"-2",,"0"
"TABLE_DETAILS$GARYW","94","2","Identity",,,"IDENTITY",,,"-2",,"0"
"TABLE_DETAILS$GARYW","94","3","Description",,,"DESCRIPTION",,,"-2",,"0"
"TABLE_DETAILS$GARYW","108","1","Name",,,"NAME",,,"-2",,"0"
"TABLE_DETAILS$GARYW","108","2","Identity",,,"IDENTITY",,,"-2",,"0"
"TABLE_DETAILS$GARYW","108","3","Description",,,"DESCRIPTION",,,"-2",,"0"
"TABLE_DETAILS$GARYW","109","1","Stock",,,"STOCK",,,"-2",,"0"
"TABLE_DETAILS$GARYW","109","2","Stock batch",,,"STOCK_BATCH",,,"-2",,"0"
"TABLE_DETAILS$GARYW","109","3","Stock batch id",,,"STOCK_BATCH_ID",,,"-2",,"0"
"TABLE_DETAILS$GARYW","109","4","Batch",,,"BATCH",,,"-2",,"0"
"TABLE_DETAILS$GARYW","109","5","Location",,,"LOCATION",,,"-2",,"0"
"TABLE_DETAILS$GARYW","109","6","Initial amount",,,"INITIAL_AMOUNT",,,"-2",,"0"
"TABLE_DETAILS$GARYW","109","7","Unit",,,"UNIT",,,"-2",,"0"
"TABLE_DETAILS$GARYW","109","8","Status",,,"STATUS",,,"-2",,"0"
"TABLE_DETAILS$GARYW","109","9","Modified by",,,"MODIFIED_BY",,,"-2",,"0"
"TABLE_DETAILS$GARYW","109","10","Modified on",,,"MODIFIED_ON",,,"-2",,"0"
"TABLE_DETAILS$GARYW","112","1","Name",,,"NAME",,,"-2",,"0"
"TABLE_DETAILS$GARYW","112","2","Table name",,,"TABLE_NAME",,,"-2",,"0"
"TABLE_DETAILS$GARYW","112","3","Identity",,,"IDENTITY",,,"-2",,"0"
"TABLE_DETAILS$GARYW","112","4","Description",,,"DESCRIPTION",,,"-2",,"0"
"TABLE_DETAILS$GARYW","112","5","Include in menu",,,"INCLUDE_IN_MENU",,,"-2",,"0"
"TABLE_DETAILS$GARYW","114","1","Name",,,"NAME",,,"-2",,"0"
"TABLE_DETAILS$GARYW","114","2","Identity",,,"IDENTITY",,,"-2",,"0"
"TABLE_DETAILS$GARYW","114","3","Entity template version",,,"ENTITY_TEMPLATE_VERSION",,,"-2",,"0"
"TABLE_DETAILS$GARYW","114","4","Description",,,"DESCRIPTION",,,"-2",,"0"
"TABLE_DETAILS$GARYW","114","5","Table name",,,"TABLE_NAME",,,"-2",,"0"
"TABLE_DETAILS$GARYW","114","6","Approval status",,,"APPROVAL_STATUS",,,"-2",,"0"
"TABLE_DETAILS$GARYW","117","1","Comp list",,,"COMP_LIST",,,"-2",,"0"
"TABLE_DETAILS$GARYW","117","2","Description",,,"DESCRIPTION",,,"-2",,"0"
"TABLE_DETAILS$GARYW","166","1","Animal id",,,"ANIMAL_ID",,,"-2",,"0"
"TABLE_DETAILS$GARYW","166","2","Identity",,,"IDENTITY",,,"-2",,"0"
"TABLE_DETAILS$GARYW","173","1","Race id",,,"RACE_ID",,,"-2",,"0"
"TABLE_DETAILS$GARYW","173","2","Race card id",,,"RACE_CARD_ID",,,"-2",,"0"
"TABLE_DETAILS$GARYW","173","3","Specimen type",,,"SPECIMEN_TYPE",,,"-2",,"0"
"TABLE_DETAILS$GPEHLERT","1","1","ID Text",,,"ID_TEXT",,,"-2",,"0"
"TABLE_DETAILS$GPEHLERT","1","2","Status",,,"STATUS",,,"-2",,"0"
"TABLE_DETAILS$GPEHLERT","1","3","Login date",,,"LOGIN_DATE",,,"-2",,"0"
"TABLE_DETAILS$GPEHLERT","3","1","Identity",,,"IDENTITY",,,"-2",,"0"
"TABLE_DETAILS$GPEHLERT","3","2","Description",,,"DESCRIPTION",,,"-2",,"0"
"TABLE_DETAILS$GPEHLERT","11","1","Name",,,"NAME",,,"-2",,"0"
"TABLE_DETAILS$GPEHLERT","11","2","Identity",,,"IDENTITY",,,"-2",,"0"
"TABLE_DETAILS$GPEHLERT","11","3","Description",,,"DESCRIPTION",,,"-2",,"0"
"TABLE_DETAILS$GPEHLERT","12","1","Identity",,,"IDENTITY",,,"-2",,"0"
"TABLE_DETAILS$GPEHLERT","12","2","Description",,,"DESCRIPTION",,,"-2",,"0"
"TABLE_DETAILS$GPEHLERT","24","1","Name",,,"NAME",,,"-2",,"0"
"TABLE_DETAILS$GPEHLERT","24","2","Identity",,,"IDENTITY",,,"-2",,"0"
"TABLE_DETAILS$GPEHLERT","24","3","Browse description",,,"BROWSE_DESCRIPTION",,,"-2",,"0"
"TABLE_DETAILS$GPEHLERT","26","1","Name",,,"NAME",,,"-2",,"0"
"TABLE_DETAILS$GPEHLERT","26","2","Identity",,,"IDENTITY",,,"-2",,"0"
"TABLE_DETAILS$GPEHLERT","26","3","Description",,,"DESCRIPTION",,,"-2",,"0"
"TABLE_DETAILS$GPEHLERT","29","1","Identity",,,"IDENTITY",,,"-2",,"0"
"TABLE_DETAILS$GPEHLERT","29","2","Description",,,"DESCRIPTION",,,"-2",,"0"
"TABLE_DETAILS$GPEHLERT","39","1","Name",,,"NAME",,,"-2",,"0"
"TABLE_DETAILS$GPEHLERT","39","2","Identity",,,"IDENTITY",,,"-2",,"0"
"TABLE_DETAILS$GPEHLERT","39","3","Description",,,"DESCRIPTION",,,"-2",,"0"
"TABLE_DETAILS$GPEHLERT","50","1","Identity",,,"IDENTITY",,,"-2",,"0"
"TABLE_DETAILS$GPEHLERT","50","2","Table name",,,"TABLE_NAME",,,"-2",,"0"
"TABLE_DETAILS$GPEHLERT","50","3","Description",,,"DESCRIPTION",,,"-2",,"0"
"TABLE_DETAILS$GPEHLERT","58","1","Id numeric",,,"ID_NUMERIC",,,"-2",,"0"
"TABLE_DETAILS$GPEHLERT","58","2","Analysis",,,"ANALYSIS",,,"-2",,"0"
"TABLE_DETAILS$GPEHLERT","58","3","Test count",,,"TEST_COUNT",,,"-2",,"0"
"TABLE_DETAILS$GPEHLERT","58","4","Test status",,,"TEST_STATUS",,,"-2",,"0"
"TABLE_DETAILS$GPEHLERT","58","5","Instrument",,,"INSTRUMENT",,,"-2",,"0"
"TABLE_DETAILS$GPEHLERT","58","6","Job name",,,"JOB_NAME",,,"-2",,"0"
"TABLE_DETAILS$GPEHLERT","117","1","Comp list",,,"COMP_LIST",,,"-2",,"0"
"TABLE_DETAILS$GPEHLERT","117","2","Description",,,"DESCRIPTION",,,"-2",,"0"
"TABLE_DETAILS$GRACE","1","1","ID Text",,,"ID_TEXT",,,"-2",,"0"
"TABLE_DETAILS$GRACE","1","2","Status",,,"STATUS",,,"-2",,"0"
"TABLE_DETAILS$GRACE","1","3","Login date",,,"LOGIN_DATE",,,"-2",,"0"
"TABLE_DETAILS$GRACE","39","1","Name",,,"NAME",,,"-2",,"0"
"TABLE_DETAILS$GRACE","39","2","Identity",,,"IDENTITY",,,"-2",,"0"
"TABLE_DETAILS$GRACE","39","3","Description",,,"DESCRIPTION",,,"-2",,"0"
"TABLE_DETAILS$GRACE","40","1","Name",,,"NAME",,,"-2",,"0"
"TABLE_DETAILS$GRACE","40","2","Identity",,,"IDENTITY",,,"-2",,"0"
"TABLE_DETAILS$GRACE","40","3","Description",,,"DESCRIPTION",,,"-2",,"0"
"TABLE_DETAILS$GRACE","82","1","Name",,,"NAME",,,"-2",,"0"
"TABLE_DETAILS$GRACE","82","2","Identity",,,"IDENTITY",,,"-2",,"0"
"TABLE_DETAILS$GRACE","82","3","Description",,,"DESCRIPTION",,,"-2",,"0"
"TABLE_DETAILS$HODYT","1","1","ID Numeric",,,"ID_NUMERIC",,,"-2",,"0"
"TABLE_DETAILS$HODYT","1","2","ID Text",,,"ID_TEXT",,,"-2",,"0"
"TABLE_DETAILS$HODYT","1","3","Status",,,"STATUS",,,"-2",,"0"
"TABLE_DETAILS$HODYT","1","4","Login date",,,"LOGIN_DATE",,,"-2",,"0"
"TABLE_DETAILS$HODYT","2","1","Job name",,,"JOB_NAME",,,"-2",,"0"
"TABLE_DETAILS$HODYT","2","2","Browse description",,,"BROWSE_DESCRIPTION",,,"-2",,"0"
"TABLE_DETAILS$HODYT","3","1","Identity",,,"IDENTITY",,,"-2",,"0"
"TABLE_DETAILS$HODYT","3","2","Description",,,"DESCRIPTION",,,"-2",,"0"
"TABLE_DETAILS$HODYT","5","1","Name",,,"NAME",,,"-2",,"0"
"TABLE_DETAILS$HODYT","5","2","Identity",,,"IDENTITY",,,"-2",,"0"
"TABLE_DETAILS$HODYT","5","3","Location type",,,"LOCATION_TYPE",,,"-2",,"0"
"TABLE_DETAILS$HODYT","5","4","Description",,,"DESCRIPTION",,,"-2",,"0"
"TABLE_DETAILS$HODYT","11","1","Name",,,"NAME",,,"-2",,"0"
"TABLE_DETAILS$HODYT","11","2","Identity",,,"IDENTITY",,,"-2",,"0"
"TABLE_DETAILS$HODYT","11","3","Description",,,"DESCRIPTION",,,"-2",,"0"
"TABLE_DETAILS$HODYT","12","1","Identity",,,"IDENTITY",,,"-2",,"0"
"TABLE_DETAILS$HODYT","12","2","Description",,,"DESCRIPTION",,,"-2",,"0"
"TABLE_DETAILS$HODYT","15","1","Name",,,"NAME",,,"-2",,"0"
"TABLE_DETAILS$HODYT","15","2","Identity",,,"IDENTITY",,,"-2",,"0"
"TABLE_DETAILS$HODYT","15","3","Description",,,"DESCRIPTION",,,"-2",,"0"
"TABLE_DETAILS$HODYT","24","1","Name",,,"NAME",,,"-2",,"0"
"TABLE_DETAILS$HODYT","24","2","Identity",,,"IDENTITY",,,"-2",,"0"
"TABLE_DETAILS$HODYT","24","3","Browse description",,,"BROWSE_DESCRIPTION",,,"-2",,"0"
"TABLE_DETAILS$HODYT","39","1","Name",,,"NAME",,,"-2",,"0"
"TABLE_DETAILS$HODYT","39","2","Identity",,,"IDENTITY",,,"-2",,"0"
"TABLE_DETAILS$HODYT","39","3","Description",,,"DESCRIPTION",,,"-2",,"0"
"TABLE_DETAILS$HODYT","50","1","Identity",,,"IDENTITY",,,"-2",,"0"
"TABLE_DETAILS$HODYT","50","2","Table name",,,"TABLE_NAME",,,"-2",,"0"
"TABLE_DETAILS$HODYT","50","3","Description",,,"DESCRIPTION",,,"-2",,"0"
"TABLE_DETAILS$HODYT","56","1","Identity",,,"IDENTITY",,,"-2",,"0"
"TABLE_DETAILS$HODYT","56","2","Description",,,"DESCRIPTION",,,"-2",,"0"
"TABLE_DETAILS$HODYT","58","1","Id text",,,"ID_TEXT",,,"-2",,"0"
"TABLE_DETAILS$HODYT","58","2","Id numeric",,,"ID_NUMERIC",,,"-2",,"0"
"TABLE_DETAILS$HODYT","58","3","Analysis",,,"ANALYSIS",,,"-2",,"0"
"TABLE_DETAILS$HODYT","58","4","Test count",,,"TEST_COUNT",,,"-2",,"0"
"TABLE_DETAILS$HODYT","58","5","Test status",,,"TEST_STATUS",,,"-2",,"0"
"TABLE_DETAILS$HODYT","58","6","Instrument",,,"INSTRUMENT",,,"-2",,"0"
"TABLE_DETAILS$HODYT","63","1","Name",,,"NAME",,,"-2",,"0"
"TABLE_DETAILS$HODYT","63","2","Identity",,,"IDENTITY",,,"-2",,"0"
"TABLE_DETAILS$HODYT","63","3","Analysis version",,,"ANALYSIS_VERSION",,,"-2",,"0"
"TABLE_DETAILS$HODYT","63","4","Description",,,"DESCRIPTION",,,"-2",,"0"
"TABLE_DETAILS$HODYT","63","5","Approval status",,,"APPROVAL_STATUS",,,"-2",,"0"
"TABLE_DETAILS$HODYT","82","1","Name",,,"NAME",,,"-2",,"0"
"TABLE_DETAILS$HODYT","82","2","Identity",,,"IDENTITY",,,"-2",,"0"
"TABLE_DETAILS$HODYT","82","3","Description",,,"DESCRIPTION",,,"-2",,"0"
"TABLE_DETAILS$HODYT","109","1","Stock",,,"STOCK",,,"-2",,"0"
"TABLE_DETAILS$HODYT","109","2","Stock batch",,,"STOCK_BATCH",,,"-2",,"0"
"TABLE_DETAILS$HODYT","109","3","Stock batch id",,,"STOCK_BATCH_ID",,,"-2",,"0"
"TABLE_DETAILS$HODYT","109","4","Batch",,,"BATCH",,,"-2",,"0"
"TABLE_DETAILS$HODYT","109","5","Location",,,"LOCATION",,,"-2",,"0"
"TABLE_DETAILS$HODYT","109","6","Initial amount",,,"INITIAL_AMOUNT",,,"-2",,"0"
"TABLE_DETAILS$HODYT","109","7","Unit",,,"UNIT",,,"-2",,"0"
"TABLE_DETAILS$HODYT","109","8","Status",,,"STATUS",,,"-2",,"0"
"TABLE_DETAILS$HODYT","109","9","Modified by",,,"MODIFIED_BY",,,"-2",,"0"
"TABLE_DETAILS$HODYT","109","10","Modified on",,,"MODIFIED_ON",,,"-2",,"0"
"TABLE_DETAILS$HODYT","117","1","Comp list",,,"COMP_LIST",,,"-2",,"0"
"TABLE_DETAILS$HODYT","117","2","Description",,,"DESCRIPTION",,,"-2",,"0"
"TABLE_DETAILS$HPRACEADM","1","1","ID Text",,,"ID_TEXT",,,"-2",,"0"
"TABLE_DETAILS$HPRACEADM","1","2","Status",,,"Status",,,"-2",,"0"
"TABLE_DETAILS$HPRACEADM","1","3","Authoriser",,,"Authoriser",,,"-2",,"0"
"TABLE_DETAILS$HPRACEADM","24","1","Name",,,"NAME",,,"-2",,"0"
"TABLE_DETAILS$HPRACEADM","24","2","Identity",,,"IDENTITY",,,"-2",,"0"
"TABLE_DETAILS$HPRACEADM","24","3","Browse description",,,"BROWSE_DESCRIPTION",,,"-2",,"0"
"TABLE_DETAILS$HPRACEADM","50","1","Identity",,,"IDENTITY",,,"-2",,"0"
"TABLE_DETAILS$HPRACEADM","50","2","Table name",,,"TABLE_NAME",,,"-2",,"0"
"TABLE_DETAILS$HPRACEADM","50","3","Description",,,"DESCRIPTION",,,"-2",,"0"
"TABLE_DETAILS$JACLYNRM","39","1","Name",,,"NAME",,,"-2",,"0"
"TABLE_DETAILS$JACLYNRM","39","2","Identity",,,"IDENTITY",,,"-2",,"0"
"TABLE_DETAILS$JACLYNRM","39","3","Description",,,"DESCRIPTION",,,"-2",,"0"
"TABLE_DETAILS$JAGALOOS","3","1","Identity",,,"IDENTITY",,,"-2",,"0"
"TABLE_DETAILS$JAGALOOS","3","2","Description",,,"DESCRIPTION",,,"-2",,"0"
"TABLE_DETAILS$JAGALOOS","12","1","Identity",,,"IDENTITY",,,"-2",,"0"
"TABLE_DETAILS$JAGALOOS","12","2","Description",,,"DESCRIPTION",,,"-2",,"0"
"TABLE_DETAILS$JAGALOOS","24","1","Name",,,"NAME",,,"-2",,"0"
"TABLE_DETAILS$JAGALOOS","24","2","Identity",,,"IDENTITY",,,"-2",,"0"
"TABLE_DETAILS$JAGALOOS","24","3","Browse description",,,"BROWSE_DESCRIPTION",,,"-2",,"0"
"TABLE_DETAILS$JAGALOOS","28","1","Name",,,"NAME",,,"-2",,"0"
"TABLE_DETAILS$JAGALOOS","28","2","Identity",,,"IDENTITY",,,"-2",,"0"
"TABLE_DETAILS$JAGALOOS","28","3","Description",,,"DESCRIPTION",,,"-2",,"0"
"TABLE_DETAILS$JAGALOOS","40","1","Name",,,"NAME",,,"-2",,"0"
"TABLE_DETAILS$JAGALOOS","40","2","Identity",,,"IDENTITY",,,"-2",,"0"
"TABLE_DETAILS$JAGALOOS","40","3","Description",,,"DESCRIPTION",,,"-2",,"0"
"TABLE_DETAILS$JKEENAN","3","1","Identity",,,"Identity",,,"-2",,"0"
"TABLE_DETAILS$JKEENAN","3","2","Description",,,"Description",,,"-2",,"0"
"TABLE_DETAILS$JKEENAN","3","3","Status",,,"Status",,,"-2",,"0"
"TABLE_DETAILS$JKEENAN","3","4","Authoriser",,,"Authoriser",,,"-2",,"0"
"TABLE_DETAILS$JKEENAN","3","5","Instrument",,,"Instrument",,,"-2",,"0"
"TABLE_DETAILS$JKEENAN","3","6","Analyst",,,"Analyst",,,"-2",,"0"
"TABLE_DETAILS$KATHLEEN","1","1","ID Text",,,"ID_TEXT",,,"-2",,"0"
"TABLE_DETAILS$KATHLEEN","1","2","Status",,,"STATUS",,,"-2",,"0"
"TABLE_DETAILS$KATHLEEN","1","3","Login by",,,"LOGIN_BY",,,"-2",,"0"
"TABLE_DETAILS$KATHLEEN","1","4","Login date",,,"LOGIN_DATE",,,"-2",,"0"
"TABLE_DETAILS$KATHLEEN","2","1","Job name",,,"JOB_NAME",,,"-2",,"0"
"TABLE_DETAILS$KATHLEEN","2","2","Browse description",,,"BROWSE_DESCRIPTION",,,"-2",,"0"
"TABLE_DETAILS$KATHLEEN","8","1","Name",,,"NAME",,,"-2",,"0"
"TABLE_DETAILS$KATHLEEN","8","2","Project id",,,"PROJECT_ID",,,"-2",,"0"
"TABLE_DETAILS$KATHLEEN","8","3","Browse description",,,"BROWSE_DESCRIPTION",,,"-2",,"0"
"TABLE_DETAILS$KATHLEEN","12","1","Identity",,,"IDENTITY",,,"-2",,"0"
"TABLE_DETAILS$KATHLEEN","12","2","Description",,,"DESCRIPTION",,,"-2",,"0"
"TABLE_DETAILS$KATHLEEN","24","1","Name",,,"NAME",,,"-2",,"0"
"TABLE_DETAILS$KATHLEEN","24","2","Identity",,,"IDENTITY",,,"-2",,"0"
"TABLE_DETAILS$KATHLEEN","24","3","Browse description",,,"BROWSE_DESCRIPTION",,,"-2",,"0"
"TABLE_DETAILS$KATHLEEN","25","1","Name",,,"NAME",,,"-2",,"0"
"TABLE_DETAILS$KATHLEEN","25","2","Identity",,,"IDENTITY",,,"-2",,"0"
"TABLE_DETAILS$KATHLEEN","25","3","Description",,,"DESCRIPTION",,,"-2",,"0"
"TABLE_DETAILS$KATHLEEN","50","1","Identity",,,"IDENTITY",,,"-2",,"0"
"TABLE_DETAILS$KATHLEEN","50","2","Table name",,,"TABLE_NAME",,,"-2",,"0"
"TABLE_DETAILS$KATHLEEN","50","3","Description",,,"DESCRIPTION",,,"-2",,"0"
"TABLE_DETAILS$KATHLEEN","58","1","Id text",,,"ID_TEXT",,,"-2",,"0"
"TABLE_DETAILS$KATHLEEN","58","2","Id numeric",,,"ID_NUMERIC",,,"-2",,"0"
"TABLE_DETAILS$KATHLEEN","58","3","Analysis",,,"ANALYSIS",,,"-2",,"0"
"TABLE_DETAILS$KATHLEEN","58","4","Test count",,,"TEST_COUNT",,,"-2",,"0"
"TABLE_DETAILS$KATHLEEN","58","5","Test status",,,"TEST_STATUS",,,"-2",,"0"
"TABLE_DETAILS$KATHLEEN","58","6","Instrument",,,"INSTRUMENT",,,"-2",,"0"
"TABLE_DETAILS$KRIZZO","15","1","Name",,,"NAME",,,"-2",,"0"
"TABLE_DETAILS$KRIZZO","15","2","Identity",,,"IDENTITY",,,"-2",,"0"
"TABLE_DETAILS$KRIZZO","15","3","Description",,,"DESCRIPTION",,,"-2",,"0"
"TABLE_DETAILS$KRIZZO","39","1","Name",,,"NAME",,,"-2",,"0"
"TABLE_DETAILS$KRIZZO","39","2","Identity",,,"IDENTITY",,,"-2",,"0"
"TABLE_DETAILS$KRIZZO","39","3","Description",,,"DESCRIPTION",,,"-2",,"0"
"TABLE_DETAILS$LSCOTT","1","1","ID Numeric",,,"ID_NUMERIC",,,"-2",,"0"
"TABLE_DETAILS$LSCOTT","1","2","ID Text",,,"ID_TEXT",,,"-2",,"0"
"TABLE_DETAILS$LSCOTT","1","3","Status",,,"STATUS",,,"-2",,"0"
"TABLE_DETAILS$LSCOTT","1","4","Login date",,,"LOGIN_DATE",,,"-2",,"0"
"TABLE_DETAILS$LSCOTT","23","1","Name",,,"NAME",,,"-2",,"0"
"TABLE_DETAILS$LSCOTT","23","2","Identity",,,"IDENTITY",,,"-2",,"0"
"TABLE_DETAILS$LSCOTT","23","3","Description",,,"DESCRIPTION",,,"-2",,"0"
"TABLE_DETAILS$LSCOTT","28","1","Name",,,"NAME",,,"-2",,"0"
"TABLE_DETAILS$LSCOTT","28","2","Identity",,,"IDENTITY",,,"-2",,"0"
"TABLE_DETAILS$LSCOTT","28","3","Description",,,"DESCRIPTION",,,"-2",,"0"
"TABLE_DETAILS$MANAGER","25","1","Name",,,"NAME",,,"-2",,"0"
"TABLE_DETAILS$MANAGER","25","2","Identity",,,"IDENTITY",,,"-2",,"0"
"TABLE_DETAILS$MANAGER","25","3","Description",,,"DESCRIPTION",,,"-2",,"0"
"TABLE_DETAILS$NBK","28","1","Name",,,"NAME",,,"-2",,"0"
"TABLE_DETAILS$NBK","28","2","Identity",,,"IDENTITY",,,"-2",,"0"
"TABLE_DETAILS$NBK","28","3","Description",,,"DESCRIPTION",,,"-2",,"0"
"TABLE_DETAILS$NKHUMPAN","5","1","Name",,,"NAME",,,"-2",,"0"
"TABLE_DETAILS$NKHUMPAN","5","2","Identity",,,"IDENTITY",,,"-2",,"0"
"TABLE_DETAILS$NKHUMPAN","5","3","Location type",,,"LOCATION_TYPE",,,"-2",,"0"
"TABLE_DETAILS$NKHUMPAN","5","4","Description",,,"DESCRIPTION",,,"-2",,"0"
"TABLE_DETAILS$PIRACEADM","3","1","Identity",,,"IDENTITY",,,"-2",,"0"
"TABLE_DETAILS$PIRACEADM","3","2","Description",,,"DESCRIPTION",,,"-2",,"0"
"TABLE_DETAILS$PNRACEADM","24","1","Name",,,"NAME",,,"-2",,"0"
"TABLE_DETAILS$PNRACEADM","24","2","Identity",,,"IDENTITY",,,"-2",,"0"
"TABLE_DETAILS$PNRACEADM","24","3","Browse description",,,"BROWSE_DESCRIPTION",,,"-2",,"0"
"TABLE_DETAILS$PNRACEADM","25","1","Name",,,"NAME",,,"-2",,"0"
"TABLE_DETAILS$PNRACEADM","25","2","Identity",,,"IDENTITY",,,"-2",,"0"
"TABLE_DETAILS$PNRACEADM","25","3","Description",,,"DESCRIPTION",,,"-2",,"0"
"TABLE_DETAILS$PNRACEADM","50","1","Identity",,,"IDENTITY",,,"-2",,"0"
"TABLE_DETAILS$PNRACEADM","50","2","Table name",,,"TABLE_NAME",,,"-2",,"0"
"TABLE_DETAILS$PNRACEADM","50","3","Description",,,"DESCRIPTION",,,"-2",,"0"
"TABLE_DETAILS$PXRACEADM2","1","1","ID Text",,,"ID_TEXT",,,"-2",,"0"
"TABLE_DETAILS$PXRACEADM2","1","2","Status",,,"STATUS",,,"-2",,"0"
"TABLE_DETAILS$PXRACEADM2","1","3","Login date",,,"LOGIN_DATE",,,"-2",,"0"
"TABLE_DETAILS$RKEELER","24","1","Name",,,"NAME",,,"-2",,"0"
"TABLE_DETAILS$RKEELER","24","2","Identity",,,"IDENTITY",,,"-2",,"0"
"TABLE_DETAILS$RKEELER","24","3","Browse description",,,"BROWSE_DESCRIPTION",,,"-2",,"0"
"TABLE_DETAILS$SETHH","18","1","Name",,,"NAME",,,"-2",,"0"
"TABLE_DETAILS$SETHH","18","2","Level id",,,"LEVEL_ID",,,"-2",,"0"
"TABLE_DETAILS$SETHH","18","3","Description",,,"DESCRIPTION",,,"-2",,"0"
"TABLE_DETAILS$SETHH","25","1","Name",,,"NAME",,,"-2",,"0"
"TABLE_DETAILS$SETHH","25","2","Identity",,,"IDENTITY",,,"-2",,"0"
"TABLE_DETAILS$SETHH","25","3","Description",,,"DESCRIPTION",,,"-2",,"0"
"TABLE_DETAILS$SETHH","42","1","Name",,,"NAME",,,"-2",,"0"
"TABLE_DETAILS$SETHH","42","2","Identity",,,"IDENTITY",,,"-2",,"0"
"TABLE_DETAILS$SETHH","42","3","Title",,,"TITLE",,,"-2",,"0"
"TABLE_DETAILS$SYSTEM","11","1","Name",,,"NAME",,,"-2",,"0"
"TABLE_DETAILS$SYSTEM","11","2","Identity",,,"IDENTITY",,,"-2",,"0"
"TABLE_DETAILS$SYSTEM","11","3","Description",,,"DESCRIPTION",,,"-2",,"0"
"TABLE_DETAILS$SYSTEM","39","1","Name",,,"NAME",,,"-2",,"0"
"TABLE_DETAILS$SYSTEM","39","2","Identity",,,"IDENTITY",,,"-2",,"0"
"TABLE_DETAILS$SYSTEM","39","3","Description",,,"DESCRIPTION",,,"-2",,"0"
"TABLE_DETAILS$SYSTEM","48","1","Name",,,"NAME",,,"-2",,"0"
"TABLE_DETAILS$SYSTEM","48","2","Identity",,,"IDENTITY",,,"-2",,"0"
"TABLE_DETAILS$SYSTEM","48","3","Description",,,"DESCRIPTION",,,"-2",,"0"
"TABLE_DETAILS$SYSTEM","50","1","Identity",,,"IDENTITY",,,"-2",,"0"
"TABLE_DETAILS$SYSTEM","50","2","Table name",,,"TABLE_NAME",,,"-2",,"0"
"TABLE_DETAILS$SYSTEM","50","3","Description",,,"DESCRIPTION",,,"-2",,"0"
"TABLE_DETAILS$SYSTEM","110","1","Name",,,"NAME",,,"-2",,"0"
"TABLE_DETAILS$SYSTEM","110","2","Identity",,,"IDENTITY",,,"-2",,"0"
"TABLE_DETAILS$SYSTEM","110","3","Version",,,"VERSION",,,"-2",,"0"
"TABLE_DETAILS$SYSTEM","110","4","Description",,,"DESCRIPTION",,,"-2",,"0"
"TABLE_DETAILS$SYSTEM","110","5","Approval status",,,"APPROVAL_STATUS",,,"-2",,"0"
"TABLE_DETAILS$SYSTEM","111","1","Name",,,"NAME",,,"-2",,"0"
"TABLE_DETAILS$SYSTEM","111","2","Workflow version",,,"WORKFLOW_VERSION",,,"-2",,"0"
"TABLE_DETAILS$SYSTEM","111","3","Table name",,,"TABLE_NAME",,,"-2",,"0"
"TABLE_DETAILS$SYSTEM","111","4","Workflow type",,,"WORKFLOW_TYPE",,,"-2",,"0"
"TABLE_DETAILS$SYSTEM","111","5","Description",,,"DESCRIPTION",,,"-2",,"0"
"TABLE_DETAILS$SYSTEM","111","6","Approval status",,,"APPROVAL_STATUS",,,"-2",,"0"
"TABLE_DETAILS$SYSTEM","112","1","Name",,,"NAME",,,"-2",,"0"
"TABLE_DETAILS$SYSTEM","112","2","Table name",,,"TABLE_NAME",,,"-2",,"0"
"TABLE_DETAILS$SYSTEM","112","3","Identity",,,"IDENTITY",,,"-2",,"0"
"TABLE_DETAILS$SYSTEM","112","4","Description",,,"DESCRIPTION",,,"-2",,"0"
"TABLE_DETAILS$SYSTEM","112","5","Include in menu",,,"INCLUDE_IN_MENU",,,"-2",,"0"
"TABLE_DETAILS$WMCCOOL","23","1","Name",,,"NAME",,,"-2",,"0"
"TABLE_DETAILS$WMCCOOL","23","2","Identity",,,"IDENTITY",,,"-2",,"0"
"TABLE_DETAILS$WMCCOOL","23","3","Description",,,"DESCRIPTION",,,"-2",,"0"
"TABLE_DETAILS$WMCCOOL","24","1","Name",,,"NAME",,,"-2",,"0"
"TABLE_DETAILS$WMCCOOL","24","2","Identity",,,"IDENTITY",,,"-2",,"0"
"TABLE_DETAILS$WMCCOOL","24","3","Browse description",,,"BROWSE_DESCRIPTION",,,"-2",,"0"
"TABLE_DETAILS$XIAOFEN","39","1","Name",,,"NAME",,,"-2",,"0"
"TABLE_DETAILS$XIAOFEN","39","2","Identity",,,"IDENTITY",,,"-2",,"0"
"TABLE_DETAILS$XIAOFEN","39","3","Description",,,"DESCRIPTION",,,"-2",,"0"
"U$DEBORAH","1","1","IdNumeric",,,"IdNumeric",,,"16",,"0"
"U$DEBORAH","1","2","IdText",,,"IdText",,,"20",,"0"
"U$DEBORAH","1","3","Status",,,"Status",,,"15",,"0"
"U$DEBORAH","1","4","LoginDate",,,"LoginDate",,,"15",,"0"
"U$DEBORAH","1","5","LoginBy",,,"LoginBy",,,"15",,"0"
"U$HODYT","1","1","IdNumeric",,,"IdNumeric",,,"0",,"0"
"U$HODYT","1","2","IdText",,,"IdText",,,"0",,"0"
"U$HODYT","1","3","Status",,,"Status",,,"0",,"0"
"U$HODYT","1","4","LoginDate",,,"LoginDate",,,"0",,"0"
"U$HODYT","1","5","SamplingPoint",,,"SamplingPoint",,,"0",,"0"
"U$HODYT","1","6","Product",,,"Product",,,"0",,"0"
"U$HODYT","2","1","IdNumeric",,,"IdNumeric",,,"0",,"0"
"U$HODYT","2","2","IdText",,,"IdText",,,"0",,"0"
"U$HODYT","2","3","Analysis",,,"Analysis",,,"0",,"0"
"U$HODYT","2","4","ComponentName",,,"ComponentName",,,"0",,"0"
"U$HODYT","2","5","ResultText",,,"ResultText",,,"0",,"0"
