﻿EXPLORER_CABINET
IDENTITY,NAME,DESCRIPTION,GROUP_ID,MODIFIABLE,REMOVEFLAG,ICON_1,ICON_2,USER_LIBRARY,CREATION_ROUTINE,PUBLIC_FOLDER,EXPAND,SORT_BY_NAME,EXPLORER_FORM,EXPLORER_FORM_TASK,ORDER_NUMBER
30,100,234,10,1,1,30,30,20,30,1,1,1,30,100,10
                     106
"CHROMELEON_LINK","Chromeleon Link","Chromeleon Link Folders",,"TRUE","FALSE","INT_CABINET_CLOSED","INT_CABINET_OPEN",,,"TRUE","TRUE","FALSE","ChromeleonDashboard",,"2"
"DATA_MANAGER","Data Manager","Data Manager General Information",,"TRUE","FALSE","INT_CABINET_CLOSED","INT_CABINET_OPEN",,,"TRUE","FALSE","FALSE","DMLandingPage",,"1"
"DEFAULT","General","Default General Folders",,"TRUE","FALSE","INT_CABINET_CLOSED","INT_CABINET_OPEN",,,"TRUE","FALSE","FALSE",,,"0"
"ENVIRONMENT","Environment Folders","Environment Tables Cabinet",,"TRUE","FALSE","INT_CABINET_CLOSED","INT_CABINET_OPEN",,,"TRUE","FALSE","FALSE",,,"3"
"G$SYSTEM","System Group Folders","System Group Cabinet",,"TRUE","FALSE","INT_PEOPLE","INT_PEOPLE",,,"FALSE","FALSE","FALSE",,,"16"
"LAB_EXECUTION","Laboratory Execution","Laboratory Execution Folders",,"FALSE","FALSE","INT_CABINET_CLOSED","INT_CABINET_OPEN",,,"TRUE","FALSE","FALSE","LabExecutionLandingPage","LabExecutionLandingPageTask","4"
"LABORATORY","Laboratory Setup Folders","Laboratory Tables Cabinet",,"TRUE","FALSE","INT_CABINET_CLOSED","INT_CABINET_OPEN",,,"TRUE","FALSE","TRUE",,,"5"
"LABTABLE","Laboratory Tables","Laboratory Tables Cabinet",,"TRUE","FALSE","INT_CABINET_CLOSED","INT_CABINET_OPEN",,,"TRUE","FALSE","TRUE",,,"6"
"LOGIN","Login Setup Folders","Login Tables Cabinet",,"TRUE","FALSE","INT_CABINET_CLOSED","INT_CABINET_OPEN",,,"TRUE","FALSE","TRUE",,,"7"
"MOBILE","Mobile Folders","A list of functions and corresponding functions for the mobile application",,"TRUE","FALSE","INT_CABINET_CLOSED","INT_CABINET_OPEN",,,"TRUE","TRUE","FALSE",,,"8"
"PETRL","PETRL","PETRL Custom folders",,"TRUE","FALSE","INT_CLOSED_FOLDER","INT_OPEN_FOLDER",,,"TRUE","TRUE","FALSE",,,"30"
"PETRL_MGT","Petrl Management","Management folders and reports",,"TRUE","FALSE","INT_CABINET_CLOSED","INT_CABINET_OPEN",,,"TRUE","TRUE","FALSE",,,"56"
"PETRL_RT_MGT","Petrl Race Track Management","Race track folders for PETRL System Managers",,"TRUE","FALSE","INT_CLOSED_FOLDER","INT_OPEN_FOLDER",,,"TRUE","TRUE","FALSE",,,"75"
"RACETRACK","RaceTrack","Race Track Dashboard",,"TRUE","FALSE","INT_CLOSED_FOLDER","INT_OPEN_FOLDER",,,"TRUE","FALSE","FALSE",,,"34"
"RACETRACK_SI","RaceTrack SI","Race Track Dashboard for special investigators",,"TRUE","FALSE","INT_CLOSED_FOLDER","INT_OPEN_FOLDER",,,"TRUE","TRUE","FALSE","RaceJobSubmission","RaceJobSubmissionTask","68"
"RETAIN","Retain Management","Retain Sample Management",,"TRUE","FALSE","INT_CABINET_CLOSED","INT_CABINET_OPEN",,,"TRUE","TRUE","FALSE",,,"14"
"SYSTEM","System Folders","System Tables Cabinet",,"TRUE","FALSE","INT_CABINET_CLOSED","INT_CABINET_OPEN",,,"TRUE","FALSE","TRUE",,,"9"
"TABLE_DETAILS","Global Table Defaults","Cabinet that defines environment of all tables within the system. Right Mouse Menu options, icons and columns set here will be used as a default for all other views of the table",,"TRUE","FALSE","INT_CABINET_CLOSED","INT_CABINET_OPEN",,,"FALSE","FALSE","TRUE",,,"10"
"U$ADREANCE","Matthew Adreance's Folders","Matthew Adreance's Private User Cabinet",,"TRUE","FALSE","INT_USER","INT_USER",,,"FALSE","FALSE","FALSE",,,"98"
"U$ALLYSONO","Allyson Osborne's Folders","Allyson Osborne's Private User Cabinet",,"TRUE","FALSE","INT_USER","INT_USER",,,"FALSE","FALSE","FALSE",,,"96"
"U$AMACHELLI","Anthony Machelli's Folders","Anthony Machelli's Private User Cabinet",,"TRUE","FALSE","INT_USER","INT_USER",,,"FALSE","FALSE","FALSE",,,"83"
"U$AMATHOMAS","Amanda Thomas's Folders","Amanda Thomas's Private User Cabinet",,"TRUE","FALSE","INT_USER","INT_USER",,,"FALSE","FALSE","FALSE",,,"94"
"U$AMCCLURE","Alex Mcclure's Folders","Alex Mcclure's Private User Cabinet",,"TRUE","FALSE","INT_USER","INT_USER",,,"FALSE","FALSE","FALSE",,,"86"
"U$AMSLOAN","Amanda Sloan's Folders","Amanda Sloan's Private User Cabinet",,"TRUE","FALSE","INT_USER","INT_USER",,,"FALSE","FALSE","FALSE",,,"60"
"U$APRILYQ","April Wang's Folders","April Wang's Private User Cabinet",,"TRUE","FALSE","INT_USER","INT_USER",,,"FALSE","FALSE","FALSE",,,"57"
"U$ASHEIBLEY","Ardlyn Sheibley's Folders","Ardlyn Sheibley's Private User Cabinet",,"TRUE","FALSE","INT_USER","INT_USER",,,"FALSE","FALSE","FALSE",,,"105"
"U$BARNEY","Barney Rubble's Folders","Barney Rubble's Private User Cabinet",,"TRUE","FALSE","INT_USER","INT_USER",,,"FALSE","FALSE","FALSE",,,"25"
"U$BETTY","Betty Rubble's Folders","Betty Rubble's Private User Cabinet",,"TRUE","FALSE","INT_USER","INT_USER",,,"FALSE","FALSE","FALSE",,,"26"
"U$BREYNOLDS","Brian Reynolds's Folders","Brian Reynolds's Private User Cabinet",,"TRUE","FALSE","INT_USER","INT_USER",,,"FALSE","FALSE","FALSE",,,"101"
"U$CHEM_AUTH","Chemist Authoriser's Folders","Chemist Authoriser's Private User Cabinet",,"TRUE","FALSE","INT_USER","INT_USER",,,"FALSE","FALSE","FALSE",,,"33"
"U$CHEMIST","Chemist's Folders","Chemist's Private User Cabinet",,"TRUE","FALSE","INT_USER","INT_USER",,,"FALSE","FALSE","FALSE",,,"81"
"U$CM_LINK","Cm Link's Folders","Cm Link's Private User Cabinet",,"TRUE","FALSE","INT_USER","INT_USER",,,"FALSE","FALSE","FALSE",,,"71"
"U$CMMCAU","Connor McCausland's Folders","Connor McCausland's Private User Cabinet",,"TRUE","FALSE","INT_USER","INT_USER",,,"FALSE","FALSE","FALSE",,,"44"
"U$DAVIMARSHA","Dr. David Marshall's Folders","Dr. David Marshall's Private User Cabinet",,"TRUE","FALSE","INT_USER","INT_USER",,,"FALSE","FALSE","FALSE",,,"88"
"U$DAVPOLOWCZ","Dr. David Polowczyk's Folders","Dr. David Polowczyk's Private User Cabinet",,"TRUE","FALSE","INT_USER","INT_USER",,,"FALSE","FALSE","FALSE",,,"104"
"U$DEBORAH","Deborah Tsang's Folders","Deborah Tsang's Private User Cabinet",,"TRUE","FALSE","INT_USER","INT_USER",,,"FALSE","FALSE","FALSE",,,"21"
"U$DEFAULT","Default User's Folders","Default User's Private User Cabinet",,"TRUE","FALSE","INT_USER","INT_USER",,,"FALSE","FALSE","FALSE",,,"32"
"U$DOMINICG","Dominic Giandonato's Folders","Dominic Giandonato's Private User Cabinet",,"TRUE","FALSE","INT_USER","INT_USER",,,"FALSE","FALSE","FALSE",,,"47"
"U$DPOORMAN","Darla Poorman's Folders","Darla Poorman's Private User Cabinet",,"TRUE","FALSE","INT_USER","INT_USER",,,"FALSE","FALSE","FALSE",,,"103"
"U$DST","Deborah Tsang's Folders","Deborah Tsang's Private User Cabinet",,"TRUE","FALSE","INT_USER","INT_USER",,,"FALSE","FALSE","FALSE",,,"42"
"U$DTOLBERT","David Tolbert's Folders","David Tolbert's Private User Cabinet",,"TRUE","FALSE","INT_USER","INT_USER",,,"FALSE","FALSE","FALSE",,,"38"
"U$ELHOWELL","Elandya Howell's Folders","Elandya Howell's Private User Cabinet",,"TRUE","FALSE","INT_USER","INT_USER",,,"FALSE","FALSE","FALSE",,,"37"
"U$ELOPEZ","Evelyn Lopez's Folders","Evelyn Lopez's Private User Cabinet",,"TRUE","FALSE","INT_USER","INT_USER",,,"FALSE","FALSE","FALSE",,,"61"
"U$EVANXUE","EVANXUE's Folders","EVANXUE's Private User Cabinet",,"TRUE","FALSE","INT_USER","INT_USER",,,"FALSE","FALSE","FALSE",,,"18"
"U$EXTESTCHEM","Evan Xue Test Account Chemist's Folders","Evan Xue Test Account Chemist's Private User Cabinet",,"TRUE","FALSE","INT_USER","INT_USER",,,"FALSE","FALSE","FALSE",,,"41"
"U$FHAO","Fengyu Hao's Folders","Fengyu Hao's Private User Cabinet",,"TRUE","FALSE","INT_USER","INT_USER",,,"FALSE","FALSE","FALSE",,,"100"
"U$FRED","Fred Flintstone's Folders","Fred Flintstone's Private User Cabinet",,"TRUE","FALSE","INT_USER","INT_USER",,,"FALSE","FALSE","FALSE",,,"28"
"U$FUYU","Dr. Fuyu Guan's Folders","Dr. Fuyu Guan's Private User Cabinet",,"TRUE","FALSE","INT_USER","INT_USER",,,"FALSE","FALSE","FALSE",,,"23"
"U$GARYW","GARYW's Folders","GARYW's Private User Cabinet",,"TRUE","FALSE","INT_USER","INT_USER",,,"FALSE","FALSE","FALSE",,,"29"
"U$GPEHLERT","Grace Pehlert's Folders","Grace Pehlert's Private User Cabinet",,"TRUE","FALSE","INT_USER","INT_USER",,,"FALSE","FALSE","FALSE",,,"46"
"U$GRACE","Grace's Folders","Grace's Private User Cabinet",,"TRUE","FALSE","INT_USER","INT_USER",,,"FALSE","FALSE","FALSE",,,"20"
"U$HODYT","Tom Hody's Folders","Tom Hody's Private User Cabinet",,"TRUE","FALSE","INT_USER","INT_USER",,,"FALSE","FALSE","FALSE",,,"19"
"U$HPRACEADM","Harrahs Race Admin's Folders","Harrahs Race Admin's Private User Cabinet",,"TRUE","FALSE","INT_USER","INT_USER",,,"FALSE","FALSE","FALSE",,,"36"
"U$IM_USER","Im User's Folders","Im User's Private User Cabinet",,"TRUE","FALSE","INT_USER","INT_USER",,,"FALSE","FALSE","FALSE",,,"31"
"U$INAVARRETO","Ismael Navarreto's Folders","Ismael Navarreto's Private User Cabinet",,"TRUE","FALSE","INT_USER","INT_USER",,,"FALSE","FALSE","FALSE",,,"95"
"U$JACLYNRM","Jaclyn Missanelli's Folders","Jaclyn Missanelli's Private User Cabinet",,"TRUE","FALSE","INT_USER","INT_USER",,,"FALSE","FALSE","FALSE",,,"48"
"U$JAGALOOS","Justine Agaloos's Folders","Justine Agaloos's Private User Cabinet",,"TRUE","FALSE","INT_USER","INT_USER",,,"FALSE","FALSE","FALSE",,,"39"
"U$JANEYSMITH","Janey Smith's Folders","Janey Smith's Private User Cabinet",,"TRUE","FALSE","INT_USER","INT_USER",,,"FALSE","FALSE","FALSE",,,"90"
"U$JFLORES","Jessica Flores's Folders","Jessica Flores's Private User Cabinet",,"TRUE","FALSE","INT_USER","INT_USER",,,"FALSE","FALSE","FALSE",,,"77"
"U$JILLWINT","Jill Winterling's Folders","Jill Winterling's Private User Cabinet",,"TRUE","FALSE","INT_USER","INT_USER",,,"FALSE","FALSE","FALSE",,,"40"
"U$JKEENAN","Jeremy Keenan's Folders","Jeremy Keenan's Private User Cabinet",,"TRUE","FALSE","INT_USER","INT_USER",,,"FALSE","FALSE","FALSE",,,"89"
"U$JKLEPPINGE","Jkleppinge's Folders","Jkleppinge's Private User Cabinet",,"TRUE","FALSE","INT_USER","INT_USER",,,"FALSE","FALSE","FALSE",,,"66"
"U$JLEES","Jlees's Folders","Jlees's Private User Cabinet",,"TRUE","FALSE","INT_USER","INT_USER",,,"FALSE","FALSE","FALSE",,,"93"
"U$JMEAD","Jessica Mead's Folders","Jessica Mead's Private User Cabinet",,"TRUE","FALSE","INT_USER","INT_USER",,,"FALSE","FALSE","FALSE",,,"82"
"U$KATHLEEN","KATHLEEN's Folders","KATHLEEN's Private User Cabinet",,"TRUE","FALSE","INT_USER","INT_USER",,,"FALSE","FALSE","FALSE",,,"22"
"U$KRIZZO","Kacee (Deprecated)'s Folders","Kacee (Deprecated)'s Private User Cabinet",,"TRUE","FALSE","INT_USER","INT_USER",,,"FALSE","FALSE","FALSE",,,"43"
"U$KSTALKER","KSTALKER's Folders","KSTALKER's Private User Cabinet",,"TRUE","FALSE","INT_USER","INT_USER",,,"FALSE","FALSE","FALSE",,,"59"
"U$LAURENWILL","Lauren Williams's Folders","Lauren Williams's Private User Cabinet",,"TRUE","FALSE","INT_USER","INT_USER",,,"FALSE","FALSE","FALSE",,,"92"
"U$LEIFMCG","Leif McGoldrick's Folders","Leif McGoldrick's Private User Cabinet",,"TRUE","FALSE","INT_USER","INT_USER",,,"FALSE","FALSE","FALSE",,,"97"
"U$LKARCHNER","Linda Karchner's Folders","Linda Karchner's Private User Cabinet",,"TRUE","FALSE","INT_USER","INT_USER",,,"FALSE","FALSE","FALSE",,,"73"
"U$LPITTMAN","Lauren Pittman's Folders","Lauren Pittman's Private User Cabinet",,"TRUE","FALSE","INT_USER","INT_USER",,,"FALSE","FALSE","FALSE",,,"85"
"U$LSCOTT","Lawrence Scott's Folders","Lawrence Scott's Private User Cabinet",,"TRUE","FALSE","INT_USER","INT_USER",,,"FALSE","FALSE","FALSE",,,"78"
"U$LZHAO","Leon Zhao's Folders","Leon Zhao's Private User Cabinet",,"TRUE","FALSE","INT_USER","INT_USER",,,"FALSE","FALSE","FALSE",,,"79"
"U$MANAGER","Test Manager's Folders","Test Manager's Private User Cabinet",,"TRUE","FALSE","INT_USER","INT_USER",,,"FALSE","FALSE","FALSE",,,"84"
"U$MPRACEADM","Meadows Race Admin's Folders","Meadows Race Admin's Private User Cabinet",,"TRUE","FALSE","INT_USER","INT_USER",,,"FALSE","FALSE","FALSE",,,"50"
"U$MPRACEADM2","Meadows Race Admin 2's Folders","Meadows Race Admin 2's Private User Cabinet",,"TRUE","FALSE","INT_USER","INT_USER",,,"FALSE","FALSE","FALSE",,,"80"
"U$MUHLE","Michael Uhle's Folders","Michael Uhle's Private User Cabinet",,"TRUE","FALSE","INT_USER","INT_USER",,,"FALSE","FALSE","FALSE",,,"52"
"U$NBK","Natalia Blewonska's Folders","Natalia Blewonska's Private User Cabinet",,"TRUE","FALSE","INT_USER","INT_USER",,,"FALSE","FALSE","FALSE",,,"45"
"U$NKHUMPAN","Noy Khumpan's Folders","Noy Khumpan's Private User Cabinet",,"TRUE","FALSE","INT_USER","INT_USER",,,"FALSE","FALSE","FALSE",,,"54"
"U$PDRACEADM","Pocono Downs Race Admin's Folders","Pocono Downs Race Admin's Private User Cabinet",,"TRUE","FALSE","INT_USER","INT_USER",,,"FALSE","FALSE","FALSE",,,"72"
"U$PIRACEADM","Presque Isle Downs Admin's Folders","Presque Isle Downs Admin's Private User Cabinet",,"TRUE","FALSE","INT_USER","INT_USER",,,"FALSE","FALSE","FALSE",,,"65"
"U$PNDSTTEST","Penn National DST Test's Folders","Penn National DST Test's Private User Cabinet",,"TRUE","FALSE","INT_USER","INT_USER",,,"FALSE","FALSE","FALSE",,,"64"
"U$PNRACEADM","Penn National Racetrack Admin's Folders","Penn National Racetrack Admin's Private User Cabinet",,"TRUE","FALSE","INT_USER","INT_USER",,,"FALSE","FALSE","FALSE",,,"62"
"U$PNRACEADM2","Penn National Test account 2's Folders","Penn National Test account 2's Private User Cabinet",,"TRUE","FALSE","INT_USER","INT_USER",,,"FALSE","FALSE","FALSE",,,"70"
"U$PROCTORR","Rachel Proctor's Folders","Rachel Proctor's Private User Cabinet",,"TRUE","FALSE","INT_USER","INT_USER",,,"FALSE","FALSE","FALSE",,,"99"
"U$PXRACEADM","Parx Race Admin's Folders","Parx Race Admin's Private User Cabinet",,"TRUE","FALSE","INT_USER","INT_USER",,,"FALSE","FALSE","FALSE",,,"53"
"U$PXRACEADM2","Parx Race Admin 2's Folders","Parx Race Admin 2's Private User Cabinet",,"TRUE","FALSE","INT_USER","INT_USER",,,"FALSE","FALSE","FALSE",,,"58"
"U$PXRACEADSI","Parx Race Admin 2 SI's Folders","Parx Race Admin 2 SI's Private User Cabinet",,"TRUE","FALSE","INT_USER","INT_USER",,,"FALSE","FALSE","FALSE",,,"69"
"U$RACETRACK","Race Track User's Folders","Race Track User's Private User Cabinet",,"TRUE","FALSE","INT_USER","INT_USER",,,"FALSE","FALSE","FALSE",,,"35"
"U$RCARAZAS","Rosa Carazas's Folders","Rosa Carazas's Private User Cabinet",,"TRUE","FALSE","INT_USER","INT_USER",,,"FALSE","FALSE","FALSE",,,"87"
"U$RCOWDEN","Rae Ann Cowden's Folders","Rae Ann Cowden's Private User Cabinet",,"TRUE","FALSE","INT_USER","INT_USER",,,"FALSE","FALSE","FALSE",,,"102"
"U$RECEIPT","Receipt User's Folders","Receipt User's Private User Cabinet",,"TRUE","FALSE","INT_USER","INT_USER",,,"FALSE","FALSE","FALSE",,,"51"
"U$RECEIVER","Test Receiver's Folders","Test Receiver's Private User Cabinet",,"TRUE","FALSE","INT_USER","INT_USER",,,"FALSE","FALSE","FALSE",,,"55"
"U$RKEELER","Rebecca Keeler's Folders","Rebecca Keeler's Private User Cabinet",,"TRUE","FALSE","INT_USER","INT_USER",,,"FALSE","FALSE","FALSE",,,"91"
"U$ROOT-BS","ROOT-BS's Folders","ROOT-BS's Private User Cabinet",,"TRUE","FALSE","INT_USER","INT_USER",,,"FALSE","FALSE","FALSE",,,"17"
"U$SETHH","SETHH's Folders","SETHH's Private User Cabinet",,"TRUE","FALSE","INT_USER","INT_USER",,,"FALSE","FALSE","FALSE",,,"106"
"U$SHFAY","Savannah Fay's Folders","Savannah Fay's Private User Cabinet",,"TRUE","FALSE","INT_USER","INT_USER",,,"FALSE","FALSE","FALSE",,,"49"
"U$SMEGEE","Susan Megee's Folders","Susan Megee's Private User Cabinet",,"TRUE","FALSE","INT_USER","INT_USER",,,"FALSE","FALSE","FALSE",,,"24"
"U$SVOELKNER","Sharon Voelkner's Folders","Sharon Voelkner's Private User Cabinet",,"TRUE","FALSE","INT_USER","INT_USER",,,"FALSE","FALSE","FALSE",,,"74"
"U$SYSTEM","System Manager's Folders","System Manager's Private User Cabinet",,"TRUE","FALSE","INT_USER","INT_USER",,,"FALSE","FALSE","FALSE",,,"15"
"U$VHOADLEY","Vicky Hoadley's Folders","Vicky Hoadley's Private User Cabinet",,"TRUE","FALSE","INT_USER","INT_USER",,,"FALSE","FALSE","FALSE",,,"63"
"U$WILMA","Wilma Flintstone's Folders","Wilma Flintstone's Private User Cabinet",,"TRUE","FALSE","INT_USER","INT_USER",,,"FALSE","FALSE","FALSE",,,"27"
"U$WMCCOOL","William McCool's Folders","William McCool's Private User Cabinet",,"TRUE","FALSE","INT_USER","INT_USER",,,"FALSE","FALSE","FALSE",,,"67"
"U$XIAOFEN","Xiaofen Li's Folders","Xiaofen Li's Private User Cabinet",,"TRUE","FALSE","INT_USER","INT_USER",,,"FALSE","FALSE","FALSE",,,"76"
"USER","User","Folders specific to the current user",,"TRUE","FALSE","INT_CABINET_CLOSED","INT_CABINET_OPEN",,,"TRUE","FALSE","FALSE",,,"11"
"WEB","My Data","Explorer Folders used for the Web Interface",,"TRUE","FALSE","INT_CABINET_CLOSED","INT_CABINET_OPEN",,,"TRUE","FALSE","FALSE",,,"12"
