﻿FORM
NAME,FORM_ENTITY_DEFINITION,TYPE,DESCRIPTION,TITLE,GROUP_ID,MODIFIABLE,REMOVEFLAG,SPELLCHECK_DETAILS,INCLUDE_DETAILS,FILE_DIRECTORY,FILE_EXTENSION,FORM_XML,CATEGORY,DEFAULT_ICON,WINDOW_STYLE,SHOW_WELCOME_PAGE,HAS_ERRORS,PAGE_EXTENSION
30,50,10,234,100,10,1,1,1,1,50,20,50,10,30,20,1,1,234
                     273
"ActiveDesktop",,"FORM",,,,"TRUE","FALSE","FALSE","FALSE",,,,"GENERAL","INT_WORLD","DOCK","TRUE","FALSE",
"ApprovalChooseUser",,"FORM","Allow a privileged user to choose an Inspection User","Approve as self / deputy",,"TRUE","FALSE","FALSE","FALSE",,,,"GENERAL","INT_FORMS","FLOAT","TRUE","FALSE",
"ApprovalConfirmation",,"FORM","Allows approval / rejection for the inspection process","Approval Confirmation",,"TRUE","FALSE","FALSE","FALSE",,,,"GENERAL","INT_FORMS","FLOAT","TRUE","FALSE",
"AttachmentFile","ATTACHMENT","FORM","Defines a File Attachment.","File Attachment",,"FALSE","FALSE","FALSE","FALSE",,,,"GENERAL","DOCUMENT_ADD","FLOAT","TRUE","FALSE",
"AttachmentLink","ATTACHMENT","FORM","Defines a Link Attachment.","Link Attachment",,"FALSE","FALSE","FALSE","FALSE",,,,"GENERAL","LINK_ADD","FLOAT","TRUE","FALSE",
"AttachmentNote","ATTACHMENT","FORM","Defines a Note Attachment","Note Attachment",,"FALSE","FALSE","FALSE","FALSE",,,,"GENERAL","NOTE_ADD","FLOAT","TRUE","FALSE",
"AttachmentPage",,"PAGE","Generic Page to add attachments to entities.","Attachments",,"FALSE","FALSE","FALSE","FALSE",,,,"GENERAL","INT_FORMS","FLOAT","TRUE","FALSE","AttachmentPage"
"AttachmentSelection",,"FORM","Allows the type of an attachment to be defined.","Attachment Type",,"FALSE","FALSE","FALSE","FALSE",,,,"GENERAL","NOTE","FLOAT","TRUE","FALSE",
"AttachmentSheet",,"PROPERTY","Placeholder for the Attachment Function","Edit Attachments",,"TRUE","FALSE","FALSE","FALSE",,,,"GENERAL","INT_FORMS","FLOAT","TRUE","FALSE",
"AuditsPage",,"PAGE","Page to display audits.","Audits",,"TRUE","FALSE","FALSE","FALSE",,,,"GENERAL","INT_FORMS","FLOAT","TRUE","FALSE","AuditsPage"
"BarcodeProcess",,"FORM","Barcode Processing Form","Barcode Processing",,"TRUE","FALSE","FALSE","FALSE",,,,"GENERAL","RETAIN_BARCODE","FLOAT","TRUE","FALSE",
"BarcodeProcessPetrl",,"FORM","Barcode Processing Form Petrl","Barcode Processing Petrl",,"TRUE","FALSE","FALSE","FALSE",,,,"GENERAL","RETAIN_BARCODE","FLOAT","TRUE","FALSE",
"BatchEntryGridInsert","BATCH_ENTRY","FORM","Helper form to insert a batch entry slot at batch creation.","Insert New Batch Entry",,"TRUE","FALSE","FALSE","FALSE",,,,"GENERAL","INT_FORMS","FLOAT","TRUE","FALSE",
"BatchHeader","BATCH_HEADER","PROPERTY","Batch Property Sheet (E.X edit added columns in List)","Batch",,"TRUE","FALSE","FALSE","FALSE",,,,"LABTABLE","INT_PLATE","FLOAT","TRUE","FALSE",
"BatchPropertySheet","BATCH_HEADER","PROPERTY","Batch property sheet","Properties",,"TRUE","FALSE","FALSE","FALSE","smp$textfiles","rep",,"PROPERTY","INT_FORMS","FLOAT","TRUE","FALSE",
"BatchTemplate","BATCH_TMPL_HEADER","PROPERTY","Batch Template","Batch Template",,"TRUE","FALSE","FALSE","FALSE","smp$textfiles","bat",,"LABTABLE","BATCH_TEMPLATE","FLOAT","TRUE","FALSE",
"Browse",,"FORM","Browse Form","Browse Form",,"TRUE","FALSE","FALSE","FALSE",,,,"GENERAL","INT_FORMS","DOCK","TRUE","FALSE",
"Build",,"FORM","Build new entity form.","Build",,"FALSE","FALSE","FALSE","FALSE",,,,"GENERAL","INT_BUILD","FLOAT","TRUE","FALSE",
"CalcFunction","CALC_FUNCTION","PROPERTY","Calculation Functions","Calculation Function",,"FALSE","FALSE","FALSE","FALSE",,,,"LABTABLE","INT_FORMS","FLOAT","FALSE","FALSE",
"Cert","CERT","PROPERTY","Certificate Property Sheet","Certificate",,"TRUE","FALSE","FALSE","FALSE",,,,"LABTABLE","CERT","FLOAT","TRUE","FALSE",
"CertLogin","CERT","FORM","Certificate Creation","Certificate Login",,"TRUE","FALSE","FALSE","FALSE",,,,"GENERAL","INT_FORMS","FLOAT","TRUE","FALSE",
"CertTemplate","CERT_TEMPLATE","PROPERTY","Certificate Template Property Sheet","Certificate Template",,"TRUE","FALSE","FALSE","FALSE",,,,"LABTABLE","CERT_TEMPLATE","FLOAT","TRUE","FALSE",
"CGIScript","CGI_SCRIPT","PROPERTY","CGI Script","CGI Script",,"FALSE","FALSE","FALSE","FALSE",,,,"LABTABLE","INT_FORMS","FLOAT","FALSE","FALSE",
"ChargeHeader","CHARGE_HEADER","PROPERTY","Charge","Charge",,"FALSE","FALSE","FALSE","FALSE",,,,"LABTABLE","INT_FORMS","FLOAT","FALSE","FALSE",
"ChooseComponent",,"FORM","Choose Analysis Component","Choose Component",,"TRUE","FALSE","FALSE","FALSE",,,,"GENERAL","LE_MAPPING_RESULT","FLOAT","TRUE","FALSE",
"ChooseComponentList",,"FORM","Choose Analysis Component List","Choose Component List",,"TRUE","FALSE","FALSE","FALSE",,,,"GENERAL","LE_MAPPING_RESULT_LIST","FLOAT","TRUE","FALSE",
"ChooseLanguage",,"FORM","Choose the current language","Choose Language",,"TRUE","FALSE","FALSE","FALSE",,,,"GENERAL","GEAR","FLOAT","TRUE","FALSE",
"Chromeleon","CHROMELEON","PROPERTY","Chromeleon Server Definition","Chromeleon",,"TRUE","FALSE","FALSE","FALSE","smp$textfiles","chr",,"LABTABLE","INT_FORMS","FLOAT","TRUE","FALSE",
"ChromeleonCreateSequence","CHROMELEON_SEQUENCE","FORM","Chromeleon Sequence creation screen","Create Chromeleon Sequence",,"TRUE","FALSE","FALSE","FALSE",,,,"GENERAL","CHROMELEON_SEQUENCE","FLOAT","TRUE","FALSE",
"ChromeleonDashboard",,"FORM","Chromeleon Explorer Overview/Landing Page","Chromeleon Dashboard",,"TRUE","FALSE","FALSE","FALSE",,,,"GENERAL","INT_FORMS","EXPLORER","TRUE","FALSE",
"ChromeleonInstrumentStatus",,"FORM","Chromeleon Instrument Status","Chromeleon Instrument Status",,"TRUE","FALSE","FALSE","FALSE",,,,"GENERAL","CHROMELEON_INST_INFO","FLOAT","TRUE","FALSE",
"ChromeleonMapping","CHROMELEON_MAPPING","PROPERTY","Chromeleon Mapping","Chromeleon Mapping",,"TRUE","FALSE","FALSE","FALSE","smp$textfiles","chr",,"LABTABLE","INT_FORMS","FLOAT","TRUE","FALSE",
"ChromeleonSequence","CHROMELEON_SEQUENCE","PROPERTY","Chromeleon Sequence","Chromeleon Sequence",,"TRUE","FALSE","FALSE","FALSE",,,,"LABTABLE","INT_FORMS","FLOAT","TRUE","FALSE",
"ChromeleonSequenceAuthorize","CHROMELEON_SEQUENCE","FORM","Authorize Chromeleon Sequence","Authorize Sequence",,"TRUE","FALSE","FALSE","FALSE",,,,"GENERAL","CHROMELEON_SEQUENCE_A",,"TRUE","FALSE",
"ChromeleonSequenceCancel","CHROMELEON_SEQUENCE","FORM","Cancel Chromeleon Sequence","Cancel Sequence",,"TRUE","FALSE","FALSE","FALSE",,,,"GENERAL","CHROMELEON_SEQUENCE_X",,"TRUE","FALSE",
"ChromeleonSequenceFromBatch",,"FORM","Chromeleon Sequence creation starting from a Batch","Create Chromeleon Sequence from Batch",,"TRUE","FALSE","FALSE","FALSE",,,,"GENERAL","CHROMELEON_SEQUENCE","FLOAT","TRUE","FALSE",
"ChromeleonSequenceFromSamples",,"FORM","Chromeleon Sequence creation starting from Samples","Create Chromeleon Sequence from Samples",,"TRUE","FALSE","FALSE","FALSE",,,,"GENERAL","CHROMELEON_SEQUENCE","FLOAT","TRUE","FALSE",
"ChromeleonSequenceFromTests",,"FORM","Chromeleon Sequence creation starting from Tests","Create Chromeleon Sequence from Tests",,"TRUE","FALSE","FALSE","FALSE",,,,"GENERAL","CHROMELEON_SEQUENCE","FLOAT","TRUE","FALSE",
"ChromeleonSequenceGetResults","CHROMELEON_SEQUENCE","FORM","Get Results for a Chromelon Sequence","Chromeleon Sequence - Retrieve Results",,"TRUE","FALSE","FALSE","FALSE",,,,"GENERAL","INT_RESULT_E","FLOAT","TRUE","FALSE",
"ClearActivityLog",,"FORM","Clear Activity Log configuration page.","Clear Activity Log",,"TRUE","FALSE","FALSE","FALSE",,,,"GENERAL","INT_FORMS","FLOAT","TRUE","FALSE",
"Criteria","CRITERIA_SAVED","PROPERTY","Saved criteria","Saved Criteria",,"FALSE","FALSE","FALSE","FALSE","smp$textfiles",,,"LABTABLE","INT_FORMS",,"FALSE","FALSE",
"Criteria User Prompt Template","FORM","FORM",,"Select Prompt Values",,"FALSE","FALSE","FALSE","FALSE",,,,"USERPROMPT","INT_FORMS",,"TRUE","FALSE",
"Customer","CUSTOMER","PROPERTY","Customer","Customer",,"FALSE","FALSE","FALSE","TRUE","smp$textfiles","cus",,"LABTABLE","INT_FORMS","FLOAT","FALSE","FALSE",
"DataItemLinkEntitySelection",,"FORM","Allows to select the Entity Type to link to","Link Data Item - Entity Type Selection",,"TRUE","FALSE","FALSE","FALSE",,,,"GENERAL","INT_FORMS","FLOAT","TRUE","FALSE",
"DataItemLinkPage",,"PAGE","Generic Page to add links to Data Items.","Data Item Links",,"TRUE","FALSE","FALSE","FALSE",,,,"GENERAL","INT_FORMS","FLOAT","TRUE","FALSE","DataItemLinkPage"
"DataItemLinkSheet",,"PROPERTY","Placeholder for the Data Item Link Function","Edit Data Item Links",,"TRUE","FALSE","FALSE","FALSE",,,,"GENERAL","INT_FORMS","FLOAT","TRUE","FALSE",
"DMAgentComputer","DM_AGENT_COMPUTER","PROPERTY","Data Manager Agent Computer","Data Manager Agent Computer",,"TRUE","FALSE","FALSE","FALSE","smp$textfiles","dm_",,"LABTABLE","INT_FORMS","FLOAT","TRUE","FALSE",
"DMCaptureInterval","DM_CAPTURE_INTERVAL","PROPERTY","Data Manager Capture Interval","Data Manager Capture Interval",,"TRUE","FALSE","FALSE","FALSE",,,,"LABTABLE","INT_FORMS","FLOAT","TRUE","FALSE",
"DMCaptureSource","DM_CAPTURE_SOURCE","PROPERTY","Data Manager Capture Source Property Sheet","Data Manager Capture Source",,"TRUE","FALSE","FALSE","FALSE","smp$textfiles","dm_",,"LABTABLE","INT_FORMS","FLOAT","TRUE","FALSE",
"DMClientComputer","DM_CLIENT_COMPUTER","PROPERTY","Data Manager Client Computer","DataManager Client Computer",,"TRUE","FALSE","FALSE","FALSE","smp$textfiles","dm_",,"LABTABLE","INT_FORMS","FLOAT","TRUE","FALSE",
"DMDataDestination","DM_DATA_DESTINATION","PROPERTY","Data Manager Data Destination","Data Manager Data Destination",,"TRUE","FALSE","FALSE","FALSE",,,,"LABTABLE","INT_FORMS","FLOAT","TRUE","FALSE",
"DMDataItem","DM_DATA_ITEM","PROPERTY","Data Manager Data Item Property Sheet","Data Manager Data Item",,"TRUE","FALSE","FALSE","FALSE","smp$textfiles","dm_",,"LABTABLE","INT_FORMS","FLOAT","TRUE","FALSE",
"DMDataPackage","DM_DATA_PACKAGE","PROPERTY","Data Manager Data Package Property Sheet","Data Manager Data Package",,"TRUE","FALSE","FALSE","FALSE",,,,"LABTABLE","INT_FORMS","FLOAT","TRUE","FALSE",
"DMEventViewer",,"FORM",,"Data Manager Event Viewer",,"TRUE","FALSE","FALSE","FALSE",,,,"GENERAL","INT_FORMS","FLOAT","TRUE","FALSE",
"DMEventViewerClear",,"FORM",,"Data Manager Event Viewer",,"TRUE","FALSE","FALSE","FALSE",,,,"GENERAL","INT_FORMS","FLOAT","TRUE","FALSE",
"DMGamlViewerPage",,"PAGE","Data Manager GAML file viewer","GAML File Viewer",,"TRUE","FALSE","FALSE","FALSE",,,,"GENERAL","INT_FORMS","FLOAT","TRUE","FALSE","DMGamlViewerPage"
"DMLandingPage",,"FORM","A Landing page (dashboard) for providing navigation to elements of Laboratory Execution","Data Manager Landing Page",,"TRUE","FALSE","FALSE","FALSE",,,,"GENERAL","INT_FORMS","EXPLORER","TRUE","FALSE",
"DMPackageProperty","DM_PACKAGE_PROPERTY","PROPERTY","Data Manager Package Property Property Sheet","Data Manager Package Property",,"TRUE","FALSE","FALSE","FALSE",,,,"LABTABLE","INT_FORMS","FLOAT","TRUE","FALSE",
"DMPackagingRule","DM_PACKAGING_RULE","PROPERTY","Data Manager Packaging Rule","Data Manager Packaging Rule",,"TRUE","FALSE","FALSE","FALSE",,,,"LABTABLE","INT_FORMS","FLOAT","TRUE","FALSE",
"DMPropertyScript","DM_PROPERTY_SCRIPT","PROPERTY","Data Manager Property Script Property Sheet","Data Manager Property Script",,"TRUE","FALSE","FALSE","FALSE",,,,"LABTABLE","INT_FORMS","FLOAT","TRUE","FALSE",
"DMRuleTemplate","DM_RULE_TEMPLATE","PROPERTY","Data Manager Rule Template","Data Manager Rule Template",,"TRUE","FALSE","FALSE","FALSE",,,,"LABTABLE","INT_FORMS","FLOAT","TRUE","FALSE",
"DMSearch",,"FORM","Data Manager Search Form","Data Manager Search",,"TRUE","FALSE","FALSE","FALSE",,,,"GENERAL","INT_FORMS","DOCK","TRUE","FALSE",
"DMServerComputer","DM_SERVER_COMPUTER","PROPERTY","Data Manager Server Computer","DataManager Server Computer",,"TRUE","FALSE","FALSE","FALSE","smp$textfiles","dm_",,"LABTABLE","INT_FORMS","FLOAT","TRUE","FALSE",
"DMStatusAgent","DM_STATUS_AGENT","FORM","Data Manager Agent Status","Data Manager Agent Status",,"TRUE","FALSE","FALSE","FALSE",,,,"GENERAL","INT_FORMS","FLOAT","TRUE","FALSE",
"DMStatusCaptureSource","DM_STATUS_CAPTURE_SOURCE","FORM","Data Manager Capture Source status","Data Manager Capture Source Status",,"TRUE","FALSE","FALSE","FALSE",,,,"GENERAL","INT_FORMS","FLOAT","TRUE","FALSE",
"EntityTemplate","ENTITY_TEMPLATE","PROPERTY","Entity Template Property Sheet","Entity Template",,"FALSE","FALSE","FALSE","FALSE",,,,"LABTABLE","INT_FORMS","FLOAT","TRUE","FALSE",
"EntityTemplatePage",,"PAGE","A page displaying all fields detailed in the entity template.","Properties",,"TRUE","FALSE","FALSE","FALSE",,,,"GENERAL","INT_FORMS","FLOAT","TRUE","FALSE","EntityTemplatePage"
"EntityTemplateParameters","ENTITY_TEMPLATE","PAGE","Allows the configuration of job, sample and test parameters in the entity template.","Parameters",,"TRUE","FALSE","FALSE","FALSE",,,,"GENERAL","INT_FORMS","FLOAT","TRUE","FALSE","EntityTemplateParameterPage"
"EntityTemplatePrompt",,"FORM","Runtime prompt form for create entity workflow node.","Entity Prompt",,"FALSE","FALSE","FALSE","FALSE",,,,"GENERAL","REMOVE_TABLE_32","FLOAT","TRUE","FALSE",
"EntityTypePrompt",,"FORM","Select Entity Type","Select Table Name",,"TRUE","FALSE","FALSE","FALSE",,,,"GENERAL","INT_FORMS","FLOAT","TRUE","FALSE",
"EsigsPage",,"PAGE","Electronic Signatures Page","Esigs",,"TRUE","FALSE","FALSE","FALSE",,,,"GENERAL","INT_FORMS","FLOAT","TRUE","FALSE","EsigsPage"
"ExplorerAux","EXPLORER_AUX","PROPERTY","Explorer Auxiliary Reports","Explorer Auxiliary Report",,"FALSE","FALSE","FALSE","FALSE",,,,"LABTABLE","INT_FORMS","FLOAT","FALSE","FALSE",
"ExplorerCabinet","EXPLORER_CABINET","PROPERTY","Explorer Cabinet","Explorer Cabinet",,"FALSE","FALSE","FALSE","FALSE",,,,"LABTABLE","INT_FORMS","FLOAT","FALSE","FALSE",
"ExplorerFolder","EXPLORER_FOLDER","PROPERTY","Explorer Folder","Explorer Folder",,"FALSE","FALSE","FALSE","FALSE",,,,"LABTABLE","INT_CLOSED_FOLDER","FLOAT","FALSE","FALSE",
"ExplorerHierarchy","EXPLORER_HIERARCHY","PROPERTY","Explorer Hierarchy LTE","Explorer Hierarchy",,"FALSE","FALSE","FALSE","FALSE",,,,"LABTABLE","INT_FORMS",,"FALSE","FALSE",
"ExportSite",,"FORM","Export Site Data","Export Site",,"TRUE","FALSE","FALSE","FALSE",,,,"GENERAL","ENTITY_EXPORT","FLOAT","TRUE","FALSE",
"FileEncodingConversion",,"FORM","Converts the encoding of a file from the chosen encoding to UTF/Unicode. Used to prepare files for table loader etc if upgrading or using a extended ANSI format.","File Encoding Conversion",,"TRUE","FALSE","FALSE","FALSE",,,,"GENERAL","INT_FORMS","FLOAT","TRUE","FALSE",
"FillProblem",,"FORM",,"Fill Problem",,"TRUE","FALSE","FALSE","FALSE",,,,"GENERAL","INT_FORMS","FLOAT","TRUE","FALSE",
"Form","FORM","PROPERTY","Property sheet for editing form definitions.","Form Definition",,"FALSE","FALSE","FALSE","FALSE",,,,"LABTABLE","INT_FORMS","FLOAT","FALSE","FALSE",
"FormulaEditor",,"FORM","Expression\Formula Editor","Expression Editor",,"TRUE","FALSE","FALSE","FALSE",,,,"GENERAL","INT_FORMS","FLOAT","TRUE","FALSE",
"FormulaTester",,"FORM","Utility form to test formulas/expressions","Expression Tester",,"TRUE","FALSE","FALSE","FALSE",,,,"GENERAL","INT_FORMS","FLOAT","TRUE","FALSE",
"GenerateLocalizationTags",,"FORM","Generate the localization tags in the database and creates neutral language resource files.","Generate Localisation Tags",,"TRUE","FALSE","FALSE","FALSE",,,,"GENERAL","INT_FORMS","FLOAT","TRUE","FALSE",
"GenericPropertySheet",,"PROPERTY","Generic property sheet","Properties",,"TRUE","FALSE","FALSE","FALSE","smp$textfiles","rep",,"PROPERTY","INT_FORMS","FLOAT","TRUE","FALSE",
"GroupHeader","GROUP_HEADER","PROPERTY","Group","Group",,"FALSE","FALSE","FALSE","FALSE",,,,"LABTABLE","INT_FORMS","FLOAT","FALSE","FALSE",
"Hazard","HAZARD","PROPERTY","Hazards","Hazard",,"FALSE","FALSE","FALSE","TRUE","smp$textfiles","haz",,"LABTABLE","INT_HAZARD",,"FALSE","FALSE",
"Icon","ICON","PROPERTY","Icon","Icon",,"FALSE","FALSE","FALSE","FALSE",,,,"LABTABLE","INT_FORMS","FLOAT","FALSE","FALSE",
"ImportEntityResults",,"FORM","Import Entity Results","Import",,"TRUE","FALSE","FALSE","FALSE",,,,"GENERAL","INT_FORMS","FLOAT","TRUE","FALSE",
"ImportExportSequence",,"FORM","Import and export increment settings","Import/Export Increments",,"TRUE","FALSE","FALSE","FALSE",,,,"GENERAL","INT_FORMS","FLOAT","TRUE","FALSE",
"Incident","INCIDENTS","PROPERTY","Incident main property sheet","Incidents",,"TRUE","FALSE","FALSE","FALSE","smp$textfiles","inc",,"LABTABLE","INT_INCIDENTS_V","FLOAT","TRUE","FALSE",
"IncidentPage",,"PAGE","Generic Page to display incidents","Incidents",,"TRUE","FALSE","FALSE","FALSE",,,,"GENERAL","INT_FORMS","FLOAT","TRUE","FALSE","IncidentPage"
"Incidents","INCIDENTS","PROPERTY","Incident Properties page.","Incidents",,"TRUE","FALSE","FALSE","FALSE","smp$textfiles","inc",,"PROPERTY","INT_FORMS","FLOAT","TRUE","FALSE",
"InspectionHistory",,"FORM","Inspection History Information","Inspection History",,"TRUE","FALSE","FALSE","FALSE",,,,"GENERAL","INT_RECENT_ITEMS","FLOAT","TRUE","FALSE",
"InspectionPage",,"PAGE","Inspection Record Tab Page","Inspection",,"TRUE","FALSE","FALSE","FALSE",,,,"GENERAL","INT_FORMS","FLOAT","TRUE","FALSE","InspectionPage"
"Instrument","INSTRUMENT","PROPERTY","Instrument property sheet","Instrument",,"FALSE","FALSE","FALSE","TRUE","smp$textfiles","ins",,"LABTABLE","INT_FORMS",,"FALSE","FALSE",
"Instrument_PartGridAdd",,"FORM","Helper form to Add a new instrument part to an instrument","Add Instrument Part",,"FALSE","FALSE","FALSE","FALSE",,,,"GENERAL","INT_FORMS",,"FALSE","FALSE",
"InstrumentAvailable","INSTRUMENT","FORM","Instrument Available","Instrument Available",,"FALSE","FALSE","FALSE","FALSE",,,,"LABTABLE","INT_FORMS",,"TRUE","FALSE",
"InstrumentCalibration","INSTRUMENT","FORM","Instrument Calibration","Instrument Calibration",,"FALSE","FALSE","FALSE","FALSE","smp$textfiles",,,"LABTABLE","INT_FORMS",,"TRUE","FALSE",
"InstrumentCalibrationComplete","INSTRUMENT","FORM","Complete Instrument Calibration","Complete Instrument Calibration",,"FALSE","FALSE","FALSE","FALSE",,,,"GENERAL","INT_FORMS","FLOAT","TRUE","FALSE",
"InstrumentCategory","INSTRUMENT_CATEGORY","PROPERTY","Instrument Category","Instrument Category",,"TRUE","FALSE","FALSE","TRUE","smp$textfiles","ins",,"LABTABLE","INT_FORMS","FLOAT","TRUE","FALSE",
"InstrumentComment","INSTRUMENT","FORM","Instrument Comment","Instrument Comment",,"FALSE","FALSE","FALSE","FALSE",,,,"LABTABLE","INT_FORMS",,"TRUE","FALSE",
"InstrumentHistory","INSTRUMENT","FORM","Instrument History","Instrument History",,"FALSE","FALSE","FALSE","FALSE",,,,"LABTABLE","INT_FORMS",,"TRUE","FALSE",
"InstrumentMaintenanceDashbaord",,"FORM","Instrument Maintenance Dashboard","Instrument Maintenance Dashbaord",,"TRUE","FALSE","FALSE","FALSE",,,,"GENERAL","INT_FORMS","EXPLORER","TRUE","FALSE",
"InstrumentPart","INSTRUMENT_PART","PROPERTY","Instrument Part Property Sheet.","Instrument Part",,"FALSE","FALSE","FALSE","TRUE","smp$textfiles","inp",,"LABTABLE","INT_FORMS",,"TRUE","FALSE",
"InstrumentPartAvailable","INSTRUMENT_PART","FORM","Instrument Part Available","Instrument Part Available",,"FALSE","FALSE","FALSE","FALSE",,,,"GENERAL","INT_FORMS","FLOAT","TRUE","FALSE",
"InstrumentPartCalibration","INSTRUMENT_PART","FORM","Instrument Part Calibration","Instrument Part Calibration",,"FALSE","FALSE","FALSE","FALSE","smp$textfiles",,,"LABTABLE","INT_FORMS",,"TRUE","FALSE",
"InstrumentPartComment","INSTRUMENT_PART","FORM","Instrument Part Comment","Instrument Part Comment",,"FALSE","FALSE","FALSE","FALSE",,,,"GENERAL","INT_FORMS","FLOAT","TRUE","FALSE",
"InstrumentPartHistory","INSTRUMENT_PART","FORM","Instrument Part History","Instrument Part History",,"FALSE","FALSE","FALSE","FALSE",,,,"GENERAL","INT_FORMS","FLOAT","TRUE","FALSE",
"InstrumentPartService","INSTRUMENT_PART","FORM","Instrument Part Service","Instrument Part Service",,"FALSE","FALSE","FALSE","FALSE",,,,"GENERAL","INT_FORMS","FLOAT","TRUE","FALSE",
"InstrumentPartTemplate","INSTRUMENT_PART_TEMPLATE","PROPERTY","Instrument Part Template Property Sheet.","Instrument Part Template",,"FALSE","FALSE","FALSE","TRUE","smp$textfiles","ipt",,"GENERAL","INT_FORMS",,"TRUE","FALSE",
"InstrumentPartUnavailable","INSTRUMENT_PART","FORM","Instrument Part Unavailable","Instrument Part Unavailable",,"FALSE","FALSE","FALSE","FALSE",,,,"GENERAL","INT_FORMS","FLOAT","TRUE","FALSE",
"InstrumentService","INSTRUMENT","FORM","Instrument Service","Instrument Service",,"FALSE","FALSE","FALSE","FALSE",,,,"LABTABLE","INT_FORMS",,"TRUE","FALSE",
"InstrumentTemplate","INSTRUMENT_TEMPLATE","PROPERTY","Instrument Template Property Sheet","Instrument Template",,"FALSE","FALSE","FALSE","TRUE","smp$textfiles","int",,"GENERAL","INT_FORMS",,"TRUE","FALSE",
"InstrumentUnavailable","INSTRUMENT","FORM","Instrument Unavailable","Instrument Unavailable",,"FALSE","FALSE","FALSE","FALSE",,,,"LABTABLE","INT_FORMS",,"TRUE","FALSE",
"InstrumentUserPrompt","INSTRUMENT","FORM","An example user prompt, based on the instrument table.","Instrument User Prompt",,"FALSE","FALSE","FALSE","FALSE",,,,"USERPROMPT","INT_FORMS","FLOAT","TRUE","FALSE",
"InstrumentUserPromptUnbound","INSTRUMENT","FORM","An example user prompt with unbound prompts based on the instrument table. A criteria could be based on all or just one of the prompts to include as a variable.","Instrument User Prompt Unbound",,"FALSE","FALSE","FALSE","FALSE",,,,"USERPROMPT","INT_FORMS","FLOAT","TRUE","FALSE",
"InterfaceManagementReports","COMPLETED_MONTH_TESTS","FORM","status reports","Petrl Management Reports",,"TRUE","FALSE","FALSE","FALSE",,,,"GENERAL","INT_FORMS","EXPLORER","TRUE","FALSE",
"Job","JOB_HEADER","PROPERTY","Job property sheet
7/27/2021 Property List taken off of Pages for Job","Job Header",,"TRUE","FALSE","FALSE","FALSE","smp$textfiles","job",,"PROPERTY","INT_FORMS","FLOAT","TRUE","FALSE",
"JobSubmission",,"FORM","Penn Vet Job Submission - Specimen Receipt","Home Page",,"TRUE","FALSE","FALSE","FALSE",,,,"GENERAL","INT_FORMS","EXPLORER","TRUE","FALSE",
"LabAlias","LAB_ALIAS","PROPERTY","Lab Execution : Lab Alias Property Sheet","Alias",,"TRUE","FALSE","FALSE","FALSE",,,,"LABTABLE","INT_FORMS","FLOAT","TRUE","FALSE",
"LabDataSource","LAB_DATA_SOURCE","PROPERTY","Lab Execution : Lab Data Source Property Sheet","Lab Data Source",,"TRUE","FALSE","FALSE","FALSE","smp$textfiles","lab",,"LABTABLE","INT_FORMS","FLOAT","TRUE","FALSE",
"LabelSpecification","LABEL_SPECIFICATION","PROPERTY","Label Specification Property Sheet","Label Specification",,"TRUE","FALSE","FALSE","FALSE","smp$textfiles","lab",,"LABTABLE","INT_FORMS","FLOAT","TRUE","FALSE",
"LabelTemplate","LABEL_TEMPLATE","PROPERTY","Label Template Definition","Label Template",,"FALSE","FALSE","FALSE","FALSE",,,,"LABTABLE","INT_FORMS","FLOAT","TRUE","FALSE",
"LabExecution","LAB_EXECUTION","FORM","Lab Execution : Task Execution","Lab Execution",,"TRUE","FALSE","FALSE","FALSE",,,,"GENERAL","INT_FORMS","FLOAT","TRUE","FALSE",
"LabExecutionAssign","LAB_EXECUTION","FORM","Lab Execution : Assignment Form","Assign Lab Execution",,"TRUE","FALSE","FALSE","FALSE",,,,"GENERAL","INT_FORMS","FLOAT","TRUE","FALSE",
"LabExecutionLandingPage",,"FORM","A Landing page (dashboard) for providing navigation to elements of Laboratory Execution","Laboratory Execution Landing Page",,"TRUE","FALSE","FALSE","FALSE",,,,"GENERAL","INT_FORMS","EXPLORER","TRUE","FALSE",
"LabExecutionPropertySheet","LAB_EXECUTION","PROPERTY","Lab Execution : Task Execution Property Sheet","Lab Execution",,"TRUE","FALSE","FALSE","FALSE","smp$textfiles","lab",,"GENERAL","INT_FORMS","FLOAT","TRUE","FALSE",
"LabExecutionSample","SAMPLE","FORM","Lab Execution : Sample Lab Execution Creation","Sample Lab Execution",,"TRUE","FALSE","FALSE","FALSE",,,,"GENERAL","INT_FORMS","FLOAT","TRUE","FALSE",
"LabExecutionTimelineEntry","LAB_EXECUTION_TIMELINE_ENTRY","FORM",,"LabExecutionTimelineEntry",,"TRUE","FALSE","FALSE","FALSE",,,,"GENERAL","INT_FORMS","FLOAT","TRUE","FALSE",
"LabImportDefinition","LAB_IMPORT_DEFINITION","PROPERTY","Lab Execution : Lab Import Definition Property Sheet","Import Definition",,"TRUE","FALSE","FALSE","FALSE","smp$textfiles","lab",,"LABTABLE","INT_FORMS","FLOAT","TRUE","FALSE",
"LabMapping","LAB_MAPPING","PROPERTY","Lab Execution : Lab Mapping Property Sheet","Mapping Script",,"TRUE","FALSE","FALSE","FALSE","smp$textfiles","lab",,"LABTABLE","INT_FORMS","FLOAT","TRUE","FALSE",
"LabMethod","LAB_METHOD","PROPERTY","Lab Execution : Lab Method Property Sheet","Lab Method",,"TRUE","FALSE","FALSE","FALSE",,,,"LABTABLE","INT_FORMS","FLOAT","TRUE","FALSE",
"LabParsingScript","LAB_PARSING_SCRIPT","PROPERTY","Lab Execution : Lab Parsing Property Sheet","Parsing Script",,"TRUE","FALSE","FALSE","FALSE","smp$textfiles","lps",,"LABTABLE","INT_FORMS","FLOAT","TRUE","FALSE",
"LabRackTemplate","LAB_RACK_TEMPLATE","PROPERTY","Rack Template","Rack Template",,"TRUE","FALSE","FALSE","FALSE","smp$textfiles","lab",,"LABTABLE","INT_FORMS","FLOAT","TRUE","FALSE",
"LabSequence","BATCH_HEADER","PROPERTY",,"Batch Header",,"TRUE","FALSE","FALSE","FALSE","smp$textfiles","bat",,"LABTABLE","INT_FORMS","FLOAT","TRUE","FALSE",
"Language","LANGUAGE","PROPERTY","Language property","Language Properties",,"FALSE","FALSE","FALSE","FALSE",,,,"LABTABLE","INT_FORMS","FLOAT","FALSE","FALSE",
"LimitCalculation","LIMIT_CALCULATION","PROPERTY","Limit Calculation Property Sheet","Limit Calculation",,"TRUE","FALSE","FALSE","TRUE","smp$limit_calculations","laf",,"LABTABLE","INT_FORMS","FLOAT","TRUE","FALSE",
"LimitPhraseFromPhrase",,"FORM","Create Limit Phrase From Phrase Form","Create Limit Phrase From Phrase",,"TRUE","FALSE","FALSE","FALSE",,,,"GENERAL","INT_FORMS","FLOAT","TRUE","FALSE",
"LimitPhraseHeader","LIMIT_PHRASE_HEADER","PROPERTY","Limit Phrase Header Property Sheet","Limit Phrase Header",,"TRUE","FALSE","FALSE","FALSE","smp$textfiles","lim",,"LABTABLE","INT_FORMS","FLOAT","TRUE","FALSE",
"LimsmlEntityAction","LIMSML_ENTITY_ACTION","PROPERTY","LIMSML Entity Actions","LIMSML Entity Action",,"FALSE","FALSE","FALSE","FALSE",,,,"LABTABLE","INT_FORMS",,"FALSE","FALSE",
"LinksPage",,"PAGE","Shows links pages.","Links",,"TRUE","FALSE","FALSE","FALSE",,,,"GENERAL","INT_FORMS","FLOAT","TRUE","FALSE","LinksPage"
"Location","LOCATION","PROPERTY","Location","Location",,"FALSE","FALSE","FALSE","FALSE",,,,"LABTABLE","INT_WORLD","FLOAT","FALSE","FALSE",
"LocationExplorerBrowse",,"FORM","Location Browse","Location Browse",,"TRUE","FALSE","FALSE","FALSE",,,,"GENERAL","MAP_POINT","FLOAT","TRUE","FALSE",
"LocationInstrumentExplorer","LOCATION","FORM","Instruments associated with a location","Instruments associated with a location",,"FALSE","FALSE","FALSE","FALSE",,,,"GENERAL","INT_FORMS","EXPLORER","TRUE","FALSE",
"LocationSampleExplorer","LOCATION","FORM","An explorer dash board which displays location and sample information.","Location and Sample information",,"FALSE","FALSE","FALSE","FALSE",,,,"GENERAL","INT_FORMS","EXPLORER","TRUE","FALSE",
"LocationType","LOCATION_TYPE","PROPERTY","Location Type","Location Type",,"FALSE","FALSE","FALSE","FALSE","smp$textfiles","loc",,"LABTABLE","INT_FORMS","FLOAT","TRUE","FALSE",
"LogSchedHeader","LOG_SCHED_HEADER","PROPERTY","Login Schedule","Login Schedule",,"FALSE","FALSE","FALSE","FALSE",,,,"LABTABLE","INT_FORMS","FLOAT","FALSE","FALSE",
"LotDetails","LOT_DETAILS","PROPERTY","Lots : Lot Detail Property Sheet","Lot Details",,"FALSE","FALSE","FALSE","FALSE",,,,"GENERAL","BOX","FLOAT","TRUE","FALSE",
"LotInventoryDashboard","LOT_DETAILS","FORM","Lots : Inventory Dashboard","Lot Inventory Summary",,"FALSE","FALSE","FALSE","FALSE",,,,"GENERAL","BOX","FLOAT","TRUE","FALSE",
"LotPropertySheet","LOT_DETAILS","PROPERTY","Lot property sheet","Properties",,"TRUE","FALSE","FALSE","FALSE","smp$textfiles","rep",,"PROPERTY","INT_FORMS","FLOAT","TRUE","FALSE",
"LotReconcile","LOT_DETAILS","PROPERTY","Lots : Reconcile Inventory","Reconcile Lot Inventory",,"FALSE","FALSE","FALSE","FALSE",,,,"LABTABLE","INT_BALANCE","FLOAT","TRUE","FALSE",
"LotRelationDashboard","LOT_DETAILS","FORM","Lots : Relationship Dashboard","Lot Inventory Overview",,"FALSE","FALSE","FALSE","FALSE",,,,"GENERAL","BOX_VIEW","FLOAT","TRUE","FALSE",
"LotReservation","LOT_DETAILS","FORM","Lots : Inventory Reservation","Lot Reservation",,"FALSE","FALSE","FALSE","FALSE",,,,"GENERAL","BOX","FLOAT","TRUE","FALSE",
"MaintenanceCancel","MAINTENANCE","FORM","Maintenance Cancel Form","Maintenance Cancel",,"TRUE","FALSE","FALSE","FALSE",,,,"GENERAL","INT_FORMS","FLOAT","TRUE","FALSE",
"MaintenanceComplete","MAINTENANCE","FORM","Complete a maintenance operation that required a sample to be logged in.","Maintenance Complete",,"TRUE","FALSE","FALSE","FALSE",,,,"GENERAL","INT_FORMS","FLOAT","TRUE","FALSE",
"MaintenanceDashboard",,"FORM","Form showing upcoming Maintenance.","Maintenance Dashboard",,"TRUE","FALSE","FALSE","FALSE",,,,"GENERAL","INT_FORMS","EXPLORER","TRUE","FALSE",
"MaintenancePage",,"PAGE","Generic Maintenance Schedule Page","Maintenance",,"TRUE","FALSE","FALSE","FALSE",,,,"GENERAL","INT_FORMS","FLOAT","TRUE","FALSE","MaintenancePage"
"MaintenancePageItem","MAINTENANCE","FORM","Form used with maintenance entries launched from the maintenance page","Maintenance",,"TRUE","FALSE","FALSE","FALSE",,,,"GENERAL","INT_FORMS","FLOAT","TRUE","FALSE",
"MaintenancePerform","MAINTENANCE","FORM","Form to record when maintenance has taken place","Perform Maintenance",,"TRUE","FALSE","FALSE","FALSE",,,,"GENERAL","INT_FORMS","FLOAT","TRUE","FALSE",
"MaintenanceTemplatePage",,"PAGE","Generic Maintenance Schedule Template Page","Maintenance",,"TRUE","FALSE","FALSE","FALSE",,,,"GENERAL","INT_FORMS","FLOAT","TRUE","FALSE","MaintenanceTemplatePage"
"MasterMenu","MASTER_MENU","PROPERTY","Master Menu","Master Menu",,"FALSE","FALSE","FALSE","FALSE",,,,"LABTABLE","INT_FORMS",,"FALSE","FALSE",
"MasterMenuContext",,"FORM","Master Menu Procedure Number Generation Context","Generate Procedure Number",,"FALSE","FALSE","FALSE","FALSE",,,,"GENERAL","INT_FORMS","FLOAT","TRUE","FALSE",
"MlpFamily","MLP_FAMILY_HEADER","PROPERTY","MLP Family Property Sheet","MLP Family",,"TRUE","FALSE","FALSE","FALSE","smp$textfiles","mlp",,"LABTABLE","INT_FORMS","FLOAT","TRUE","FALSE",
"MlpHeader","MLP_HEADER","PROPERTY","MLP Header Property Sheet","MLP Header",,"TRUE","FALSE","FALSE","FALSE","smp$textfiles","mlp",,"LABTABLE","INT_FORMS","FLOAT","TRUE","FALSE",
"MlpLevel","MLP_LEVEL","PROPERTY","Mlp Level Property Sheet","MLP Level",,"TRUE","FALSE","FALSE","FALSE",,,,"LABTABLE","INT_FORMS","FLOAT","TRUE","FALSE",
"ModularReport","MODULAR_REPORT","PROPERTY","Define modular reports","Modular Report",,"TRUE","FALSE","FALSE","FALSE","smp$textfiles","mod",,"LABTABLE","INT_FORMS","FLOAT","TRUE","FALSE",
"ModularReportPropertySheet","MODULAR_REPORT","PROPERTY","Modular report property sheet","Modular Report",,"TRUE","FALSE","FALSE","FALSE","smp$textfiles","mod",,"PROPERTY","INT_FORMS","FLOAT","TRUE","FALSE",
"NamedLicenseGroupEditor",,"FORM","License Group Editor","License Group Editor",,"TRUE","FALSE","FALSE","FALSE",,,,"GENERAL","INT_USER","FLOAT","TRUE","FALSE",
"OperatorTrainingHistory","PERSONNEL","FORM","Operator Training History","Operator Training History",,"FALSE","FALSE","FALSE","FALSE",,,,"GENERAL","INT_FORMS","FLOAT","TRUE","FALSE",
"OperatorTrainingUpdate","PERSONNEL","FORM","Mark an operator as trained against a specified training course to a specified standard","Operator Training Update",,"FALSE","FALSE","FALSE","FALSE",,,,"GENERAL","INT_FORMS","FLOAT","TRUE","FALSE",
"P_CUSTOMER_TYPE","P_CUSTOMER_TYPE","PROPERTY","PETRL Customer Types Form","PCustomer Type",,"TRUE","FALSE","FALSE","FALSE","smp$textfiles","p_c",,"LABTABLE","INT_FORMS","FLOAT","TRUE","FALSE",
"P_ORDERED_JOBS","FORM","FORM",,"PETRL Job Status",,"TRUE","FALSE","FALSE","FALSE",,,,"GENERAL","INT_FORMS","FLOAT","TRUE","FALSE",
"P_RACE_CARD","P_RACE_CARD","PROPERTY",,"PRace Card",,"TRUE","FALSE","FALSE","FALSE","smp$textfiles","p_r",,"LABTABLE","INT_FORMS","FLOAT","TRUE","FALSE",
"P_SHIP_CONTAINER","P_SHIP_CONTAINER","PROPERTY","PETRL Portal Ship containers","Ship Container",,"TRUE","FALSE","FALSE","FALSE","smp$textfiles","p_s",,"LABTABLE","INT_FORMS","FLOAT","TRUE","FALSE",
"P_SHIPMENT","P_SHIPMENT","PROPERTY","P_Shipment Property sheet","PShipment",,"TRUE","FALSE","FALSE","FALSE","smp$textfiles","p_s",,"LABTABLE","INT_FORMS","FLOAT","TRUE","FALSE",
"P_SHIPMENT_DISPLAY","P_SHIPMENT","FORM","PETRL display shipment details","Shipment",,"TRUE","FALSE","FALSE","FALSE",,,,"GENERAL","INT_FORMS","FLOAT","TRUE","FALSE",
"P_SHIPMENT_RECEIVE","P_CONTAINER_SHIPMENT","FORM","Petrl Container shipment Receive","Container Shipment Receive",,"TRUE","FALSE","FALSE","FALSE",,,,"GENERAL","INT_FORMS","FLOAT","TRUE","FALSE",
"P_SPECIMEN","P_SPECIMEN","PROPERTY","Petrl P_specimen Propety Sheet","PSpecimen",,"TRUE","FALSE","FALSE","FALSE","smp$textfiles","p_s",,"LABTABLE","INT_FORMS","FLOAT","TRUE","FALSE",
"P_SPECIMEN_DISPOSITION","FORM","FORM","PETRL Specimen Dispostion","PETRL Specimen Disposition",,"TRUE","FALSE","FALSE","FALSE",,,,"GENERAL","INT_FORMS","FLOAT","TRUE","TRUE",
"ParameterDefinePage",,"PAGE","Allows the configuration of parameters","Parameters",,"TRUE","FALSE","FALSE","FALSE",,,,"GENERAL","INT_FORMS","FLOAT","TRUE","FALSE","ParameterDefinePage"
"ParameterPage",,"PAGE","Page to manage Job, Sample and Test parameters.","Parameters",,"TRUE","FALSE","FALSE","FALSE",,,,"GENERAL","INT_FORMS","FLOAT","TRUE","FALSE","ParameterPage"
"ParameterSheet",,"FORM","Allows the modification of sample, job and test parameters.","Parameters",,"TRUE","FALSE","FALSE","FALSE",,,,"GENERAL","GEAR","FLOAT","TRUE","FALSE",
"ParameterType","PARAMETER_TYPE","PROPERTY","Parameter Type","Parameter Type",,"TRUE","FALSE","FALSE","FALSE","smp$textfiles","par",,"LABTABLE","GEAR","FLOAT","TRUE","FALSE",
"PContact","P_CONTACT","PROPERTY","Petrl customer contacts","PContact",,"TRUE","FALSE","FALSE","TRUE","smp$textfiles","p_c",,"LABTABLE","INT_FORMS","FLOAT","TRUE","FALSE",
"PContainerShipment","P_CONTAINER_SHIPMENT","PROPERTY","Petrl Container Shipments","PContainer Shipment",,"TRUE","FALSE","FALSE","FALSE","smp$textfiles","p_c",,"LABTABLE","INT_FORMS","FLOAT","TRUE","FALSE",
"PerformanceIndex",,"FORM","SampleManager Performance Index","SampleManager Performance Index",,"TRUE","FALSE","FALSE","FALSE",,,,"GENERAL","INT_FORMS","FLOAT","TRUE","FALSE",
"Personnel","PERSONNEL","PROPERTY","Operators/Personnel Information","Personnel",,"FALSE","FALSE","FALSE","FALSE",,,,"LABTABLE","INT_FORMS","FLOAT","FALSE","FALSE",
"PETRLContainer","SAMPLE_POINT","FORM","Race Track - add specimens to Container and Ship","Container Shipment",,"TRUE","FALSE","FALSE","FALSE",,,,"GENERAL","INT_FORMS","FLOAT","TRUE","FALSE",
"PETRLRaceCard","SAMPLE_POINT","FORM","PETRL Race Card","PETRL Race Card",,"TRUE","FALSE","FALSE","FALSE",,,,"GENERAL","INT_FORMS","FLOAT","TRUE","FALSE",
"PhraseHeader","PHRASE_HEADER","PROPERTY","Phrase","Phrase",,"FALSE","FALSE","FALSE","FALSE",,,,"LABTABLE","INT_FORMS","FLOAT","FALSE","FALSE",
"Plate","PLATE","PROPERTY","Plate Property Sheet (E.X 7-6 edit added column into Contents)","Plate",,"TRUE","FALSE","FALSE","FALSE",,,,"LABTABLE","INT_PLATE","FLOAT","TRUE","FALSE",
"PlateAppearance","PLATE_APPEARANCE","PROPERTY","Plate Appearance","Plate Appearance",,"TRUE","FALSE","FALSE","FALSE",,,,"LABTABLE","PLATE_APPEARANCE","FLOAT","TRUE","FALSE",
"PlateFillOrder","PLATE_FILL_ORDER","PROPERTY","Plate Fill Order","Plate Fill Order",,"TRUE","FALSE","FALSE","FALSE",,,,"LABTABLE","PLATE_FILL_ORDER","FLOAT","TRUE","FALSE",
"PlatePreviewPage",,"PAGE","Plate Preview Page","Plate Preview",,"FALSE","FALSE","FALSE","FALSE",,,,"GENERAL","INT_FORMS","FLOAT","TRUE","FALSE","PlatePreviewPage"
"PlateType","PLATE_TYPE","PROPERTY","Plate Type","Plate Type",,"TRUE","FALSE","FALSE","FALSE",,,,"LABTABLE","PLATE_TYPE","FLOAT","TRUE","FALSE",
"Preparation","PREPARATION","PROPERTY","Preparations","Preparation",,"FALSE","FALSE","FALSE","TRUE","smp$textfiles","prp",,"LABTABLE","INT_MIX","FLOAT","FALSE","FALSE",
"PrinterDestination","PRINTER","PROPERTY","Printer and destination property sheet","Printer and Destination",,"TRUE","FALSE","FALSE","FALSE","smp$textfiles","pri",,"LABTABLE","INT_FORMS","FLOAT","TRUE","FALSE",
"ProjectInfo","PROJECT_INFO","PROPERTY","Project Information","Project Information",,"FALSE","FALSE","FALSE","TRUE","smp$textfiles","prj",,"LABTABLE","INT_FORMS","FLOAT","FALSE","FALSE",
"PropertyListPage",,"PAGE","Page showing a list of all the properties, grouped into categories","Property List",,"TRUE","FALSE","FALSE","FALSE",,,,"GENERAL","INT_FORMS","FLOAT","TRUE","FALSE","PropertyListPage"
"Race","P_RACE","PROPERTY","Petrl portal Race","PRace",,"TRUE","FALSE","FALSE","FALSE","smp$textfiles","p_r",,"LABTABLE","INT_FORMS","FLOAT","TRUE","FALSE",
"RaceJobSubmission","SAMPLE_POINT","FORM","Penn Vet Accession Submission","Home Page",,"TRUE","FALSE","FALSE","FALSE",,,,"GENERAL","INT_FORMS","EXPLORER","TRUE","FALSE",
"ReportDatePromptCriteria","CRITERIA_SAVED","FORM","Saved Criteria Date Prompt","Saved Criteria Date Prompt",,"TRUE","FALSE","FALSE","FALSE",,,,"GENERAL","INT_FORMS","FLOAT","TRUE","FALSE",
"ReportLayout","REPORT_LAYOUT_HEADER","PROPERTY","Report Layout","Report Layout Header",,"TRUE","FALSE","FALSE","FALSE","smp$textfiles","lis",,"LABTABLE","INT_REPORT","FLOAT","TRUE","FALSE",
"ReportTemplate","REPORT_TEMPLATE","PROPERTY","Report Template Property Sheet","Report Template",,"FALSE","FALSE","FALSE","FALSE",,,,"LABTABLE","INT_FORMS","FLOAT","TRUE","FALSE",
"ReportTemplatePreview","REPORT_TEMPLATE","FORM","Form to preview a report","Report Template Preview",,"TRUE","FALSE","FALSE","FALSE",,,,"GENERAL","INT_FORMS","FLOAT","TRUE","FALSE",
"ReportTemplatePropertySheet","REPORT_TEMPLATE","PROPERTY","Report template property sheet.","Report Template",,"TRUE","FALSE","FALSE","FALSE","smp$textfiles","rep",,"PROPERTY","INT_FORMS","FLOAT","TRUE","FALSE",
"RetainTestPlan","RETAIN_TEST_PLAN","PROPERTY","Retain Test Plan","Retain Test Plan",,"TRUE","FALSE","FALSE","FALSE",,,,"LABTABLE","RETAIN_TEST_PLAN","FLOAT","TRUE","FALSE",
"RoleHeader","ROLE_HEADER","PROPERTY","Role Header","Role",,"FALSE","FALSE","FALSE","FALSE",,,,"LABTABLE","INT_FORMS",,"FALSE","FALSE",
"Sample","SAMPLE","PROPERTY","Sample property pages.","Sample",,"TRUE","FALSE","FALSE","FALSE","smp$textfiles","sam",,"PROPERTY","INT_FORMS","FLOAT","TRUE","FALSE",
"SampleAdmin",,"FORM","Sample Administration Form","Sample Administration",,"TRUE","FALSE","FALSE","FALSE",,,,"GENERAL","SAMPLE_ADD","FLOAT","TRUE","FALSE",
"SampleAdminAddTest",,"FORM","Prompt used to add items to a tests to samples.","Add Analysis",,"FALSE","FALSE","FALSE","FALSE",,,,"GENERAL","INT_TEST_V","FLOAT","TRUE","FALSE",
"SampleAdminAddWorkflow",,"FORM","Prompt used to add items to a Sample Administration session by executing workflow","Sample Administration",,"FALSE","FALSE","FALSE","FALSE",,,,"GENERAL","SAMPLE_ADD","FLOAT","TRUE","FALSE",
"SampleApproval",,"FORM",,"Disposal Page",,"TRUE","FALSE","FALSE","FALSE",,,,"GENERAL","INT_FORMS","EXPLORER","TRUE","FALSE",
"SampleComposite",,"FORM",,"Create Composite Sample",,"TRUE","FALSE","FALSE","FALSE",,,,"GENERAL","JOIN","FLOAT","TRUE","FALSE",
"SampleDisposal",,"FORM",,"PETRL Sample Approval",,"TRUE","FALSE","FALSE","FALSE",,,,"GENERAL","INT_FORMS","EXPLORER","TRUE","FALSE",
"SampleLabDash","SAMPLE","FORM","Samples Lab Dashboard","Samples Lab Dashboard",,"TRUE","FALSE","FALSE","FALSE",,,,"GENERAL","INT_FORMS","EXPLORER","TRUE","FALSE",
"SampleLabDash2","SAMPLE","FORM","Samples allocation by month","Instrument Usage",,"TRUE","FALSE","FALSE","FALSE",,,,"GENERAL","INT_FORMS","EXPLORER","TRUE","FALSE",
"SamplePoint","SAMPLE_POINT","PROPERTY","Sample Point","Sample Point",,"FALSE","FALSE","FALSE","TRUE","smp$textfiles","spt",,"LABTABLE","INT_SAMPLE_POINT","FLOAT","FALSE","FALSE",
"SamplingProcedure","SAMPLING_PROCEDURE","PROPERTY","Sampling Procedure","Sampling Procedure",,"FALSE","FALSE","FALSE","TRUE","smp$textfiles","csh",,"LABTABLE","INT_FORMS","FLOAT","FALSE","FALSE",
"Schedule","SCHEDULE","PROPERTY","Schedules","Schedule",,"FALSE","FALSE","FALSE","FALSE",,,,"GENERAL","INT_FORMS",,"FALSE","FALSE",
"ScheduleCalendar","SCHEDULE_CALENDAR","PROPERTY","Schedule Calendars","Schedule Calendar",,"FALSE","FALSE","FALSE","FALSE",,,,"LABTABLE","INT_FORMS","FLOAT","TRUE","FALSE",
"ScheduleCalendarPeriod","SCHEDULE_CALENDAR_PERIOD","FORM","Scehdule Calendar Periods Form","Schedule Calendar Period",,"FALSE","FALSE","FALSE","FALSE",,,,"GENERAL","INT_FORMS","FLOAT","TRUE","FALSE",
"ScheduleGroup","SCHEDULE_GROUP","PROPERTY","Schedule Groups","Schedule Group",,"FALSE","FALSE","FALSE","FALSE",,,,"GENERAL","INT_FORMS","FLOAT","FALSE","FALSE",
"ScheduleLogin",,"FORM","Utility for logging in Samples using a Schedule","Login Scheduled Samples",,"FALSE","FALSE","FALSE","FALSE",,,,"GENERAL","INT_FORMS","FLOAT","TRUE","FALSE",
"SchemaLabTableOptions",,"FORM","Lab Table Options","Lab Table Options",,"TRUE","FALSE","FALSE","FALSE",,,,"GENERAL","INT_FORMS","FLOAT","TRUE","FALSE",
"SchemaLayout","SCHEMA_LAYOUT","PROPERTY",,"Schema Layout",,"TRUE","FALSE","FALSE","TRUE","smp$textfiles","sch",,"LABTABLE","SCHEMA","FLOAT","TRUE","FALSE",
"SelectEntity",,"FORM",,"Select Entity",,"TRUE","FALSE","FALSE","FALSE",,,,"GENERAL","INT_FORMS","FLOAT","TRUE","FALSE",
"ShowLauncher",,"FORM",,"Quick Launch",,"TRUE","FALSE","FALSE","FALSE",,,,"GENERAL","VIEW","DOCK","TRUE","FALSE",
"Site","SITE","PROPERTY",,"Site",,"TRUE","FALSE","FALSE","FALSE","smp$textfiles","sit",,"LABTABLE","INT_SITE","FLOAT","TRUE","FALSE",
"StandardVersions","STANDARD_VERSIONS","PROPERTY","Standard Versions Property Sheet","Standard Versions",,"TRUE","FALSE","FALSE","FALSE","smp$textfiles",,,"LABTABLE","INT_FORMS","FLOAT","TRUE","FALSE",
"StatusOutput",,"FORM","Generic status output screen","Status Output",,"TRUE","FALSE","FALSE","FALSE",,,,"GENERAL","CONSOLE","FLOAT","TRUE","FALSE",
"StockBatch","STOCK_BATCH","PROPERTY","Stock Batch property sheet","Stock Batch",,"FALSE","FALSE","FALSE","FALSE","smp$textfiles","sto",,"LABTABLE","INT_FORMS","FLOAT","TRUE","FALSE",
"StockBatchConsumption","STOCK_BATCH","FORM","Stock Batch Stock Consumption","Stock Batch - Consume Stock",,"FALSE","FALSE","FALSE","FALSE",,,,"GENERAL","INT_FORMS","FLOAT","TRUE","FALSE",
"StockBatchDash","STOCK_BATCH","FORM","Dashboard for active stock batches","Stock Batch Dashboard",,"FALSE","FALSE","FALSE","FALSE",,,,"GENERAL","INT_FORMS","EXPLORER","TRUE","FALSE",
"StockBatchMove","STOCK_BATCH","FORM","Stock Batch Move","Stock Batch Move",,"FALSE","FALSE","FALSE","FALSE",,,,"GENERAL","INT_FORMS","FLOAT","TRUE","FALSE",
"StockBatchOverviewDash","STOCK_BATCH","FORM","Stock Batch Dashboard","Stock Batch Dashboard",,"FALSE","FALSE","FALSE","FALSE",,,,"GENERAL","INT_FORMS","EXPLORER","TRUE","FALSE",
"StockBatchReconcile","STOCK_BATCH","FORM","Stock Batch Stock Reconciliation","Stock Batch - Adjust Stock Level",,"FALSE","FALSE","FALSE","FALSE",,,,"GENERAL","INT_FORMS","FLOAT","TRUE","FALSE",
"StockBatchSplit","STOCK_BATCH","FORM","Split a Stock Batch and add to an existing batch or create a new batch","Stock Batch Split",,"FALSE","FALSE","FALSE","FALSE",,,,"GENERAL","INT_FORMS","FLOAT","TRUE","FALSE",
"StockDash","STOCK","FORM","Dashboard of Stock Batches selected by Stock Type","Stock Batch By Stock Dashboard",,"FALSE","FALSE","FALSE","FALSE",,,,"GENERAL","INT_FORMS","EXPLORER","TRUE","FALSE",
"StockInventory","STOCK_INVENTORY","PROPERTY","Add Inventory item to the selected Stock","Stock Inventory",,"FALSE","FALSE","FALSE","FALSE","smp$textfiles",,,"GENERAL","INT_FORMS","FLOAT","TRUE","FALSE",
"StockOrder","STOCK_ORDER","PROPERTY","Stock Order property sheet","Stock Order",,"FALSE","FALSE","FALSE","FALSE","smp$textfiles","sto",,"GENERAL","INT_FORMS","FLOAT","TRUE","FALSE",
"StockOrderStatus","STOCK_ORDER","FORM","Stock Order Status","Stock Order Status",,"FALSE","FALSE","FALSE","FALSE",,,,"GENERAL","INT_FORMS","FLOAT","TRUE","FALSE",
"StockOverviewDash","STOCK","FORM","Stock Overview Dashboard","Stock Overview Dashboard",,"FALSE","FALSE","FALSE","FALSE",,,,"GENERAL","INT_FORMS","EXPLORER","TRUE","FALSE",
"Stocks","STOCK","PROPERTY","Stocks","Stock",,"FALSE","FALSE","FALSE","TRUE","smp$textfiles","sto",,"LABTABLE","INT_FORMS",,"FALSE","FALSE",
"Substance","SUBSTANCE","PROPERTY","Substance risk and safety information","Substance",,"FALSE","FALSE","FALSE","FALSE","smp$textfiles","sub",,"LABTABLE","INT_FORMS","FLOAT","TRUE","FALSE",
"Suppliers","SUPPLIER","PROPERTY","Suppliers","Supplier",,"FALSE","FALSE","FALSE","TRUE","smp$textfiles","sup",,"LABTABLE","INT_FORMS",,"FALSE","FALSE",
"Syntax","SYNTAX","PROPERTY",,"Syntax",,"TRUE","FALSE","FALSE","TRUE","smp$syntaxes","sxf",,"LABTABLE","INT_FORMS","FLOAT","TRUE","FALSE",
"SystemUsage",,"FORM","A dashboard displaying the usage metrics of SampleManager.","System Activity Dashboard",,"TRUE","FALSE","FALSE","FALSE",,,,"GENERAL","INT_FORMS","FLOAT","TRUE","FALSE",
"TableDefaults","EXPLORER_FOLDER","PROPERTY","Table Defaults","Table Defaults",,"FALSE","FALSE","FALSE","FALSE",,,,"LABTABLE","INT_CLOSED_FOLDER","FLOAT","FALSE","FALSE",
"Test","TEST","PROPERTY","Test Property Sheet","Test",,"TRUE","FALSE","FALSE","FALSE","smp$textfiles","tes",,"PROPERTY","INT_FORMS","FLOAT","TRUE","FALSE",
"TestSchedule","TEST_SCHED_HEADER","PROPERTY","Test Schedule Property Sheet","Test Schedule",,"TRUE","FALSE","FALSE","FALSE","smp$textfiles","tes",,"LABTABLE","INT_FORMS","FLOAT","TRUE","FALSE",
"TestScheduleEntry","TEST_SCHED_ENTRY","FORM","Test Schedule Entry Form","Test Schedule Entry",,"TRUE","FALSE","FALSE","FALSE",,,,"GENERAL","INT_TEST_SCHEDULE","FLOAT","TRUE","FALSE",
"TrainingCourse","TRAINING_COURSE","PROPERTY","Training Course LTE","Training Course",,"FALSE","FALSE","FALSE","TRUE","smp$textfiles","tra",,"LABTABLE","INT_FORMS",,"FALSE","FALSE",
"TrainingCourseExplorer","TRAINING_COURSE","FORM","Training Course Explorer","Training Course Explorer",,"FALSE","FALSE","FALSE","FALSE","smp$textfiles",,,"LABTABLE","INT_FORMS",,"FALSE","FALSE",
"TrainingHistory",,"FORM","Training History for selected entity","Training History",,"FALSE","FALSE","FALSE","FALSE",,,,"GENERAL","INT_FORMS","FLOAT","TRUE","FALSE",
"TranslationEditor",,"FORM",,"Translations Editor",,"TRUE","FALSE","FALSE","FALSE",,,,"GENERAL","INT_FORMS","FLOAT","TRUE","FALSE",
"UnitHeader","UNIT_HEADER","PROPERTY","Unit","Unit",,"FALSE","FALSE","FALSE","TRUE","smp$textfiles","unt",,"LABTABLE","INT_FORMS","FLOAT","FALSE","FALSE",
"VersionedAnalysis","VERSIONED_ANALYSIS","PROPERTY","Versioned Analysis","Analysis",,"FALSE","FALSE","FALSE","TRUE","smp$textfiles","anl",,"LABTABLE","INT_FORMS","FLOAT","FALSE","FALSE",
"VersionedAnalysisCategoryComps",,"FORM","Versioned Analysis - Add Category Components Sub form","Add Category Components",,"FALSE","FALSE","FALSE","FALSE",,,,"GENERAL","INT_FORMS",,"FALSE","FALSE",
"VersionedAnalysisComponentList","VERSIONED_C_L_HEADER","FORM","Versioned Analysis - Component List Sub Form","Component List",,"FALSE","FALSE","FALSE","FALSE",,,,"GENERAL","INT_FORMS",,"FALSE","FALSE",
"VersionedAnalysisPropertySheet","VERSIONED_ANALYSIS","PROPERTY","Versioned analysis property sheet.","Versioned Analysis",,"TRUE","FALSE","FALSE","FALSE","smp$textfiles","ver",,"PROPERTY","INT_FORMS","FLOAT","TRUE","FALSE",
"VersionPage",,"PAGE","General page for displaying version information and history.","Versions",,"FALSE","FALSE","FALSE","FALSE",,,,"GENERAL","INT_FORMS","FLOAT","TRUE","FALSE","VersionPage"
"WebLink","WEB_LINK","PROPERTY","Web Link","Web Link",,"FALSE","FALSE","FALSE","FALSE",,,,"LABTABLE","INT_FORMS","FLOAT","FALSE","FALSE",
"WebMenuSection","WEB_MENU_SECTION","PROPERTY","Web Menu Section","Web Menu Section",,"FALSE","FALSE","FALSE","FALSE",,,,"LABTABLE","INT_FORMS","FLOAT","FALSE","FALSE",
"Workflow","WORKFLOW","PROPERTY","Workflow","Workflow",,"FALSE","FALSE","FALSE","FALSE",,,,"LABTABLE","INT_FORMS","FLOAT","TRUE","FALSE",
"WorkflowActionAddMenu","WORKFLOW_ACTION_TYPE","FORM","Add a menu item to trigger a workflow action","Add Menu Item",,"TRUE","FALSE","FALSE","FALSE",,,,"GENERAL","INT_FORMS","FLOAT","TRUE","FALSE",
"WorkflowActionType","WORKFLOW_ACTION_TYPE","PROPERTY","Workflow Action Type","Workflow Action Type",,"FALSE","FALSE","FALSE","FALSE",,,,"LABTABLE","GEAR","FLOAT","TRUE","FALSE",
"WorkflowEventAddBarcode","WORKFLOW_EVENT_TYPE","FORM","Add a Barcode Function to trigger workflow","Add Barcode Function",,"TRUE","FALSE","FALSE","FALSE",,,,"GENERAL","INT_FORMS","FLOAT","TRUE","FALSE",
"WorkflowEventType","WORKFLOW_EVENT_TYPE","PROPERTY","Workflow Event Type","Workflow Event Type",,"FALSE","FALSE","FALSE","FALSE",,,,"LABTABLE","GEAR","FLOAT","TRUE","FALSE",
"WorkflowJournalPage",,"PAGE","Generic page to show workflow journal entries.","Journal",,"FALSE","FALSE","FALSE","FALSE",,,,"GENERAL","INT_FORMS","FLOAT","TRUE","FALSE","WorkflowJournalPage"
"WorkflowSpyViewer","WORKFLOW","FORM","Workflow Spy Viewer","Workflow Spy Viewer",,"FALSE","FALSE","FALSE","FALSE",,,,"GENERAL","INT_FORMS","FLOAT","TRUE","FALSE",
"WorkflowState","WORKFLOW_STATE","PROPERTY","Workflow State","Workflow State",,"FALSE","FALSE","FALSE","FALSE","smp$textfiles","wor",,"LABTABLE","INT_FORMS","FLOAT","TRUE","FALSE",
"WorkflowTest","WORKFLOW","FORM","Workflow Test Form","Workflow Test",,"FALSE","FALSE","FALSE","FALSE",,,,"GENERAL","INT_FORMS","FLOAT","TRUE","FALSE",
"WorkflowTestHarness","WORKFLOW","FORM","Workflow Test Harness Form","Workflow Test Harness",,"FALSE","FALSE","FALSE","FALSE",,,,"GENERAL","INT_FORMS","FLOAT","TRUE","FALSE",
