﻿GROUPLINK
OPERATOR_ID,GROUP_ID,DESCRIPTION
10,10,78
                     192
"ADREANCE","EXTRACTION",
"ADREANCE","LAB",
"ADREANCE","RECEIPT",
"ALLYSONO","EXTRACTION",
"ALLYSONO","LAB",
"ALLYSONO","RECEIPT",
"AMACHELLI","RACETRACK",
"AMACHELLI","REPORT_RTK",
"AMACHELLI","REPORT_STI",
"AMATHOMAS","REPORT_RTK",
"AMATHOMAS","REPORT_STI",
"AMATHOMAS","RACETRACK",
"AMCCLURE","EXTRACTION",
"AMSLOAN","RACETRACK",
"AMSLOAN","REPORT_RTK",
"APRILYQ","LAB",
"APRILYQ","RECEIPT",
"APRILYQ","EXTRACTION",
"ASHEIBLEY","RACETRACK",
"ASHEIBLEY","REPORT_RTK",
"BREYNOLDS","REPORT_RTK",
"BREYNOLDS","RACETRACK",
"CHEM_AUTH","LAB",
"CHEMIST","LAB",
"CHEMIST","EXTRACTION",
"CHEMIST","RECEIPT",
"CHOLDEN","RACETRACK",
"CHOLDEN","REPORT_RTK",
"CHOLDEN","REPORT_STI",
"DAVIMARSHA","RACETRACK",
"DAVIMARSHA","REPORT_RTK",
"DAVPOLOWCZ","RACETRACK",
"DAVPOLOWCZ","REPORT_RTK",
"DPOORMAN","REPORT_RTK",
"DPOORMAN","RACETRACK",
"DST","LAB",
"DST","RECEIPT",
"DST","REPORT_NEG",
"DST","REPORT_STI",
"DST","REPORT_RTK",
"DST","RACETRACK",
"DST","REPORT_LF",
"DST","SYSTEM",
"DTALPAS","RACETRACK",
"DTALPAS","REPORT_RTK",
"DTALPAS","REPORT_STI",
"DTOLBERT","RECEIPT",
"DTOLBERT","LAB",
"DTOLBERT","EXTRACTION",
"ELOPEZ","RACETRACK",
"ELOPEZ","REPORT_RTK",
"ELOPEZ","REPORT_STI",
"EVANXUE","LAB",
"EVANXUE","RECEIPT",
"EXTESTCHEM","LAB",
"EXTESTCHEM","RECEIPT",
"EXTESTRACE","REPORT_RTK",
"FHAO","EXTRACTION",
"FHAO","LAB",
"FHAO","RECEIPT",
"FUYU","EXTRACTION",
"FUYU","LAB",
"FUYU","RECEIPT",
"GPEHLERT","LAB",
"GPEHLERT","SYSTEM",
"GPEHLERT","REPORT_STI",
"GPEHLERT","REPORT_RTK",
"GPEHLERT","REPORT_NEG",
"GPEHLERT","RECEIPT",
"GPEHLERT","REPORT_LF",
"GPEHLERT","RACETRACK",
"GPEHLERT","EXTRACTION",
"HODYT","SYSTEM",
"HPRACEADM","REPORT_STI",
"HPRACEADM","REPORT_RTK",
"HPRACEADM","RACETRACK",
"INAVARRETO","RACETRACK",
"INAVARRETO","REPORT_RTK",
"INAVARRETO","REPORT_STI",
"JACLYNRM","EXTRACTION",
"JACLYNRM","LAB",
"JACLYNRM","RECEIPT",
"JANEYSMITH","RACETRACK",
"JANEYSMITH","REPORT_RTK",
"JESSEV","EXTRACTION",
"JESSEV","LAB",
"JESSEV","RECEIPT",
"JFLORES","RACETRACK",
"JFLORES","REPORT_RTK",
"JKEENAN","EXTRACTION",
"JKEENAN","LAB",
"JKEENAN","RECEIPT",
"JKLEPPINGE","RACETRACK",
"JLEES","REPORT_RTK",
"JLEES","REPORT_STI",
"JLEES","RACETRACK",
"JMEAD","RACETRACK",
"JMEAD","REPORT_RTK",
"JMEAD","REPORT_STI",
"KATHLEEN","RECEIPT",
"KATHLEEN","REPORT_NEG",
"KATHLEEN","LAB",
"KATHLEEN","REPORT_LF",
"KATHLEEN","REPORT_STI",
"KATHLEEN","REPORT_RTK",
"KRIZZO","EXTRACTION",
"KRIZZO","LAB",
"KRIZZO","RECEIPT",
"KSTALKER","EXTRACTION",
"KSTALKER","LAB",
"KSTALKER","RECEIPT",
"LAURENWILL","RACETRACK",
"LAURENWILL","REPORT_RTK",
"LEIFMCG","EXTRACTION",
"LEIFMCG","LAB",
"LEIFMCG","RECEIPT",
"LKARCHNER","RACETRACK",
"LKARCHNER","REPORT_RTK",
"LPITTMAN","RECEIPT",
"LPITTMAN","EXTRACTION",
"LPITTMAN","LAB",
"LSCOTT","REPORT_RTK",
"LSCOTT","RACETRACK",
"LSHREVE","RACETRACK",
"LSHREVE","REPORT_RTK",
"MANAGER","LAB",
"MANAGER","REPORT_NEG",
"MANAGER","REPORT_RTK",
"MANAGER","REPORT_STI",
"MANAGER","REPORT_LF",
"MANAGER","RECEIPT",
"MPRACEADM","RACETRACK",
"MPRACEADM","REPORT_RTK",
"MPRACEADM","REPORT_STI",
"MPRACEADM2","RACETRACK",
"MPRACEADM2","REPORT_RTK",
"MPRACEADM2","REPORT_STI",
"NKHUMPAN","EXTRACTION",
"NKHUMPAN","LAB",
"NKHUMPAN","RECEIPT",
"PDRACEADM","RACETRACK",
"PDRACEADM","REPORT_RTK",
"PDRACEADM","REPORT_STI",
"PIRACEADM","RACETRACK",
"PIRACEADM","REPORT_RTK",
"PIRACEADM","REPORT_STI",
"PNDSTTEST","RACETRACK",
"PNDSTTEST","REPORT_STI",
"PNDSTTEST","REPORT_RTK",
"PNRACEADM","RACETRACK",
"PNRACEADM","REPORT_RTK",
"PNRACEADM","REPORT_STI",
"PNRACEADM2","REPORT_RTK",
"PNRACEADM2","REPORT_STI",
"PNRACEADM2","RACETRACK",
"PROCTORR","EXTRACTION",
"PROCTORR","LAB",
"PROCTORR","RECEIPT",
"PXRACEADM","REPORT_RTK",
"PXRACEADM","REPORT_STI",
"PXRACEADM","RACETRACK",
"PXRACEADM2","RACETRACK",
"PXRACEADM2","REPORT_RTK",
"PXRACEADM2","REPORT_STI",
"PXRACEADSI","REPORT_RTK",
"PXRACEADSI","REPORT_STI",
"PXRACEADSI","RACETRACK",
"RACETRACK","REPORT_RTK",
"RACETRACK","REPORT_STI",
"RACETRACK","RACETRACK",
"RCARAZAS","RACETRACK",
"RCARAZAS","REPORT_RTK",
"RCOWDEN","REPORT_RTK",
"RCOWDEN","RACETRACK",
"RECEIPT","LAB",
"RECEIVER","LAB",
"RKEELER","RACETRACK",
"RKEELER","REPORT_RTK",
"SETHH","REPORT_STI",
"SETHH","REPORT_LF",
"SMEGEE","LAB",
"SVOELKNER","RACETRACK",
"SVOELKNER","REPORT_RTK",
"VHOADLEY","RACETRACK",
"VHOADLEY","REPORT_RTK",
"WBIEL","REPORT_RTK",
"XIAOFEN","EXTRACTION",
"XIAOFEN","LAB",
"XIAOFEN","RECEIPT",
"YOUWEN","EXTRACTION",
"YOUWEN","LAB",
"YOUWEN","RECEIPT",
