﻿HELP_CONTEXT
IDENTITY,KEYWORD,TITLE,MNEMONIC,MODIFIABLE,REMOVE_FLAG,NAME
30,30,80,10,1,1,100
                     147
"$ARCHIVE_ARCHIVE_DETAILS","Archive destination files","Archive destination files",,"TRUE","FALSE","$archive Archive Details"
"$ARCHIVE_CONSIGN","Archive Table Set contents","Archive Table Set contents",,"TRUE","FALSE","$archive Consign"
"$ARCHIVE_CONSIGN_DETAILS","Archive data definition","Archive data definition",,"TRUE","FALSE","$archive Consign Details"
"$ARCHIVE_DELETE_MAIN","Archive records delete mode","Archive records delete mode",,"TRUE","FALSE","$archive Delete Main"
"$ARCHIVE_MAIN","Archive Utility","Archive Utility",,"TRUE","FALSE","$archive Main"
"$ARCHIVE_RESTORE_DETAILS","Archive restore data mode","Archive restore data mode",,"TRUE","FALSE","$archive Restore Details"
"$ARCHIVE_RESTORE_MAIN","Archive restore files definiti","Archive restore files definition",,"TRUE","FALSE","$archive Restore Main"
"$BATCH_AUTHORISE","Batches Menu - Authorise","Batches Menu - Authorise",,"TRUE","FALSE","$batch Authorise"
"$BATCH_CANCEL","Batches Menu - Cancel","Batches Menu - Cancel",,"TRUE","FALSE","$batch Cancel"
"$BATCH_CREATE","Batches Menu - Create","Batches Menu - Create",,"TRUE","FALSE","$batch Create"
"$BATCH_DISPLAY","Batches Menu - Display","Batches Menu - Display",,"TRUE","FALSE","$batch Display"
"$BATCH_DOWNLOAD","Batch Download","Batch Download",,"TRUE","FALSE","$batch Download"
"$BATCH_MODIFY","Batches Menu - Modify","Batches Menu - Modify",,"TRUE","FALSE","$batch Modify"
"$BATCH_PRINT_JOB_REPORT","Batches Menu - Job Report","Batches Menu - Job Report",,"TRUE","FALSE","$batch Print Job Report"
"$BATCH_PRINT_REPORT","Batches Menu - Report","Batches Menu - Report",,"TRUE","FALSE","$batch Print Report"
"$BATCH_PRINT_WORKSHEET","Batches Menu - Worksheet","Batches Menu - Worksheet",,"TRUE","FALSE","$batch Print Worksheet"
"$BATCH_REACTIVATE","Batches Menu - Reactivate","Batches Menu - Reactivate",,"TRUE","FALSE","$batch Reactivate"
"$BATCH_RESULT_ENTRY","Batches Menu - Result Entry","Batches Menu - Result Entry",,"TRUE","FALSE","$batch Result Entry"
"$BATCH_TMPL_CRITERIA","Batch Template Criteria","Batch Template Criteria",,"TRUE","FALSE","$batch Tmpl Criteria"
"$BATCH_TMPL_FIELDS","Batch Template Fields","Batch Template Fields",,"TRUE","FALSE","$batch Tmpl Fields"
"$BATCH_TMPL_LIST","Batch Template List","Batch Template List",,"TRUE","FALSE","$batch Tmpl List"
"$BATCH_TMPL_PARAMS","Batch Template Parameters","Batch Template Parameters",,"TRUE","FALSE","$batch Tmpl Params"
"$BATCH_TMPL_RESULTS","Batch Template Results","Batch Template Results",,"TRUE","FALSE","$batch Tmpl Results"
"$BATCH_UPLOAD","Batch Upload","Batch Upload",,"TRUE","FALSE","$batch Upload"
"$BROWSE_FIELD","Browse","Browse",,"TRUE","FALSE","$browse Field"
"$CALC_BUILD","Calculation Builder","Calculation Builder",,"TRUE","FALSE","$calc Build"
"$COMP_EDIT_LIST","Component Editor","Component Editor",,"TRUE","FALSE","$comp Edit List"
"$COMP_LIST_ENTRY_SCREEN","Component Lists Entries","Component Lists Entries",,"TRUE","FALSE","$comp List Entry Screen"
"$COMP_LIST_HEADER_SCREEN","Component Lists Header","Component Lists Header",,"TRUE","FALSE","$comp List Header Screen"
"$CONFIG_CURRENT","Edit Current Configuration","Edit Current Configuration",,"TRUE","FALSE","$config Current"
"$CONFIG_FIND","Find Configuration Item","Find Configuration Item",,"TRUE","FALSE","$config Find"
"$CONFIG_GROUP","Configuration For Groups","Configuration For Groups",,"TRUE","FALSE","$config Group"
"$CONFIG_ITEM_GROUP","Configuration For Groups","Configuration For Groups",,"TRUE","FALSE","$config Item Group"
"$CONFIG_ITEM_HELP","Configuration Items List","Configuration Items List",,"TRUE","FALSE","$config Item Help"
"$CONFIG_ITEM_USER","Configuration For Current User","Configuration For Current User",,"TRUE","FALSE","$config Item User"
"$CONFIG_SYSTEM","Configuration For System","Configuration For System",,"TRUE","FALSE","$config System"
"$CONFIG_USER","Configuration For Current User","Configuration For Current User",,"TRUE","FALSE","$config User"
"$CONFIG_YOUR","Configuration For Current User","Configuration For Current User",,"TRUE","FALSE","$config Your"
"$CREATEMENU","Creating and Merging Menus","Creating and Merging Menus",,"TRUE","FALSE","$createmenu"
"$CREATEMENU_CREATE","Creating a Menu","Creating a Menu",,"TRUE","FALSE","$createmenu Create"
"$CREATEMENU_MERGE","Merging a Menu","Merging a Menu",,"TRUE","FALSE","$createmenu Merge"
"$CRITERIA_EDIT","Selection Criteria","Selection Criteria",,"TRUE","FALSE","$criteria Edit"
"$DESTINATION_MAIN","Output Destination","Output Destination",,"TRUE","FALSE","$destination Main"
"$FORMULA_TEST","Testing Formulas","Testing Formulas",,"TRUE","FALSE","$formula Test"
"$GAW_MAIN","Generate Analysis Worksheet","Generate Analysis Worksheet",,"TRUE","FALSE","$gaw Main"
"$GENRESLIS_SCREEN","Write Sample Report","Write Sample Report",,"TRUE","FALSE","$genreslis Screen"
"$HELP_DISPLAY_CONTEXT","Help","Help",,"TRUE","FALSE","$help Display Context"
"$LAB_MAIN","Laboratory Table Sheet","Laboratory Table Sheet",,"TRUE","FALSE","$lab Main"
"$LABTABLIB_HELP","Laboratory Tables","Laboratory Tables",,"TRUE","FALSE","$labtablib Help"
"$LIB_EGC_SCREEN","Sample Login Control Screen","Sample Login Control Screen",,"TRUE","FALSE","$lib Egc Screen"
"$LIB_RESLT_MAIN","Adhoc Result","Adhoc Result",,"TRUE","FALSE","$lib Reslt Main"
"$LR_DEBUG_TEST","List Report Test Screen","List Report Test Screen",,"TRUE","FALSE","$lr Debug Test"
"$LTE_ANAL_EDIT","Analysis LTE","Analysis LTE",,"TRUE","FALSE","$lte Anal Edit"
"$LTE_BATCH_EDIT","Batch Templates","Batch Templates",,"FALSE","FALSE","$lte Batch Edit"
"$LTE_CALC_EDIT","Calculations","Calculations",,"FALSE","FALSE","$lte Calc Edit"
"$LTE_CHARG_EDIT","Charges LTE","Charges LTE",,"FALSE","FALSE","$lte Charg Edit"
"$LTE_CONFI_EDIT","Configuration items LTE","Configuration items LTE",,"FALSE","FALSE","$lte Confi Edit"
"$LTE_CUS_EDIT","Customer LTE","Customer LTE",,"FALSE","FALSE","$lte Cus Edit"
"$LTE_GROUP_EDIT","Group LTE","Group LTE",,"FALSE","FALSE","$lte Group Edit"
"$LTE_HAZ_EDIT","Hazard LTE","Hazard LTE",,"FALSE","FALSE","$lte Haz Edit"
"$LTE_HLP_EDIT","Help LTE","Help LTE",,"FALSE","FALSE","$lte Hlp Edit"
"$LTE_INSPECT_EDIT","Inspection Plan Data Entry Scr","Inspection Plan Data Entry Screen",,"FALSE","FALSE","$lte Inspect Edit"
"$LTE_INST_EDIT","Instrument LTE","Instrument LTE",,"FALSE","FALSE","$lte Inst Edit"
"$LTE_JOBT_EDIT","Job Template LTE","Job Template LTE",,"FALSE","FALSE","$lte Jobt Edit"
"$LTE_LIST_RES_EDIT","List Result Data Entry Screen","List Result Data Entry Screen",,"FALSE","FALSE","$lte List Res Edit"
"$LTE_LOC_EDIT","Location LTE","Location LTE",,"FALSE","FALSE","$lte Loc Edit"
"$LTE_LSCH_EDIT","Login Schedules LTE","Login Schedules LTE",,"FALSE","FALSE","$lte Lsch Edit"
"$LTE_LVLS_EDIT","MLP Level","MLP Level",,"FALSE","FALSE","$lte Lvls Edit"
"$LTE_MLP_EDIT","Define an MLP","Define an MLP",,"FALSE","FALSE","$lte Mlp Edit"
"$LTE_OVERVIEW","Laboratory Table Editor Overvi","Laboratory Table Editor Overview",,"FALSE","FALSE","$lte Overview"
"$LTE_PERS_EDIT","Personnel LTE","Personnel LTE",,"FALSE","FALSE","$lte Pers Edit"
"$LTE_PHRSE_EDIT","Phrases LTE","Phrases LTE",,"FALSE","FALSE","$lte Phrse Edit"
"$LTE_PREP_EDIT","Preparations LTE","Preparations LTE",,"FALSE","FALSE","$lte Prep Edit"
"$LTE_PRINT_EDIT","Output Destinations LTE","Output Destinations LTE",,"FALSE","FALSE","$lte Print Edit"
"$LTE_PROJ_EDIT","Projects LTE","Projects LTE",,"FALSE","FALSE","$lte Proj Edit"
"$LTE_REP_EDIT","Report Formats LTE","Report Formats LTE",,"FALSE","FALSE","$lte Rep Edit"
"$LTE_RSF_EDIT","Run Sequence Files LTE","Run Sequence Files LTE",,"FALSE","FALSE","$lte Rsf Edit"
"$LTE_SFIGS_EDIT","Significant Figures LTE","Significant Figures LTE",,"FALSE","FALSE","$lte Sfigs Edit"
"$LTE_STDS_EDIT","Standards LTE","Standards LTE",,"FALSE","FALSE","$lte Stds Edit"
"$LTE_SYNT_EDIT","Syntax LTE","Syntax LTE",,"FALSE","FALSE","$lte Synt Edit"
"$LTE_TSTSC_EDIT","Test Schedules LTE","Test Schedules LTE",,"FALSE","FALSE","$lte Tstsc Edit"
"$LTE_WORK_PROFILE_EDIT","Work Profile Data Entry Screen","Work Profile Data Entry Screen",,"FALSE","FALSE","$lte Work Profile Edit"
"$MENU_10","Main Menu Help","Main Menu Help",,"TRUE","FALSE","$menu 10"
"$MENU_FILE_STRUCTURE","Menu File Structure","Menu File Structure",,"TRUE","FALSE","$menu File Structure"
"$MENU_OVERVIEW","Overview of the Menu System","Overview of the Menu System",,"TRUE","FALSE","$menu Overview"
"$NMC","Change Current Menu","Change Current Menu",,"TRUE","FALSE","$nmc"
"$QT_TREE","Audit Viewer","Audit Viewer",,"TRUE","FALSE","$qt Tree"
"$RAW_AUTHORISE","Authorise Results by Worksheet","Authorise Results by Worksheet",,"TRUE","FALSE","$raw Authorise"
"$RAW_DISPLAY","Display Results by Worksheet","Display Results by Worksheet",,"TRUE","FALSE","$raw Display"
"$RAW_MODIFY","Results by Worksheet","Results by Worksheet",,"TRUE","FALSE","$raw Modify"
"$REPORTER_TMPL","Ad-Hoc Reporter Templates","Ad-Hoc Reporter Templates",,"TRUE","FALSE","$reporter Tmpl"
"$REPORTER_TMPL_EDIT","Ad-Hoc Reporter Template Defin","Ad-Hoc Reporter Template Definition",,"TRUE","FALSE","$reporter Tmpl Edit"
"$REPORTER_TMPL_FONT","Font Attributes","Font Attributes",,"TRUE","FALSE","$reporter Tmpl Font"
"$REPORTER_TMPL_SS_GRAPH","Graph Fields Screen (Excel)","Graph Fields Screen (Excel)",,"TRUE","FALSE","$reporter Tmpl Ss Graph"
"$REPORTER_TMPL_SS_HEAD_FOOT","Header/Footer Definition (Exce","Header/Footer Definition (Excel)",,"TRUE","FALSE","$reporter Tmpl Ss Head Foot"
"$REPORTER_TMPL_SS_LAYOUT","Template Layout (Excel)","Template Layout (Excel)",,"TRUE","FALSE","$reporter Tmpl Ss Layout"
"$REPORTER_TMPL_SS_OPTS","Advanced Options (Excel)","Advanced Options (Excel)",,"TRUE","FALSE","$reporter Tmpl Ss Opts"
"$REPORTER_TMPL_SS_TABLE","Table Fields Screen (Excel)","Table Fields Screen (Excel)",,"TRUE","FALSE","$reporter Tmpl Ss Table"
"$REPORTER_TMPL_SS_TEXT","Text Attributes Screen (Excel)","Text Attributes Screen (Excel)",,"TRUE","FALSE","$reporter Tmpl Ss Text"
"$REPORTER_TMPL_TABS","Tab Stops","Tab Stops",,"TRUE","FALSE","$reporter Tmpl Tabs"
"$REPORTER_TMPL_TEXT_LAYOUT","Template Layout (Notepad)","Template Layout (Notepad)",,"TRUE","FALSE","$reporter Tmpl Text Layout"
"$REPORTER_TMPL_TEXT_TABLE","Table Fields Screen (Notepad)","Table Fields Screen (Notepad)",,"TRUE","FALSE","$reporter Tmpl Text Table"
"$REPORTER_TMPL_TEXT_TEXT","Text Attributes Screen (Notepa","Text Attributes Screen (Notepad)",,"TRUE","FALSE","$reporter Tmpl Text Text"
"$REPORTER_TMPL_WP_HEAD_FOOT","Header/Footer Definition (Word","Header/Footer Definition (Word)",,"TRUE","FALSE","$reporter Tmpl Wp Head Foot"
"$REPORTER_TMPL_WP_LAYOUT","Template Layout (Word)","Template Layout (Word)",,"TRUE","FALSE","$reporter Tmpl Wp Layout"
"$REPORTER_TMPL_WP_OPTS","Advanced Options (Word)","Advanced Options (Word)",,"TRUE","FALSE","$reporter Tmpl Wp Opts"
"$REPORTER_TMPL_WP_TABLE","Table Fields Screen (Word)","Table Fields Screen (Word)",,"TRUE","FALSE","$reporter Tmpl Wp Table"
"$REPORTER_TMPL_WP_TEXT","Text Attributes Screen (Word)","Text Attributes Screen (Word)",,"TRUE","FALSE","$reporter Tmpl Wp Text"
"$SAMP_JOB_LOGIN_COMMAND","Sample Commands","Sample Commands",,"TRUE","FALSE","$samp Job Login Command"
"$SAMP_JOB_MAIN_SCREEN","Login Samples","Login Samples",,"TRUE","FALSE","$samp Job Main Screen"
"$SAMP_JOB_NEW_ID","New Job Login","New Job Login",,"TRUE","FALSE","$samp Job New Id"
"$SAMP_JOB_SAMPLE_DISPLAY","Display Sample Entry","Display Sample Entry",,"TRUE","FALSE","$samp Job Sample Display"
"$SAMP_JOB_SAMPLE_LOGIN","Sample Login Full Screen","Sample Login Full Screen",,"TRUE","FALSE","$samp Job Sample Login"
"$SSESETUP_MAIN_MENU","Auxiliary Spreadsheet Setup Re","Auxiliary Spreadsheet Setup Report",,"TRUE","FALSE","$ssesetup Main Menu"
"$TEST_ASSN_ASSIGN","Test Assignment Editor","Test Assignment Editor",,"TRUE","FALSE","$test Assn Assign"
"$TEST_ASSN_EDIT","Test Assignment Editor","Test Assignment Editor",,"TRUE","FALSE","$test Assn Edit"
"$TEST_ASSN_EDIT_DISP","Display Tests","Display Tests",,"TRUE","FALSE","$test Assn Edit Disp"
"$TEST_ASSN_PROMPT_1","Add Test Schedule","Add Test Schedule",,"TRUE","FALSE","$test Assn Prompt 1"
"$TSR_AUTHORISE","Authorise Results by Sample","Authorise Results by Sample",,"TRUE","FALSE","$tsr Authorise"
"$TSR_DISPLAY","Display Results by Sample","Display Results by Sample",,"TRUE","FALSE","$tsr Display"
"$TSR_MODIFY","Result Entry by Sample","Result Entry by Sample",,"TRUE","FALSE","$tsr Modify"
"$TTR_AUTHORISE","Authorise by Test","Authorise by Test",,"TRUE","FALSE","$ttr Authorise"
"$TTR_DISPLAY","Display Results by Test","Display Results by Test",,"TRUE","FALSE","$ttr Display"
"$TTR_MODIFY","Results by Test","Results by Test",,"TRUE","FALSE","$ttr Modify"
"$TWR_AUTHORISE","Authorise by Spreadsheet","Authorise by Spreadsheet",,"TRUE","FALSE","$twr Authorise"
"$TWR_DISPLAY","Display Results by Spreadsheet","Display Results by Spreadsheet",,"TRUE","FALSE","$twr Display"
"$TWR_MODIFY","Results by Spreadsheet","Results by Spreadsheet",,"TRUE","FALSE","$twr Modify"
"$WORK_PROFILE","Work Profiles","Work Profiles",,"TRUE","FALSE","$work Profile"
"$WORK_PROFILE_INSERT","Work Profile Insert screen","Work Profile Insert screen",,"TRUE","FALSE","$work Profile Insert"
"$WORK_PROFILE_MAIN","Work Profile Modification Scre","Work Profile Modification Screen",,"TRUE","FALSE","$work Profile Main"
"$WORKSHEET_OVERVIEW","Worksheet Overview","Worksheet Overview",,"TRUE","FALSE","$worksheet Overview"
"CONFIG_GET_GROUP_ID","Configuration For Groups","Configuration For Groups",,"TRUE","FALSE","Config Get Group Id"
"CONFIG_GET_ITEM_GROUP","Configuration For Groups","Configuration For Groups",,"TRUE","FALSE","Config Get Item Group"
"CONFIG_GET_ITEM_USER","Configuration For Current User","Configuration For Current User",,"TRUE","FALSE","Config Get Item User"
"CONFIG_GET_USER_ID","Configuration Overview","Configuration Overview",,"TRUE","FALSE","Config Get User Id"
"CONFIG_ITEM_INSERT_GROUP","Configuration For Groups","Configuration For Groups",,"TRUE","FALSE","Config Item Insert Group"
"CONFIG_ITEM_INSERT_USER","Configuration For Current User","Configuration For Current User",,"TRUE","FALSE","Config Item Insert User"
"HELP_CONTENTS","Help for Contents","Help for Contents",,"FALSE","FALSE","Help Contents"
"HELP_DISPLAY_CONTEXT","Display Help Context","Display Help Context",,"FALSE","FALSE","Help Display Context"
"HELP_HISTORY","Help History","Help History",,"FALSE","FALSE","Help History"
"OVERVIEW","Sample Manager Overview","Sample Manager Overview",,"TRUE","FALSE","Overview"
"RES_ENT_BY_SAMPLE","Result Entry by Sample","Result Entry by Sample",,"TRUE","FALSE","Res Ent By Sample"
"RES_HELP_CONTEXT","Result Entry Options","Result Entry Options",,"TRUE","FALSE","Res Help Context"
"SSE_INSERT_HELP","Help for Spreadsheet Editor In","Help for Spreadsheet Editor Insert",,"TRUE","FALSE","Sse Insert Help"
"SSE_SEARCH_HELP","Help for Spreadsheet Search","Help for Spreadsheet Search",,"TRUE","FALSE","Sse Search Help"
"SSE_SELECT_HELP","Help For Spreadsheet Select","Help For Spreadsheet Select",,"TRUE","FALSE","Sse Select Help"
"SSE_SPREAD_HELP","Help for Spreadsheet editor","Help for Spreadsheet editor",,"TRUE","FALSE","Sse Spread Help"
