﻿INCIDENTS
INCIDENT_ID,STATUS,CHECKLIST_ID,TEMPLATE_ID,REVIEW_INSPECTORS,AUTHORISE_INSPECTORS,REVIEW_VERSION,AUTHORISE_VERSION,DESCRIPTION,INCIDENT_DATE,REPORTED_BY,SUBJECT_TABLE,SUBJECT_FIELD,LOCATION_ID,REMARK,HAS_ATTACHMENTS,WORKFLOW_NODE,ENTITY_TEMPLATE_ID,ENTITY_TEMPLATE_VERSION
30,1,10,10,10,10,10,10,234,32,10,40,234,50,50,1,36,30,10
                      43
"BRK-SAMP-000001","A",,,,,"0","0","Sample was broken"," 15-08-2019 11:55:48.57","HODYT","SAMPLE","       220",,,"FALSE","C188BAA7-1882-41FC-8E40-D643E6970273","BROKE_SAMP","1"
"INC-CONT-000001","C",,,,,"0","0","Meadows Racetrack PA Shipment:          6  Container: 62873 : test desc"," 14-08-2020 18:16:18.01","GARYW","P_CONTAINER_SHIPMENT","      1007",,,"FALSE","99FDBBE3-DB9D-4702-939A-054A5117FE73","P_CONTAINER_INCIDENT","1"
"INC-CONT-000002","C",,,,,"0","0","Meadows Racetrack PA Shipment:          7  Container: 60241 :"," 29-09-2020 18:19:37.49","GARYW","P_CONTAINER_SHIPMENT","      1009",,,"FALSE","99FDBBE3-DB9D-4702-939A-054A5117FE73","P_CONTAINER_INCIDENT","1"
"INC-CONT-000003","V",,,,,"0","0","Harrah's Philadelphia PA Shipment:         26  Container: 1107 :"," 10-11-2020 09:19:20.32","GARYW","P_CONTAINER_SHIPMENT","      1030",,,"FALSE","99FDBBE3-DB9D-4702-939A-054A5117FE73","P_CONTAINER_INCIDENT","1"
"INC-CONT-000004","C",,,,,"0","0","Harrah's Philadelphia PA Shipment:         28  Container: 62946 : Harrah's Philadelphia PA Shipment:         28  Container: 62946 : more description"," 10-11-2020 10:35:38.26","GARYW","P_CONTAINER_SHIPMENT","      1032",,,"FALSE","99FDBBE3-DB9D-4702-939A-054A5117FE73","P_CONTAINER_INCIDENT","1"
"INC-CONT-000005","V",,,,,"0","0","Parx Shipment:         47  Container: 7 : broken lock"," 09-04-2021 14:09:24.82","GPEHLERT","P_CONTAINER_SHIPMENT","      1061",,,"FALSE","99FDBBE3-DB9D-4702-939A-054A5117FE73","P_CONTAINER_INCIDENT","1"
"INC-CONT-000006","V",,,,,"0","0","Parx Shipment:         77  Container: 62911 : This container had  a crack on the lock."," 13-04-2021 15:13:02.56","DST","P_CONTAINER_SHIPMENT","      1102",,,"FALSE","99FDBBE3-DB9D-4702-939A-054A5117FE73","P_CONTAINER_INCIDENT","1"
"INC-CONT-000007","A",,,,,"0","0","Penn National Racetrack Shipment:        150  Container: 62938 : Hinges on container were broken"," 15-04-2021 11:35:34.41","DTOLBERT","P_CONTAINER_SHIPMENT","      1174",,,"FALSE","99FDBBE3-DB9D-4702-939A-054A5117FE73","P_CONTAINER_INCIDENT","1"
"INC-CONT-000008","V",,,,,"0","0","Parx Shipment:        154  Container: 01261 : locks not secure for container 01261"," 11-05-2021 13:35:23.23","GPEHLERT","P_CONTAINER_SHIPMENT","      1179",,,"FALSE","99FDBBE3-DB9D-4702-939A-054A5117FE73","P_CONTAINER_INCIDENT","1"
"INC-CONT-000009","V",,,,,"0","0","Meadows Racetrack PA Shipment:        199  Container: 000063 : Container 01260 was already received for this accession"," 27-05-2021 11:05:17.30","GPEHLERT","P_CONTAINER_SHIPMENT","      1226",,,"FALSE","99FDBBE3-DB9D-4702-939A-054A5117FE73","P_CONTAINER_INCIDENT","1"
"INC-CONT-000010","V",,,,,"0","0","Meadows Racetrack PA Shipment:        238  Container: 01261 : Seal # reported and actual seal # received were different for container 01261."," 27-05-2021 11:12:47.07","GPEHLERT","P_CONTAINER_SHIPMENT","      1260",,,"FALSE","99FDBBE3-DB9D-4702-939A-054A5117FE73","P_CONTAINER_INCIDENT","1"
"INC-CONT-000011","A",,,,,"0","0","Meadows Racetrack PA Shipment:         40  Container: 1288 :"," 07-06-2021 19:27:24.69","GARYW","P_CONTAINER_SHIPMENT","      1047",,,"FALSE","99FDBBE3-DB9D-4702-939A-054A5117FE73","P_CONTAINER_INCIDENT","1"
"INC-CONT-000012","V",,,,,"0","0","Meadows Racetrack PA Shipment:        248  Container: 2223 : Meadows Racetrack PA Shipment:        248  Container: 2223 :  GW test from Explorer"," 08-06-2021 13:16:30.04","GARYW","P_CONTAINER_SHIPMENT","      1272",,,"FALSE","99FDBBE3-DB9D-4702-939A-054A5117FE73","P_CONTAINER_INCIDENT","1"
"INC-CONT-000013","V",,,,,"0","0","Meadows Racetrack PA Shipment:        406  Container: 2345 :"," 08-08-2021 17:23:36.63","GARYW","P_CONTAINER_SHIPMENT","      1430",,,"FALSE","99FDBBE3-DB9D-4702-939A-054A5117FE73","P_CONTAINER_INCIDENT","1"
"INC-CONT-000014","C",,,,,"0","0","Presque Isle Downs Shipment:        414  Container: 199100 : Presque Isle Downs Shipment:        414  Container: 199100 : seal not clicked in"," 09-08-2021 14:06:27.35","GPEHLERT","P_CONTAINER_SHIPMENT","      1451",,,"FALSE","99FDBBE3-DB9D-4702-939A-054A5117FE73","P_CONTAINER_INCIDENT","1"
"INC-CONT-000015","V",,,,,"0","0","Presque Isle Downs Shipment:        286  Container: D1 : Presque Isle Downs Shipment:        286  Container: D1 
Date Received 6/14/2021 
"," 09-08-2021 18:49:00.39","DST","P_CONTAINER_SHIPMENT","      1316",,,"FALSE","99FDBBE3-DB9D-4702-939A-054A5117FE73","P_CONTAINER_INCIDENT","1"
"INC-CONT-000016","V",,,,,"0","0","Presque Isle Downs Shipment:        287  Container: D2 : Presque Isle Downs Shipment:        287  Container: D2 :
received date 6/14/2021"," 09-08-2021 18:50:32.58","DST","P_CONTAINER_SHIPMENT","      1317",,,"FALSE","99FDBBE3-DB9D-4702-939A-054A5117FE73","P_CONTAINER_INCIDENT","1"
"INC-CONT-000017","V",,,,,"0","0","Presque Isle Downs Shipment:        415  Container: D3 :"," 10-08-2021 10:43:21.77","EXTESTCHEM","P_CONTAINER_SHIPMENT","      1453",,,"FALSE","99FDBBE3-DB9D-4702-939A-054A5117FE73","P_CONTAINER_INCIDENT","1"
"INC-CONT-000018","V",,,,,"0","0","Presque Isle Downs Shipment:        413  Container: GP3 :"," 10-08-2021 10:55:58.11","GPEHLERT","P_CONTAINER_SHIPMENT","      1449",,,"FALSE","99FDBBE3-DB9D-4702-939A-054A5117FE73","P_CONTAINER_INCIDENT","1"
"INC-CONT-000019","V",,,,,"0","0","Meadows Racetrack PA Shipment:        440  Container: 05793 :"," 04-10-2021 14:21:39.83","GPEHLERT","P_CONTAINER_SHIPMENT","      1493",,,"FALSE","99FDBBE3-DB9D-4702-939A-054A5117FE73","P_CONTAINER_INCIDENT","1"
"INC-CONT-000020","V",,,,,"0","0","Pocono Downs PA Shipment:        408  Container: 62393 Jobs: T001002  :"," 07-10-2021 13:20:53.99","DST","P_CONTAINER_SHIPMENT","      1434",,,"FALSE","99FDBBE3-DB9D-4702-939A-054A5117FE73","P_CONTAINER_INCIDENT","1"
"INC-CONT-000021","V",,,,,"0","0","Parx Shipment:        393  Container: 9 Jobs: T000979 T000980  :"," 11-10-2021 11:21:11.55","JKEENAN","P_CONTAINER_SHIPMENT","      1419",,,"FALSE","99FDBBE3-DB9D-4702-939A-054A5117FE73","P_CONTAINER_INCIDENT","1"
"INC-CONT-000022","V",,,,,"0","0","Meadows Racetrack PA Shipment:        412  Container: 00486 Jobs: T001006 T001010  :
Seals Mismatch"," 14-10-2021 11:07:17.51","GPEHLERT","P_CONTAINER_SHIPMENT","      1444",,,"FALSE","99FDBBE3-DB9D-4702-939A-054A5117FE73","P_CONTAINER_INCIDENT","1"
"INC-CONT-000023","V",,,,,"0","0","Presque Isle Downs Shipment:        319  Container: 62917 Jobs: T000876  :"," 18-10-2021 08:13:50.79","EXTESTCHEM","P_CONTAINER_SHIPMENT","      1345",,,"FALSE","99FDBBE3-DB9D-4702-939A-054A5117FE73","P_CONTAINER_INCIDENT","1"
"INC-CONT-000024","V",,,,,"0","0","Parx Shipment:        433  Container: 8 Jobs: T001047 T001048 T001052  :"," 18-10-2021 10:12:35.30","EXTESTCHEM","P_CONTAINER_SHIPMENT","      1479",,,"FALSE","99FDBBE3-DB9D-4702-939A-054A5117FE73","P_CONTAINER_INCIDENT","1"
"INC-CONT-000025","V",,,,,"0","0","Parx Shipment:        441  Container: 8 Jobs: T001077 T001078  : Container was rattling violently upon receipt. Uncountable poltergeists poured out of the container when opened. Samples are in good condition but are floating."," 18-10-2021 10:41:20.77","DTOLBERT","P_CONTAINER_SHIPMENT","      1492",,,"FALSE","99FDBBE3-DB9D-4702-939A-054A5117FE73","P_CONTAINER_INCIDENT","1"
"INC-CONT-000026","V",,,,,"0","0","Presque Isle Downs Shipment:        460  Container: D4 Jobs: T001104  :"," 18-10-2021 10:47:09.09","LPITTMAN","P_CONTAINER_SHIPMENT","      1516",,,"FALSE","99FDBBE3-DB9D-4702-939A-054A5117FE73","P_CONTAINER_INCIDENT","1"
"INC-CONT-000027","V",,,,,"0","0","Penn National Racetrack Shipment:        475  Container: GP2 Jobs: T001118  :"," 18-10-2021 10:50:47.10","APRILYQ","P_CONTAINER_SHIPMENT","      1537",,,"FALSE","99FDBBE3-DB9D-4702-939A-054A5117FE73","P_CONTAINER_INCIDENT","1"
"INC-CONT-000028","V",,,,,"0","0","Presque Isle Downs Shipment:        427  Container: GP1 Jobs: T001036  : Container arrived empty with ransom note asking for ""$8000 in unmarked hay bales delivered to NBC research barn or the blood and urine gets it."""," 18-10-2021 11:04:11.04","DTOLBERT","P_CONTAINER_SHIPMENT","      1467",,,"FALSE","99FDBBE3-DB9D-4702-939A-054A5117FE73","P_CONTAINER_INCIDENT","1"
"INC-CONT-000029","V",,,,,"0","0","Presque Isle Downs Shipment:        427  Container: gp5 Jobs: T001036  : Half-empty can of Spaghettios, a balogna sandwich (with mayo), and a granny smith apple were found in the container alongside samples."," 18-10-2021 11:04:27.54","DTOLBERT","P_CONTAINER_SHIPMENT","      1468",,,"FALSE","99FDBBE3-DB9D-4702-939A-054A5117FE73","P_CONTAINER_INCIDENT","1"
"INC-CONT-000030","V",,,,,"0","0","Penn National Racetrack Shipment:        478  Container: GP3 Jobs: T001121  : Penn National Racetrack Shipment:        478  Container: GP3 Jobs: T001121  : track submitted incorrect seal #, reported was 6659, actual was 6658"," 18-10-2021 11:23:05.76","LEIFMCG","P_CONTAINER_SHIPMENT","      1542",,,"FALSE","99FDBBE3-DB9D-4702-939A-054A5117FE73","P_CONTAINER_INCIDENT","1"
"INC-CONT-000031","V",,,,,"0","0","Pocono Downs PA Shipment:        480  Container: gp6 Jobs: T001136  : Pocono Downs PA Shipment:        480  Container: gp6 Jobs: T001136  : urine sample for ID 500540 collected but not entered in LIMS"," 28-10-2021 09:27:41.20","GPEHLERT","P_CONTAINER_SHIPMENT","      1543",,,"FALSE","99FDBBE3-DB9D-4702-939A-054A5117FE73","P_CONTAINER_INCIDENT","1"
"INC-CONT-000032","V",,,,,"0","0","Pocono Downs PA Shipment:        496  Container: GP10 Jobs: T001162 T001163  : Testing for description"," 05-11-2021 13:52:00.06","EXTESTCHEM","P_CONTAINER_SHIPMENT","      1566",,,"FALSE","99FDBBE3-DB9D-4702-939A-054A5117FE73","P_CONTAINER_INCIDENT","1"
"INC-CONT-000033","C",,,,,"0","0","Penn National Racetrack Shipment:        397  Container: 60002 Jobs: T000985  : Broken Tube"," 05-11-2021 14:08:24.48","EXTESTCHEM","P_CONTAINER_SHIPMENT","      1422",,,"FALSE","99FDBBE3-DB9D-4702-939A-054A5117FE73","P_CONTAINER_INCIDENT","1"
"INC-CONT-000034","V",,,,,"0","0","Penn National Racetrack Shipment:        474  Container: D8 Jobs: T001115  : Broken Tube test for EX"," 05-11-2021 14:21:15.72","EXTESTCHEM","P_CONTAINER_SHIPMENT","      1534",,,"FALSE","99FDBBE3-DB9D-4702-939A-054A5117FE73","P_CONTAINER_INCIDENT","1"
"INC-CONT-000035","V",,,,,"0","0","Presque Isle Downs Shipment:        458  Container: D3 Jobs: T000946  : EX Testing again for incident description"," 05-11-2021 14:24:51.39","EXTESTCHEM","P_CONTAINER_SHIPMENT","      1514",,,"FALSE","99FDBBE3-DB9D-4702-939A-054A5117FE73","P_CONTAINER_INCIDENT","1"
"INC-CONT-000036","V",,,,,"0","0","Meadows Racetrack PA Shipment:        440  Container: 1107 Jobs: T001075 T001076 T001079  : Testing Incidents race dates"," 05-11-2021 14:27:08.19","EXTESTCHEM","P_CONTAINER_SHIPMENT","      1494",,,"FALSE","99FDBBE3-DB9D-4702-939A-054A5117FE73","P_CONTAINER_INCIDENT","1"
"INC-CONT-000037","V",,,,,"0","0","Meadows Racetrack PA Shipment:        494  Container: 00372 Jobs: T001158  : incorrect seal number"," 08-11-2021 10:32:06.26","LEIFMCG","P_CONTAINER_SHIPMENT","      1564",,,"FALSE","99FDBBE3-DB9D-4702-939A-054A5117FE73","P_CONTAINER_INCIDENT","1"
"INC-SAMP-000001","A",,,,,"0","0","HP_170919_1B_5F : it keeps blinking"," 21-01-2021 13:53:14.46","DTOLBERT","SAMPLE","       256",,,"FALSE","E06D94BB-8348-4788-89B2-61146C548DB8","P_SAMPLE_INCIDENT","1"
"INC-SAMP-000002","V",,,,,"0","0","PN_072221_1_343247 : PN_072221_1_343247 : test"," 04-08-2021 07:54:39.57","GPEHLERT","SAMPLE","     22342",,,"FALSE","E06D94BB-8348-4788-89B2-61146C548DB8","P_SAMPLE_INCIDENT","1"
"INC-SAMP-000003","V",,,,,"0","0","PI_030121_9_300374 :  PI_030121_9_300374 : Sample was contaminated with Spaghettios"," 18-10-2021 11:12:38.24","DTOLBERT","SAMPLE","     23645",,,"FALSE","E06D94BB-8348-4788-89B2-61146C548DB8","P_SAMPLE_INCIDENT","1"
"INC-SAMP-000004","V",,,,,"0","0","PX_012021_3_890004 : PX_012021_3_890004 : test"," 18-10-2021 12:30:18.46","GPEHLERT","SAMPLE","     14826",,,"FALSE","E06D94BB-8348-4788-89B2-61146C548DB8","P_SAMPLE_INCIDENT","1"
"INC-TEST-000001","I",,,,"DTINSP","0","0","test"," 23-07-2021 10:55:03.26","GPEHLERT","TEST","     30518",,,"FALSE","288A3F7F-EBEC-4D7C-842C-9227C1FD7870","DEFAULT_INCIDENT","1"
