﻿INSTRUMENT_TEMPLATE
IDENTITY,NAME,GROUP_ID,DESCRIPTION,MODIFIABLE,REMOVEFLAG,INSTRUCTIONS,SOP_REFERENCE,MANUFACTURER,OPERATOR_ID,REQUIRES_CALIBRATION,CALIBRATION_PLAN,CALIB_CONTRACTOR,CALIB_LEAD_TIME,CALIB_SAMPLE_TEMPLATE,REQUIRES_SERVICING,SERVICE_INTV,SERVICE_CONTRACTOR,SERVICE_LEAD_TIME,INSTRUMENT_CATEGORY,CUSTOM_ICON,USE_MAINTENANCE
10,100,10,255,1,1,255,100,20,10,1,255,20,16,10,1,16,20,16,30,30,1
                      25
"BALANCE","Balance",,"Balance","TRUE","FALSE",,,,,"FALSE",,,,,"FALSE",,,,,"INT_INST_TMP","FALSE"
"BGA","Blood Gas Analyzer",,"Blood Gas Analyzer","TRUE","FALSE",,,,,"FALSE",,,,,"FALSE",,,,,"INT_INST_TMP","FALSE"
"CENT","Centrifuge",,"Centrifuge","TRUE","FALSE",,,,,"FALSE",,,,,"FALSE",,,,,"INT_INST_TMP","FALSE"
"CONCENTR","SpeedVac Concentrator",,"SpeedVac Concentrator","TRUE","FALSE",,,,,"FALSE",,,,,"FALSE",,,,,"INT_INST_TMP","TRUE"
"DNA","DNA Analyzer",,"DNA Analyzer","TRUE","FALSE",,,,,"FALSE",,,,,"FALSE",,,,,"INT_INST_TMP","FALSE"
"DRIBLOCK","Dri-Block",,"Dri-Block","TRUE","FALSE",,,,,"FALSE",,,,,"FALSE",,,,,"INT_INST_TMP","FALSE"
"ELISA","ELISA Plate Reader",,"ELISA Plate Reader","TRUE","FALSE",,,,,"FALSE",,,,,"FALSE",,,,,"INT_INST_TMP","FALSE"
"ELPRO","Elpro Probe",,"Elpro Probe","TRUE","FALSE",,,,,"FALSE",,,,,"FALSE",,,,,"INT_INST_TMP","TRUE"
"FREEZER","Freezer",,"Freezer","TRUE","FALSE",,,,,"FALSE",,,,,"FALSE",,,,,"INT_INST_TMP","FALSE"
"GC","Gas Chromatograph",,"GC","TRUE","TRUE",,,"THERMO","BARNEY","FALSE",,,,,"FALSE",,,,,"INT_INST_TMP","FALSE"
"GCMS","Gas Chromatograph - MSMS",,"Gas Chromatograph - MSMS","TRUE","FALSE",,,,,"FALSE",,,,,"FALSE",,,,,"INT_INST_TMP","FALSE"
"HPLC","High-Performance Liquid Chromatography",,"High-Performance Liquid Chromatography Instrument Template","TRUE","FALSE",,,,,"FALSE",,,,,"FALSE",,,,,"INT_INST_TMP","FALSE"
"ICPMS","Inductively Coupled Plasma Mass Spectrometer",,"Inductively Coupled Plasma Mass Spectrometer","TRUE","FALSE",,,,,"FALSE",,,,,"FALSE",,,,,"INT_INST_TMP","FALSE"
"ICP-MS","Inductively Coupled Plasma Mass Spectrometry",,"Inductively Coupled Plasma Mass Spectrometry","TRUE","TRUE",,,,,"FALSE",,,,,"FALSE",,,,,"INT_INST_TMP","FALSE"
"LCMS","Liquid Chromatograph Mass Spectrometer",,"Liquid Chromatograph Mass Spectrometer","TRUE","FALSE",,,,,"FALSE",,,,,"FALSE",,,,,"INT_INST_TMP","FALSE"
"N2_GEN_SYS","Nitrogen Generator System",,"Nitrogen Generator System","TRUE","FALSE",,,,,"FALSE",,,,,"FALSE",,,,,"INT_INST_TMP","TRUE"
"PIPETTE","Pipette",,"Pipette","TRUE","FALSE",,,,,"FALSE",,,,,"FALSE",,,,,"INT_INST_TMP","FALSE"
"REFRIG","Refrigerator",,"Refrigerator","TRUE","FALSE",,,,,"FALSE",,,,,"FALSE",,,,,"INT_INST_TMP","FALSE"
"REPIPETTE","Repipettor",,"Repipettor","TRUE","FALSE",,,,,"FALSE",,,,,"FALSE",,,,,"INT_INST_TMP","TRUE"
"ROBOT","Robot",,"Robot","TRUE","FALSE",,,,,"FALSE",,,,,"FALSE",,,,,"INT_INST_TMP","FALSE"
"THERM","Thermometer",,"Thermometer","TRUE","FALSE",,,,,"FALSE",,,,,"FALSE",,,,,"INT_INST_TMP","FALSE"
"THERMCYCLR","Thermocycler",,"Thermocycler","TRUE","FALSE",,,,,"FALSE",,,,,"FALSE",,,,,"INT_INST_TMP","TRUE"
"TIMER","Timer",,"Timer","TRUE","FALSE",,,,,"FALSE",,,,,"FALSE",,,,,"INT_INST_TMP","FALSE"
"WATERBATH","Water Bath",,"Water Bath","TRUE","FALSE",,,,,"FALSE",,,,,"FALSE",,,,,"INT_INST_TMP","FALSE"
"WEIGHT","Check Weight",,"Check Weight","TRUE","FALSE",,,,,"FALSE",,,,,"FALSE",,,,,"INT_INST_TMP","TRUE"
