﻿INSTRUMENT_PART_EVENT
INSTRUMENT_PART,IDENTITY,EVENT_TYPE,COMMENTS,ENTERED_ON,ENTERED_BY
10,10,10,255,32,10
                      10
"GC_AUTO_01","1","ASSIGN",," 14-08-2019 14:06:51.05","HODYT"
"GC_AUTO_01","2","ASSIGN",," 14-08-2019 14:49:01.66","HODYT"
"GC_AUTO_02","1","ASSIGN",," 14-08-2019 14:08:23.41","HODYT"
"GC_COL_01","1","ASSIGN",," 14-08-2019 14:06:51.05","HODYT"
"GC_COL_02","1","ASSIGN",," 14-08-2019 14:08:23.41","HODYT"
"GC_COL_02","2","ASSIGN",," 14-08-2019 14:49:01.91","HODYT"
"WSI_1","1","MAINT","PM-180, is require on 4/3/2020 2:27 PM"," 04-04-2020 00:01:07.24",
"WSI_1","2","MAINT","SC-3yr, is require on 12/31/2020 2:47 PM"," 01-01-2021 00:01:08.69",
"WSI_10","1","MAINT","PM-365, is require on 4/3/2020 2:33 PM"," 04-04-2020 00:01:07.30",
"WSI_10","2","MAINT","SC-365, is require on 12/31/2020 2:51 PM"," 01-01-2021 00:01:08.71",
