﻿INSTRUMENT_PART
IDENTITY,NAME,GROUP_ID,DESCRIPTION,MODIFIABLE,REMOVEFLAG,STATUS,MANUFACTURER,TEMPLATE,SERIAL_NO,INSTRUCTIONS,LOCATION_ID,AVAILABLE,RETIRED,OPERATOR_ID,DATE_INSTALLED,DATE_ASSIGNED,SOP_REFERENCE,REQUIRES_CALIBRATION,CALIBRATION_PLAN,LAST_CALIB_DATE,NEXT_CALIB_DATE,CALIB_CONTRACTOR,CALIB_LEAD_TIME,REQUIRES_SERVICING,SERVICE_INTERVAL,LAST_SERVICE_DATE,NEXT_SERVICE_DATE,SERVICE_CONTRACTOR,SERVICE_LEAD_TIME,USE_MAINTENANCE
10,100,10,255,1,1,1,20,10,78,255,50,1,1,10,32,32,100,1,255,32,32,20,16,1,16,32,32,20,16,1
                      18
"WSI_1","WSI_1",,"Workstation 1 : Qtrap 6500-1 : QTRAP 6500","TRUE","FALSE","D","SCIEX","DETECTOR","BL29811503","Inv Verified: 9/5/2019","ROOM_122","TRUE","FALSE","JESSEV"," 23-09-2015 00:00:00.00", ,,"FALSE",, , ,,,"FALSE",, , ,,,"TRUE"
"WSI_10","WSI_10",,"Workstation 2 : Autosampler : SIL-30AC MP","TRUE","FALSE","D","SHIMADZU","AUTOSAMP","L20645250089","Inv Verified: 9/4/2019","ROOM_122","TRUE","FALSE","JESSEV", , ,,"FALSE",, , ,,,"FALSE",, , ,,,"TRUE"
"WSI_103","WSI_103",,"Workstation 1 : UPS BACKUP : ABCDEF5200-22","TRUE","FALSE","I","POWERVAR","UPS","2205292R-1540007","Inv Verified: 8/17/2019","ROOM_122","TRUE","FALSE","JESSEV", , ,,"FALSE",, , ,,,"FALSE",, , ,,,"FALSE"
"WSI_104","WSI_104",,"Workstation 2 : UPS BACKUP : ABCDEF5200-22","TRUE","FALSE","I","POWERVAR","UPS","22052108R-1520013","Inv Verified: 9/4/2019","ROOM_122","TRUE","FALSE","JESSEV", , ,,"FALSE",, , ,,,"FALSE",, , ,,,"FALSE"
"WSI_11","WSI_11",,"Workstation 2 : pump 1 : LC-30AD","TRUE","FALSE","I","SHIMADZU","LC_PUMP","L20555351897","Inv Verified: 9/4/2019","ROOM_122","TRUE","FALSE",, , ,,"FALSE",, , ,,,"FALSE",, , ,,,"FALSE"
"WSI_12","WSI_12",,"Workstation 2 : pump 2 : LC-30AD","TRUE","FALSE","I","SHIMADZU","LC_PUMP","L20555351898","Inv Verified: 9/4/2019","ROOM_122","TRUE","FALSE",, , ,,"FALSE",, , ,,,"FALSE",, , ,,,"FALSE"
"WSI_13","WSI_13",,"Workstation 2 : oven : CTO-30A","TRUE","FALSE","I","SHIMADZU","LC_OVEN","L20575350474","Inv Verified: 9/4/2019","ROOM_122","TRUE","FALSE",, , ,,"FALSE",, , ,,,"FALSE",, , ,,,"FALSE"
"WSI_14","WSI_14",,"Workstation 2 : CBM : CBM-20A","TRUE","FALSE","I","SHIMADZU","CBM","L20235355748","Inv Verified: 9/4/2019","ROOM_122","TRUE","FALSE",, , ,,"FALSE",, , ,,,"FALSE",, , ,,,"FALSE"
"WSI_15","WSI_15",,"Workstation 2 : Degasser : DGU-20A5R","TRUE","FALSE","I","SHIMADZU","DEGAS","L20705364555","Inv Verified: 9/4/2019","ROOM_122","TRUE","FALSE",, , ,,"FALSE",, , ,,,"FALSE",, , ,,,"FALSE"
"WSI_16","WSI_16",,"Workstation 2 : Computer : Optiplex XE2","TRUE","FALSE","I","DELL","COMPUTER","8BWQ252","Inv Verified: 9/4/2019","ROOM_122","TRUE","FALSE",, , ,,"FALSE",, , ,,,"FALSE",, , ,,,"FALSE"
"WSI_2","WSI_2",,"Workstation 1 : Autosampler : SIL-30AC MP","TRUE","FALSE","I","SHIMADZU","AUTOSAMP","L20645250090","Inv Verified: 9/5/2019","ROOM_122","TRUE","FALSE","JESSEV", , ,,"FALSE",, , ,,,"FALSE",, , ,,,"FALSE"
"WSI_3","WSI_3",,"Workstation 1 : pump 1 : LC-30AD","TRUE","FALSE","I","SHIMADZU","LC_PUMP","L20555351899","Inv Verified: 9/4/2019","ROOM_122","TRUE","FALSE",, , ,,"FALSE",, , ,,,"FALSE",, , ,,,"FALSE"
"WSI_4","WSI_4",,"Workstation 1 : pump 2 : LC-30AD","TRUE","FALSE","I","SHIMADZU","LC_PUMP","L20555351900","Inv Verified: 9/4/2019","ROOM_122","TRUE","FALSE",, , ,,"FALSE",, , ,,,"FALSE",, , ,,,"FALSE"
"WSI_5","WSI_5",,"Workstation 1 : oven : CTO-30A","TRUE","FALSE","I","SHIMADZU","LC_OVEN","L20575350475","Inv Verified: 9/4/2019","ROOM_122","TRUE","FALSE",, , ,,"FALSE",, , ,,,"FALSE",, , ,,,"FALSE"
"WSI_6","WSI_6",,"Workstation 1 : CBM : CBM-20A","TRUE","FALSE","I","SHIMADZU","CBM","L20235355747","Inv Verified: 9/4/2019","ROOM_122","TRUE","FALSE",, , ,,"FALSE",, , ,,,"FALSE",, , ,,,"FALSE"
"WSI_7","WSI_7",,"Workstation 1 : Degasser : DGU-20A5R","TRUE","FALSE","I","SHIMADZU","DEGAS","L20705364556","Inv Verified: 9/4/2019","ROOM_122","TRUE","FALSE",, , ,,"FALSE",, , ,,,"FALSE",, , ,,,"FALSE"
"WSI_8","WSI_8",,"Workstation 1 : Computer : Optiplex XE2","TRUE","FALSE","I","DELL","COMPUTER","HCWQ252","Inv Verified: 9/4/2019","ROOM_122","TRUE","FALSE",, , ,,"FALSE",, , ,,,"FALSE",, , ,,,"FALSE"
"WSI_9","WSI_9",,"Workstation 2 : Qtrap 6500-2 : QTRAP 6500","TRUE","FALSE","I","SCIEX","DETECTOR","BL29711503","Inv Verified: 9/5/2019","ROOM_122","TRUE","FALSE","JESSEV", , ,,"FALSE",, , ,,,"FALSE",, , ,,,"FALSE"
