﻿INTERFACE_ACTION
TABLE_NAME,INTERFACE,ORDER_NUMBER,TYPE,MESSAGE,LINK_TABLE_NAME,LINK_INTERFACE,REPORT_NAME,USER_ROUTINE,REQUIRED_PRIVILEGE
30,30,10,10,50,30,30,20,50,10
                      61
"ANAL_WORKS_TEMPL","PRINT","1","ROUTINE",". Session Definition",,,"$WORK_SESS","LABTABLE_INPUT","0"
"ANAL_WORKS_TEMPL","PRINT","2","ROUTINE",". Sequence Definition",,,"$WORK_TEMP","LABTABLE_INPUT","0"
"ANAL_WORKS_TEMPL","PRINT","3","ROUTINE",". Sample Search Fields",,,"$WORK_FLD","LABTABLE_INPUT","0"
"ANAL_WORKS_TEMPL","PRINT","4","ROUTINE",". Edit Text File",,,"$LABTABLIB","TEXT_FILE","0"
"BATCH_SQC_HEADER","PRINT","1","ROUTINE","Batches",,,"$BATCH_TMPL_SQC","batch_tmpl_sqc_from_sqc_chart","0"
"CALC_FUNCTION","PRINT","1","ROUTINE","Parameters",,,"$CALC_FUNCTION","DO_PARAMETER_LIST","0"
"CALCULATION","PRINT","1","ROUTINE","Format...",,,"$LABTABLIB","TEXT_FILE","0"
"CALCULATION","PRINT","2","ROUTINE","Builder...",,,"$CALC_FORMULA","CALC_FORMULA","0"
"CERTIFICATE_TEMPLATE","DEFAULT","1","ROUTINE","Criteria",,,"$COA_CRITERIA","COATEMPLATECRITERIAEDIT","0"
"CERTIFICATE_TEMPLATE","DEFAULT","2","ROUTINE","Report",,,"$COA_DESTINATION","LTEENTRYPOINT","0"
"CERTIFICATE_TEMPLATE","DEFAULT","3","ROUTINE","Section",,,"$COA_SECTION","LTEENTRYPOINT","0"
"CHARGE_HEADER","PRINT","1","ROUTINE","Charge List",,,"$CHARGE","DO_CHARGE_LIST","0"
"COLUMN_SET_HEADER","PRINT","1","ROUTINE","Columns",,,"$COLUMN_SET_ENTRY","DO_COL_SET_ENTRY","0"
"COLUMN_SET_HEADER","PRINT","2","ROUTINE","Text File",,,"$LABTABLIB","TEXT_FILE","0"
"CRITERIA_HEADER","PRINT","1","ROUTINE","Tables...",,,"$CRITERIA_LTE_PAGE2","CRITERIA_LTE_PAGE2","0"
"DESTINATION","PRINT","1","ROUTINE","Comp Equiv",,,"$LTE_DEST","COMPONENT_EQUIVALENCE","0"
"ENTITY_TEMPLATE","PRINT","1","LINK",,"ENTITY_TEMPLATE_PROPERTY","DEFAULT",,,"0"
"EXPLORER_AUX","PRINT","1","ROUTINE","Fields",,,"$EXPLORER_AUX_LTE","AUXFIELDS","0"
"EXPLORER_CABINET","PRINT","1","ROUTINE","Roles",,,"$EXPLORER_ROLE","LTE_ENTRY_POINT","0"
"EXPLORER_HIERARCHY","DEFAULT","1","LINK","Levels","EXPLORER_HIERARCHY_LEVEL","DEFAULT",,,"0"
"INCIDENT_CHECKLIST","PRINT","1","ROUTINE","Checklist",,,"$INCIDENT_ACTIONS","INC_ACTIONS_EDIT_ACTIONS","0"
"INFOMAKER_LINK","PRINT","1","ROUTINE","Fields",,,"$INFOMAKER_PARAMS","LTE_ENTRY_POINT","0"
"INSPECTION_HEADER","PRINT","1","ROUTINE","Personnel",,,"$INSPECT","DO_INSPECT_LIST","0"
"INSTRUMENT_PART","DEFAULT","1","LINK",,"INSTRUMENT_PART_EVENT","DEFAULT",,,"0"
"INSTRUMENT_TEMPLATE","DEFAULT","1","LINK","Parts","INSTRUMENT_PART_LINK_TEMPLATE","DEFAULT",,,"0"
"INSTRUMENT_TEMPLATE","DEFAULT","2","LINK","Parameters","INSTRUMENT_PROPERTY_TEMPLATE","DEFAULT",,,"0"
"INTERFACE","DEFAULT","1","LINK","Fields","INTERFACE_FIELD","DEFAULT",,,"0"
"INTERFACE","DEFAULT","2","LINK","Actions","INTERFACE_ACTION","DEFAULT",,,"0"
"LIMIT_PHRASE_HEADER","PRINT","1","ROUTINE","Phrase List",,,"$LIMIT_PHRASE","DO_PHRASE_LIST","0"
"LIMSML_ENTITY_ACTION","DEFAULT","1","LINK",,"LIMSML_ENTITY_PARAM","DEFAULT",,,"0"
"LOCATION_TYPE","DEFAULT","1","LINK","Child Types","LOCATION_TYPE_LIST","DEFAULT",,,"0"
"LOG_SCHED_HEADER","PRINT","1","ROUTINE","Login Entries",,,"$LOG_SCHED","DO_ENTRY_LIST","0"
"LOT_TEMPLATE","PRINT","1","ROUTINE","Fields...",,,"$TMPLFIELD","DO_LOT_FIELDS","0"
"MLP_FAMILY_HEADER","DEFAULT","1","LINK","Members","MLP_FAMILY","DEFAULT",,,"0"
"MLP_FAMILY_HEADER","FAMILY_NAME","1","LINK",,"MLP_FAMILY","FAMILY_NAME",,,"0"
"MLP_HEADER","PRINT","1","ROUTINE","Levels",,,"$MLPS","mlp_levels_screen","0"
"MLP_HEADER","PRINT","2","ROUTINE","Analyses",,,"$MLPS","mlps_analyses_screen","0"
"MLP_HEADER","PRINT","3","ROUTINE","Components",,,"$MLPS","mlps_pre_component_screen","0"
"MLP_HEADER","PRINT","4","ROUTINE","Limits",,,"$MLPS","mlps_pre_component_limits","0"
"MLP_HEADER","PRINT","5","ROUTINE","Schedule",,,"$MLPS","mlps_pre_schedule_screen","0"
"PHRASE_HEADER","PRINT","1","LINK",,"PHRASE","DEFAULT",,,"0"
"ROLE_HEADER","PRINT","1","LINK",,"ROLE_ENTRY","DEFAULT",,,"0"
"RULE","PRINT","1","ROUTINE","Rule Counters",,,"$RULE_COUNTER_LIST","lte_entry_point","0"
"RULE","PRINT","2","ROUTINE","Modify Library",,,"$LTE_RULE","modify_vgl_library","0"
"RULE","PRINT","3","ROUTINE","Compile Library",,,"$LTE_RULE","compile_vgl_library","0"
"RULE","PRINT","4","ROUTINE","Compile Errors",,,"$LTE_RULE","view_compile_errors","0"
"STANDARD","PRINT","1","ROUTINE","Conc",,,"$STD_VERS","STD_VERS_DEFAULT_CONCENTRATION","0"
"STANDARD","PRINT","2","ROUTINE","Limits",,,"$STD_VERS","STD_VERS_STANDARD_LIMITS","0"
"STANDARD","PRINT","3","ROUTINE","Description",,,"$LABTABLIB","TEXT_FILE","0"
"SUBSTANCE","DEFAULT","1","LINK","Risks","SUBSTANCE_RISK","DEFAULT",,,"0"
"SUBSTANCE","DEFAULT","2","LINK","Safety","SUBSTANCE_SAFETY","DEFAULT",,,"0"
"SUBSTANCE","DEFAULT","3","LINK","Hazard","SUBSTANCE_HAZARD","DEFAULT",,,"0"
"SUPPLIER","DEFAULT","1","LINK",,"SUPPLIER_DETAIL","DEFAULT",,,"0"
"SYNTAX","PRINT","1","ROUTINE","Source...",,,"$SYNTAX","SYNTAX_EDIT_TEXT","0"
"TEST_SCHED_HEADER","PRINT","1","LINK",,"TEST_SCHED_ENTRY","DEFAULT",,,"0"
"UNIT_HEADER","PRINT","1","LINK",,"UNIT_ALIAS","DEFAULT",,,"0"
"UNIT_HEADER","PRINT","2","ROUTINE","Details",,,"$LABTABLIB","TEXT_FILE","0"
"VERSIONED_ANALYSIS","PRINT","1","LINK",,"VERSIONED_COMPONENT","PRINT",,,"0"
"WEB_MENU","DEFAULT","1","LINK","Menu Items","WEB_MENU_ITEM","DEFAULT",,,"0"
"WEB_MENU_SECTION","DEFAULT","1","LINK","Menu Items","WEB_MENU_ITEM","DEFAULT",,,"0"
"WORKING_SCHEDULE_HEADER","PRINT","1","ROUTINE","Details ...",,,"$CALENDAR_SETUP","LTE_ENTRY","0"
