﻿INTERFACE
TABLE_NAME,INTERFACE,GROUP_ID,MODIFIABLE,REMOVEFLAG,TYPE,DISPLAY_TABLE_NAME,HEADER_MESSAGE,FILE_DIRECTORY,FILE_EXTENSION,INPUT_MESSAGE,IDENTITY_MESSAGE,IDENTITY2_MESSAGE,IDENTITY3_MESSAGE,IDENTITY4_MESSAGE,MODIFY_ON_MESSAGE,MODIFY_BY_MESSAGE,READ_MESSAGE,WRITE_MESSAGE,APPROVAL_MESSAGE,DEFAULT_VALUE,HELP_CONTEXT,REPORT_NAME,LIST_PRE_INSERT,LIST_POST_INSERT,LIST_VALIDATION,LIST_SELECT,LIST_DELETE,LIST_CALLBACK,LIST_TOOLBAR,NAME
30,30,10,1,1,10,50,100,50,20,100,50,50,50,50,50,50,50,50,50,60,50,20,50,50,50,50,50,50,50,100
                     169
"ANAL_WORKS_TEMPL","PRINT",,"TRUE","FALSE","LTE","Worksheet Template","Worksheet Template Data Entry Screen","SMP$TEXTFILES","WKT","Enter Template ID :","Identity",,,,"Modified on","Modified by","Labtable Read Transaction","Labtable Write Transaction",,,"$LABTABLIB_HELP","$LTE_WORKT",,,,,,,,"Anal Works Templ Print"
"ANAL_WORKS_TEMPL","WEB_PROPERTY_SHEET",,"TRUE","FALSE","WEB","Worksheet Template","Web Property Sheet Details",,,,,,,,,,,,,,,,,,,,,,,"Anal Works Templ Web Property Sheet"
"BATCH_SQC_HEADER","PRINT",,"TRUE","FALSE","LTE","Batch SQC Template","Batch SQC Template Header Screen",,,"Enter Batch SQC Template","Identity",,,,"Modified on","Modified by","Labtable Read Transaction","Labtable Write Transaction",,,"$LTE_TEM_EDIT","$LTE_BATCH_SQC",,,,,,,,"Batch Sqc Header Print"
"BATCH_SQC_HEADER","WEB_PROPERTY_SHEET",,"TRUE","FALSE","WEB","Batch SQC Template","Web Property Sheet Details",,,,,,,,,,,,,,,,,,,,,,,"Batch Sqc Header Web Property Sheet"
"CALC_FUNCTION","PRINT",,"TRUE","FALSE","LTE","Calculation Functions","Calculation Functions",,,"Enter Calculation ID :","Identity",,,,"Modified on","Modified by","Labtable Read Transaction","Labtable Write Transaction",,,"$LTE_CALC_FUNCTION_EDIT","$LTE_CALC_FUNCTION",,,,,,,,"Calc Function Print"
"CALC_FUNCTION","WEB_PROPERTY_SHEET",,"TRUE","FALSE","WEB","Calculation Functions","Web Property Sheet Details",,,,,,,,,,,,,,,,,,,,,,,"Calc Function Web Property Sheet"
"CALCULATION","PRINT",,"TRUE","FALSE","LTE","Calculation","Calculation Definition Screen","SMP$CALCULATIONS","CAF","Enter Calculation ID","Identity",,,,"Modified on","Modified by","Labtable Read Transaction","Labtable Write Transaction",,"DEFAULT","$LTE_CALC_EDIT","$LTE_CALC",,,,,,,,"Calculation Print"
"CALCULATION","WEB_PROPERTY_SHEET",,"TRUE","FALSE","WEB","Calculation","Web Property Sheet Details",,,,,,,,,,,,,,,,,,,,,,,"Calculation Web Property Sheet"
"CERTIFICATE_TEMPLATE","DEFAULT",,"TRUE","FALSE","LTE","Certificate template","Certificate template Data Entry Screen",,,"Enter Certificate template ID :","Identity","Type","Version","Approval Status","Modified on","Modified by","Labtable Read Transaction","Labtable Write Transaction",,,"$LABTABLE_DB_DEF","$LABTABLE_DB_DEF",,,,,,,,"Certificate Template Default"
"CGI_SCRIPT","PRINT",,"TRUE","FALSE","LTE","CGI Script","CGI Scripts Data Entry Screen",,,"Enter CGI Script ID :","Identity","Identity 2","Identity 3","Identity 4","Modified on","Modified by","Labtable Read Transaction","Labtable Write Transaction",,,"$LTE_TEM_EDIT","$LTE_CGI_SCRIPT",,,,,,,,"Cgi Script Print"
"CGI_SCRIPT","WEB_PROPERTY_SHEET",,"TRUE","FALSE","WEB","CGI Script","Web Property Sheet Details",,,,,,,,,,,,,,,,,,,,,,,"Cgi Script Web Property Sheet"
"CHARGE_HEADER","PRINT",,"TRUE","FALSE","LTE","Charge Header","Charge Editor",,,"Enter Charge Types :","Identity",,,,"Modified on","Modified by","Labtable Read Transaction","Labtable Write Transaction",,,"$LTE_CHARG_EDIT","$LTE_CHARG",,,,,,,,"Charge Header Print"
"CHARGE_HEADER","WEB_PROPERTY_SHEET",,"TRUE","FALSE","WEB","Charge Header","Web Property Sheet Details",,,,,,,,,,,,,,,,,,,,,,,"Charge Header Web Property Sheet"
"CHROMELEON","DEFAULT",,"TRUE","FALSE","LTE","Chromeleon","Chromeleon Data Entry Screen",,,"Enter Chromeleon ID :","Identity","Identity 2","Identity 3","Identity 4","Modified on","Modified by","Labtable Read Transaction","Labtable Write Transaction",,,"$LABTABLE_DB_DEF","$LABTABLE_DB_DEF",,,,,,,,"Chromeleon Default"
"CHROMELEON_MAPPING","DEFAULT",,"TRUE","FALSE","LTE","Chromeleon mapping","Chromeleon mapping Data Entry Screen",,,"Enter Chromeleon mapping ID :","Identity","Identity 2","Identity 3","Identity 4","Modified on","Modified by","Labtable Read Transaction","Labtable Write Transaction",,,"$LABTABLE_DB_DEF","$LABTABLE_DB_DEF",,,,,,,,"Chromeleon Mapping Default"
"CHROMELEON_SEQUENCE","DEFAULT",,"TRUE","FALSE","LTE","Chromeleon sequence","Chromeleon sequence Data Entry Screen",,,"Enter Chromeleon sequence ID :","Identity","Identity 2","Identity 3","Identity 4","Modified on","Modified by","Labtable Read Transaction","Labtable Write Transaction",,,"$LABTABLE_DB_DEF","$LABTABLE_DB_DEF",,,,,,,,"Chromeleon Sequence Default"
"COLUMN_SET_HEADER","PRINT",,"TRUE","FALSE","LTE","Column Set Header","Column Set Header Entry Screen","SMP$TEXTFILES","CSH","Enter Column Set Header ID :","Identity","Identity 2","Identity 3","Identity 4","Modified on","Modified by","Labtable Read Transaction","Labtable Write Transaction",,,"$LTE_COL_SET_HEAD","$LTE_COL_SET_HEAD",,,,,,,,"Column Set Header Print"
"COLUMN_SET_HEADER","WEB_PROPERTY_SHEET",,"TRUE","FALSE","WEB","Column Set Header","Web Property Sheet Details",,,,,,,,,,,,,,,,,,,,,,,"Column Set Header Web Property Sheet"
"CONFIG_HEADER","PRINT",,"TRUE","FALSE","LTE","Configuration Item","Configuration Item Data Entry Screen","SMP$TEXTFILES","CON","Identity :","Identity",,,,"Modified on","Modified by","Labtable Read Transaction","Labtable Write Transaction",,,"$LTE_CONFI_EDIT","$LTE_CONFIG",,,,,,,,"Config Header Print"
"CONFIG_HEADER","WEB_PROPERTY_SHEET",,"TRUE","FALSE","WEB","Configuration Item","Web Property Sheet Details",,,,,,,,,,,,,,,,,,,,,,,"Config Header Web Property Sheet"
"CRITERIA_HEADER","PRINT",,"TRUE","FALSE","LTE","Column definition","Column definition data entry screen",,,"Enter Column Definition identity","Identity",,,,"Modified on","Modified by","Labtable Read Transaction","Labtable Write Transaction",,,"$CRITERIA_LTE_EDIT","$CRITERIA_LTE",,,,,,,,"Criteria Header Print"
"CRITERIA_HEADER","WEB_PROPERTY_SHEET",,"TRUE","FALSE","WEB","Column definition","Web Property Sheet Details",,,,,,,,,,,,,,,,,,,,,,,"Criteria Header Web Property Sheet"
"CUSTOMER","PRINT",,"TRUE","FALSE","LTE","Customer","Customer Data Entry Screen","SMP$TEXTFILES","CUS","Enter customer ID","Identity",,,,"Modified on","Modified by","Labtable Read Transaction","Labtable Write Transaction",,,"$LTE_CUS_EDIT","$LTE_CUS",,,,,,,,"Customer Print"
"CUSTOMER","WEB_PROPERTY_SHEET",,"TRUE","FALSE","WEB","Customer","Web Property Sheet Details",,,,,,,,,,,,,,,,,,,,,,,"Customer Web Property Sheet"
"DESTINATION","PRINT",,"TRUE","FALSE","LTE","Destination","Destination Data Entry Screen",,,"Enter Destination Id:","Identity",,,,"Modified on","Modified by","Labtable Read Transaction","Labtable Write Transaction",,,"$LABTABLIB_HELP","$LTE_DEST",,,,,,,,"Destination Print"
"DESTINATION","WEB_PROPERTY_SHEET",,"TRUE","FALSE","WEB","Destination","Web Property Sheet Details",,,,,,,,,,,,,,,,,,,,,,,"Destination Web Property Sheet"
"DM_AGENT_COMPUTER","DEFAULT",,"TRUE","FALSE","LTE","Agent Computer","Agent Computer Data Entry Screen",,,"Enter Agent Computer ID :","Identity","Identity 2","Identity 3","Identity 4","Modified on","Modified by","Labtable Read Transaction","Labtable Write Transaction",,,"$LABTABLE_DB_DEF","$LABTABLE_DB_DEF",,,,,,,,"Agent Computer Default"
"DM_CAPTURE_INTERVAL","DEFAULT",,"TRUE","FALSE","LTE","Capture Interval","Capture Interval Data Entry Screen",,,"Enter Capture Interval ID :","Identity","Identity 2","Identity 3","Identity 4","Modified on","Modified by","Labtable Read Transaction","Labtable Write Transaction",,,"$LABTABLE_DB_DEF","$LABTABLE_DB_DEF",,,,,,,,"Capture Interval Default"
"DM_CAPTURE_SOURCE","DEFAULT",,"TRUE","FALSE","LTE","Capture Source","Capture Source Data Entry Screen",,,"Enter Capture Source ID :","Identity","Identity 2","Identity 3","Identity 4","Modified on","Modified by","Labtable Read Transaction","Labtable Write Transaction",,,"$LABTABLE_DB_DEF","$LABTABLE_DB_DEF",,,,,,,,"Capture Source Default"
"DM_DATA_DESTINATION","DEFAULT",,"TRUE","FALSE","LTE","Data Destination","Data Destination Data Entry Screen",,,"Enter Data Destination ID :","Identity","Identity 2","Identity 3","Identity 4","Modified on","Modified by","Labtable Read Transaction","Labtable Write Transaction",,,"$LABTABLE_DB_DEF","$LABTABLE_DB_DEF",,,,,,,,"Data Destination Default"
"DM_DATA_PACKAGE","DEFAULT",,"TRUE","FALSE","LTE","Data Package","Data Package Data Entry Screen",,,"Enter Data Package ID :","Identity","Identity 2","Identity 3","Identity 4","Modified on","Modified by","Labtable Read Transaction","Labtable Write Transaction",,,"$LABTABLE_DB_DEF","$LABTABLE_DB_DEF",,,,,,,,"Data Package Default"
"DM_PACKAGE_PROPERTY","DEFAULT",,"TRUE","FALSE","LTE","Package Property","Package Property Data Entry Screen",,,"Enter Package Property ID :","Identity","Identity 2","Identity 3","Identity 4","Modified on","Modified by","Labtable Read Transaction","Labtable Write Transaction",,,"$LABTABLE_DB_DEF","$LABTABLE_DB_DEF",,,,,,,,"Package Property Default"
"DM_PACKAGING_RULE","DEFAULT",,"TRUE","FALSE","LTE","Packaging Rule","Packaging Rule Data Entry Screen",,,"Enter Packaging Rule ID :","Identity","Identity 2","Identity 3","Identity 4","Modified on","Modified by","Labtable Read Transaction","Labtable Write Transaction",,,"$LABTABLE_DB_DEF","$LABTABLE_DB_DEF",,,,,,,,"Packaging Rule Default"
"DM_PROPERTY_SCRIPT","DEFAULT",,"TRUE","FALSE","LTE","Property Script","Property Script Data Entry Screen",,,"Enter Property Script ID :","Identity","Identity 2","Identity 3","Identity 4","Modified on","Modified by","Labtable Read Transaction","Labtable Write Transaction",,,"$LABTABLE_DB_DEF","$LABTABLE_DB_DEF",,,,,,,,"Property Script Default"
"DM_RULE_TEMPLATE","DEFAULT",,"TRUE","FALSE","LTE","Rule Template","Rule Template Data Entry Screen",,,"Enter Rule Template ID :","Identity","Identity 2","Identity 3","Identity 4","Modified on","Modified by","Labtable Read Transaction","Labtable Write Transaction",,,"$LABTABLE_DB_DEF","$LABTABLE_DB_DEF",,,,,,,,"Rule Template Default"
"DM_SERVER_COMPUTER","DEFAULT",,"TRUE","FALSE","LTE","Server Computer","Server Computer Data Entry Screen",,,"Enter Server Computer ID :","Identity","Identity 2","Identity 3","Identity 4","Modified on","Modified by","Labtable Read Transaction","Labtable Write Transaction",,,"$LABTABLE_DB_DEF","$LABTABLE_DB_DEF",,,,,,,,"Server Computer Default"
"ENTITY_TEMPLATE","DEFAULT",,"TRUE","FALSE","LTE","Entity template","Entity template Data Entry Screen",,,"Enter Entity template ID :","Identity","Identity 2","Identity 3","Identity 4","Modified on","Modified by","Labtable Read Transaction","Labtable Write Transaction",,,"$LABTABLE_DB_DEF","$LABTABLE_DB_DEF",,,,,,,,"Entity Template Default"
"ENTITY_TEMPLATE","PRINT",,"TRUE","FALSE","LTE","Entity template","Entity template Data Entry Screen",,,"Enter Entity template ID :","Identity","Identity 2","Identity 3","Identity 4","Modified on","Modified by","Labtable Read Transaction","Labtable Write Transaction",,,"$LABTABLE_DB_DEF","$LABTABLE_DB_DEF",,,,,,,,"Entity Template Print"
"ENTITY_TEMPLATE_PROPERTY","PRINT",,"TRUE","FALSE","LISTEDITOR","Entity template property","Entity template property Data Entry Screen",,,"Enter Entity template property ID :","Identity","Identity 2","Identity 3","Identity 4","Modified on","Modified by","Labtable Read Transaction","Labtable Write Transaction",,,"$LABTABLE_DB_DEF","$LABTABLE_DB_DEF",,,,,,,,"Entity Template Property Print"
"EXPLORER_AUX","PRINT",,"TRUE","FALSE","LTE","Aux Functions","Explorer Auxiliary Reports",,,"Enter Aux ID :","Table Name","Identity","Identity 3","Identity 4","Modified on","Modified by","Labtable Read Transaction","Labtable Write Transaction",,,"$LABTABLIB_HELP","$EXPLORER_AUX_LTE",,,,,,,,"Explorer Aux Print"
"EXPLORER_AUX","WEB_PROPERTY_SHEET",,"TRUE","FALSE","WEB","Aux Functions","Web Property Sheet Details",,,,,,,,,,,,,,,,,,,,,,,"Explorer Aux Web Property Sheet"
"EXPLORER_CABINET","PRINT",,"TRUE","FALSE","LTE","Cabinets","Explorer Cabinets",,,"Enter Cabinet ID :","Identity","Identity 2","Identity 3","Identity 4","Modified on","Modified by","Labtable Read Transaction","Labtable Write Transaction",,,"$LABTABLIB_HELP","$EXPLORER_CAB_LTE",,,,,,,,"Explorer Cabinet Print"
"EXPLORER_CABINET","WEB_PROPERTY_SHEET",,"TRUE","FALSE","WEB","Cabinets","Web Property Sheet Details",,,,,,,,,,,,,,,,,,,,,,,"Explorer Cabinet Web Property Sheet"
"EXPLORER_FOLDER","DEFAULT",,"TRUE","FALSE","LTE","Explorer folder","Explorer folder Data Entry Screen",,,"Enter Explorer folder ID :","Identity","Identity 2","Identity 3","Identity 4","Modified on","Modified by","Labtable Read Transaction","Labtable Write Transaction",,,"$LABTABLE_DB_DEF","$LABTABLE_DB_DEF",,,,,,,,"Explorer Folder Default"
"EXPLORER_HIERARCHY","DEFAULT",,"TRUE","FALSE","LTE","Explorer Hierarchy","Explorer Hierarchy Definition",,,"Enter Hierarchy ID :","Table","Hierarchy","Identity 3","Identity 4","Modified on","Modified by","Labtable Read Transaction","Labtable Write Transaction",,,"$EXPLORER_HIER_LTE","$EXPLORER_HIER_LTE",,,,,,,,"Explorer Hierarchy Default"
"EXPLORER_HIERARCHY_LEVEL","DEFAULT",,"TRUE","FALSE","LISTEDITOR","Explorer Hierarchy Level","Explorer Hierarchy Level Definition",,,,,,,,,,,,,,,"$EXPLORER_HIER_LTE","PREINSERTROUTINE","POSTINSERTROUTINE",,,,"SELECTDATACALLBACK","TOOLBARCALLBACK","Explorer Hierarchy Level Default"
"GROUP_HEADER","WEB_PROPERTY_SHEET",,"TRUE","FALSE","WEB","Group header","Web Property Sheet",,,,,,,,,,,,,,,,,,,,,,,"Group Header Web Property Sheet"
"HAZARD","PRINT",,"TRUE","FALSE","LTE","Hazard","Hazard Data Entry Screen","SMP$TEXTFILES","HAZ","Enter hazard ID","Identity",,,,"Modified on","Modified by","Labtable Read Transaction","Labtable Write Transaction",,,"$LTE_HAZ_EDIT","$LTE_HAZ",,,,,,,,"Hazard Print"
"HAZARD","WEB_PROPERTY_SHEET",,"TRUE","FALSE","WEB","Hazard","Web Property Sheet Details",,,,,,,,,,,,,,,,,,,,,,,"Hazard Web Property Sheet"
"HELP_CONTEXT","PRINT",,"TRUE","FALSE","LTE","Help","Help Data Entry Screen","SMP$HELP","HLP","Enter Help Topic :","Identity",,,,"Modified on","Modified by","Labtable Read Transaction","Labtable Write Transaction",,,"$LTE_HLP_EDIT","$LTE_HELP",,,,,,,,"Help Context Print"
"HELP_CONTEXT","WEB_PROPERTY_SHEET",,"TRUE","FALSE","WEB","Help","Web Property Sheet Details",,,,,,,,,,,,,,,,,,,,,,,"Help Context Web Property Sheet"
"INCIDENT_CHECKLIST","PRINT",,"TRUE","FALSE","LTE","Incident Checklist","Incident Checklist Editor",,,"Checklist Id","Identity","Identity 2","Identity 3","Identity 4","Modified on","Modified by","Labtable Read Transaction","Labtable Write Transaction",,,"$LTE_TEM_EDIT","$LTE_INC_CHECKLIST",,,,,,,,"Incident Checklist Print"
"INCIDENT_CHECKLIST","WEB_PROPERTY_SHEET",,"TRUE","FALSE","WEB","Incident Checklist","Web Property Sheet Details",,,,,,,,,,,,,,,,,,,,,,,"Incident Checklist Web Property Sheet"
"INFOMAKER_LINK","PRINT",,"TRUE","FALSE","LTE","Management Report","Infomaker Report",,,"Enter Report Identity:","Identity","Identity 2","Identity 3","Identity 4","Modified on","Modified by","Labtable Read Transaction","Labtable Write Transaction",,,"$LTE_TEM_EDIT","$LTE_INFOMAKER",,,,,,,,"Infomaker Link Print"
"INFOMAKER_LINK","WEB_PROPERTY_SHEET",,"TRUE","FALSE","WEB","Management Report","Web Property Sheet Details",,,,,,,,,,,,,,,,,,,,,,,"Infomaker Link Web Property Sheet"
"INSPECTION_HEADER","PRINT",,"TRUE","FALSE","LTE","Inspection Header","Inspection Plan Data Entry Screen",,,"Enter Inspection ID :","Identity",,,,"Modified on","Modified by","Labtable Read Transaction","Labtable Write Transaction",,,"$LTE_INSPECT_EDIT","$LTE_INSPECT",,,,,,,,"Inspection Header Print"
"INSPECTION_HEADER","WEB_PROPERTY_SHEET",,"TRUE","FALSE","WEB","Inspection Header","Web Property Sheet Details",,,,,,,,,,,,,,,,,,,,,,,"Inspection Header Web Property Sheet"
"INSTRUMENT","PRINT",,"TRUE","FALSE","LTE","Instrument","Instrument Data Entry Screen","SMP$TEXTFILES","INS","Enter Instrument ID","Identity",,,,"Modified on","Modified by","Labtable Read Transaction","Labtable Write Transaction",,,"$LTE_INST_EDIT","$LTE_INST",,,,,,,,"Instrument Print"
"INSTRUMENT","WEB_PROPERTY_SHEET",,"TRUE","FALSE","WEB","Instrument","Web Property Sheet Details",,,,,,,,,,,,,,,,,,,,,,,"Instrument Web Property Sheet"
"INSTRUMENT_PART","DEFAULT",,"TRUE","FALSE","LTE","Instrument Part","Instrument Part Data Entry Screen",,,"Enter Instrument Part ID :","Identity","Identity 2","Identity 3","Identity 4","Modified on","Modified by","Labtable Read Transaction","Labtable Write Transaction",,,"$LABTABLE_DB_DEF","$LABTABLE_DB_DEF",,,,,,,,"Instrument Part Default"
"INSTRUMENT_PART_EVENT","DEFAULT",,"TRUE","FALSE","LISTEDITOR",,"Instrument Part Events",,,,,,,,,,,,,,,,,,,,,,,"Instrument Part Event Default"
"INSTRUMENT_PART_LINK_TEMPLATE","DEFAULT",,"TRUE","FALSE","LISTEDITOR",,"Instrument Template Parts",,,,,,,,,,,,,,,,,,,,,,,"Instrument Part Link Template Default"
"INSTRUMENT_PART_TEMPLATE","DEFAULT",,"TRUE","FALSE","LTE","Instrument Part Template","Instrument Part Template Data Entry Screen",,,"Enter Instrument Part Template ID :","Identity","Identity 2","Identity 3","Identity 4","Modified on","Modified by","Labtable Read Transaction","Labtable Write Transaction",,,"$LABTABLE_DB_DEF","$LABTABLE_DB_DEF",,,,,,,,"Instrument Part Template Default"
"INSTRUMENT_PROPERTY_TEMPLATE","DEFAULT",,"TRUE","FALSE","LISTEDITOR",,"Instrument Template Parameters",,,,,,,,,,,,,,,,,,,,,,,"Instrument Property Template Default"
"INSTRUMENT_TEMPLATE","DEFAULT",,"TRUE","FALSE","LTE","Instrument Template","Instrument Template Data Entry Screen",,,"Enter Instrument Template ID :","Identity","Identity 2","Identity 3","Identity 4","Modified on","Modified by","Labtable Read Transaction","Labtable Write Transaction",,,"$LABTABLE_DB_DEF","$LABTABLE_DB_DEF",,,,,,,,"Instrument Template Default"
"INTERFACE","DEFAULT",,"TRUE","FALSE","LTE","Interface Definition","Interface Definition Editor",,,"Enter Interface ID :","Table Name","Interface",,,"Modified on","Modified by","Labtable Read Transaction","Labtable Write Transaction",,,"$LTE_INTERFACE","$LABTABLE_DB_EDIT",,,,,,,,"Interface Default"
"INTERFACE_ACTION","DEFAULT",,"TRUE","FALSE","LISTEDITOR","Interface Actions","Interface Action Editor",,,,,,,,,,,,,,,"$LABTABLE_DB_EDIT","ACTIONPREINSERTROUTINE",,"ACTIONVALIDATIONROUTINE",,,,,"Interface Action Default"
"INTERFACE_FIELD","DEFAULT",,"TRUE","FALSE","LISTEDITOR","Interface Fields","Interface Fields Editor",,,,,,,,,,,,,,,"$LABTABLE_DB_EDIT","FIELDPREINSERTROUTINE",,"FIELDVALIDATIONROUTINE",,,,,"Interface Field Default"
"JOB_HEADER","WEB_PROPERTY_SHEET",,"TRUE","FALSE","WEB","Job Details","Web Property Sheet",,,,,,,,,,,,,,,,,,,,,,,"Job Header Web Property Sheet"
"JOB_TEMPLATE","WEB_PROPERTY_SHEET",,"TRUE","FALSE","WEB","Job Template","Web Property Sheet Details",,,,,,,,,,,,,,,,,,,,,,,"Job Template Web Property Sheet"
"LABEL_TEMPLATE","DEFAULT",,"TRUE","FALSE","LTE","Label Template","Label Template Data Entry Screen",,,"Enter Label Template ID :","Identity","Identity 2","Identity 3","Identity 4","Modified on","Modified by","Labtable Read Transaction","Labtable Write Transaction",,,"$LABTABLE_DB_DEF","$LABTABLE_DB_DEF",,,,,,,,"Label Template Default"
"LANGUAGE","DEFAULT",,"TRUE","FALSE","LTE","Language","Language Data Entry Screen",,,"Enter Language ID :","Identity","Identity 2","Identity 3","Identity 4","Modified on","Modified by","Labtable Read Transaction","Labtable Write Transaction",,,"$LABTABLE_DB_DEF","$LABTABLE_DB_DEF",,,,,,,,"Language Default"
"LIMIT_CALCULATION","PRINT",,"TRUE","FALSE","LTE","Limit Calculation","Limit Calculation Data Entry Screen","SMP$LIMIT_CALCULATIONS","LAF","Enter Calculation ID :","Identity",,,,"Modified on","Modified by","Labtable Read Transaction","Labtable Write Transaction",,"DEFAULT","$LTE_LIMIT_CALCULATION_EDIT","$LTE_LIMIT_CALC",,,,,,,,"Limit Calculation Print"
"LIMIT_CALCULATION","WEB_PROPERTY_SHEET",,"TRUE","FALSE","WEB","Limit Calculation","Web Property Sheet Details",,,,,,,,,,,,,,,,,,,,,,,"Limit Calculation Web Property Sheet"
"LIMIT_PHRASE_HEADER","PRINT",,"TRUE","FALSE","LTE","Limit Phrase","Limit Phrase Editor",,,"Enter Phrase ID","Identity",,,,"Modified on","Modified by","Labtable Read Transaction","Labtable Write Transaction",,,"$LABTABLIB_HELP","$LTE_LIMIT_PHRASE",,,,,,,,"Limit Phrase Header Print"
"LIMIT_PHRASE_HEADER","WEB_PROPERTY_SHEET",,"TRUE","FALSE","WEB","Limit Phrase","Web Property Sheet Details",,,,,,,,,,,,,,,,,,,,,,,"Limit Phrase Header Web Property Sheet"
"LIMSML_ENTITY_ACTION","DEFAULT",,"TRUE","FALSE","LTE","LIMSML Entity Action","LIMSML Entity Action Data Entry Screen",,,"Enter LIMSML Entity Action ID :","Entity","Action",,,"Modified on","Modified by","Labtable Read Transaction","Labtable Write Transaction",,,"$LABTABLE_DB_DEF","$LABTABLE_DB_DEF",,,,,,,,"Limsml Entity Action Default"
"LIMSML_ENTITY_ACTION","WEB_PROPERTY_SHEET",,"TRUE","FALSE","WEB","LIMSML Entity","Web Property Sheet Details",,,,,,,,,,,,,,,,,,,,,,,"Limsml Entity Action Web Property Sheet"
"LIMSML_ENTITY_PARAM","DEFAULT",,"TRUE","FALSE","LISTEDITOR","LIMSML Entity Parameter","LIMSML Entity Parameter Data Entry Screen",,,,,,,,,,,,,,"$LABTABLE_DB_DEF","$LABTABLE_DB_DEF",,,,,,,,"Limsml Entity Param Default"
"LIST_RESULT_FORMAT","PRINT",,"TRUE","FALSE","LTE","List Result Format","List Result Data Entry Screen","SMP$LIST_RESULTS","LRF","Enter List Result ID:","Identity",,,,"Modified on","Modified by","Labtable Read Transaction","Labtable Write Transaction",,"DEFAULT","$LTE_LIST_RES_EDIT","$LTE_LIST_RES",,,,,,,,"List Result Format Print"
"LIST_RESULT_FORMAT","WEB_PROPERTY_SHEET",,"TRUE","FALSE","WEB","List Result Format","Web Property Sheet Details",,,,,,,,,,,,,,,,,,,,,,,"List Result Format Web Property Sheet"
"LOCATION","PRINT",,"TRUE","FALSE","LTE","Location","Location data entry screen",,,"Enter location ID","Identity",,,,"Modified on","Modified by","Labtable Read Transaction","Labtable Write Transaction",,,"$LTE_LOC_EDIT","$LTE_LOC",,,,,,,,"Location Print"
"LOCATION","WEB_PROPERTY_SHEET",,"TRUE","FALSE","WEB","Location","Web Property Sheet Details",,,,,,,,,,,,,,,,,,,,,,,"Location Web Property Sheet"
"LOCATION_TYPE","DEFAULT",,"TRUE","FALSE","LTE","Location Type","Location Type Data Entry Screen",,,"Enter Location Type ID :","Identity","Identity 2","Identity 3","Identity 4","Modified on","Modified by","Labtable Read Transaction","Labtable Write Transaction",,,"$LABTABLE_DB_DEF","$LABTABLE_DB_DEF",,,,,,,,"Location Type Default"
"LOCATION_TYPE_LIST","DEFAULT",,"TRUE","FALSE","LISTEDITOR",,"Allowed child locations",,,,,,,,,,,,,,,,,,,,,,,"Location Type List Default"
"LOG_SCHED_HEADER","PRINT",,"TRUE","FALSE","LTE","Log_sched_header","Login Schedule Data Entry Screen",,,"Enter Login Schedule ID","Identity",,,,"Modified on","Modified by","Labtable Read Transaction","Labtable Write Transaction",,,"$LTE_LSCH_EDIT","$LTE_LSCH",,,,,,,,"Log Sched Header Print"
"LOG_SCHED_HEADER","WEB_PROPERTY_SHEET",,"TRUE","FALSE","WEB","Log_sched_header","Web Property Sheet Details",,,,,,,,,,,,,,,,,,,,,,,"Log Sched Header Web Property Sheet"
"LOT_TEMPLATE","PRINT",,"TRUE","FALSE","LTE","Lot Template","Lot Template Definition",,,"Enter Lot Template ID :","Identity","Identity 2","Identity 3","Identity 4","Modified on","Modified by","Labtable Read Transaction","Labtable Write Transaction",,,"$LTE_TEM_EDIT","$LTE_LOT",,,,,,,,"Lot Template Print"
"LOT_TEMPLATE","WEB_PROPERTY_SHEET",,"TRUE","FALSE","WEB","Lot Template","Web Property Sheet Details",,,,,,,,,,,,,,,,,,,,,,,"Lot Template Web Property Sheet"
"MLP_FAMILY","DEFAULT",,"TRUE","FALSE","LISTEDITOR","MLP Family","MLP Family Data Entry Screen",,,"Enter MLP Family ID :",,,,,"Modified on","Modified by","Labtable Read Transaction","Labtable Write Transaction",,,"$LABTABLE_DB_EDIT","$LABTABLE_DB_EDIT",,,,,,,,"Mlp Family Default"
"MLP_FAMILY_HEADER","DEFAULT",,"TRUE","FALSE","LTE","MLP Family Header","MLP Family Header Data Entry Screen",,,"Enter MLP Family Header ID :","Identity",,,,"Modified on","Modified by","Labtable Read Transaction","Labtable Write Transaction",,,"$LABTABLE_DB_DEF","$LABTABLE_DB_DEF",,,,,,,,"Mlp Family Header Default"
"MLP_HEADER","PRINT",,"TRUE","FALSE","LTE","Versioned MLP","MLP Header Data Entry Screen",,,"Enter MLP ID","MLP Identity","MLP Version",,,"Modified on","Modified by","Labtable Read Transaction","Labtable Write Transaction",,,"$LTE_TEM_EDIT","$LTE_MLP",,,,,,,,"Mlp Header Print"
"MLP_HEADER","WEB_PROPERTY_SHEET",,"TRUE","FALSE","WEB","Versioned MLP","Web Property Sheet Details",,,,,,,,,,,,,,,,,,,,,,,"Mlp Header Web Property Sheet"
"MODULAR_REPORT","DEFAULT",,"TRUE","FALSE","LTE","Modular Report","Modular Report Data Entry Screen",,,"Enter Modular Report ID :","Identity","Identity 2","Identity 3","Identity 4","Modified on","Modified by","Labtable Read Transaction","Labtable Write Transaction",,,"$LABTABLE_DB_DEF","$LABTABLE_DB_DEF",,,,,,,,"Modular Report Default"
"PERSONNEL","WEB_PROPERTY_SHEET",,"TRUE","FALSE","WEB","Personnel","Web Property Sheet Details",,,,,,,,,,,,,,,,,,,,,,,"Personnel Web Property Sheet"
"PHRASE","PRINT",,"TRUE","FALSE","LISTEDITOR",,,,,,,,,,,,,,,,,,,,,,,,,"Phrase Print"
"PHRASE_HEADER","PRINT",,"TRUE","FALSE","LTE","Phrase","Phrase Editor",,,"Enter Phrase ID","Identity",,,,"Modified on","Modified by","Labtable Read Transaction","Labtable Write Transaction",,,"$LTE_PHRSE_EDIT","$LTE_PHRSE",,,,,,,,"Phrase Header Print"
"PHRASE_HEADER","WEB_PROPERTY_SHEET",,"TRUE","FALSE","WEB","Phrase","Web Property Sheet Details",,,,,,,,,,,,,,,,,,,,,,,"Phrase Header Web Property Sheet"
"PREPARATION","PRINT",,"TRUE","FALSE","LTE","Preparation","Preparation Data Entry Screen","SMP$TEXTFILES","PRP","Enter preparation ID","Identity",,,,"Modified on","Modified by","Labtable Read Transaction","Labtable Write Transaction",,,"$LTE_PREP_EDIT","$LTE_PREP",,,,,,,,"Preparation Print"
"PREPARATION","WEB_PROPERTY_SHEET",,"TRUE","FALSE","WEB","Preparation","Web Property Sheet Details",,,,,,,,,,,,,,,,,,,,,,,"Preparation Web Property Sheet"
"PROJECT_INFO","PRINT",,"TRUE","FALSE","LTE","Project Information","Project Info Data Entry Screen","SMP$TEXTFILES","PRJ","Enter Project ID","Identity",,,,"Modified on","Modified by","Labtable Read Transaction","Labtable Write Transaction",,,"$LTE_PROJ_EDIT","$LTE_PROJ",,,,,,,,"Project Info Print"
"PROJECT_INFO","WEB_PROPERTY_SHEET",,"TRUE","FALSE","WEB","Project Information","Web Property Sheet Details",,,,,,,,,,,,,,,,,,,,,,,"Project Info Web Property Sheet"
"REPORT","PRINT",,"TRUE","FALSE","LTE","Report","Report Format Data Entry Screen","smp$reports","rpf","Enter report format ID","Identity",,,,"Modified on","Modified by","Labtable Read Transaction","Labtable Write Transaction",,,"$LTE_REP_EDIT","$LTE_REP",,,,,,,,"Report Print"
"REPORT","WEB_PROPERTY_SHEET",,"TRUE","FALSE","WEB","Report","Web Property Sheet Details",,,,,,,,,,,,,,,,,,,,,,,"Report Web Property Sheet"
"REPORT_LAYOUT_HEADER","DEFAULT",,"TRUE","FALSE","LTE","Report layout header","Report layout header Data Entry Screen",,,"Enter Report layout header ID :","Identity","Identity 2","Identity 3","Identity 4","Modified on","Modified by","Labtable Read Transaction","Labtable Write Transaction",,,"$LABTABLE_DB_DEF","$LABTABLE_DB_DEF",,,,,,,,"Report Layout Header Default"
"REPORT_LAYOUT_HEADER","REPORT_LAYOUT_HEAD",,"TRUE","TRUE","LTE","Report layout header","Report layout header Data Entry Screen",,,"Enter Report layout header ID :","Identity","Identity 2","Identity 3","Identity 4","Modified on","Modified by","Labtable Read Transaction","Labtable Write Transaction",,,"$LABTABLE_DB_DEF","$LABTABLE_DB_DEF",,,,,,,,"Report Layout Header Report Layout Head"
"REPORT_TEMPLATE","DEFAULT",,"TRUE","FALSE","LTE","Report template","Report template Data Entry Screen",,,"Enter Report template ID :","Identity","Identity 2","Identity 3","Identity 4","Modified on","Modified by","Labtable Read Transaction","Labtable Write Transaction",,,"$LABTABLE_DB_DEF","$LABTABLE_DB_DEF",,,,,,,,"Report Template Default"
"RESULT","WEB_RESULT_ENTRY",,"TRUE","FALSE","WEB","Result","Result Data Entry Screen",,,"Enter Result ID :","Identity","Identity 2","Identity 3","Identity 4","Modified on","Modified by","Labtable Read Transaction","Labtable Write Transaction",,,"$LABTABLE_DB_DEF","$LABTABLE_DB_DEF",,,,,,,,"Result Web Result Entry"
"ROLE_ENTRY","PRINT",,"TRUE","FALSE","LISTEDITOR","Role entry","Role entry Data Entry Screen",,,"Enter Role entry ID :","Identity","Identity 2","Identity 3","Identity 4","Modified on","Modified by","Labtable Read Transaction","Labtable Write Transaction",,,"$LABTABLE_DB_DEF","$LABTABLE_DB_DEF",,,,,,,,"Role Entry Print"
"ROLE_HEADER","PRINT",,"TRUE","FALSE","LTE","Role","Role Definition Screen",,,"Enter Role ID :","Identity","Identity 2","Identity 3","Identity 4","Modified on","Modified by","Labtable Read Transaction","Labtable Write Transaction",,,"$LTE_TEM_EDIT","$ROLE_LTE",,,,,,,,"Role Header Print"
"ROLE_HEADER","WEB_PROPERTY_SHEET",,"TRUE","FALSE","WEB","Role","Web Property Sheet Details",,,,,,,,,,,,,,,,,,,,,,,"Role Header Web Property Sheet"
"RULE","PRINT",,"TRUE","FALSE","LTE","Rule","Rule Data Entry Screen",,,"Rule Id","Identity","Identity 2","Identity 3","Identity 4","Modified on","Modified by","Labtable Read Transaction","Labtable Write Transaction",,,"$LTE_TEM_EDIT","$LTE_RULE",,,,,,,,"Rule Print"
"RULE","WEB_PROPERTY_SHEET",,"TRUE","FALSE","WEB","Rule","Web Property Sheet Details",,,,,,,,,,,,,,,,,,,,,,,"Rule Web Property Sheet"
"RULE_COUNT","PRINT",,"TRUE","FALSE","LTE","Rule Count","Rule Count",,,"Counter ID","Rule ID","Counter ID","Identity 3","Identity 4","Modified on","Modified by","Labtable Read Transaction","Labtable Write Transaction",,,"$LTE_TEM_EDIT","$LTE_RULE_COUNT",,,,,,,,"Rule Count Print"
"RULE_COUNT","WEB_PROPERTY_SHEET",,"TRUE","FALSE","WEB","Rule Count","Web Property Sheet Details",,,,,,,,,,,,,,,,,,,,,,,"Rule Count Web Property Sheet"
"SAMP_TMPL_HEADER","WEB_PROPERTY_SHEET",,"TRUE","FALSE","WEB","Template","Web Property Sheet Details",,,,,,,,,,,,,,,,,,,,,,,"Samp Tmpl Header Web Property Sheet"
"SAMPLE","WEB_PROPERTY_DETAILS",,"TRUE","FALSE","WEB","Sample","Web Property Details",,,,,,,,,,,,,,,,,,,,,,,"Sample Web Property Details"
"SAMPLE","WEB_PROPERTY_SHEET",,"TRUE","FALSE","WEB","Sample","Web Property Sheet",,,,,,,,,,,,,,,,,,,,,,,"Sample Web Property Sheet"
"SAMPLE","WEB_PROPERTY_SHEET_A",,"TRUE","FALSE","WEB","Authorised Sample","Web Property Sheet - Authorised Sample",,,,,,,,,,,,,,,,,,,,,,,"Sample Web Property Sheet A"
"SAMPLE","WEB_PROPERTY_SHEET_C",,"TRUE","FALSE","WEB","Complete Sample","Web Property Sheet - Complete Sample",,,,,,,,,,,,,,,,,,,,,,,"Sample Web Property Sheet C"
"SAMPLE","WEB_PROPERTY_SHEET_I",,"TRUE","FALSE","WEB","Inspection Sample","Web Property Sheet - Inspection Sample",,,,,,,,,,,,,,,,,,,,,,,"Sample Web Property Sheet I"
"SAMPLE","WEB_PROPERTY_SHEET_U",,"TRUE","FALSE","WEB","Unrecieved Sample","Web Property Sheet - Unrecieved Sample",,,,,,,,,,,,,,,,,,,,,,,"Sample Web Property Sheet U"
"SAMPLE","WEB_PROPERTY_SHEET_V",,"TRUE","FALSE","WEB","Available Sample","Web Property Sheet - Available Sample",,,,,,,,,,,,,,,,,,,,,,,"Sample Web Property Sheet V"
"SAMPLE","WEB_PROPERTY_SHEET_X",,"TRUE","FALSE","WEB","Cancelled Sample","Web Property Sheet - Cancelled Sample",,,,,,,,,,,,,,,,,,,,,,,"Sample Web Property Sheet X"
"SAMPLE","WEB_RE_PROPERTY_DETAILS",,"TRUE","FALSE","LTE","Sample","Sample Data Entry Screen",,,"Enter Sample ID :","Identity","Identity 2","Identity 3","Identity 4","Modified on","Modified by","Labtable Read Transaction","Labtable Write Transaction",,,"$LABTABLE_DB_DEF","$LABTABLE_DB_DEF",,,,,,,,"Sample Web Re Property Details"
"SAMPLE_POINT","PRINT",,"TRUE","FALSE","LTE","Sampling Point","Sample Point Data Entry Screen","SMP$TEXTFILES","SPT","Enter Sampling Point ID","Identity",,,,"Modified on","Modified by","Labtable Read Transaction","Labtable Write Transaction",,,"$LABTABLIB_HELP","$LTE_SAMP",,,,,,,,"Sample Point Print"
"SAMPLE_POINT","WEB_PROPERTY_SHEET",,"TRUE","FALSE","WEB","Sampling Point","Web Property Sheet Details",,,,,,,,,,,,,,,,,,,,,,,"Sample Point Web Property Sheet"
"SCHEDULE","DEFAULT",,"TRUE","FALSE","LTE","Schedule","Schedule Data Entry Screen",,,"Enter Schedule ID :","Identity","Identity 2","Identity 3","Identity 4","Modified on","Modified by","Labtable Read Transaction","Labtable Write Transaction",,,"$LABTABLE_DB_DEF","$LABTABLE_DB_DEF",,,,,,,,"Schedule Default"
"SCHEDULE_CALENDAR","DEFAULT",,"TRUE","FALSE","LTE","Schedule Calendar","Schedule Calendar Data Entry Screen",,,"Enter Schedule Calendar ID :","Identity","Identity 2","Identity 3","Identity 4","Modified on","Modified by","Labtable Read Transaction","Labtable Write Transaction",,,"$LABTABLE_DB_DEF","$LABTABLE_DB_DEF",,,,,,,,"Schedule Calendar Default"
"SCHEDULE_GROUP","DEFAULT",,"TRUE","FALSE","LTE","Schedule Group","Schedule Group Data Entry Screen",,,"Enter Schedule Group ID :","Identity","Identity 2","Identity 3","Identity 4","Modified on","Modified by","Labtable Read Transaction","Labtable Write Transaction",,,"$LABTABLE_DB_DEF","$LABTABLE_DB_DEF",,,,,,,,"Schedule Group Default"
"SIG_FIGS","PRINT",,"TRUE","FALSE","LTE","Significant Figure Filter","Significant Figure Formats Data Entry Screen","SMP$SIG_FIGS","SFF","Enter Sig Figs Identifier :","Identity",,,,"Modified on","Modified by","Labtable Read Transaction","Labtable Write Transaction",,"DEFAULT","$LTE_SFIGS_EDIT","$LTE_SFIGS",,,,,,,,"Sig Figs Print"
"SIG_FIGS","WEB_PROPERTY_SHEET",,"TRUE","FALSE","WEB","Significant Figure Filter","Web Property Sheet Details",,,,,,,,,,,,,,,,,,,,,,,"Sig Figs Web Property Sheet"
"STANDARD","PRINT",,"TRUE","FALSE","LTE","Standards","Standard Data Entry Screen","SMP$TEXTFILES","STN","Enter standard ID","Identity",,,,"Modified on","Modified by","Labtable Read Transaction","Labtable Write Transaction",,,"$LTE_STDS_EDIT","$LTE_STDS",,,,,,,,"Standard Print"
"STANDARD","WEB_PROPERTY_SHEET",,"TRUE","FALSE","WEB","Standards","Web Property Sheet Details",,,,,,,,,,,,,,,,,,,,,,,"Standard Web Property Sheet"
"STOCK","DEFAULT",,"TRUE","FALSE","LTE","Stock","Stock Data Entry Screen",,,"Enter Stock ID :","Identity","Identity 2","Identity 3","Identity 4","Modified on","Modified by","Labtable Read Transaction","Labtable Write Transaction",,,"$LABTABLE_DB_DEF","$LABTABLE_DB_DEF",,,,,,,,"Stock Default"
"STOCK_BATCH","DEFAULT",,"TRUE","FALSE","LTE","Stock Batch","Stock Batch Data Entry Screen",,,"Enter Stock Batch ID :","Identity","Identity 2","Identity 3","Identity 4","Modified on","Modified by","Labtable Read Transaction","Labtable Write Transaction",,,"$LABTABLE_DB_DEF","$LABTABLE_DB_DEF",,,,,,,,"Stock Batch Default"
"SUBSTANCE","DEFAULT",,"TRUE","FALSE","LTE","Substance","Substance Data Entry Screen",,,"Enter Substance ID :","Identity","Identity 2","Identity 3","Identity 4","Modified on","Modified by","Labtable Read Transaction","Labtable Write Transaction",,,"$LABTABLE_DB_DEF","$LABTABLE_DB_DEF",,,,,,,,"Substance Default"
"SUBSTANCE_HAZARD","DEFAULT",,"TRUE","FALSE","LISTEDITOR",,"Substance Hazards",,,,,,,,,,,,,,,,,,,,,,,"Substance Hazard Default"
"SUBSTANCE_RISK","DEFAULT",,"TRUE","FALSE","LISTEDITOR",,"Substance Risks",,,,,,,,,,,,,,,,,,,,,,,"Substance Risk Default"
"SUBSTANCE_SAFETY","DEFAULT",,"TRUE","FALSE","LISTEDITOR",,"Substance Safety",,,,,,,,,,,,,,,,,,,,,,,"Substance Safety Default"
"SUPPLIER","DEFAULT",,"TRUE","FALSE","LTE","Supplier","Supplier Data Entry Screen",,,"Enter Supplier ID :","Identity","Identity 2","Identity 3","Identity 4","Modified on","Modified by","Labtable Read Transaction","Labtable Write Transaction",,,"$LABTABLE_DB_DEF","$LABTABLE_DB_DEF",,,,,,,,"Supplier Default"
"SUPPLIER_DETAIL","DEFAULT",,"TRUE","FALSE","LISTEDITOR",,"Stocks available from Supplier",,,,,,,,,,,,,,,,,,,,,,,"Supplier Detail Default"
"SYNTAX","PRINT",,"TRUE","FALSE","LTE","Syntax","Syntax Data Entry Screen","SMP$SYNTAXES","SXF","Enter Syntax ID","Identity",,,,"Modified on","Modified by","Labtable Read Transaction","Labtable Write Transaction",,"DEFAULT","$LTE_SYNT_EDIT","$LTE_SYNT",,,,,,,,"Syntax Print"
"SYNTAX","WEB_PROPERTY_SHEET",,"TRUE","FALSE","WEB","Syntax","Web Property Sheet Details",,,,,,,,,,,,,,,,,,,,,,,"Syntax Web Property Sheet"
"TAB_GUI","PRINT",,"TRUE","FALSE","LTE","Tab Report","Tab Report",,,"Enter Tab identity:","Identity","Identity 2","Identity 3","Identity 4","Modified on","Modified by","Labtable Read Transaction","Labtable Write Transaction",,,"$LTE_TEM_EDIT","$LTE_TAB",,,,,,,,"Tab Gui Print"
"TAB_GUI","WEB_PROPERTY_SHEET",,"TRUE","FALSE","WEB","Tab Report","Web Property Sheet Details",,,,,,,,,,,,,,,,,,,,,,,"Tab Gui Web Property Sheet"
"TEST","WEB_PROPERTY_DETAILS",,"TRUE","FALSE","WEB","Test","Web Property Sheet Details",,,,,,,,,,,,,,,,,,,,,,,"Test Web Property Details"
"TEST_SCHED_ENTRY","PRINT",,"TRUE","FALSE","LISTEDITOR","Test Assignment","Test Sched Entry",,,,,,,,,,,,,,,,,,,,,,,"Test Sched Entry Print"
"TEST_SCHED_ENTRY","WEB_TEST_ASSIGN",,"TRUE","FALSE","WEB","Test Assignment","Web Property Sheet Details",,,,,,,,,,,,,,,,,,,,,,,"Test Sched Entry Web Test Assign"
"TEST_SCHED_HEADER","PRINT",,"TRUE","FALSE","LTE","Test Schedule","Test Schedule Data Entry Screen",,,"Enter Schedule ID","Identity",,,,"Modified on","Modified by","Labtable Read Transaction","Labtable Write Transaction",,,"$LTE_TSTSC_EDIT","$LTE_TSTSC",,,,,,,,"Test Sched Header Print"
"TEST_SCHED_HEADER","WEB_PROPERTY_SHEET",,"TRUE","FALSE","WEB","Test Schedule","Web Property Sheet Details",,,,,,,,,,,,,,,,,,,,,,,"Test Sched Header Web Property Sheet"
"TIMER_SCHEDULE","PRINT",,"TRUE","FALSE","LTE","Timer Schedule","Timer Schedule Entry Screen",,,"Enter Timer Schedule ID","Identity","Identity 2","Identity 3","Identity 4","Modified on","Modified by","Labtable Read Transaction","Labtable Write Transaction",,,"$LTE_TEM_EDIT","$LTE_TIMER_SCHEDULE",,,,,,,,"Timer Schedule Print"
"TIMER_SCHEDULE","WEB_PROPERTY_SHEET",,"TRUE","FALSE","WEB","Timer Schedule","Web Property Sheet Details",,,,,,,,,,,,,,,,,,,,,,,"Timer Schedule Web Property Sheet"
"TRAINING_COURSE","DEFAULT",,"TRUE","FALSE","LTE","Training Course","Training Course Data Entry Screen",,,"Enter Training Course ID :","Identity","Identity 2","Identity 3","Identity 4","Modified on","Modified by","Labtable Read Transaction","Labtable Write Transaction",,,"$LABTABLE_DB_DEF","$LABTABLE_DB_DEF",,,,,,,,"Training Course Default"
"UNIT_ALIAS","PRINT",,"TRUE","FALSE","LISTEDITOR","Unit alias","Unit alias Data Entry Screen",,,"Enter Unit alias ID :","Identity","Identity 2","Identity 3","Identity 4","Modified on","Modified by","Labtable Read Transaction","Labtable Write Transaction",,,"$LABTABLE_DB_DEF","$LABTABLE_DB_DEF",,,,,,,,"Unit Alias Print"
"UNIT_HEADER","PRINT",,"TRUE","FALSE","LTE","Unit Header","Units Data Entry Screen","SMP$TEXTFILES","UNT",,"Identity",,,,"Modified on","Modified by","Labtable Read Transaction","Labtable Write Transaction",,,"$LTE_TEM_EDIT","$LTE_UNIT",,,,,,,,"Unit Header Print"
"UNIT_HEADER","WEB_PROPERTY_SHEET",,"TRUE","FALSE","WEB","Unit Header","Web Property Sheet Details",,,,,,,,,,,,,,,,,,,,,,,"Unit Header Web Property Sheet"
"VERSIONED_ANALYSIS","PRINT",,"TRUE","FALSE","LTE","Analysis","Analysis Definition Entry Screen","SMP$TEXTFILES","ANL","Enter analysis ID","Identity","Version",,,"Modified on","Modified by","Labtable Read Transaction","Labtable Write Transaction","Approval Status",,"$LTE_ANAL_EDIT","$LTE_ANAL",,,,,,,,"Versioned Analysis Print"
"VERSIONED_ANALYSIS","WEB_PROPERTY_SHEET",,"TRUE","FALSE","WEB","Analysis","Web Property Sheet Details",,,,,,,,,,,,,,,,,,,,,,,"Versioned Analysis Web Property Sheet"
"VERSIONED_COMPONENT","PRINT",,"TRUE","FALSE","LISTEDITOR",,,,,,,,,,,,,,,,,,,,,,,,,"Versioned Component Print"
"WEB_LINK","DEFAULT",,"TRUE","FALSE","LTE","Web Link","Web Link Data Entry Screen",,,"Enter Web Link ID :","Identity",,,,"Modified on","Modified by","Labtable Read Transaction","Labtable Write Transaction",,,"$WEB_LINK","$WEB_LINK",,,,,,,,"Web Link Default"
"WEB_MENU_ITEM","DEFAULT",,"TRUE","FALSE","LISTEDITOR","Web Menu Item","Web Menu Item Data Entry Screen",,,,,,,,,,,,,,"$WEB_MENU","$WEB_MENU","ITEMPREINSERTROUTINE",,"ITEMVALIDATIONROUTINE",,,,,"Web Menu Item Default"
"WEB_MENU_SECTION","DEFAULT",,"TRUE","FALSE","LTE","Web Menu Section","Web Menu Section Data Entry Screen",,,"Enter Web Menu Section ID :","Web Menu","Section",,,"Modified on","Modified by","Labtable Read Transaction","Labtable Write Transaction",,,"$WEB_MENU","$WEB_MENU",,,,,,,,"Web Menu Section Default"
"WORKFLOW","DEFAULT",,"TRUE","FALSE","LTE","Workflow","Workflow Data Entry Screen",,,"Enter Workflow ID :","Identity","Identity 2","Identity 3","Identity 4","Modified on","Modified by","Labtable Read Transaction","Labtable Write Transaction",,,"$LABTABLE_DB_DEF","$LABTABLE_DB_DEF",,,,,,,,"Workflow Default"
"WORKFLOW_ACTION_TYPE","DEFAULT",,"TRUE","FALSE","LTE","Workflow action type","Workflow action type Data Entry Screen",,,"Enter Workflow action type ID :","Identity","Identity 2","Identity 3","Identity 4","Modified on","Modified by","Labtable Read Transaction","Labtable Write Transaction",,,"$LABTABLE_DB_DEF","$LABTABLE_DB_DEF",,,,,,,,"Workflow Action Type Default"
"WORKFLOW_EVENT_TYPE","DEFAULT",,"TRUE","FALSE","LTE","Workflow event type","Workflow event type Data Entry Screen",,,"Enter Workflow event type ID :","Identity","Identity 2","Identity 3","Identity 4","Modified on","Modified by","Labtable Read Transaction","Labtable Write Transaction",,,"$LABTABLE_DB_DEF","$LABTABLE_DB_DEF",,,,,,,,"Workflow Event Type Default"
"WORKFLOW_STATE","DEFAULT",,"TRUE","FALSE","LTE","Workflow state","Workflow state Data Entry Screen",,,"Enter Workflow state ID :","Identity","Identity 2","Identity 3","Identity 4","Modified on","Modified by","Labtable Read Transaction","Labtable Write Transaction",,,"$LABTABLE_DB_DEF","$LABTABLE_DB_DEF",,,,,,,,"Workflow State Default"
"WORKING_SCHEDULE_HEADER","PRINT",,"TRUE","FALSE","LTE","Calendar","Calendar Setup Data Entry Screen",,,"Enter Calendar ID","Identity",,,,"Modified on","Modified by","Labtable Read Transaction","Labtable Write Transaction",,,"$LABTABLIB_HELP","$LTE_CALENDAR",,,,,,,,"Working Schedule Header Print"
"WORKING_SCHEDULE_HEADER","WEB_PROPERTY_SHEET",,"TRUE","FALSE","WEB","Calendar","Web Property Sheet Details",,,,,,,,,,,,,,,,,,,,,,,"Working Schedule Header Web Property Sheet"
