﻿LAB_PARSING_SCRIPT
LAB_PARSING_SCRIPT_ID,LAB_PARSING_SCRIPT_VERSION,NAME,GROUP_ID,DESCRIPTION,TYPE,MODIFIABLE,ORDER_NUMBER,REMOVEFLAG,ACTIVE,ACTIVE_FROM,ACTIVE_TO,APPROVAL_STATUS,INSPECTION_PLAN,COMMAND_SCRIPT_BLOB,TEST_FILE_BLOB,TEST_FILE_CODE_PAGE,TEST_INSTRUMENT,TEST_CONTEXT,TEST_STORED_DATA_PATH,LAB_DATA_SOURCE_ID,LAB_DATA_SOURCE_VERSION
36,10,100,10,255,100,1,10,1,1,32,32,1,10,10,10,10,10,100,100,36,10
                       1
"CC86228B-1E4F-4F9B-B773-1997488FB9D2","1","FinalRaceSetIN",,"Race file created at race track, add Notes 4-23-21",,"TRUE","0","FALSE","TRUE", , ,"A",,"8","9","1252",,,,,"0"
