﻿LAB_ALIAS_ENTRY
LAB_ALIAS_ENTRY_ID,LAB_ALIAS_ID,LAB_ALIAS_VERSION,ORDER_NUMBER,CONTEXT,ANALYSIS_ID,ANALYSIS_VERSION,RAW_INPUT,INPUT,OUTPUT
36,36,10,10,100,10,10,500,500,500
                       5
"EC27961D-06FB-48F4-957B-DC984BCC8B43","AEE0539C-F786-4ECC-82E6-870CA791455F","1","1",,,"0","Test Schedule","Test Schedule","TEST_SCHED_HEADER"
"1256EF85-99FD-48CD-A57B-003FACB53E89","AEE0539C-F786-4ECC-82E6-870CA791455F","1","2",,,"0",,"WF","WORKFLOW"
"49DE51CB-9C04-4032-A7F9-801769DCC2F4","AEE0539C-F786-4ECC-82E6-870CA791455F","1","3",,,"0",,"S","SAMPLE"
"35E9C608-8660-477C-8312-7CD9B33E3869","AEE0539C-F786-4ECC-82E6-870CA791455F","1","4",,,"0",,"CMAP","CHROMELEON_MAPPING"
"D7F2B3C6-209E-4D59-BCCA-6E897B6F7D35","AEE0539C-F786-4ECC-82E6-870CA791455F","1","5",,,"0",,"RESULT ENTRY","!247"
