﻿LIMIT_PHRASE_ENTRY
LIMIT_PHRASE,RESULT_VALUE,ORDER_NUMBER,COMPARISON
10,234,10,1
                     452
"ELISA_ALL","Negative","1","P"
"ELISA_ALL","                 Suspect","2","P"
"HAZ_RISK","Explosive when dry","1","F"
"HAZ_RISK","Risk of explosion by shock, friction, fire or other sources of ignition","2","F"
"HAZ_RISK","Extreme risk of explosion by shock, friction, fire or other sources of ignition","3","F"
"HAZ_RISK","Forms very sensitive explosive metallic compounds","4","F"
"HAZ_RISK","Heating may cause an explosion","5","F"
"HAZ_RISK","Explosive with or without contact with air","6","F"
"HAZ_RISK","May cause fire","7","F"
"HAZ_RISK","Contact with combustible material may cause fire","8","F"
"HAZ_RISK","Explosive when mixed with combustible material","9","F"
"HAZ_RISK","Flammable","10","F"
"HAZ_RISK","Highly flammable","11","F"
"HAZ_RISK","Extremely flammable","12","F"
"HAZ_RISK","Reacts violently with water","13","F"
"HAZ_RISK","Reacts violently with water, liberating extremely flammable gases","14","F"
"HAZ_RISK","Contact with water liberates extremely flammable gases","15","F"
"HAZ_RISK","Contact with water liberates toxic, extremely flammable gases","16","F"
"HAZ_RISK","Explosive when mixed with oxidising substances","17","F"
"HAZ_RISK","Spontaneously flammable in air","18","F"
"HAZ_RISK","In use, may form flammable/explosive vapour-air mixture","19","F"
"HAZ_RISK","May form explosive peroxides","20","F"
"HAZ_RISK","Harmful by inhalation","21","F"
"HAZ_RISK","Harmful by inhalation and in contact with skin","22","F"
"HAZ_RISK","Harmful by inhalation, in contact with skin and if swallowed","23","F"
"HAZ_RISK","Harmful by inhalation and if swallowed","24","F"
"HAZ_RISK","Harmful in contact with skin","25","F"
"HAZ_RISK","Harmful in contact with skin and if swallowed","26","F"
"HAZ_RISK","Harmful if swallowed","27","F"
"HAZ_RISK","Toxic by inhalation","28","F"
"HAZ_RISK","Toxic by inhalation and in contact with skin","29","F"
"HAZ_RISK","Toxic by inhalation, in contact with skin and if swallowed","30","F"
"HAZ_RISK","Toxic by inhalation and if swallowed","31","F"
"HAZ_RISK","Toxic in contact with skin","32","F"
"HAZ_RISK","Toxic in contact with skin and if swallowed","33","F"
"HAZ_RISK","Toxic if swallowed","34","F"
"HAZ_RISK","Very toxic by inhalation","35","F"
"HAZ_RISK","Very toxic by inhalation and in contact with skin","36","F"
"HAZ_RISK","Very toxic by inhalation, in contact with skin and if swallowed","37","F"
"HAZ_RISK","Very toxic by inhalation and if swallowed","38","F"
"HAZ_RISK","Very toxic in contact with skin","39","F"
"HAZ_RISK","Very toxic in contact with skin and if swallowed","40","F"
"HAZ_RISK","Very toxic if swallowed","41","F"
"HAZ_RISK","Contact with water liberates toxic gas","42","F"
"HAZ_RISK","Can become highly flammable in use","43","F"
"HAZ_RISK","Contact with acids liberates toxic gas","44","F"
"HAZ_RISK","Contact with acids liberates very toxic gas","45","F"
"HAZ_RISK","Danger of cumulative effects","46","F"
"HAZ_RISK","Causes burns","47","F"
"HAZ_RISK","Causes severe burns","48","F"
"HAZ_RISK","Irritating to eyes","49","F"
"HAZ_RISK","Irritating to eyes and respiratory system","50","F"
"HAZ_RISK","Irritating to eyes, respiratory system and skin","51","F"
"HAZ_RISK","Irritating to eyes and skin","52","F"
"HAZ_RISK","Irritating to respiratory system","53","F"
"HAZ_RISK","Irritating to respiratory system and skin","54","F"
"HAZ_RISK","Irritating to skin","55","F"
"HAZ_RISK","Danger of very serious irreversible effects","56","F"
"HAZ_RISK","Toxic: danger of very serious irreversible effects through inhalation","57","F"
"HAZ_RISK","Toxic: danger of very serious irreversible effects through inhalation and in contact with skin","58","F"
"HAZ_RISK","Toxic: danger of very serious irreversible effects through inhalation, in contact with skin and if swallowed","59","F"
"HAZ_RISK","Toxic: danger of very serious irreversible effects through inhalation and if swallowed","60","F"
"HAZ_RISK","Toxic: danger of very serious irreversible effects in contact with skin","61","F"
"HAZ_RISK","Toxic: danger of very serious irreversible effects in contact with skin and if swallowed","62","F"
"HAZ_RISK","Toxic: danger of very serious irreversible effects if swallowed","63","F"
"HAZ_RISK","Very Toxic: danger of very serious irreversible effects through inhalation","64","F"
"HAZ_RISK","Very Toxic: danger of very serious irreversible effects through inhalation and in contact with skin","65","F"
"HAZ_RISK","Very Toxic: danger of very serious irreversible effects through inhalation, in contact with skin and if swallowed","66","F"
"HAZ_RISK","Very Toxic: danger of very serious irreversible effects through inhalation and if swallowed","67","F"
"HAZ_RISK","Very Toxic: danger of very serious irreversible effects in contact with skin","68","F"
"HAZ_RISK","Very Toxic: danger of very serious irreversible effects in contact with skin and if swallowed","69","F"
"HAZ_RISK","Very Toxic: danger of very serious irreversible effects if swallowed","70","F"
"HAZ_RISK","Limited evidence of a carcinogenic effect","71","F"
"HAZ_RISK","Risk of serious damage to eyes","72","F"
"HAZ_RISK","May cause sensitisation by inhalation","73","F"
"HAZ_RISK","May cause sensitisation by skin contact","74","F"
"HAZ_RISK","May cause sensitisation by inhalation and skin contact","75","F"
"HAZ_RISK","Risk of explosion if heated under confinement","76","F"
"HAZ_RISK","May cause cancer","77","F"
"HAZ_RISK","May cause heritable genetic damage","78","F"
"HAZ_RISK","Danger of serious damage to health by prolonged exposure","79","F"
"HAZ_RISK","Harmful: danger of serious damage to health by prolonged exposure through inhalation","80","F"
"HAZ_RISK","Harmful: danger of serious damage to health by prolonged exposure through inhalation and in contact with skin","81","F"
"HAZ_RISK","Harmful: danger of serious damage to health by prolonged exposure through inhalation, in contact with skin and if swallowed","82","F"
"HAZ_RISK","Harmful: danger of serious damage to health by prolonged exposure through inhalation and if swallowed","83","F"
"HAZ_RISK","Harmful: danger of serious damage to health by prolonged exposure in contact with skin","84","F"
"HAZ_RISK","Harmful: danger of serious damage to health by prolonged exposure in contact with skin and if swallowed","85","F"
"HAZ_RISK","Harmful: danger of serious damage to health by prolonged exposure if swallowed","86","F"
"HAZ_RISK","Toxic: danger of serious damage to health by prolonged exposure through inhalation","87","F"
"HAZ_RISK","Toxic: danger of serious damage to health by prolonged exposure through inhalation and in contact with skin","88","F"
"HAZ_RISK","Toxic: danger of serious damage to health by prolonged exposure through inhalation, in contact with skin and if swallowed","89","F"
"HAZ_RISK","Toxic: danger of serious damage to health by prolonged exposure through inhalation and if swallowed","90","F"
"HAZ_RISK","Toxic: danger of serious damage to health by prolonged exposure in contact with skin","91","F"
"HAZ_RISK","Toxic: danger of serious damage to health by prolonged exposure in contact with skin and if swallowed","92","F"
"HAZ_RISK","Toxic: danger of serious damage to health by prolonged exposure if swallowed","93","F"
"HAZ_RISK","May cause cancer by inhalation","94","F"
"HAZ_RISK","Very toxic to aquatic organisms","95","F"
"HAZ_RISK","Very toxic to aquatic organisms, may cause long-term adverse effects in the aquatic environment","96","F"
"HAZ_RISK","Toxic to aquatic organisms","97","F"
"HAZ_RISK","Toxic to aquatic organisms, may cause long-term adverse effects in the aquatic environment","98","F"
"HAZ_RISK","Harmful to aquatic organisms","99","F"
"HAZ_RISK","Harmful to aquatic organisms, may cause long-term adverse effects in the aquatic environment","100","F"
"HAZ_RISK","May cause long-term adverse effects in the aquatic environment","101","F"
"HAZ_RISK","Toxic to flora","102","F"
"HAZ_RISK","Toxic to fauna","103","F"
"HAZ_RISK","Toxic to soil organisms","104","F"
"HAZ_RISK","Toxic to bees","105","F"
"HAZ_RISK","May cause long-term adverse effects in the environment","106","F"
"HAZ_RISK","Dangerous for the ozone layer","107","F"
"HAZ_RISK","May impair fertility","108","F"
"HAZ_RISK","May cause harm to the unborn child","109","F"
"HAZ_RISK","Possible risk of impaired fertility","110","F"
"HAZ_RISK","Possible risk of harm to the unborn child","111","F"
"HAZ_RISK","May cause harm to breast-fed babies","112","F"
"HAZ_RISK","Harmful: may cause lung damage if swallowed","113","F"
"HAZ_RISK","Repeated exposure may cause skin dryness or cracking","114","F"
"HAZ_RISK","Vapours may cause drowsiness and dizziness","115","F"
"HAZ_RISK","Possible risk of irreversible effects","116","F"
"HAZ_RISK","Harmful: possible risk of irreversible effects through inhalation","117","F"
"HAZ_RISK","Harmful: possible risk of irreversible effects through inhalation and in contact with skin","118","F"
"HAZ_RISK","Harmful: possible risk of irreversible effects through inhalation, in contact with skin and if swallowed","119","F"
"HAZ_RISK","Harmful: possible risk of irreversible effects through inhalation and if swallowed","120","F"
"HAZ_RISK","Harmful: possible risk of irreversible effects in contact with skin","121","F"
"HAZ_RISK","Harmful: possible risk of irreversible effects in contact with skin and if swallowed","122","F"
"HAZ_RISK","Harmful: possible risk of irreversible effects if swallowed","123","F"
"IA_ANSWERS","***Suspect***","1","F"
"IA_ANSWERS","Negative","2","P"
"S1","Suspect","1","P"
"S1","Negative","2","P"
"S10","Suspect","1","P"
"S10","Negative","2","P"
"S100","***Suspect***","1","P"
"S100","Negative","2","P"
"S101","***Suspect***","1","P"
"S101","Negative","2","P"
"S102","***Suspect***","1","P"
"S102","Negative","2","P"
"S103","***Suspect***","1","P"
"S103","Negative","2","P"
"S104","***Suspect***","1","P"
"S104","Negative","2","P"
"S105","***Suspect***","1","P"
"S105","Negative","2","P"
"S106","***Suspect***","1","P"
"S106","Negative","2","P"
"S107","***Suspect***","1","P"
"S107","Negative","2","P"
"S108","***Suspect***","1","P"
"S108","Negative","2","P"
"S109","***Suspect***","1","P"
"S109","Negative","2","P"
"S11","Suspect","1","P"
"S11","Negative","2","P"
"S110","***Suspect***","1","P"
"S110","Negative","2","P"
"S111","***Suspect***","1","P"
"S111","Negative","2","P"
"S112","***Suspect***","1","P"
"S112","Negative","2","P"
"S113","***Suspect***","1","P"
"S113","Negative","2","P"
"S114","***Suspect***","1","P"
"S114","Negative","2","P"
"S115","***Suspect***","1","P"
"S115","Negative","2","P"
"S116","***Suspect***","1","P"
"S116","Negative","2","P"
"S117","***Suspect***","1","P"
"S117","Negative","2","P"
"S118","***Suspect***","1","P"
"S118","Negative","2","P"
"S119","***Suspect***","1","P"
"S119","Negative","2","P"
"S12","Suspect","1","P"
"S12","Negative","2","P"
"S120","Winner","1","P"
"S120","Second Place","2","P"
"S120","Special","3","P"
"S120","Claimed","4","P"
"S120","Claimed Winner","5","P"
"S120","Claimed Second Place","6","P"
"S120","Claimed Special","7","P"
"S13","Suspect","1","P"
"S13","Negative","2","P"
"S14","Suspect","1","P"
"S14","Negative","2","P"
"S15","Suspect","1","P"
"S15","Negative","2","P"
"S16","Suspect","1","P"
"S16","Negative","2","P"
"S17","Suspect","1","P"
"S17","Negative","2","P"
"S18","Suspect","1","P"
"S18","Negative","2","P"
"S19","Suspect","1","P"
"S19","Negative","2","P"
"S2","Suspect","1","P"
"S2","Negative","2","P"
"S20","Suspect","1","P"
"S20","Negative","2","P"
"S21","Suspect","1","P"
"S21","Negative","2","P"
"S22","Suspect","1","P"
"S22","Negative","2","P"
"S23","Suspect","1","P"
"S23","Negative","2","P"
"S24","Suspect","1","P"
"S24","Negative","2","P"
"S25","Suspect","1","P"
"S25","Negative","2","P"
"S26","Suspect","1","P"
"S26","Negative","2","P"
"S27","Suspect","1","P"
"S27","Negative","2","P"
"S28","Suspect","1","P"
"S28","Negative","2","P"
"S29","Suspect","1","P"
"S29","Negative","2","P"
"S3","Suspect","1","P"
"S3","Negative","2","P"
"S30","Suspect","1","P"
"S30","Negative","2","P"
"S31","Suspect","1","P"
"S31","Negative","2","P"
"S32","Suspect","1","P"
"S32","Negative","2","P"
"S33","Suspect","1","P"
"S33","Negative","2","P"
"S34","Suspect","1","P"
"S34","Negative","2","P"
"S35","Suspect","1","P"
"S35","Negative","2","P"
"S36","Suspect","1","P"
"S36","Negative","2","P"
"S37","Suspect","1","P"
"S37","Negative","2","P"
"S38","Suspect","1","P"
"S38","Negative","2","P"
"S39","Suspect","1","P"
"S39","Negative","2","P"
"S4","Suspect","1","P"
"S4","Negative","2","P"
"S40","***Suspect***","1","P"
"S40","Negative","2","P"
"S41","***Suspect***","1","P"
"S41","Negative","2","P"
"S42","***Suspect***","1","P"
"S42","Negative","2","P"
"S43","***Suspect***","1","P"
"S43","Negative","2","P"
"S44","***Suspect***","1","P"
"S44","Negative","2","P"
"S45","***Suspect***","1","P"
"S45","Negative","2","P"
"S46","***Suspect***","1","P"
"S46","Negative","2","P"
"S47","***Suspect***","1","P"
"S47","Negative","2","P"
"S48","***Suspect***","1","P"
"S48","Negative","2","P"
"S49","***Suspect***","1","P"
"S49","Negative","2","P"
"S5","Suspect","1","P"
"S5","Negative","2","P"
"S50","***Suspect***","1","P"
"S50","Negative","2","P"
"S51","***Suspect***","1","P"
"S51","Negative","2","P"
"S52","***Suspect***","1","P"
"S52","Negative","2","P"
"S53","***Suspect***","1","P"
"S53","Negative","2","P"
"S54","***Suspect***","1","P"
"S54","Negative","2","P"
"S55","***Suspect***","1","P"
"S55","Negative","2","P"
"S56","***Suspect***","1","P"
"S56","Negative","2","P"
"S57","***Suspect***","1","P"
"S57","Negative","2","P"
"S58","***Suspect***","1","P"
"S58","Negative","2","P"
"S59","Barbiturates","1","P"
"S59","Buprenorphine","2","P"
"S59","Cocaine","3","P"
"S59","Doxapram","4","P"
"S59","Fentanil","5","P"
"S59","Fentanyl","6","P"
"S59","Glycopyrrolate","7","P"
"S59","Hydromorphone","8","P"
"S59","Ipatropium","9","P"
"S59","Levallophan","10","P"
"S59","Lidocaine","11","P"
"S59","Methylphenidate","12","P"
"S59","Methylprednisolone","13","P"
"S59","Opiate Group","14","P"
"S59","Oxymorphone","15","P"
"S59","Promazine","16","P"
"S59","Propronolol","17","P"
"S59","Spice Cannabinoids","18","P"
"S6","Suspect","1","P"
"S6","Negative","2","P"
"S60","***Suspect***","1","P"
"S60","Negative","2","P"
"S61","***Suspect***","1","P"
"S61","Negative","2","P"
"S62","***Suspect***","1","P"
"S62","Negative","2","P"
"S63","***Suspect***","1","P"
"S63","Negative","2","P"
"S64","***Suspect***","1","P"
"S64","Negative","2","P"
"S65","***Suspect***","1","P"
"S65","Negative","2","P"
"S66","***Suspect***","1","P"
"S66","Negative","2","P"
"S67","***Suspect***","1","P"
"S67","Negative","2","P"
"S68","***Suspect***","1","P"
"S68","Negative","2","P"
"S69","***Suspect***","1","P"
"S69","Negative","2","P"
"S7","Suspect","1","P"
"S7","Negative","2","P"
"S70","***Suspect***","1","P"
"S70","Negative","2","P"
"S71","***Suspect***","1","P"
"S71","Negative","2","P"
"S72","***Suspect***","1","P"
"S72","Negative","2","P"
"S73","***Suspect***","1","P"
"S73","Negative","2","P"
"S74","***Suspect***","1","P"
"S74","Negative","2","P"
"S75","***Suspect***","1","P"
"S75","Negative","2","P"
"S76","***Suspect***","1","P"
"S76","Negative","2","P"
"S77","***Suspect***","1","P"
"S77","Negative","2","P"
"S78","***Suspect***","1","P"
"S78","Negative","2","P"
"S79","***Suspect***","1","P"
"S79","Negative","2","P"
"S8","Suspect","1","P"
"S8","Negative","2","P"
"S80","***Suspect***","1","P"
"S80","Negative","2","P"
"S81","***Suspect***","1","P"
"S81","Negative","2","P"
"S82","***Suspect***","1","P"
"S82","Negative","2","P"
"S83","***Suspect***","1","P"
"S83","Negative","2","P"
"S84","***Suspect***","1","P"
"S84","Negative","2","P"
"S85","***Suspect***","1","P"
"S85","Negative","2","P"
"S86","***Suspect***","1","P"
"S86","Negative","2","P"
"S87","***Suspect***","1","P"
"S87","Negative","2","P"
"S88","***Suspect***","1","P"
"S88","Negative","2","P"
"S89","***Suspect***","1","P"
"S89","Negative","2","P"
"S9","Suspect","1","P"
"S9","Negative","2","P"
"S90","***Suspect***","1","P"
"S90","Negative","2","P"
"S91","Laboratory Finding","1","P"
"S91","Negative","2","P"
"S92","Laboratory Finding","1","P"
"S92","Negative","2","P"
"S93","***Suspect***","1","P"
"S93","Negative","2","P"
"S94","***Suspect***","1","P"
"S94","Negative","2","P"
"S95","Barbiturates","1","P"
"S95","Buprenorphine","2","P"
"S95","Cocaine","3","P"
"S95","Doxapram","4","P"
"S95","Fentanil","5","P"
"S95","Fentanyl","6","P"
"S95","Glycopyrrolate","7","P"
"S95","Hydromorphone","8","P"
"S95","Ipratropium","9","P"
"S95","Levallophan","10","P"
"S95","Lidocaine","11","P"
"S95","Methylphenidate","12","P"
"S95","Methylprednisolone","13","P"
"S95","Opiate Group","14","P"
"S95","Oxymorphone","15","P"
"S95","Promazine","16","P"
"S95","Propranolol","17","P"
"S95","Spice Cannabinoids","18","P"
"S95","Negative","19","P"
"S95","All Negative","20","P"
"S95","--------","21","P"
"S96","Barbiturates","1","P"
"S96","Buprenorphine","2","P"
"S96","Cocaine","3","P"
"S96","Doxapram","4","P"
"S96","Fentanil","5","P"
"S96","Fentanyl","6","P"
"S96","Glycopyrrolate","7","P"
"S96","Hydromorphone","8","P"
"S96","Ipratropium","9","P"
"S96","Levallophan","10","P"
"S96","Lidocaine","11","P"
"S96","Methylphenidate","12","P"
"S96","Methylprednisolone","13","P"
"S96","Opiate Group","14","P"
"S96","Oxymorphone","15","P"
"S96","Promazine","16","P"
"S96","Propranolol","17","P"
"S96","Spice Cannabinoids","18","P"
"S96","Negative","19","P"
"S96","All Negative","20","P"
"S96","--------","21","P"
"S97","Barbiturates","1","P"
"S97","Buprenorphine","2","P"
"S97","Cocaine","3","P"
"S97","Doxapram","4","P"
"S97","Fentanil","5","P"
"S97","Fentanyl","6","P"
"S97","Glycopyrrolate","7","P"
"S97","Hydromorphone","8","P"
"S97","Ipratropium","9","P"
"S97","Levallophan","10","P"
"S97","Lidocaine","11","P"
"S97","Methylphenidate","12","P"
"S97","Methylprednisolone","13","P"
"S97","Opiate Group","14","P"
"S97","Oxymorphone","15","P"
"S97","Promazine","16","P"
"S97","Propranolol","17","P"
"S97","Spice Cannabinoids","18","P"
"S97","Negative","19","P"
"S97","All Negative","20","P"
"S97","--------","21","P"
"S98","***Suspect***","1","P"
"S98","Negative","2","P"
"S99","***Suspect***","1","P"
"S99","Negative","2","P"
"SAMP_TYPE","Unkown","1","P"
"SAMP_TYPE","Standard","2","P"
"TJH_COLOR","Redish Tinting","1","P"
"TJH_COLOR","Kind of orange","2","P"
"TJH_COLOR","light blue coloration","3","P"
"TJH_COLOR","Milky white","4","P"
"TJH_COLOR","kind of green looking","5","F"
