﻿LIMIT_PHRASE_HEADER
IDENTITY,GROUP_ID,DESCRIPTION,MODIFIABLE,REMOVEFLAG,PHRASE_LINK,DEFAULT_COMPARISON,NAME
10,10,234,1,1,10,1,100
                     126
"DT_TCO2SUS",,"DT TCO2 SUSPECT","TRUE","FALSE","TJH_COLOR","F","DT TCO2 SUSPECT"
"ELISA_ALL",,"ELISA Urine Results","TRUE","FALSE","ELISA_U","P","ELISA Urine Results"
"HAZ_RISK",,"Automatically created for Phrase HAZ_RISK","TRUE","FALSE","HAZ_RISK","F","Haz Risk"
"IA_ANSWERS",,"Automatically created for Phrase IA_ANSWERS","TRUE","FALSE","IA_ANSWERS","P","Ia Answers"
"S1",,"ELISA EPO Screen for Blood","TRUE","FALSE",,"P","S1"
"S10",,"8AAS Anabolic Steroid Screen","TRUE","FALSE",,"P","S10"
"S100",,"NSAID Screen Batch Template","TRUE","FALSE",,"P","S100"
"S101",,"NSAID Screen Batch Template","TRUE","FALSE",,"P","S101"
"S102",,"NSAID Screen Batch Template","TRUE","FALSE",,"P","S102"
"S103",,"NSAID Screen Batch Template","TRUE","FALSE",,"P","S103"
"S104",,"NSAID Screen Batch Template","TRUE","FALSE",,"P","S104"
"S105",,"NSAID Screen Batch Template","TRUE","FALSE",,"P","S105"
"S106",,"NSAID Screen Batch Template","TRUE","FALSE",,"P","S106"
"S107",,"NSAID Screen Batch Template","TRUE","FALSE",,"P","S107"
"S108",,"NSAID Screen Batch Template","TRUE","FALSE",,"P","S108"
"S109",,"NSAID Screen Batch Template","TRUE","FALSE",,"P","S109"
"S11",,"8AAS Anabolic Steroid Screen","TRUE","FALSE",,"P","S11"
"S110",,"NSAID Screen Batch Template","TRUE","FALSE",,"P","S110"
"S111",,"NSAID Screen Batch Template","TRUE","FALSE",,"P","S111"
"S112",,"NSAID Screen Batch Template","TRUE","FALSE",,"P","S112"
"S113",,"NSAID Screen Batch Template","TRUE","FALSE",,"P","S113"
"S114",,"NSAID Screen Batch Template","TRUE","FALSE",,"P","S114"
"S115",,"NSAID Screen Batch Template","TRUE","FALSE",,"P","S115"
"S116",,"DMSO PBUTE Manual Batch Template","TRUE","FALSE",,"P","S116"
"S117",,"DMSO PBUTE Manual Batch Template","TRUE","FALSE",,"P","S117"
"S118",,"DMSO PBUTE Version 2","TRUE","FALSE",,"P","S118"
"S119",,"LCMS Recheck Batch","TRUE","FALSE",,"P","S119"
"S12",,"8AAS Anabolic Steroid Screen","TRUE","FALSE",,"P","S12"
"S120",,"LCMS Recheck Batch","TRUE","FALSE",,"P","S120"
"S13",,"8AAS Anabolic Steroid Screen","TRUE","FALSE",,"P","S13"
"S14",,"8AAS Anabolic Steroid Screen","TRUE","FALSE",,"P","S14"
"S15",,"8AAS Anabolic Steroid Screen","TRUE","FALSE",,"P","S15"
"S16",,"8AAS Anabolic Steroid Screen","TRUE","FALSE",,"P","S16"
"S17",,"8AAS Anabolic Steroid Screen","TRUE","FALSE",,"P","S17"
"S18",,"8AAS Anabolic Steroid Screen","TRUE","FALSE",,"P","S18"
"S19",,"8AAS Anabolic Steroid Screen","TRUE","FALSE",,"P","S19"
"S2",,"ELISA EPO Recheck for Blood","TRUE","FALSE",,"P","S2"
"S20",,"8AAS Anabolic Steroid Screen","TRUE","FALSE",,"P","S20"
"S21",,"8AAS Anabolic Steroid Screen","TRUE","FALSE",,"P","S21"
"S22",,"8AAS Anabolic Steroid Screen","TRUE","FALSE",,"P","S22"
"S23",,"8AAS Anabolic Steroid Screen","TRUE","FALSE",,"P","S23"
"S24",,"8AAS Anabolic Steroid Screen","TRUE","FALSE",,"P","S24"
"S25",,"8AAS Anabolic Steroid Screen","TRUE","FALSE",,"P","S25"
"S26",,"8AAS Anabolic Steroid Screen","TRUE","FALSE",,"P","S26"
"S27",,"8AAS Anabolic Steroid Screen","TRUE","FALSE",,"P","S27"
"S28",,"8AAS Anabolic Steroid Screen","TRUE","FALSE",,"P","S28"
"S29",,"8AAS Anabolic Steroid Screen","TRUE","FALSE",,"P","S29"
"S3",,"Blood Gas TCO2 Screen","TRUE","FALSE",,"P","S3"
"S30",,"8AAS Anabolic Steroid Screen","TRUE","FALSE",,"P","S30"
"S31",,"8AAS Anabolic Steroid Screen","TRUE","FALSE",,"P","S31"
"S32",,"8AAS Anabolic Steroid Screen","TRUE","FALSE",,"P","S32"
"S33",,"8AAS Anabolic Steroid Screen","TRUE","FALSE",,"P","S33"
"S34",,"8AAS Anabolic Steroid Screen","TRUE","FALSE",,"P","S34"
"S35",,"8AAS Anabolic Steroid Screen","TRUE","FALSE",,"P","S35"
"S36",,"Exactive Example Test","TRUE","FALSE",,"P","S36"
"S37",,"ELISA Promazine Urine Test","TRUE","FALSE",,"P","S37"
"S38",,"ELISA EPO Screen for Blood","TRUE","FALSE",,"P","S38"
"S39",,"ELISA Promazine Urine Test","TRUE","FALSE",,"P","S39"
"S4",,"8AAS Anabolic Steroid Screen","TRUE","FALSE",,"P","S4"
"S40",,"ELISA Promazine Recheck Test","TRUE","FALSE",,"P","S40"
"S41",,"ELISA Urine Batch for All Drugs","TRUE","FALSE",,"P","S41"
"S42",,"ELISA Urine Batch for All Drugs","TRUE","FALSE",,"P","S42"
"S43",,"ELISA Urine Batch for All Drugs","TRUE","FALSE",,"P","S43"
"S44",,"ELISA Urine Batch for All Drugs","TRUE","FALSE",,"P","S44"
"S45",,"ELISA Urine Batch for All Drugs","TRUE","FALSE",,"P","S45"
"S46",,"ELISA Urine Batch for All Drugs","TRUE","FALSE",,"P","S46"
"S47",,"ELISA Urine Batch for All Drugs","TRUE","FALSE",,"P","S47"
"S48",,"ELISA Urine Batch for All Drugs","TRUE","FALSE",,"P","S48"
"S49",,"ELISA Urine Batch for All Drugs","TRUE","FALSE",,"P","S49"
"S5",,"8AAS Anabolic Steroid Screen","TRUE","FALSE",,"P","S5"
"S50",,"ELISA Urine Batch for All Drugs","TRUE","FALSE",,"P","S50"
"S51",,"ELISA Urine Batch for All Drugs","TRUE","FALSE",,"P","S51"
"S52",,"ELISA Urine Batch for All Drugs","TRUE","FALSE",,"P","S52"
"S53",,"ELISA Urine Batch for All Drugs","TRUE","FALSE",,"P","S53"
"S54",,"ELISA Urine Batch for All Drugs","TRUE","FALSE",,"P","S54"
"S55",,"ELISA Urine Batch for All Drugs","TRUE","FALSE",,"P","S55"
"S56",,"ELISA Urine Batch for All Drugs","TRUE","FALSE",,"P","S56"
"S57",,"ELISA Urine Batch for All Drugs","TRUE","FALSE",,"P","S57"
"S58",,"ELISA Urine Batch for All Drugs","TRUE","FALSE",,"P","S58"
"S59",,"ELISA Screen Test for All Drugs","TRUE","FALSE",,"P","S59"
"S6",,"8AAS Anabolic Steroid Screen","TRUE","FALSE",,"P","S6"
"S60",,"ELISA Buprenorphine Recheck Test","TRUE","FALSE",,"P","S60"
"S61",,"ELISA Barbituates Recheck Test","TRUE","FALSE",,"P","S61"
"S62",,"ELISA Doxapram Recheck Test","TRUE","FALSE",,"P","S62"
"S63",,"LCMS 8AAS Daily Screen Batch Template","TRUE","FALSE",,"P","S63"
"S64",,"LCMS 8AAS Daily Screen Batch Template","TRUE","FALSE",,"P","S64"
"S65",,"LCMS 8AAS Daily Screen Batch Template","TRUE","FALSE",,"P","S65"
"S66",,"LCMS 8AAS Daily Screen Batch Template","TRUE","FALSE",,"P","S66"
"S67",,"LCMS 8AAS Daily Screen Batch Template","TRUE","FALSE",,"P","S67"
"S68",,"LCMS 8AAS Daily Screen Batch Template","TRUE","FALSE",,"P","S68"
"S69",,"LCMS 8AAS Daily Screen Batch Template","TRUE","FALSE",,"P","S69"
"S7",,"8AAS Anabolic Steroid Screen","TRUE","FALSE",,"P","S7"
"S70",,"LCMS 8AAS Daily Screen Batch Template","TRUE","FALSE",,"P","S70"
"S71",,"LCMS 8AAS Daily Screen Batch Template","TRUE","FALSE",,"P","S71"
"S72",,"LCMS 8AAS Daily Screen Batch Template","TRUE","FALSE",,"P","S72"
"S73",,"ELISA Furosumide Screen","TRUE","FALSE",,"P","S73"
"S74",,"ELISA Furosumide Recheck","TRUE","FALSE",,"P","S74"
"S75",,"blood screen. Note to handle MS recovery on QC sample, the Start sequence has a Sample which must be a special login QC sample from the job, assigned in slot 7, and the MS in slot 8 uses 10 as parent. the login QC samp = TC_QC0 res.","TRUE","FALSE",,"P","S75"
"S76",,"ELISA EPO Recheck for Blood","TRUE","FALSE",,"P","S76"
"S77",,"ELISA Hydromorphone Recheck Test","TRUE","FALSE",,"P","S77"
"S78",,"ELISA Cocaine Recheck Test","TRUE","FALSE",,"P","S78"
"S79",,"ELISA Fentanil Group Recheck Test","TRUE","FALSE",,"P","S79"
"S8",,"8AAS Anabolic Steroid Screen","TRUE","FALSE",,"P","S8"
"S80",,"ELISA Fentanyl Recheck Test","TRUE","FALSE",,"P","S80"
"S81",,"ELISA Glycopyrrolate Recheck Test","TRUE","FALSE",,"P","S81"
"S82",,"ELISA Ipatropium Recheck Test","TRUE","FALSE",,"P","S82"
"S83",,"ELISA Levallophan Recheck Test","TRUE","FALSE",,"P","S83"
"S84",,"ELISA Lidocaine Recheck Test","TRUE","FALSE",,"P","S84"
"S85",,"ELISA Methylphenidate Recheck Test","TRUE","FALSE",,"P","S85"
"S86",,"ELISA Methylprednisolone Recheck Test","TRUE","FALSE",,"P","S86"
"S87",,"ELISA Opiate Group Recheck Test","TRUE","FALSE",,"P","S87"
"S88",,"ELISA Propronolol Recheck Test","TRUE","FALSE",,"P","S88"
"S89",,"ELISA Spice Cannabinoids Recheck Test","TRUE","FALSE",,"P","S89"
"S9",,"8AAS Anabolic Steroid Screen","TRUE","FALSE",,"P","S9"
"S90",,"ELISA Furosumide Recheck","TRUE","FALSE",,"P","S90"
"S91",,"LC Confirmation for 1 Drug","TRUE","FALSE",,"P","S91"
"S92",,"LC Confirmation for 1 Drug","TRUE","FALSE",,"P","S92"
"S93",,"LCMS DMSO Phenylbutazone Screen for Blood","TRUE","FALSE",,"P","S93"
"S94",,"QE General Screen EX audit 7/8","TRUE","FALSE",,"P","S94"
"S95",,"QE General Screen EX audit 7/8","TRUE","FALSE",,"P","S95"
"S96",,"QE General Screen EX audit 7/8","TRUE","FALSE",,"P","S96"
"S97",,"QE General Screen EX audit 7/8","TRUE","FALSE",,"P","S97"
"S98",,"NSAID Screen Batch Template","TRUE","FALSE",,"P","S98"
"S99",,"NSAID Screen Batch Template","TRUE","FALSE",,"P","S99"
"SAMP_TYPE",,"Confirmation Sample Types per Analyst","TRUE","TRUE","SAMP_TYPE","P","Confirmation Sample Types per Analyst"
"TJH_COLOR",,"Automatically created for Phrase TJH_COLOR","TRUE","FALSE","TJH_COLOR","F","Tjh Color"
