﻿LIMSML_ENTITY_ACTION
ENTITY,ACTION,DESCRIPTION,GROUP_ID,MODIFIABLE,REMOVEFLAG,RETURN_TYPE,NAME
20,20,255,10,1,1,10,100
                      55
"ANALYSIS","GET_COMPONENTS","Returns a dataset containing all components for analysis",,"TRUE","FALSE","DATA","Analysis Get Components"
"CHROMELEON_MAPPING","GET","Get Chromeleon Result Mapping Information",,"TRUE","FALSE","DATA","Chromeleon Mapping"
"CRITERIA","GET","Returns a dataset containing all pre-defined criteria for the specified entity",,"TRUE","FALSE","DATA","Criteria Get"
"EXPLORER_AUX","EXECUTE","Executes the Specified Explorer Aux Report",,"TRUE","FALSE","SYSTEM","Explorer Aux Execute"
"EXPLORER_AUX","GET_PARAMETERS","Returns the Parameter Details of the Specified Explorer Aux Report",,"TRUE","FALSE","DATA","Explorer Aux Get Parameters"
"EXPLORER_AUX","VALIDATE","Validates the Specified Explorer Aux Report",,"TRUE","FALSE","SYSTEM","Explorer Aux Validate"
"EXPLORER_FOLDER","GET_COLUMNS","Returns a dataset containing a page of items for the specified explorer folder",,"TRUE","FALSE","DATA","Explorer Folder Get Columns"
"EXPLORER_FOLDER","GET_CONTENT_COUNT","Returns the total number of items in the specified explorer folder",,"TRUE","FALSE","SYSTEM","Explorer Folder Get Content Count"
"EXPLORER_FOLDER","GET_CONTENTS","Returns a dataset containing a page of items for the specified explorer folder",,"TRUE","FALSE","DATA","Explorer Folder Get Contents"
"EXPLORER_FOLDER","GET_RMB","Returns a dataset containing the RMB options for the Folder",,"TRUE","FALSE","DATA","Explorer Folder Get Rmb"
"EXPLORER_FOLDER","SET_COLUMNS","Allows the new list of columns to be saved",,"TRUE","FALSE","DATA","Explorer Folder Set Columns"
"EXPLORER_RMB","CHECK_CONTEXT","Returns two datasets based on the passed in keys, one for in context, one for out of context",,"TRUE","FALSE","DATA","Explorer Rmb Check Context"
"GENERIC","BROWSE","Returns a dataset of items for a browse",,"TRUE","FALSE","DATA","Generic Browse"
"GENERIC","BROWSE_COUNT","Returns the total number of items that can be retrieved for a browse",,"TRUE","FALSE","SYSTEM","Generic Browse Count"
"GENERIC","CREATE","Creates a New Record",,"TRUE","FALSE","SYSTEM","Generic Create"
"GENERIC","FAVORITES_ADD","Adds the specified record to favorites",,"TRUE","FALSE","SYSTEM","Generic Favorites Add"
"GENERIC","FAVORITES_REMOVE","Removes the specified record from favorites",,"TRUE","FALSE","SYSTEM","Generic Favorites Remove"
"GENERIC","FIND","Returns a dataset containing all items and all columns of a type",,"TRUE","FALSE","DATA","Generic Find"
"GENERIC","GET_BY_IDENTITY","Returns an item given its key0",,"TRUE","FALSE","DATA","Generic Get By Identity"
"GENERIC","GET_COLUMNS","Allows all available columns to be selected",,"TRUE","FALSE","DATA","Generic Get Columns"
"GENERIC","GET_RELATED_ITEMS","Returns items related to the specified item using the specified relationship",,"TRUE","FALSE","DATA","Generic Get Related Items"
"GENERIC","RUN_WORKFLOW","Run a workflow",,"TRUE","FALSE","DATA","Generic Run Workflow"
"GENERIC","SEARCH","Returns a dataset of items for a search",,"TRUE","FALSE","DATA","Generic Search"
"GENERIC","SEARCH_COUNT","Returns a Count for the number of pages etc",,"TRUE","FALSE","SYSTEM","Generic Search Count"
"GENERIC","SET_COLUMNS","Allows the new list of columns to be saved",,"TRUE","FALSE","DATA","Generic Set Columns"
"GENERIC","UPDATE","Updates an Existing Record",,"TRUE","FALSE","SYSTEM","Generic Update"
"INFOMAKER_REPORT","GENERATE","Generates the report",,"TRUE","FALSE","DATA","Infomaker Report Generate"
"INFOMAKER_REPORT","GET_PARAMETERS","Returns the parameter details of the specified report",,"TRUE","FALSE","DATA","Infomaker Report Get Parameters"
"INFOMAKER_REPORT","VALIDATE_VALUES","Validates infomaker report parameter values",,"TRUE","FALSE","SYSTEM","Infomaker Report Validate Values"
"JOB","CREATE_BY_TEMPLATE","Create a job using the provided template",,"TRUE","FALSE","SYSTEM","Job Create By Template"
"JOB_TEMPLATE","GET_FIELDS","Returns the job template fields",,"TRUE","FALSE","DATA","Job Template Get Fields"
"JOB_TEMPLATE","VALIDATE_VALUES","Validate template field values",,"TRUE","FALSE","SYSTEM","Job Template Validate Values"
"LIMSML_ENTITY_ACTION","GET_BY_IDENTITY","Get details about this particular Entity Action",,"TRUE","FALSE","DATA","Limsml Entity Actionget By Identity"
"LIMSML_ENTITY_ACTION","GET_BY_RELATIONSHIP","Get Parameter List for a LIMSML Entity Action","SYSTEM","TRUE","FALSE","DATA","Limsml Entity Actionget By Relationship"
"RESULT","GET_AUDITS","Returns audit data for a given result for use in result entry","SYSTEM","TRUE","FALSE","DATA","Result Get Audits"
"SAMPLE","ADD_TEST","Add Tests to a Sample.",,"TRUE","FALSE","SYSTEM","Sample Add Test"
"SAMPLE","CREATE_BY_TEMPLATE","Creates a new sample using the specified template",,"TRUE","FALSE","SYSTEM","Sample Create By Template"
"SAMPLE","CREATE_BY_WORKFLOW","Creates a new sample using the specified workflow",,"TRUE","FALSE","SYSTEM","Sample Create By Workflow"
"SAMPLE","GET_COMPONENT_LIMITS","Gets limits based on sample / component / test",,"TRUE","FALSE","DATA","Sample Get Component Limits"
"SAMPLE","GET_RESULTS","Gets analyses, tests and results for a sample.",,"TRUE","FALSE","DATA","Sample Get Results"
"SAMPLE","GET_SAMPLE_RE_PROMPT","Get at set of prompts for sample based result entry",,"TRUE","FALSE","DATA","Sample Get Sample Re Prompt"
"SAMPLE","RE_PUT_RESULTS","Result Entry",,"TRUE","FALSE","SYSTEM","Sample Re Put Results"
"SAMPLE","RESULT_ENTRY","Enters results for a sample.",,"TRUE","FALSE","SYSTEM","Sample Result Entry"
"SAMPLE_TEMPLATE","GET_FIELDS","Returns the sample template fields",,"TRUE","FALSE","DATA","Sample Template Get Fields"
"SAMPLE_TEMPLATE","VALIDATE_VALUES","Validate template field values",,"TRUE","FALSE","SYSTEM","Sample Template Validate Values"
"SYSTEM","GET_FILE","Returns a base-64 encoded copy of the requested file",,"TRUE","FALSE","DATA","System Get File"
"SYSTEM","PING","Returns a response containing the message sent in the request",,"TRUE","FALSE","SYSTEM","System Ping"
"SYSTEM","SIGN_FAILURE","Create a Signature Failure",,"TRUE","FALSE","SYSTEM","System Sign Failure"
"SYSTEM","SIGN_MENU_ITEM","Sign a Specific Menu Item",,"TRUE","FALSE","SYSTEM","System Sign Menu Item"
"TEST","GET_CHROM_MAPPED","Get Tests that have been mapped to a specific Chromeleon Instrument",,"TRUE","FALSE","DATA","Chromeleon Get Mapped Tests"
"TEST_SCHEDULE","GET_CONTENTS","Returns a flattened list of test schedule entries",,"TRUE","FALSE","DATA","Test Schedule Get Contents"
"USER","LOGIN","Called when a user first logs in",,"TRUE","FALSE","DATA","User Login"
"USER","LOGOUT","Called when a user logs out or the session expires",,"TRUE","FALSE","DATA","User Logout"
"USER_INTERFACE","GET_FIELDS","Returns the prompt info for the user interface fields",,"TRUE","FALSE","DATA","User Interface Get Fields"
"USER_INTERFACE","VALIDATE_VALUES","Validates the user interface fields",,"TRUE","FALSE","SYSTEM","User Interface Validate Values"
