﻿LIST_RESULT_FORMAT
IDENTITY,GROUP_ID,DESCRIPTION,MODIFIABLE,REMOVEFLAG,FORM_TITLE,REPLICATE_TITLE,VALUE_TITLE,MAX_REPLICATES,LIBRARY,CALLBACK_ROUTINE,NAME
10,10,234,1,1,234,234,234,10,20,50,100
                       4
"AVE_LIST",,"Default List Result","TRUE","FALSE",,,,"0",,,"Average List of numbers"
"DEFAULT",,"Default List Result","TRUE","FALSE",,,,"0",,,"Default"
"KF_MOIST",,"Default List Result","TRUE","FALSE","Replicate Measurements","Replicate Number","Result","0",,,"Kf Moist"
"STAT_LIST",,"List result for Variable Statistical Sampling","TRUE","FALSE",,,,"0",,,"Stat List"
