﻿LOCATION_FAVORITE
FAVORITE_ID,PERSONNEL_ID,ORDER_NUMBER,LOCATION
36,10,10,50
                       8
"CDAD1253-564E-448F-99B6-C1AC195FBFF5","EXTESTCHEM","1","ROOM_124"
"96DCAFB5-1BA5-44B1-B6EE-4026DD6A5E27","GPEHLERT","1","REF_17"
"DC92BF74-FFEC-42E4-9683-B299B8FE8ABF","GPEHLERT","2","REF_26"
"45A0F53B-DE7B-4386-9B79-2C6D6B7146C2","GPEHLERT","3","REF_13"
"D3FA2F1C-3D1F-4960-93F3-338D2DEC9610","GPEHLERT","4","REF_15"
"54244282-81B0-4CCF-AE62-EA9ED296DF5F","GPEHLERT","5","REF_14"
"8FD6D5BE-1188-4208-808A-22C43560A014","GPEHLERT","6","REF_16"
"F666BC67-F8E4-4DAD-9312-DC48D190B13D","GPEHLERT","7","REF_17"
