﻿LOCATION_TYPE
IDENTITY,NAME,GROUP_ID,DESCRIPTION,MODIFIABLE,REMOVEFLAG,ASSIGNABLE_DEFAULT,DEFAULT_ICON,STORAGE_TYPE,STORAGE_UNIT,STORAGE_CAPACITY,ENTITY_TEMPLATE_ID,ENTITY_TEMPLATE_VERSION
50,100,10,234,1,1,1,30,30,40,10,30,10
                      19
"AREA","Area",,"Area","TRUE","FALSE","FALSE","AREA",,,"0.0000000000000000E+00",,"1"
"BUILDING","Building",,"Building","TRUE","FALSE","FALSE","BUILDING",,,"0.0000000000000000E+00",,"1"
"CUPBOARD","Cupboard",,"Cupboard","TRUE","FALSE","TRUE","CUPBOARD",,,"0.0000000000000000E+00",,"1"
"FREEZE","Freezer",,"Freezer","TRUE","FALSE","TRUE","CUPBOARD",,,"0.0000000000000000E+00",,"1"
"FRIDGE","Fridge",,"Fridge","TRUE","FALSE","TRUE","CUPBOARD",,,"0.0000000000000000E+00",,"1"
"FUME_HOOD","Fume Hood",,"Fume Hood","TRUE","FALSE","TRUE","FUME_HOOD",,,"0.0000000000000000E+00",,"1"
"LINE","Line",,"Line","TRUE","FALSE","TRUE","LINE",,,"0.0000000000000000E+00",,"1"
"PLANT","Plant",,"Plant","TRUE","FALSE","FALSE","BATCH",,,"0.0000000000000000E+00",,"1"
"RACE_TRACK","Race Track",,"Race Track","TRUE","FALSE","TRUE","INT_WORLD",,,"0.0000000000000000E+00",,"1"
"RACK","Rack",,"Rack","TRUE","FALSE","TRUE","TRAY",,,"0.0000000000000000E+00",,"1"
"ROOM","Room",,"Room","TRUE","FALSE","FALSE","ROOM",,,"0.0000000000000000E+00",,"1"
"SAFE","Safe",,"Safe","TRUE","FALSE","FALSE","INT_WORLD",,,"0.0000000000000000E+00",,"1"
"SHELF","Shelf",,"Shelf","TRUE","FALSE","FALSE","CUPBOARD",,,"0.0000000000000000E+00",,"1"
"SITE","Site",,"Site","TRUE","FALSE","FALSE","BATCH",,,"0.0000000000000000E+00",,"1"
"TANK","Tank",,"Tank","TRUE","FALSE","FALSE","TANK",,,"0.0000000000000000E+00",,"1"
"TRAY","Tray",,"Tray","TRUE","FALSE","TRUE","TRAY",,,"0.0000000000000000E+00",,"1"
"UNIT","Unit",,"Unit","TRUE","FALSE","FALSE","TANK",,,"0.0000000000000000E+00",,"1"
"WATERSORC","Water source",,"Water source","TRUE","FALSE","TRUE","INT_SAMPLE_POINT",,,"0.0000000000000000E+00",,"1"
"WORKSPACE","Workspace",,"Workspace","TRUE","FALSE","TRUE","WORKBENCH",,,"0.0000000000000000E+00",,"1"
