﻿LOCATION
IDENTITY,GROUP_ID,DESCRIPTION,MODIFIABLE,REMOVEFLAG,ORDER_NUMBER,PARENT_LOCATION,LOCATION_TYPE,ASSIGNABLE,ICON,NAME,LATITUDE,LONGITUDE,STORAGE_TYPE,STORAGE_UNIT,STORAGE_QUANTITY,STORAGE_CAPACITY,AVAILABLE_CAPACITY,FULL,ENTITY_TEMPLATE_ID,ENTITY_TEMPLATE_VERSION
50,10,234,1,1,10,50,50,1,30,100,10,10,30,40,10,10,10,1,30,10
                     317
"MEADOWS_MD_PA",,"Meadows Racetrack Washington, PA - for MD Sample point","TRUE","FALSE","0",,"RACE_TRACK","TRUE","INT_WORLD","Meadows  MD Race Track","0.0000000000000000E+00","0.0000000000000000E+00",,,"0.0000000000000000E+00","0.0000000000000000E+00","0.0000000000000000E+00","FALSE",,"1"
"HARRAHS_PA",,"Harrah's Philadelphia Racetrack
Chester, PA","TRUE","FALSE","0",,"RACE_TRACK","TRUE","INT_WORLD","Harrah's Philadelphia Racetrack","0.0000000000000000E+00","0.0000000000000000E+00",,,"0.0000000000000000E+00","0.0000000000000000E+00","0.0000000000000000E+00","FALSE",,"1"
"MEADOWS_PA",,"Meadows Racetrack Washington, PA","TRUE","FALSE","0",,"RACE_TRACK","TRUE","INT_WORLD","Meadows Racetrack","0.0000000000000000E+00","0.0000000000000000E+00",,,"0.0000000000000000E+00","0.0000000000000000E+00","0.0000000000000000E+00","FALSE",,"1"
"PARX_PA",,"Parx Racetrack  Bensalem, PA","TRUE","FALSE","0",,"RACE_TRACK","TRUE","INT_WORLD","Parx Racetrack","0.0000000000000000E+00","0.0000000000000000E+00",,,"0.0000000000000000E+00","0.0000000000000000E+00","0.0000000000000000E+00","FALSE",,"1"
"PENN_NATIONAL_PA",,"Penn National Racetrack Grantville, PA","TRUE","FALSE","0",,"RACE_TRACK","TRUE","INT_WORLD","Penn National Racetrack","0.0000000000000000E+00","0.0000000000000000E+00",,,"0.0000000000000000E+00","0.0000000000000000E+00","0.0000000000000000E+00","FALSE",,"1"
"POCONO_DOWNS_PA",,"Poccono Downs Racetrack Wilkes Barre, PA","TRUE","FALSE","0",,"RACE_TRACK","TRUE","INT_WORLD","Pocono Downs Racetrack","0.0000000000000000E+00","0.0000000000000000E+00",,,"0.0000000000000000E+00","0.0000000000000000E+00","0.0000000000000000E+00","FALSE",,"1"
"PRESQUE_ISLE_DOWNS_PA",,"Presque Isle Downs Racetrack Erie, PA","TRUE","FALSE","0",,"RACE_TRACK","TRUE","INT_WORLD","Presque Isle Downs Racetrack","0.0000000000000000E+00","0.0000000000000000E+00",,,"0.0000000000000000E+00","0.0000000000000000E+00","0.0000000000000000E+00","FALSE",,"1"
"NBC",,"New Bolton Center Site","TRUE","FALSE","0",,"SITE","FALSE","BATCH","New Bolton Center","0.0000000000000000E+00","0.0000000000000000E+00",,,"0.0000000000000000E+00","0.0000000000000000E+00","0.0000000000000000E+00","FALSE",,"1"
"PETRL",,"Pennsylvania Equine Toxicology and Research Lab","TRUE","FALSE","0",,"SITE","FALSE","BATCH","PETRL","0.0000000000000000E+00","0.0000000000000000E+00",,,"0.0000000000000000E+00","0.0000000000000000E+00","0.0000000000000000E+00","FALSE",,"1"
"PETRL_NORTH_LAB",,"PETRL North Lab","TRUE","FALSE","0",,"BUILDING","FALSE","BUILDING","PETRL North Lab","0.0000000000000000E+00","0.0000000000000000E+00",,,"0.0000000000000000E+00","0.0000000000000000E+00","0.0000000000000000E+00","FALSE",,"1"
"PETRL_SOUTH_LAB",,"PETRL South Lab","TRUE","FALSE","0",,"BUILDING","FALSE","BUILDING","PETRL South Lab","0.0000000000000000E+00","0.0000000000000000E+00",,,"0.0000000000000000E+00","0.0000000000000000E+00","0.0000000000000000E+00","FALSE",,"1"
"FRZ_1_SHELF_1",,"Freezer #1 Shelf 1","TRUE","FALSE","0","FRZ_1","SHELF","TRUE","CUPBOARD","Freezer #1 Shelf 1","0.0000000000000000E+00","0.0000000000000000E+00",,,"0.0000000000000000E+00","0.0000000000000000E+00","0.0000000000000000E+00","FALSE",,"1"
"FRZ_1_SHELF_2",,"Freezer #1 Shelf 2","TRUE","FALSE","0","FRZ_1","SHELF","TRUE","CUPBOARD","Freezer #1 Shelf 2","0.0000000000000000E+00","0.0000000000000000E+00",,,"0.0000000000000000E+00","0.0000000000000000E+00","0.0000000000000000E+00","FALSE",,"1"
"FRZ_1_SHELF_3",,"Freezer #1 Shelf 3","TRUE","FALSE","0","FRZ_1","SHELF","TRUE","CUPBOARD","Freezer #1 Shelf 3","0.0000000000000000E+00","0.0000000000000000E+00",,,"0.0000000000000000E+00","0.0000000000000000E+00","0.0000000000000000E+00","FALSE",,"1"
"FRZ_1_SHELF_4",,"Tested Tissue Samples","TRUE","FALSE","0","FRZ_1","SHELF","TRUE","CUPBOARD","Freezer #1 Shelf 4","0.0000000000000000E+00","0.0000000000000000E+00",,,"0.0000000000000000E+00","0.0000000000000000E+00","0.0000000000000000E+00","FALSE",,"1"
"FRZ_1_SHELF_5",,"Tested Tissue Samples","TRUE","FALSE","0","FRZ_1","SHELF","TRUE","CUPBOARD","Freezer #1 Shelf 5","0.0000000000000000E+00","0.0000000000000000E+00",,,"0.0000000000000000E+00","0.0000000000000000E+00","0.0000000000000000E+00","FALSE",,"1"
"FRZ_1_DOOR_SHELF_1",,"Untested Tissue Samples","TRUE","FALSE","0","FRZ_1","SHELF","TRUE","CUPBOARD","Freezer #1 Door Shelf 1","0.0000000000000000E+00","0.0000000000000000E+00",,,"0.0000000000000000E+00","0.0000000000000000E+00","0.0000000000000000E+00","FALSE",,"1"
"FRZ_1_DOOR_SHELF_2",,"Untested Tissue Samples","TRUE","FALSE","0","FRZ_1","SHELF","TRUE","CUPBOARD","Freezer #1 Door Shelf 2","0.0000000000000000E+00","0.0000000000000000E+00",,,"0.0000000000000000E+00","0.0000000000000000E+00","0.0000000000000000E+00","FALSE",,"1"
"FRZ_1_DOOR_SHELF_3",,"Untested Tissue Samples","TRUE","FALSE","0","FRZ_1","SHELF","TRUE","CUPBOARD","Freezer #1 Door Shelf 3","0.0000000000000000E+00","0.0000000000000000E+00",,,"0.0000000000000000E+00","0.0000000000000000E+00","0.0000000000000000E+00","FALSE",,"1"
"FRZ_1_DOOR_SHELF_4",,"Untested Tissue Samples","TRUE","FALSE","0","FRZ_1","SHELF","TRUE","CUPBOARD","Freezer #1 Door Shelf 4","0.0000000000000000E+00","0.0000000000000000E+00",,,"0.0000000000000000E+00","0.0000000000000000E+00","0.0000000000000000E+00","FALSE",,"1"
"FRZ_1_DOOR_SHELF_5",,"Untested Tissue Samples","TRUE","FALSE","0","FRZ_1","SHELF","TRUE","CUPBOARD","Freezer #1 Door Shelf 5","0.0000000000000000E+00","0.0000000000000000E+00",,,"0.0000000000000000E+00","0.0000000000000000E+00","0.0000000000000000E+00","FALSE",,"1"
"FRZ_1_DOOR_SHELF_6",,"Untested Tissue Samples","TRUE","FALSE","0","FRZ_1","SHELF","TRUE","CUPBOARD","Freezer #1 Door Shelf 6","0.0000000000000000E+00","0.0000000000000000E+00",,,"0.0000000000000000E+00","0.0000000000000000E+00","0.0000000000000000E+00","FALSE",,"1"
"FRZ_12_SHELF_1",,"QA Negative Plasma and Urine","TRUE","FALSE","0","FRZ_12","SHELF","TRUE","CUPBOARD","Freezer #12 Shelf 1","0.0000000000000000E+00","0.0000000000000000E+00",,,"0.0000000000000000E+00","0.0000000000000000E+00","0.0000000000000000E+00","FALSE",,"1"
"FRZ_12_SHELF_2",,"QA","TRUE","FALSE","0","FRZ_12","SHELF","TRUE","CUPBOARD","Freezer #12 Shelf 2","0.0000000000000000E+00","0.0000000000000000E+00",,,"0.0000000000000000E+00","0.0000000000000000E+00","0.0000000000000000E+00","FALSE",,"1"
"FRZ_12_SHELF_3",,"Research","TRUE","FALSE","0","FRZ_12","SHELF","TRUE","CUPBOARD","Freezer #12 Shelf 3","0.0000000000000000E+00","0.0000000000000000E+00",,,"0.0000000000000000E+00","0.0000000000000000E+00","0.0000000000000000E+00","FALSE",,"1"
"FRZ_12_SHELF_4",,"Dr. Guan Research","TRUE","FALSE","0","FRZ_12","SHELF","TRUE","CUPBOARD","Freezer #12 Shelf 4","0.0000000000000000E+00","0.0000000000000000E+00",,,"0.0000000000000000E+00","0.0000000000000000E+00","0.0000000000000000E+00","FALSE",,"1"
"FRZ_12_SHELF_5",,"Dr. You Research","TRUE","FALSE","0","FRZ_12","SHELF","TRUE","CUPBOARD","Freezer #12 Shelf 5","0.0000000000000000E+00","0.0000000000000000E+00",,,"0.0000000000000000E+00","0.0000000000000000E+00","0.0000000000000000E+00","FALSE",,"1"
"FRZ_12_DOOR_SHELF_1",,"Freezer #12 Door Shelf 1","TRUE","FALSE","0","FRZ_12","SHELF","TRUE","CUPBOARD","Freezer #12 Door Shelf 1","0.0000000000000000E+00","0.0000000000000000E+00",,,"0.0000000000000000E+00","0.0000000000000000E+00","0.0000000000000000E+00","FALSE",,"1"
"FRZ_12_DOOR_SHELF_2",,"Freezer #12 Door Shelf 2","TRUE","FALSE","0","FRZ_12","SHELF","TRUE","CUPBOARD","Freezer #12 Door Shelf 2","0.0000000000000000E+00","0.0000000000000000E+00",,,"0.0000000000000000E+00","0.0000000000000000E+00","0.0000000000000000E+00","FALSE",,"1"
"FRZ_12_DOOR_SHELF_3",,"Freezer #12 Door Shelf 3","TRUE","FALSE","0","FRZ_12","SHELF","TRUE","CUPBOARD","Freezer #12 Door Shelf 3","0.0000000000000000E+00","0.0000000000000000E+00",,,"0.0000000000000000E+00","0.0000000000000000E+00","0.0000000000000000E+00","FALSE",,"1"
"FRZ_12_DOOR_SHELF_4",,"Freezer #12 Door Shelf 4","TRUE","FALSE","0","FRZ_12","SHELF","TRUE","CUPBOARD","Freezer #12 Door Shelf 4","0.0000000000000000E+00","0.0000000000000000E+00",,,"0.0000000000000000E+00","0.0000000000000000E+00","0.0000000000000000E+00","FALSE",,"1"
"FRZ_12_DOOR_SHELF_5",,"Freezer #12 Door Shelf 5","TRUE","FALSE","0","FRZ_12","SHELF","TRUE","CUPBOARD","Freezer #12 Door Shelf 5","0.0000000000000000E+00","0.0000000000000000E+00",,,"0.0000000000000000E+00","0.0000000000000000E+00","0.0000000000000000E+00","FALSE",,"1"
"FRZ_12_DOOR_SHELF_6",,"Freezer #12 Door Shelf 6","TRUE","FALSE","0","FRZ_12","SHELF","TRUE","CUPBOARD","Freezer #12 Door Shelf 6","0.0000000000000000E+00","0.0000000000000000E+00",,,"0.0000000000000000E+00","0.0000000000000000E+00","0.0000000000000000E+00","FALSE",,"1"
"FRZ_22_SHELF_1",,"Xiaoqing Li","TRUE","FALSE","0","FRZ_22","SHELF","TRUE","CUPBOARD","Freezer #22 Shelf 1","0.0000000000000000E+00","0.0000000000000000E+00",,,"0.0000000000000000E+00","0.0000000000000000E+00","0.0000000000000000E+00","FALSE",,"1"
"FRZ_22_SHELF_2",,"Dr. Chen","TRUE","FALSE","0","FRZ_22","SHELF","TRUE","CUPBOARD","Freezer #22 Shelf 2","0.0000000000000000E+00","0.0000000000000000E+00",,,"0.0000000000000000E+00","0.0000000000000000E+00","0.0000000000000000E+00","FALSE",,"1"
"FRZ_22_SHELF_3",,"Dr. Chen","TRUE","FALSE","0","FRZ_22","SHELF","TRUE","CUPBOARD","Freezer #22 Shelf 3","0.0000000000000000E+00","0.0000000000000000E+00",,,"0.0000000000000000E+00","0.0000000000000000E+00","0.0000000000000000E+00","FALSE",,"1"
"FRZ_22_SHELF_4",,"Jesse Vanderhoef","TRUE","FALSE","0","FRZ_22","SHELF","TRUE","CUPBOARD","Freezer #22 Shelf 4","0.0000000000000000E+00","0.0000000000000000E+00",,,"0.0000000000000000E+00","0.0000000000000000E+00","0.0000000000000000E+00","FALSE",,"1"
"FRZ_22_SHELF_5",,"Freezer #22 Shelf 5","TRUE","FALSE","0","FRZ_22","SHELF","TRUE","CUPBOARD","Freezer #22 Shelf 5","0.0000000000000000E+00","0.0000000000000000E+00",,,"0.0000000000000000E+00","0.0000000000000000E+00","0.0000000000000000E+00","FALSE",,"1"
"FRZ_22_DOOR_SHELF_1",,"Freezer #22 Door Shelf 1","TRUE","FALSE","0","FRZ_22","SHELF","TRUE","CUPBOARD","Freezer #22 Door Shelf 1","0.0000000000000000E+00","0.0000000000000000E+00",,,"0.0000000000000000E+00","0.0000000000000000E+00","0.0000000000000000E+00","FALSE",,"1"
"FRZ_22_DOOR_SHELF_2",,"Freezer #22 Door Shelf 2","TRUE","FALSE","0","FRZ_22","SHELF","TRUE","CUPBOARD","Freezer #22 Door Shelf 2","0.0000000000000000E+00","0.0000000000000000E+00",,,"0.0000000000000000E+00","0.0000000000000000E+00","0.0000000000000000E+00","FALSE",,"1"
"FRZ_22_DOOR_SHELF_3",,"Freezer #22 Door Shelf 3","TRUE","FALSE","0","FRZ_22","SHELF","TRUE","CUPBOARD","Freezer #22 Door Shelf 3","0.0000000000000000E+00","0.0000000000000000E+00",,,"0.0000000000000000E+00","0.0000000000000000E+00","0.0000000000000000E+00","FALSE",,"1"
"FRZ_22_DOOR_SHELF_4",,"Freezer #22 Door Shelf 4","TRUE","FALSE","0","FRZ_22","SHELF","TRUE","CUPBOARD","Freezer #22 Door Shelf 4","0.0000000000000000E+00","0.0000000000000000E+00",,,"0.0000000000000000E+00","0.0000000000000000E+00","0.0000000000000000E+00","FALSE",,"1"
"FRZ_22_DOOR_SHELF_5",,"Freezer #22 Door Shelf 5","TRUE","FALSE","0","FRZ_22","SHELF","TRUE","CUPBOARD","Freezer #22 Door Shelf 5","0.0000000000000000E+00","0.0000000000000000E+00",,,"0.0000000000000000E+00","0.0000000000000000E+00","0.0000000000000000E+00","FALSE",,"1"
"FRZ_22_DOOR_SHELF_6",,"Freezer #22 Door Shelf 6","TRUE","FALSE","0","FRZ_22","SHELF","TRUE","CUPBOARD","Freezer #22 Door Shelf 6","0.0000000000000000E+00","0.0000000000000000E+00",,,"0.0000000000000000E+00","0.0000000000000000E+00","0.0000000000000000E+00","FALSE",,"1"
"FRZ_27_SHELF_1",,"Freezer #27 Shelf 1","TRUE","FALSE","0","FRZ_27","SHELF","TRUE","CUPBOARD","Freezer #27 Shelf 1","0.0000000000000000E+00","0.0000000000000000E+00",,,"0.0000000000000000E+00","0.0000000000000000E+00","0.0000000000000000E+00","FALSE",,"1"
"FRZ_27_SHELF_2",,"Freezer #27 Shelf 2","TRUE","FALSE","0","FRZ_27","SHELF","TRUE","CUPBOARD","Freezer #27 Shelf 2","0.0000000000000000E+00","0.0000000000000000E+00",,,"0.0000000000000000E+00","0.0000000000000000E+00","0.0000000000000000E+00","FALSE",,"1"
"FRZ_27_SHELF_3",,"Freezer #27 Shelf 3","TRUE","FALSE","0","FRZ_27","SHELF","TRUE","CUPBOARD","Freezer #27 Shelf 3","0.0000000000000000E+00","0.0000000000000000E+00",,,"0.0000000000000000E+00","0.0000000000000000E+00","0.0000000000000000E+00","FALSE",,"1"
"FRZ_27_DOOR_SHELF_1",,"Freezer #27 Door Shelf 1","TRUE","FALSE","0","FRZ_27","SHELF","TRUE","CUPBOARD","Freezer #27 Door Shelf 1","0.0000000000000000E+00","0.0000000000000000E+00",,,"0.0000000000000000E+00","0.0000000000000000E+00","0.0000000000000000E+00","FALSE",,"1"
"FRZ_27_DOOR_SHELF_2",,"Freezer #27 Door Shelf 2","TRUE","FALSE","0","FRZ_27","SHELF","TRUE","CUPBOARD","Freezer #27 Door Shelf 2","0.0000000000000000E+00","0.0000000000000000E+00",,,"0.0000000000000000E+00","0.0000000000000000E+00","0.0000000000000000E+00","FALSE",,"1"
"FRZ_28_SHELF_1",,"-30 Working Stocks/ extra storage","TRUE","FALSE","0","FRZ_28","SHELF","TRUE","CUPBOARD","Freezer #28 Shelf 1","0.0000000000000000E+00","0.0000000000000000E+00",,,"0.0000000000000000E+00","0.0000000000000000E+00","0.0000000000000000E+00","FALSE",,"1"
"FRZ_28_SHELF_2",,"-30 Working Stocks","TRUE","FALSE","0","FRZ_28","SHELF","TRUE","CUPBOARD","Freezer #28 Shelf 2","0.0000000000000000E+00","0.0000000000000000E+00",,,"0.0000000000000000E+00","0.0000000000000000E+00","0.0000000000000000E+00","FALSE",,"1"
"FRZ_28_SHELF_3",,"-30 Working Stocks","TRUE","FALSE","0","FRZ_28","SHELF","TRUE","CUPBOARD","Freezer #28 Shelf 3","0.0000000000000000E+00","0.0000000000000000E+00",,,"0.0000000000000000E+00","0.0000000000000000E+00","0.0000000000000000E+00","FALSE",,"1"
"FRZ_28_SHELF_4",,"-30 Working Stocks","TRUE","FALSE","0","FRZ_28","SHELF","TRUE","CUPBOARD","Freezer #28 Shelf 4","0.0000000000000000E+00","0.0000000000000000E+00",,,"0.0000000000000000E+00","0.0000000000000000E+00","0.0000000000000000E+00","FALSE",,"1"
"FRZ_29_SHELF_1",,"Dr. Guan","TRUE","FALSE","0","FRZ_29","SHELF","TRUE","CUPBOARD","Freezer #29 Shelf 1","0.0000000000000000E+00","0.0000000000000000E+00",,,"0.0000000000000000E+00","0.0000000000000000E+00","0.0000000000000000E+00","FALSE",,"1"
"FRZ_29_SHELF_2",,"Xiaoqing Li","TRUE","FALSE","0","FRZ_29","SHELF","TRUE","CUPBOARD","Freezer #29 Shelf 2","0.0000000000000000E+00","0.0000000000000000E+00",,,"0.0000000000000000E+00","0.0000000000000000E+00","0.0000000000000000E+00","FALSE",,"1"
"FRZ_29_SHELF_3",,"Xiaoqing Li","TRUE","FALSE","0","FRZ_29","SHELF","TRUE","CUPBOARD","Freezer #29 Shelf 3","0.0000000000000000E+00","0.0000000000000000E+00",,,"0.0000000000000000E+00","0.0000000000000000E+00","0.0000000000000000E+00","FALSE",,"1"
"FRZ_29_SHELF_4",,"Dr. You","TRUE","FALSE","0","FRZ_29","SHELF","TRUE","CUPBOARD","Freezer #29 Shelf 4","0.0000000000000000E+00","0.0000000000000000E+00",,,"0.0000000000000000E+00","0.0000000000000000E+00","0.0000000000000000E+00","FALSE",,"1"
"FRZ_3_SHELF_1",,"Pocono Downs, Harrah's Philadelphia","TRUE","FALSE","0","FRZ_3","SHELF","TRUE","CUPBOARD","Freezer #3 Shelf 1","0.0000000000000000E+00","0.0000000000000000E+00",,,"0.0000000000000000E+00","0.0000000000000000E+00","0.0000000000000000E+00","FALSE",,"1"
"FRZ_3_SHELF_2",,"Penn National, EPO Samples","TRUE","FALSE","0","FRZ_3","SHELF","TRUE","CUPBOARD","Freezer #3 Shelf 2","0.0000000000000000E+00","0.0000000000000000E+00",,,"0.0000000000000000E+00","0.0000000000000000E+00","0.0000000000000000E+00","FALSE",,"1"
"FRZ_3_SHELF_3",,"Presque Isle Downs, Meadows","TRUE","FALSE","0","FRZ_3","SHELF","TRUE","CUPBOARD","Freezer #3 Shelf 3","0.0000000000000000E+00","0.0000000000000000E+00",,,"0.0000000000000000E+00","0.0000000000000000E+00","0.0000000000000000E+00","FALSE",,"1"
"FRZ_3_SHELF_4",,"Parx, Fentanyl Samples","TRUE","FALSE","0","FRZ_3","SHELF","TRUE","CUPBOARD","Freezer #3 Shelf 4","0.0000000000000000E+00","0.0000000000000000E+00",,,"0.0000000000000000E+00","0.0000000000000000E+00","0.0000000000000000E+00","FALSE",,"1"
"FRZ_31_SHELF_1",,"2017: Sample Racks 1-20 and water samples","TRUE","FALSE","0","FRZ_31","SHELF","TRUE","CUPBOARD","Freezer #31 Shelf 1","0.0000000000000000E+00","0.0000000000000000E+00",,,"0.0000000000000000E+00","0.0000000000000000E+00","0.0000000000000000E+00","FALSE",,"1"
"FRZ_31_SHELF_2",,"2017: Sample Racks 21-49","TRUE","FALSE","0","FRZ_31","SHELF","TRUE","CUPBOARD","Freezer #31 Shelf 2","0.0000000000000000E+00","0.0000000000000000E+00",,,"0.0000000000000000E+00","0.0000000000000000E+00","0.0000000000000000E+00","FALSE",,"1"
"FRZ_31_SHELF_3",,"2018: Sample Racks 50-69","TRUE","FALSE","0","FRZ_31","SHELF","TRUE","CUPBOARD","Freezer #31 Shelf 3","0.0000000000000000E+00","0.0000000000000000E+00",,,"0.0000000000000000E+00","0.0000000000000000E+00","0.0000000000000000E+00","FALSE",,"1"
"FRZ_31_SHELF_4",,"2018: Sample Racks 70 on","TRUE","FALSE","0","FRZ_31","SHELF","TRUE","CUPBOARD","Freezer #31 Shelf 4","0.0000000000000000E+00","0.0000000000000000E+00",,,"0.0000000000000000E+00","0.0000000000000000E+00","0.0000000000000000E+00","FALSE",,"1"
"FRZ_4_SHELF_1",,"Dr. Guan","TRUE","FALSE","0","FRZ_4","SHELF","TRUE","CUPBOARD","Freezer #4 Shelf 1","0.0000000000000000E+00","0.0000000000000000E+00",,,"0.0000000000000000E+00","0.0000000000000000E+00","0.0000000000000000E+00","FALSE",,"1"
"FRZ_4_SHELF_2",,"Dr. You","TRUE","FALSE","0","FRZ_4","SHELF","TRUE","CUPBOARD","Freezer #4 Shelf 2","0.0000000000000000E+00","0.0000000000000000E+00",,,"0.0000000000000000E+00","0.0000000000000000E+00","0.0000000000000000E+00","FALSE",,"1"
"FRZ_4_SHELF_3",,"Dr. Chen","TRUE","FALSE","0","FRZ_4","SHELF","TRUE","CUPBOARD","Freezer #4 Shelf 3","0.0000000000000000E+00","0.0000000000000000E+00",,,"0.0000000000000000E+00","0.0000000000000000E+00","0.0000000000000000E+00","FALSE",,"1"
"FRZ_4_SHELF_4",,"Administration Samples","TRUE","FALSE","0","FRZ_4","SHELF","TRUE","CUPBOARD","Freezer #4 Shelf 4","0.0000000000000000E+00","0.0000000000000000E+00",,,"0.0000000000000000E+00","0.0000000000000000E+00","0.0000000000000000E+00","FALSE",,"1"
"FRZ_4_SHELF_1_RACK_1",,"Freezer #4 Shelf 1 Rack 1","TRUE","FALSE","0","FRZ_4_SHELF_1","RACK","TRUE","TRAY","Freezer #4 Shelf 1 Rack 1","0.0000000000000000E+00","0.0000000000000000E+00",,,"0.0000000000000000E+00","0.0000000000000000E+00","0.0000000000000000E+00","FALSE",,"1"
"FRZ_4_SHELF_1_RACK_2",,"Freezer #4 Shelf 1 Rack 2","TRUE","FALSE","0","FRZ_4_SHELF_1","RACK","TRUE","TRAY","Freezer #4 Shelf 1 Rack 2","0.0000000000000000E+00","0.0000000000000000E+00",,,"0.0000000000000000E+00","0.0000000000000000E+00","0.0000000000000000E+00","FALSE",,"1"
"FRZ_4_SHELF_1_RACK_3",,"Freezer #4 Shelf 1 Rack 3","TRUE","FALSE","0","FRZ_4_SHELF_1","RACK","TRUE","TRAY","Freezer #4 Shelf 1 Rack 3","0.0000000000000000E+00","0.0000000000000000E+00",,,"0.0000000000000000E+00","0.0000000000000000E+00","0.0000000000000000E+00","FALSE",,"1"
"FRZ_4_SHELF_1_RACK_4",,"Freezer #4 Shelf 1 Rack 4","TRUE","FALSE","0","FRZ_4_SHELF_1","RACK","TRUE","TRAY","Freezer #4 Shelf 1 Rack 4","0.0000000000000000E+00","0.0000000000000000E+00",,,"0.0000000000000000E+00","0.0000000000000000E+00","0.0000000000000000E+00","FALSE",,"1"
"FRZ_4_SHELF_1_RACK_5",,"Freezer #4 Shelf 1 Rack 5","TRUE","FALSE","0","FRZ_4_SHELF_1","RACK","TRUE","TRAY","Freezer #4 Shelf 1 Rack 5","0.0000000000000000E+00","0.0000000000000000E+00",,,"0.0000000000000000E+00","0.0000000000000000E+00","0.0000000000000000E+00","FALSE",,"1"
"FRZ_4_SHELF_2_RACK_1",,"Freezer #4 Shelf 2 Rack 1","TRUE","FALSE","0","FRZ_4_SHELF_2","RACK","TRUE","TRAY","Freezer #4 Shelf 2 Rack 1","0.0000000000000000E+00","0.0000000000000000E+00",,,"0.0000000000000000E+00","0.0000000000000000E+00","0.0000000000000000E+00","FALSE",,"1"
"FRZ_4_SHELF_2_RACK_2",,"Freezer #4 Shelf 2 Rack 2","TRUE","FALSE","0","FRZ_4_SHELF_2","RACK","TRUE","TRAY","Freezer #4 Shelf 2 Rack 2","0.0000000000000000E+00","0.0000000000000000E+00",,,"0.0000000000000000E+00","0.0000000000000000E+00","0.0000000000000000E+00","FALSE",,"1"
"FRZ_4_SHELF_2_RACK_3",,"Freezer #4 Shelf 2 Rack 3","TRUE","FALSE","0","FRZ_4_SHELF_2","RACK","TRUE","TRAY","Freezer #4 Shelf 2 Rack 3","0.0000000000000000E+00","0.0000000000000000E+00",,,"0.0000000000000000E+00","0.0000000000000000E+00","0.0000000000000000E+00","FALSE",,"1"
"FRZ_4_SHELF_2_RACK_4",,"Freezer #4 Shelf 2 Rack 4","TRUE","FALSE","0","FRZ_4_SHELF_2","RACK","TRUE","TRAY","Freezer #4 Shelf 2 Rack 4","0.0000000000000000E+00","0.0000000000000000E+00",,,"0.0000000000000000E+00","0.0000000000000000E+00","0.0000000000000000E+00","FALSE",,"1"
"FRZ_4_SHELF_2_RACK_5",,"Freezer #4 Shelf 2 Rack 5","TRUE","FALSE","0","FRZ_4_SHELF_2","RACK","TRUE","TRAY","Freezer #4 Shelf 2 Rack 5","0.0000000000000000E+00","0.0000000000000000E+00",,,"0.0000000000000000E+00","0.0000000000000000E+00","0.0000000000000000E+00","FALSE",,"1"
"FRZ_4_SHELF_3_RACK_1",,"Freezer #4 Shelf 3 Rack 1","TRUE","FALSE","0","FRZ_4_SHELF_3","RACK","TRUE","TRAY","Freezer #4 Shelf 3 Rack 1","0.0000000000000000E+00","0.0000000000000000E+00",,,"0.0000000000000000E+00","0.0000000000000000E+00","0.0000000000000000E+00","FALSE",,"1"
"FRZ_4_SHELF_3_RACK_2",,"Freezer #4 Shelf 3 Rack 2","TRUE","FALSE","0","FRZ_4_SHELF_3","RACK","TRUE","TRAY","Freezer #4 Shelf 3 Rack 2","0.0000000000000000E+00","0.0000000000000000E+00",,,"0.0000000000000000E+00","0.0000000000000000E+00","0.0000000000000000E+00","FALSE",,"1"
"FRZ_4_SHELF_3_RACK_3",,"Freezer #4 Shelf 3 Rack 3","TRUE","FALSE","0","FRZ_4_SHELF_3","RACK","TRUE","TRAY","Freezer #4 Shelf 3 Rack 3","0.0000000000000000E+00","0.0000000000000000E+00",,,"0.0000000000000000E+00","0.0000000000000000E+00","0.0000000000000000E+00","FALSE",,"1"
"FRZ_4_SHELF_3_RACK_4",,"Freezer #4 Shelf 3 Rack 4","TRUE","FALSE","0","FRZ_4_SHELF_3","RACK","TRUE","TRAY","Freezer #4 Shelf 3 Rack 4","0.0000000000000000E+00","0.0000000000000000E+00",,,"0.0000000000000000E+00","0.0000000000000000E+00","0.0000000000000000E+00","FALSE",,"1"
"FRZ_4_SHELF_3_RACK_5",,"Freezer #4 Shelf 3 Rack 5","TRUE","FALSE","0","FRZ_4_SHELF_3","RACK","TRUE","TRAY","Freezer #4 Shelf 3 Rack 5","0.0000000000000000E+00","0.0000000000000000E+00",,,"0.0000000000000000E+00","0.0000000000000000E+00","0.0000000000000000E+00","FALSE",,"1"
"FRZ_4_SHELF_4_RACK_1",,"Freezer #4 Shelf 4 Rack 1","TRUE","FALSE","0","FRZ_4_SHELF_4","RACK","TRUE","TRAY","Freezer #4 Shelf 4 Rack 1","0.0000000000000000E+00","0.0000000000000000E+00",,,"0.0000000000000000E+00","0.0000000000000000E+00","0.0000000000000000E+00","FALSE",,"1"
"FRZ_4_SHELF_4_RACK_2",,"Freezer #4 Shelf 4 Rack 2","TRUE","FALSE","0","FRZ_4_SHELF_4","RACK","TRUE","TRAY","Freezer #4 Shelf 4 Rack 2","0.0000000000000000E+00","0.0000000000000000E+00",,,"0.0000000000000000E+00","0.0000000000000000E+00","0.0000000000000000E+00","FALSE",,"1"
"FRZ_4_SHELF_4_RACK_3",,"Freezer #4 Shelf 4 Rack 3","TRUE","FALSE","0","FRZ_4_SHELF_4","RACK","TRUE","TRAY","Freezer #4 Shelf 4 Rack 3","0.0000000000000000E+00","0.0000000000000000E+00",,,"0.0000000000000000E+00","0.0000000000000000E+00","0.0000000000000000E+00","FALSE",,"1"
"FRZ_4_SHELF_4_RACK_4",,"Freezer #4 Shelf 4 Rack 4","TRUE","FALSE","0","FRZ_4_SHELF_4","RACK","TRUE","TRAY","Freezer #4 Shelf 4 Rack 4","0.0000000000000000E+00","0.0000000000000000E+00",,,"0.0000000000000000E+00","0.0000000000000000E+00","0.0000000000000000E+00","FALSE",,"1"
"FRZ_4_SHELF_4_RACK_5",,"Freezer #4 Shelf 4 Rack 5","TRUE","FALSE","0","FRZ_4_SHELF_4","RACK","TRUE","TRAY","Freezer #4 Shelf 4 Rack 5","0.0000000000000000E+00","0.0000000000000000E+00",,,"0.0000000000000000E+00","0.0000000000000000E+00","0.0000000000000000E+00","FALSE",,"1"
"FRZ_5_SHELF_1",,"Freezer #5 Shelf 1","TRUE","FALSE","0","FRZ_5","SHELF","TRUE","CUPBOARD","Freezer #5 Shelf 1","0.0000000000000000E+00","0.0000000000000000E+00",,,"0.0000000000000000E+00","0.0000000000000000E+00","0.0000000000000000E+00","FALSE",,"1"
"FRZ_5_SHELF_2",,"Freezer #5 Shelf 2","TRUE","FALSE","0","FRZ_5","SHELF","TRUE","CUPBOARD","Freezer #5 Shelf 2","0.0000000000000000E+00","0.0000000000000000E+00",,,"0.0000000000000000E+00","0.0000000000000000E+00","0.0000000000000000E+00","FALSE",,"1"
"FRZ_5_SHELF_3",,"Freezer #5 Shelf 3","TRUE","FALSE","0","FRZ_5","SHELF","TRUE","CUPBOARD","Freezer #5 Shelf 3","0.0000000000000000E+00","0.0000000000000000E+00",,,"0.0000000000000000E+00","0.0000000000000000E+00","0.0000000000000000E+00","FALSE",,"1"
"FRZ_5_SHELF_4",,"Freezer #5 Shelf 4","TRUE","FALSE","0","FRZ_5","SHELF","TRUE","CUPBOARD","Freezer #5 Shelf 4","0.0000000000000000E+00","0.0000000000000000E+00",,,"0.0000000000000000E+00","0.0000000000000000E+00","0.0000000000000000E+00","FALSE",,"1"
"FRZ_5_SHELF_1_RACK_1",,"Freezer #5 Shelf 1 Rack 1","TRUE","FALSE","0","FRZ_5_SHELF_1","RACK","TRUE","TRAY","Freezer #5 Shelf 1 Rack 1","0.0000000000000000E+00","0.0000000000000000E+00",,,"0.0000000000000000E+00","0.0000000000000000E+00","0.0000000000000000E+00","FALSE",,"1"
"FRZ_5_SHELF_1_RACK_2",,"Freezer #5 Shelf 1 Rack 2","TRUE","FALSE","0","FRZ_5_SHELF_1","RACK","TRUE","TRAY","Freezer #5 Shelf 1 Rack 2","0.0000000000000000E+00","0.0000000000000000E+00",,,"0.0000000000000000E+00","0.0000000000000000E+00","0.0000000000000000E+00","FALSE",,"1"
"FRZ_5_SHELF_1_RACK_3",,"Freezer #5 Shelf 1 Rack 3","TRUE","FALSE","0","FRZ_5_SHELF_1","RACK","TRUE","TRAY","Freezer #5 Shelf 1 Rack 3","0.0000000000000000E+00","0.0000000000000000E+00",,,"0.0000000000000000E+00","0.0000000000000000E+00","0.0000000000000000E+00","FALSE",,"1"
"FRZ_5_SHELF_1_RACK_4",,"Freezer #5 Shelf 1 Rack 4","TRUE","FALSE","0","FRZ_5_SHELF_1","RACK","TRUE","TRAY","Freezer #5 Shelf 1 Rack 4","0.0000000000000000E+00","0.0000000000000000E+00",,,"0.0000000000000000E+00","0.0000000000000000E+00","0.0000000000000000E+00","FALSE",,"1"
"FRZ_5_SHELF_1_RACK_5",,"Freezer #5 Shelf 1 Rack 5","TRUE","FALSE","0","FRZ_5_SHELF_1","RACK","TRUE","TRAY","Freezer #5 Shelf 1 Rack 5","0.0000000000000000E+00","0.0000000000000000E+00",,,"0.0000000000000000E+00","0.0000000000000000E+00","0.0000000000000000E+00","FALSE",,"1"
"FRZ_5_SHELF_2_RACK_1",,"Freezer #5 Shelf 2 Rack 1","TRUE","FALSE","0","FRZ_5_SHELF_2","RACK","TRUE","TRAY","Freezer #5 Shelf 2 Rack 1","0.0000000000000000E+00","0.0000000000000000E+00",,,"0.0000000000000000E+00","0.0000000000000000E+00","0.0000000000000000E+00","FALSE",,"1"
"FRZ_5_SHELF_2_RACK_2",,"Freezer #5 Shelf 2 Rack 2","TRUE","FALSE","0","FRZ_5_SHELF_2","RACK","TRUE","TRAY","Freezer #5 Shelf 2 Rack 2","0.0000000000000000E+00","0.0000000000000000E+00",,,"0.0000000000000000E+00","0.0000000000000000E+00","0.0000000000000000E+00","FALSE",,"1"
"FRZ_5_SHELF_2_RACK_3",,"Freezer #5 Shelf 2 Rack 3","TRUE","FALSE","0","FRZ_5_SHELF_2","RACK","TRUE","TRAY","Freezer #5 Shelf 2 Rack 3","0.0000000000000000E+00","0.0000000000000000E+00",,,"0.0000000000000000E+00","0.0000000000000000E+00","0.0000000000000000E+00","FALSE",,"1"
"FRZ_5_SHELF_2_RACK_4",,"Freezer #5 Shelf 2 Rack 4","TRUE","FALSE","0","FRZ_5_SHELF_2","RACK","TRUE","TRAY","Freezer #5 Shelf 2 Rack 4","0.0000000000000000E+00","0.0000000000000000E+00",,,"0.0000000000000000E+00","0.0000000000000000E+00","0.0000000000000000E+00","FALSE",,"1"
"FRZ_5_SHELF_2_RACK_5",,"Freezer #5 Shelf 2 Rack 5","TRUE","FALSE","0","FRZ_5_SHELF_2","RACK","TRUE","TRAY","Freezer #5 Shelf 2 Rack 5","0.0000000000000000E+00","0.0000000000000000E+00",,,"0.0000000000000000E+00","0.0000000000000000E+00","0.0000000000000000E+00","FALSE",,"1"
"FRZ_5_SHELF_3_RACK_1",,"Freezer #5 Shelf 3 Rack 1","TRUE","FALSE","0","FRZ_5_SHELF_3","RACK","TRUE","TRAY","Freezer #5 Shelf 3 Rack 1","0.0000000000000000E+00","0.0000000000000000E+00",,,"0.0000000000000000E+00","0.0000000000000000E+00","0.0000000000000000E+00","FALSE",,"1"
"FRZ_5_SHELF_3_RACK_2",,"Freezer #5 Shelf 3 Rack 2","TRUE","FALSE","0","FRZ_5_SHELF_3","RACK","TRUE","TRAY","Freezer #5 Shelf 3 Rack 2","0.0000000000000000E+00","0.0000000000000000E+00",,,"0.0000000000000000E+00","0.0000000000000000E+00","0.0000000000000000E+00","FALSE",,"1"
"FRZ_5_SHELF_3_RACK_3",,"Freezer #5 Shelf 3 Rack 3","TRUE","FALSE","0","FRZ_5_SHELF_3","RACK","TRUE","TRAY","Freezer #5 Shelf 3 Rack 3","0.0000000000000000E+00","0.0000000000000000E+00",,,"0.0000000000000000E+00","0.0000000000000000E+00","0.0000000000000000E+00","FALSE",,"1"
"FRZ_5_SHELF_3_RACK_4",,"Freezer #5 Shelf 3 Rack 4","TRUE","FALSE","0","FRZ_5_SHELF_3","RACK","TRUE","TRAY","Freezer #5 Shelf 3 Rack 4","0.0000000000000000E+00","0.0000000000000000E+00",,,"0.0000000000000000E+00","0.0000000000000000E+00","0.0000000000000000E+00","FALSE",,"1"
"FRZ_5_SHELF_3_RACK_5",,"Freezer #5 Shelf 3 Rack 5","TRUE","FALSE","0","FRZ_5_SHELF_3","RACK","TRUE","TRAY","Freezer #5 Shelf 3 Rack 5","0.0000000000000000E+00","0.0000000000000000E+00",,,"0.0000000000000000E+00","0.0000000000000000E+00","0.0000000000000000E+00","FALSE",,"1"
"FRZ_5_SHELF_4_RACK_1",,"Freezer #5 Shelf 4 Rack 1","TRUE","FALSE","0","FRZ_5_SHELF_4","RACK","TRUE","TRAY","Freezer #5 Shelf 4 Rack 1","0.0000000000000000E+00","0.0000000000000000E+00",,,"0.0000000000000000E+00","0.0000000000000000E+00","0.0000000000000000E+00","FALSE",,"1"
"FRZ_5_SHELF_4_RACK_2",,"Freezer #5 Shelf 4 Rack 2","TRUE","FALSE","0","FRZ_5_SHELF_4","RACK","TRUE","TRAY","Freezer #5 Shelf 4 Rack 2","0.0000000000000000E+00","0.0000000000000000E+00",,,"0.0000000000000000E+00","0.0000000000000000E+00","0.0000000000000000E+00","FALSE",,"1"
"FRZ_5_SHELF_4_RACK_3",,"Freezer #5 Shelf 4 Rack 3","TRUE","FALSE","0","FRZ_5_SHELF_4","RACK","TRUE","TRAY","Freezer #5 Shelf 4 Rack 3","0.0000000000000000E+00","0.0000000000000000E+00",,,"0.0000000000000000E+00","0.0000000000000000E+00","0.0000000000000000E+00","FALSE",,"1"
"FRZ_5_SHELF_4_RACK_4",,"Freezer #5 Shelf 4 Rack 4","TRUE","FALSE","0","FRZ_5_SHELF_4","RACK","TRUE","TRAY","Freezer #5 Shelf 4 Rack 4","0.0000000000000000E+00","0.0000000000000000E+00",,,"0.0000000000000000E+00","0.0000000000000000E+00","0.0000000000000000E+00","FALSE",,"1"
"FRZ_5_SHELF_4_RACK_5",,"Freezer #5 Shelf 4 Rack 5","TRUE","FALSE","0","FRZ_5_SHELF_4","RACK","TRUE","TRAY","Freezer #5 Shelf 4 Rack 5","0.0000000000000000E+00","0.0000000000000000E+00",,,"0.0000000000000000E+00","0.0000000000000000E+00","0.0000000000000000E+00","FALSE",,"1"
"FRZ_6_SHELF_1",,"Freezer #6 Shelf 1","TRUE","FALSE","0","FRZ_6","SHELF","TRUE","CUPBOARD","Freezer #6 Shelf 1","0.0000000000000000E+00","0.0000000000000000E+00",,,"0.0000000000000000E+00","0.0000000000000000E+00","0.0000000000000000E+00","FALSE",,"1"
"FRZ_6_SHELF_2",,"Freezer #6 Shelf 2","TRUE","FALSE","0","FRZ_6","SHELF","TRUE","CUPBOARD","Freezer #6 Shelf 2","0.0000000000000000E+00","0.0000000000000000E+00",,,"0.0000000000000000E+00","0.0000000000000000E+00","0.0000000000000000E+00","FALSE",,"1"
"FRZ_6_SHELF_3",,"Freezer #6 Shelf 3","TRUE","FALSE","0","FRZ_6","SHELF","TRUE","CUPBOARD","Freezer #6 Shelf 3","0.0000000000000000E+00","0.0000000000000000E+00",,,"0.0000000000000000E+00","0.0000000000000000E+00","0.0000000000000000E+00","FALSE",,"1"
"FRZ_6_DOOR_SHELF_1",,"Freezer #6 Door Shelf 1","TRUE","FALSE","0","FRZ_6","SHELF","TRUE","CUPBOARD","Freezer #6 Door Shelf 1","0.0000000000000000E+00","0.0000000000000000E+00",,,"0.0000000000000000E+00","0.0000000000000000E+00","0.0000000000000000E+00","FALSE",,"1"
"FRZ_6_DOOR_SHELF_2",,"Freezer #6 Door Shelf 2","TRUE","FALSE","0","FRZ_6","SHELF","TRUE","CUPBOARD","Freezer #6 Door Shelf 2","0.0000000000000000E+00","0.0000000000000000E+00",,,"0.0000000000000000E+00","0.0000000000000000E+00","0.0000000000000000E+00","FALSE",,"1"
"FRZ_6_DOOR_SHELF_3",,"Freezer #6 Door Shelf 3","TRUE","FALSE","0","FRZ_6","SHELF","TRUE","CUPBOARD","Freezer #6 Door Shelf 3","0.0000000000000000E+00","0.0000000000000000E+00",,,"0.0000000000000000E+00","0.0000000000000000E+00","0.0000000000000000E+00","FALSE",,"1"
"FRZ_9_SHELF_1",,"Administration Samples","TRUE","FALSE","0","FRZ_9","SHELF","TRUE","CUPBOARD","Freezer #9 Shelf 1","0.0000000000000000E+00","0.0000000000000000E+00",,,"0.0000000000000000E+00","0.0000000000000000E+00","0.0000000000000000E+00","FALSE",,"1"
"FRZ_9_SHELF_2",,"Working Stocks","TRUE","FALSE","0","FRZ_9","SHELF","TRUE","CUPBOARD","Freezer #9 Shelf 2","0.0000000000000000E+00","0.0000000000000000E+00",,,"0.0000000000000000E+00","0.0000000000000000E+00","0.0000000000000000E+00","FALSE",,"1"
"FRZ_9_SHELF_3",,"Working Stocks","TRUE","FALSE","0","FRZ_9","SHELF","TRUE","CUPBOARD","Freezer #9 Shelf 3","0.0000000000000000E+00","0.0000000000000000E+00",,,"0.0000000000000000E+00","0.0000000000000000E+00","0.0000000000000000E+00","FALSE",,"1"
"FRZ_9_SHELF_4",,"Working Stocks","TRUE","FALSE","0","FRZ_9","SHELF","TRUE","CUPBOARD","Freezer #9 Shelf 4","0.0000000000000000E+00","0.0000000000000000E+00",,,"0.0000000000000000E+00","0.0000000000000000E+00","0.0000000000000000E+00","FALSE",,"1"
"FRZ_9_SHELF_1_RACK_1",,"Freezer #9 Shelf 1 Rack 1","TRUE","FALSE","0","FRZ_9_SHELF_1","RACK","TRUE","TRAY","Freezer #9 Shelf 1 Rack 1","0.0000000000000000E+00","0.0000000000000000E+00",,,"0.0000000000000000E+00","0.0000000000000000E+00","0.0000000000000000E+00","FALSE",,"1"
"FRZ_9_SHELF_1_RACK_2",,"Freezer #9 Shelf 1 Rack 2","TRUE","FALSE","0","FRZ_9_SHELF_1","RACK","TRUE","TRAY","Freezer #9 Shelf 1 Rack 2","0.0000000000000000E+00","0.0000000000000000E+00",,,"0.0000000000000000E+00","0.0000000000000000E+00","0.0000000000000000E+00","FALSE",,"1"
"FRZ_9_SHELF_1_RACK_3",,"Freezer #9 Shelf 1 Rack 3","TRUE","FALSE","0","FRZ_9_SHELF_1","RACK","TRUE","TRAY","Freezer #9 Shelf 1 Rack 3","0.0000000000000000E+00","0.0000000000000000E+00",,,"0.0000000000000000E+00","0.0000000000000000E+00","0.0000000000000000E+00","FALSE",,"1"
"FRZ_9_SHELF_1_RACK_4",,"Freezer #9 Shelf 1 Rack 4","TRUE","FALSE","0","FRZ_9_SHELF_1","RACK","TRUE","TRAY","Freezer #9 Shelf 1 Rack 4","0.0000000000000000E+00","0.0000000000000000E+00",,,"0.0000000000000000E+00","0.0000000000000000E+00","0.0000000000000000E+00","FALSE",,"1"
"FRZ_9_SHELF_1_RACK_5",,"Freezer #9 Shelf 1 Rack 5","TRUE","FALSE","0","FRZ_9_SHELF_1","RACK","TRUE","TRAY","Freezer #9 Shelf 1 Rack 5","0.0000000000000000E+00","0.0000000000000000E+00",,,"0.0000000000000000E+00","0.0000000000000000E+00","0.0000000000000000E+00","FALSE",,"1"
"FRZ_9_SHELF_2_RACK_1",,"Freezer #9 Shelf 2 Rack 1","TRUE","FALSE","0","FRZ_9_SHELF_2","RACK","TRUE","TRAY","Freezer #9 Shelf 2 Rack 1","0.0000000000000000E+00","0.0000000000000000E+00",,,"0.0000000000000000E+00","0.0000000000000000E+00","0.0000000000000000E+00","FALSE",,"1"
"FRZ_9_SHELF_2_RACK_2",,"Freezer #9 Shelf 2 Rack 2","TRUE","FALSE","0","FRZ_9_SHELF_2","RACK","TRUE","TRAY","Freezer #9 Shelf 2 Rack 2","0.0000000000000000E+00","0.0000000000000000E+00",,,"0.0000000000000000E+00","0.0000000000000000E+00","0.0000000000000000E+00","FALSE",,"1"
"FRZ_9_SHELF_2_RACK_3",,"Freezer #9 Shelf 2 Rack 3","TRUE","FALSE","0","FRZ_9_SHELF_2","RACK","TRUE","TRAY","Freezer #9 Shelf 2 Rack 3","0.0000000000000000E+00","0.0000000000000000E+00",,,"0.0000000000000000E+00","0.0000000000000000E+00","0.0000000000000000E+00","FALSE",,"1"
"FRZ_9_SHELF_2_RACK_4",,"Freezer #9 Shelf 2 Rack 4","TRUE","FALSE","0","FRZ_9_SHELF_2","RACK","TRUE","TRAY","Freezer #9 Shelf 2 Rack 4","0.0000000000000000E+00","0.0000000000000000E+00",,,"0.0000000000000000E+00","0.0000000000000000E+00","0.0000000000000000E+00","FALSE",,"1"
"FRZ_9_SHELF_2_RACK_5",,"Freezer #9 Shelf 2 Rack 5","TRUE","FALSE","0","FRZ_9_SHELF_2","RACK","TRUE","TRAY","Freezer #9 Shelf 2 Rack 5","0.0000000000000000E+00","0.0000000000000000E+00",,,"0.0000000000000000E+00","0.0000000000000000E+00","0.0000000000000000E+00","FALSE",,"1"
"FRZ_9_SHELF_3_RACK_1",,"Freezer #9 Shelf 3 Rack 1","TRUE","FALSE","0","FRZ_9_SHELF_3","RACK","TRUE","TRAY","Freezer #9 Shelf 3 Rack 1","0.0000000000000000E+00","0.0000000000000000E+00",,,"0.0000000000000000E+00","0.0000000000000000E+00","0.0000000000000000E+00","FALSE",,"1"
"FRZ_9_SHELF_3_RACK_2",,"Freezer #9 Shelf 3 Rack 2","TRUE","FALSE","0","FRZ_9_SHELF_3","RACK","TRUE","TRAY","Freezer #9 Shelf 3 Rack 2","0.0000000000000000E+00","0.0000000000000000E+00",,,"0.0000000000000000E+00","0.0000000000000000E+00","0.0000000000000000E+00","FALSE",,"1"
"FRZ_9_SHELF_3_RACK_3",,"Freezer #9 Shelf 3 Rack 3","TRUE","FALSE","0","FRZ_9_SHELF_3","RACK","TRUE","TRAY","Freezer #9 Shelf 3 Rack 3","0.0000000000000000E+00","0.0000000000000000E+00",,,"0.0000000000000000E+00","0.0000000000000000E+00","0.0000000000000000E+00","FALSE",,"1"
"FRZ_9_SHELF_3_RACK_4",,"Freezer #9 Shelf 3 Rack 4","TRUE","FALSE","0","FRZ_9_SHELF_3","RACK","TRUE","TRAY","Freezer #9 Shelf 3 Rack 4","0.0000000000000000E+00","0.0000000000000000E+00",,,"0.0000000000000000E+00","0.0000000000000000E+00","0.0000000000000000E+00","FALSE",,"1"
"FRZ_9_SHELF_3_RACK_5",,"Freezer #9 Shelf 3 Rack 5","TRUE","FALSE","0","FRZ_9_SHELF_3","RACK","TRUE","TRAY","Freezer #9 Shelf 3 Rack 5","0.0000000000000000E+00","0.0000000000000000E+00",,,"0.0000000000000000E+00","0.0000000000000000E+00","0.0000000000000000E+00","FALSE",,"1"
"FRZ_9_SHELF_4_RACK_1",,"Freezer #9 Shelf 4 Rack 1","TRUE","FALSE","0","FRZ_9_SHELF_4","RACK","TRUE","TRAY","Freezer #9 Shelf 4 Rack 1","0.0000000000000000E+00","0.0000000000000000E+00",,,"0.0000000000000000E+00","0.0000000000000000E+00","0.0000000000000000E+00","FALSE",,"1"
"FRZ_9_SHELF_4_RACK_2",,"Freezer #9 Shelf 4 Rack 2","TRUE","FALSE","0","FRZ_9_SHELF_4","RACK","TRUE","TRAY","Freezer #9 Shelf 4 Rack 2","0.0000000000000000E+00","0.0000000000000000E+00",,,"0.0000000000000000E+00","0.0000000000000000E+00","0.0000000000000000E+00","FALSE",,"1"
"FRZ_9_SHELF_4_RACK_3",,"Freezer #9 Shelf 4 Rack 3","TRUE","FALSE","0","FRZ_9_SHELF_4","RACK","TRUE","TRAY","Freezer #9 Shelf 4 Rack 3","0.0000000000000000E+00","0.0000000000000000E+00",,,"0.0000000000000000E+00","0.0000000000000000E+00","0.0000000000000000E+00","FALSE",,"1"
"FRZ_9_SHELF_4_RACK_4",,"Freezer #9 Shelf 4 Rack 4","TRUE","FALSE","0","FRZ_9_SHELF_4","RACK","TRUE","TRAY","Freezer #9 Shelf 4 Rack 4","0.0000000000000000E+00","0.0000000000000000E+00",,,"0.0000000000000000E+00","0.0000000000000000E+00","0.0000000000000000E+00","FALSE",,"1"
"FRZ_9_SHELF_4_RACK_5",,"Freezer #9 Shelf 4 Rack 5","TRUE","FALSE","0","FRZ_9_SHELF_4","RACK","TRUE","TRAY","Freezer #9 Shelf 4 Rack 5","0.0000000000000000E+00","0.0000000000000000E+00",,,"0.0000000000000000E+00","0.0000000000000000E+00","0.0000000000000000E+00","FALSE",,"1"
"NBC_PVEPL_LAB",,"PennVet Equine Pharmacology Lab","TRUE","FALSE","0","NBC","ROOM","TRUE","ROOM","NBC PVEPL Lab","0.0000000000000000E+00","0.0000000000000000E+00",,,"0.0000000000000000E+00","0.0000000000000000E+00","0.0000000000000000E+00","FALSE",,"1"
"NBC_PRC_OFFICE",,"Research Barn Office","TRUE","FALSE","0","NBC","ROOM","TRUE","ROOM","NBC PRC Office","0.0000000000000000E+00","0.0000000000000000E+00",,,"0.0000000000000000E+00","0.0000000000000000E+00","0.0000000000000000E+00","FALSE",,"1"
"NBC_PRC_BARN",,"Research Barn","TRUE","FALSE","0","NBC","ROOM","TRUE","ROOM","NBC PRC Barn","0.0000000000000000E+00","0.0000000000000000E+00",,,"0.0000000000000000E+00","0.0000000000000000E+00","0.0000000000000000E+00","FALSE",,"1"
"ROOM_150",,"North Lab","TRUE","FALSE","0","PETRL_NORTH_LAB","ROOM","TRUE","ROOM","Room 150 North Lab","0.0000000000000000E+00","0.0000000000000000E+00",,,"0.0000000000000000E+00","0.0000000000000000E+00","0.0000000000000000E+00","FALSE",,"1"
"ROOM_150A",,"Exactive Workstation  #11","TRUE","FALSE","0","PETRL_NORTH_LAB","ROOM","TRUE","ROOM","Room 150A Exactive Workstation #11","0.0000000000000000E+00","0.0000000000000000E+00",,,"0.0000000000000000E+00","0.0000000000000000E+00","0.0000000000000000E+00","FALSE",,"1"
"ROOM_150B",,"Q Exactive New Workstation #15","TRUE","FALSE","0","PETRL_NORTH_LAB","ROOM","TRUE","ROOM","Room 150B Q Exactive New Workstation #15","0.0000000000000000E+00","0.0000000000000000E+00",,,"0.0000000000000000E+00","0.0000000000000000E+00","0.0000000000000000E+00","FALSE",,"1"
"ROOM_150C",,"Q Exactive North Workstation #9","TRUE","FALSE","0","PETRL_NORTH_LAB","ROOM","TRUE","ROOM","Room 150C Q Exactive North Workstation #9","0.0000000000000000E+00","0.0000000000000000E+00",,,"0.0000000000000000E+00","0.0000000000000000E+00","0.0000000000000000E+00","FALSE",,"1"
"ROOM_150D",,"LTQ XL Workstation #8","TRUE","FALSE","0","PETRL_NORTH_LAB","ROOM","TRUE","ROOM","Room 150D LTQ XL Workstation #8","0.0000000000000000E+00","0.0000000000000000E+00",,,"0.0000000000000000E+00","0.0000000000000000E+00","0.0000000000000000E+00","FALSE",,"1"
"ROOM_141",,"QTRAP 4000 Workstation #4 and Access Workstation # 10","TRUE","FALSE","0","PETRL_NORTH_LAB","ROOM","TRUE","ROOM","Room 141 QTRAP 4000 and Access Workstations","0.0000000000000000E+00","0.0000000000000000E+00",,,"0.0000000000000000E+00","0.0000000000000000E+00","0.0000000000000000E+00","FALSE",,"1"
"ROOM_142",,"ICP-MS Workstation #14","TRUE","FALSE","0","PETRL_NORTH_LAB","ROOM","TRUE","ROOM","Room 142 ICP-MS Workstation #14","0.0000000000000000E+00","0.0000000000000000E+00",,,"0.0000000000000000E+00","0.0000000000000000E+00","0.0000000000000000E+00","FALSE",,"1"
"ROOM_143",,"Nitrogen Generator Room","TRUE","FALSE","0","PETRL_NORTH_LAB","ROOM","TRUE","ROOM","Room 143 Nitrogen Generator Room","0.0000000000000000E+00","0.0000000000000000E+00",,,"0.0000000000000000E+00","0.0000000000000000E+00","0.0000000000000000E+00","FALSE",,"1"
"ROOM_106",,"File Room and Hair Sample Storage","TRUE","FALSE","0","PETRL_SOUTH_LAB","ROOM","TRUE","ROOM","Room 106 File Room","0.0000000000000000E+00","0.0000000000000000E+00",,,"0.0000000000000000E+00","0.0000000000000000E+00","0.0000000000000000E+00","FALSE",,"1"
"ROOM_109",,"Pharmacy","TRUE","FALSE","0","PETRL_SOUTH_LAB","ROOM","TRUE","ROOM","Room 109 Pharmacy","0.0000000000000000E+00","0.0000000000000000E+00",,,"0.0000000000000000E+00","0.0000000000000000E+00","0.0000000000000000E+00","FALSE",,"1"
"ROOM_116",,"Research Lab","TRUE","FALSE","0","PETRL_SOUTH_LAB","ROOM","TRUE","ROOM","Room 116 Research Lab","0.0000000000000000E+00","0.0000000000000000E+00",,,"0.0000000000000000E+00","0.0000000000000000E+00","0.0000000000000000E+00","FALSE",,"1"
"ROOM_118",,"GC-MS and Research Lab","TRUE","FALSE","0","PETRL_SOUTH_LAB","ROOM","TRUE","ROOM","Room 118 GC-MS and Research Lab","0.0000000000000000E+00","0.0000000000000000E+00",,,"0.0000000000000000E+00","0.0000000000000000E+00","0.0000000000000000E+00","FALSE",,"1"
"ROOM_119",,"ELISA Lab","TRUE","FALSE","0","PETRL_SOUTH_LAB","ROOM","TRUE","ROOM","Room 119 ELISA Lab","0.0000000000000000E+00","0.0000000000000000E+00",,,"0.0000000000000000E+00","0.0000000000000000E+00","0.0000000000000000E+00","FALSE",,"1"
"ROOM_121",,"Balance Room","TRUE","FALSE","0","PETRL_SOUTH_LAB","ROOM","TRUE","ROOM","Room 121 Balance Room","0.0000000000000000E+00","0.0000000000000000E+00",,,"0.0000000000000000E+00","0.0000000000000000E+00","0.0000000000000000E+00","FALSE",,"1"
"ROOM_122",,"Forensic and Research Lab","TRUE","FALSE","0","PETRL_SOUTH_LAB","ROOM","TRUE","ROOM","Room 122 Forensic and Research Lab","0.0000000000000000E+00","0.0000000000000000E+00",,,"0.0000000000000000E+00","0.0000000000000000E+00","0.0000000000000000E+00","FALSE",,"1"
"ROOM_123",,"Main Store Room","TRUE","FALSE","0","PETRL_SOUTH_LAB","ROOM","TRUE","ROOM","Room 123 Main Store Room","0.0000000000000000E+00","0.0000000000000000E+00",,,"0.0000000000000000E+00","0.0000000000000000E+00","0.0000000000000000E+00","FALSE",,"1"
"ROOM_124",,"Sample Receiving Room","TRUE","FALSE","0","PETRL_SOUTH_LAB","ROOM","TRUE","ROOM","Room 124 Sample Receiving Room","0.0000000000000000E+00","0.0000000000000000E+00",,,"0.0000000000000000E+00","0.0000000000000000E+00","0.0000000000000000E+00","FALSE",,"1"
"ROOM_125",,"Freezer Room","TRUE","FALSE","0","PETRL_SOUTH_LAB","ROOM","TRUE","ROOM","Room 125 Freezer Room","0.0000000000000000E+00","0.0000000000000000E+00",,,"0.0000000000000000E+00","0.0000000000000000E+00","0.0000000000000000E+00","FALSE",,"1"
"REF_17_SHELF_1_LEFT",,"Refrigerator #17 Shelf 1 Left","TRUE","FALSE","0","REF_17","SHELF","TRUE","CUPBOARD","Refrigerator #17 Shelf 1 Left","0.0000000000000000E+00","0.0000000000000000E+00",,,"0.0000000000000000E+00","0.0000000000000000E+00","0.0000000000000000E+00","FALSE",,"1"
"REF_17_SHELF_1_CENTER",,"Refrigerator #17 Shelf 1 Center","TRUE","FALSE","0","REF_17","SHELF","TRUE","CUPBOARD","Refrigerator #17 Shelf 1 Center","0.0000000000000000E+00","0.0000000000000000E+00",,,"0.0000000000000000E+00","0.0000000000000000E+00","0.0000000000000000E+00","FALSE",,"1"
"REF_17_SHELF_1_RIGHT",,"Refrigerator #17 Shelf 1 Right","TRUE","FALSE","0","REF_17","SHELF","TRUE","CUPBOARD","Refrigerator #17 Shelf 1 Right","0.0000000000000000E+00","0.0000000000000000E+00",,,"0.0000000000000000E+00","0.0000000000000000E+00","0.0000000000000000E+00","FALSE",,"1"
"REF_17_SHELF_2_LEFT",,"Refrigerator #17 Shelf 2 Left","TRUE","FALSE","0","REF_17","SHELF","TRUE","CUPBOARD","Refrigerator #17 Shelf 2 Left","0.0000000000000000E+00","0.0000000000000000E+00",,,"0.0000000000000000E+00","0.0000000000000000E+00","0.0000000000000000E+00","FALSE",,"1"
"REF_17_SHELF_2_CENTER",,"Refrigerator #17 Shelf 2 Center","TRUE","FALSE","0","REF_17","SHELF","TRUE","CUPBOARD","Refrigerator #17 Shelf 2 Center","0.0000000000000000E+00","0.0000000000000000E+00",,,"0.0000000000000000E+00","0.0000000000000000E+00","0.0000000000000000E+00","FALSE",,"1"
"REF_17_SHELF_2_RIGHT",,"Refrigerator #17 Shelf 2 Right","TRUE","FALSE","0","REF_17","SHELF","TRUE","CUPBOARD","Refrigerator #17 Shelf 2 Right","0.0000000000000000E+00","0.0000000000000000E+00",,,"0.0000000000000000E+00","0.0000000000000000E+00","0.0000000000000000E+00","FALSE",,"1"
"REF_17_SHELF_3_LEFT",,"Refrigerator #17 Shelf 3 Left","TRUE","FALSE","0","REF_17","SHELF","TRUE","CUPBOARD","Refrigerator #17 Shelf 3 Left","0.0000000000000000E+00","0.0000000000000000E+00",,,"0.0000000000000000E+00","0.0000000000000000E+00","0.0000000000000000E+00","FALSE",,"1"
"REF_17_SHELF_3_CENTER",,"Refrigerator #17 Shelf 3 Center","TRUE","FALSE","0","REF_17","SHELF","TRUE","CUPBOARD","Refrigerator #17 Shelf 3 Center","0.0000000000000000E+00","0.0000000000000000E+00",,,"0.0000000000000000E+00","0.0000000000000000E+00","0.0000000000000000E+00","FALSE",,"1"
"REF_17_SHELF_3_RIGHT",,"Refrigerator #17 Shelf 3 Right","TRUE","FALSE","0","REF_17","SHELF","TRUE","CUPBOARD","Refrigerator #17 Shelf 3 Right","0.0000000000000000E+00","0.0000000000000000E+00",,,"0.0000000000000000E+00","0.0000000000000000E+00","0.0000000000000000E+00","FALSE",,"1"
"REF_17_SHELF_4_LEFT",,"Refrigerator #17 Shelf 4 Left","TRUE","FALSE","0","REF_17","SHELF","TRUE","CUPBOARD","Refrigerator #17 Shelf 4 Left","0.0000000000000000E+00","0.0000000000000000E+00",,,"0.0000000000000000E+00","0.0000000000000000E+00","0.0000000000000000E+00","FALSE",,"1"
"REF_17_SHELF_4_CENTER",,"Refrigerator #17 Shelf 4 Center","TRUE","FALSE","0","REF_17","SHELF","TRUE","CUPBOARD","Refrigerator #17 Shelf 4 Center","0.0000000000000000E+00","0.0000000000000000E+00",,,"0.0000000000000000E+00","0.0000000000000000E+00","0.0000000000000000E+00","FALSE",,"1"
"REF_17_SHELF_4_RIGHT",,"Refrigerator #17 Shelf 4 Right","TRUE","FALSE","0","REF_17","SHELF","TRUE","CUPBOARD","Refrigerator #17 Shelf 4 Right","0.0000000000000000E+00","0.0000000000000000E+00",,,"0.0000000000000000E+00","0.0000000000000000E+00","0.0000000000000000E+00","FALSE",,"1"
"REF_17_SHELF_5_LEFT",,"Refrigerator #17 Shelf 5 Left","TRUE","FALSE","0","REF_17","SHELF","TRUE","CUPBOARD","Refrigerator #17 Shelf 5 Left","0.0000000000000000E+00","0.0000000000000000E+00",,,"0.0000000000000000E+00","0.0000000000000000E+00","0.0000000000000000E+00","FALSE",,"1"
"REF_17_SHELF_5_CENTER",,"Refrigerator #17 Shelf 5 Center","TRUE","FALSE","0","REF_17","SHELF","TRUE","CUPBOARD","Refrigerator #17 Shelf 5 Center","0.0000000000000000E+00","0.0000000000000000E+00",,,"0.0000000000000000E+00","0.0000000000000000E+00","0.0000000000000000E+00","FALSE",,"1"
"REF_17_SHELF_5_RIGHT",,"Refrigerator #17 Shelf 5 Right","TRUE","FALSE","0","REF_17","SHELF","TRUE","CUPBOARD","Refrigerator #17 Shelf 5 Right","0.0000000000000000E+00","0.0000000000000000E+00",,,"0.0000000000000000E+00","0.0000000000000000E+00","0.0000000000000000E+00","FALSE",,"1"
"REF_18_SHELF_1_LEFT",,"Refrigerator #18 Shelf 1 Left","TRUE","FALSE","0","REF_18","SHELF","TRUE","CUPBOARD","Refrigerator #18 Shelf 1 Left","0.0000000000000000E+00","0.0000000000000000E+00",,,"0.0000000000000000E+00","0.0000000000000000E+00","0.0000000000000000E+00","FALSE",,"1"
"REF_18_SHELF_1_CENTER",,"Refrigerator #18 Shelf 1 Center","TRUE","FALSE","0","REF_18","SHELF","TRUE","CUPBOARD","Refrigerator #18 Shelf 1 Center","0.0000000000000000E+00","0.0000000000000000E+00",,,"0.0000000000000000E+00","0.0000000000000000E+00","0.0000000000000000E+00","FALSE",,"1"
"REF_18_SHELF_1_RIGHT",,"Refrigerator #18 Shelf 1 Right","TRUE","FALSE","0","REF_18","SHELF","TRUE","CUPBOARD","Refrigerator #18 Shelf 1 Right","0.0000000000000000E+00","0.0000000000000000E+00",,,"0.0000000000000000E+00","0.0000000000000000E+00","0.0000000000000000E+00","FALSE",,"1"
"REF_18_SHELF_2_LEFT",,"Refrigerator #18 Shelf 2 Left","TRUE","FALSE","0","REF_18","SHELF","TRUE","CUPBOARD","Refrigerator #18 Shelf 2 Left","0.0000000000000000E+00","0.0000000000000000E+00",,,"0.0000000000000000E+00","0.0000000000000000E+00","0.0000000000000000E+00","FALSE",,"1"
"REF_18_SHELF_2_CENTER",,"Refrigerator #18 Shelf 2 Center","TRUE","FALSE","0","REF_18","SHELF","TRUE","CUPBOARD","Refrigerator #18 Shelf 2 Center","0.0000000000000000E+00","0.0000000000000000E+00",,,"0.0000000000000000E+00","0.0000000000000000E+00","0.0000000000000000E+00","FALSE",,"1"
"REF_18_SHELF_2_RIGHT",,"Refrigerator #18 Shelf 2 Right","TRUE","FALSE","0","REF_18","SHELF","TRUE","CUPBOARD","Refrigerator #18 Shelf 2 Right","0.0000000000000000E+00","0.0000000000000000E+00",,,"0.0000000000000000E+00","0.0000000000000000E+00","0.0000000000000000E+00","FALSE",,"1"
"REF_18_SHELF_3_LEFT",,"Refrigerator #18 Shelf 3 Left","TRUE","FALSE","0","REF_18","SHELF","TRUE","CUPBOARD","Refrigerator #18 Shelf 3 Left","0.0000000000000000E+00","0.0000000000000000E+00",,,"0.0000000000000000E+00","0.0000000000000000E+00","0.0000000000000000E+00","FALSE",,"1"
"REF_18_SHELF_3_CENTER",,"Refrigerator #18 Shelf 3 Center","TRUE","FALSE","0","REF_18","SHELF","TRUE","CUPBOARD","Refrigerator #18 Shelf 3 Center","0.0000000000000000E+00","0.0000000000000000E+00",,,"0.0000000000000000E+00","0.0000000000000000E+00","0.0000000000000000E+00","FALSE",,"1"
"REF_18_SHELF_3_RIGHT",,"Refrigerator #18 Shelf 3 Right","TRUE","FALSE","0","REF_18","SHELF","TRUE","CUPBOARD","Refrigerator #18 Shelf 3 Right","0.0000000000000000E+00","0.0000000000000000E+00",,,"0.0000000000000000E+00","0.0000000000000000E+00","0.0000000000000000E+00","FALSE",,"1"
"REF_18_SHELF_4_LEFT",,"Refrigerator #18 Shelf 4 Left","TRUE","FALSE","0","REF_18","SHELF","TRUE","CUPBOARD","Refrigerator #18 Shelf 4 Left","0.0000000000000000E+00","0.0000000000000000E+00",,,"0.0000000000000000E+00","0.0000000000000000E+00","0.0000000000000000E+00","FALSE",,"1"
"REF_18_SHELF_4_CENTER",,"Refrigerator #18 Shelf 4 Center","TRUE","FALSE","0","REF_18","SHELF","TRUE","CUPBOARD","Refrigerator #18 Shelf 4 Center","0.0000000000000000E+00","0.0000000000000000E+00",,,"0.0000000000000000E+00","0.0000000000000000E+00","0.0000000000000000E+00","FALSE",,"1"
"REF_18_SHELF_4_RIGHT",,"Refrigerator #18 Shelf 4 Right","TRUE","FALSE","0","REF_18","SHELF","TRUE","CUPBOARD","Refrigerator #18 Shelf 4 Right","0.0000000000000000E+00","0.0000000000000000E+00",,,"0.0000000000000000E+00","0.0000000000000000E+00","0.0000000000000000E+00","FALSE",,"1"
"REF_19_SHELF_1",,"Refrigerator #19 Shelf 1","TRUE","FALSE","0","REF_19","SHELF","TRUE","CUPBOARD","Refrigerator #19 Shelf 1","0.0000000000000000E+00","0.0000000000000000E+00",,,"0.0000000000000000E+00","0.0000000000000000E+00","0.0000000000000000E+00","FALSE",,"1"
"REF_19_SHELF_2",,"Refrigerator #19 Shelf 2","TRUE","FALSE","0","REF_19","SHELF","TRUE","CUPBOARD","Refrigerator #19 Shelf 2","0.0000000000000000E+00","0.0000000000000000E+00",,,"0.0000000000000000E+00","0.0000000000000000E+00","0.0000000000000000E+00","FALSE",,"1"
"REF_19_SHELF_3",,"Refrigerator #19 Shelf 3","TRUE","FALSE","0","REF_19","SHELF","TRUE","CUPBOARD","Refrigerator #19 Shelf 3","0.0000000000000000E+00","0.0000000000000000E+00",,,"0.0000000000000000E+00","0.0000000000000000E+00","0.0000000000000000E+00","FALSE",,"1"
"REF_19_SHELF_4",,"Refrigerator #19 Shelf 4","TRUE","FALSE","0","REF_19","SHELF","TRUE","CUPBOARD","Refrigerator #19 Shelf 4","0.0000000000000000E+00","0.0000000000000000E+00",,,"0.0000000000000000E+00","0.0000000000000000E+00","0.0000000000000000E+00","FALSE",,"1"
"REF_2_SHELF_1",,"Refrigerator #2 Shelf 1","TRUE","FALSE","0","REF_2","SHELF","TRUE","CUPBOARD","Refrigerator #2 Shelf 1","0.0000000000000000E+00","0.0000000000000000E+00",,,"0.0000000000000000E+00","0.0000000000000000E+00","0.0000000000000000E+00","FALSE",,"1"
"REF_2_SHELF_2",,"Refrigerator #2 Shelf 2","TRUE","FALSE","0","REF_2","SHELF","TRUE","CUPBOARD","Refrigerator #2 Shelf 2","0.0000000000000000E+00","0.0000000000000000E+00",,,"0.0000000000000000E+00","0.0000000000000000E+00","0.0000000000000000E+00","FALSE",,"1"
"REF_2_SHELF_3",,"Refrigerator #2 Shelf 3","TRUE","FALSE","0","REF_2","SHELF","TRUE","CUPBOARD","Refrigerator #2 Shelf 3","0.0000000000000000E+00","0.0000000000000000E+00",,,"0.0000000000000000E+00","0.0000000000000000E+00","0.0000000000000000E+00","FALSE",,"1"
"REF_2_SHELF_4",,"Refrigerator #2 Shelf 4","TRUE","FALSE","0","REF_2","SHELF","TRUE","CUPBOARD","Refrigerator #2 Shelf 4","0.0000000000000000E+00","0.0000000000000000E+00",,,"0.0000000000000000E+00","0.0000000000000000E+00","0.0000000000000000E+00","FALSE",,"1"
"REF_20_SHELF_1",,"Refrigerator #20 Shelf 1","TRUE","FALSE","0","REF_20","SHELF","TRUE","CUPBOARD","Refrigerator #20 Shelf 1","0.0000000000000000E+00","0.0000000000000000E+00",,,"0.0000000000000000E+00","0.0000000000000000E+00","0.0000000000000000E+00","FALSE",,"1"
"REF_20_SHELF_2",,"Refrigerator #20 Shelf 2","TRUE","FALSE","0","REF_20","SHELF","TRUE","CUPBOARD","Refrigerator #20 Shelf 2","0.0000000000000000E+00","0.0000000000000000E+00",,,"0.0000000000000000E+00","0.0000000000000000E+00","0.0000000000000000E+00","FALSE",,"1"
"REF_20_SHELF_3",,"Refrigerator #20 Shelf 3","TRUE","FALSE","0","REF_20","SHELF","TRUE","CUPBOARD","Refrigerator #20 Shelf 3","0.0000000000000000E+00","0.0000000000000000E+00",,,"0.0000000000000000E+00","0.0000000000000000E+00","0.0000000000000000E+00","FALSE",,"1"
"REF_20_SHELF_4",,"Refrigerator #20 Shelf 4","TRUE","FALSE","0","REF_20","SHELF","TRUE","CUPBOARD","Refrigerator #20 Shelf 4","0.0000000000000000E+00","0.0000000000000000E+00",,,"0.0000000000000000E+00","0.0000000000000000E+00","0.0000000000000000E+00","FALSE",,"1"
"REF_23_SHELF_1_LEFT",,"DNA Project","TRUE","FALSE","0","REF_23","SHELF","TRUE","CUPBOARD","Refrigerator #23 Shelf 1 Left","0.0000000000000000E+00","0.0000000000000000E+00",,,"0.0000000000000000E+00","0.0000000000000000E+00","0.0000000000000000E+00","FALSE",,"1"
"REF_23_SHELF_1_RIGHT",,,"TRUE","FALSE","0","REF_23","SHELF","TRUE","CUPBOARD","Refrigerator #23 Shelf 1 Right","0.0000000000000000E+00","0.0000000000000000E+00",,,"0.0000000000000000E+00","0.0000000000000000E+00","0.0000000000000000E+00","FALSE",,"1"
"REF_23_SHELF_2_LEFT",,"DNA Project","TRUE","FALSE","0","REF_23","SHELF","TRUE","CUPBOARD","Refrigerator #23 Shelf 2 Left","0.0000000000000000E+00","0.0000000000000000E+00",,,"0.0000000000000000E+00","0.0000000000000000E+00","0.0000000000000000E+00","FALSE",,"1"
"REF_23_SHELF_2_RIGHT",,,"TRUE","FALSE","0","REF_23","SHELF","TRUE","CUPBOARD","Refrigerator #23 Shelf 2 Right","0.0000000000000000E+00","0.0000000000000000E+00",,,"0.0000000000000000E+00","0.0000000000000000E+00","0.0000000000000000E+00","FALSE",,"1"
"REF_23_SHELF_3_LEFT",,"DNA Project","TRUE","FALSE","0","REF_23","SHELF","TRUE","CUPBOARD","Refrigerator #23 Shelf 3 Left","0.0000000000000000E+00","0.0000000000000000E+00",,,"0.0000000000000000E+00","0.0000000000000000E+00","0.0000000000000000E+00","FALSE",,"1"
"REF_23_SHELF_3_RIGHT",,,"TRUE","FALSE","0","REF_23","SHELF","TRUE","CUPBOARD","Refrigerator #23 Shelf 3 Right","0.0000000000000000E+00","0.0000000000000000E+00",,,"0.0000000000000000E+00","0.0000000000000000E+00","0.0000000000000000E+00","FALSE",,"1"
"REF_23_SHELF_4_LEFT",,"DNA Project","TRUE","FALSE","0","REF_23","SHELF","TRUE","CUPBOARD","Refrigerator #23 Shelf 4 Left","0.0000000000000000E+00","0.0000000000000000E+00",,,"0.0000000000000000E+00","0.0000000000000000E+00","0.0000000000000000E+00","FALSE",,"1"
"REF_23_SHELF_4_RIGHT",,,"TRUE","FALSE","0","REF_23","SHELF","TRUE","CUPBOARD","Refrigerator #23 Shelf 4 Right","0.0000000000000000E+00","0.0000000000000000E+00",,,"0.0000000000000000E+00","0.0000000000000000E+00","0.0000000000000000E+00","FALSE",,"1"
"REF_23_SHELF_5_LEFT",,"DNA Project","TRUE","FALSE","0","REF_23","SHELF","TRUE","CUPBOARD","Refrigerator #23 Shelf 5 Left","0.0000000000000000E+00","0.0000000000000000E+00",,,"0.0000000000000000E+00","0.0000000000000000E+00","0.0000000000000000E+00","FALSE",,"1"
"REF_23_SHELF_5_RIGHT",,,"TRUE","FALSE","0","REF_23","SHELF","TRUE","CUPBOARD","Refrigerator #23 Shelf 5 Right","0.0000000000000000E+00","0.0000000000000000E+00",,,"0.0000000000000000E+00","0.0000000000000000E+00","0.0000000000000000E+00","FALSE",,"1"
"REF_25_SHELF_1_LEFT",,,"TRUE","FALSE","0","REF_25","SHELF","TRUE","CUPBOARD","Refrigerator #25 Shelf 1 Left","0.0000000000000000E+00","0.0000000000000000E+00",,,"0.0000000000000000E+00","0.0000000000000000E+00","0.0000000000000000E+00","FALSE",,"1"
"REF_25_SHELF_1_RIGHT",,,"TRUE","FALSE","0","REF_25","SHELF","TRUE","CUPBOARD","Refrigerator #25 Shelf 1 Right","0.0000000000000000E+00","0.0000000000000000E+00",,,"0.0000000000000000E+00","0.0000000000000000E+00","0.0000000000000000E+00","FALSE",,"1"
"REF_25_SHELF_2_LEFT",,,"TRUE","FALSE","0","REF_25","SHELF","TRUE","CUPBOARD","Refrigerator #25 Shelf 2 Left","0.0000000000000000E+00","0.0000000000000000E+00",,,"0.0000000000000000E+00","0.0000000000000000E+00","0.0000000000000000E+00","FALSE",,"1"
"REF_25_SHELF_2_RIGHT",,,"TRUE","FALSE","0","REF_25","SHELF","TRUE","CUPBOARD","Refrigerator #25 Shelf 2 Right","0.0000000000000000E+00","0.0000000000000000E+00",,,"0.0000000000000000E+00","0.0000000000000000E+00","0.0000000000000000E+00","FALSE",,"1"
"REF_25_SHELF_3_LEFT",,,"TRUE","FALSE","0","REF_25","SHELF","TRUE","CUPBOARD","Refrigerator #25 Shelf 3 Left","0.0000000000000000E+00","0.0000000000000000E+00",,,"0.0000000000000000E+00","0.0000000000000000E+00","0.0000000000000000E+00","FALSE",,"1"
"REF_25_SHELF_3_RIGHT",,,"TRUE","FALSE","0","REF_25","SHELF","TRUE","CUPBOARD","Refrigerator #25 Shelf 3 Right","0.0000000000000000E+00","0.0000000000000000E+00",,,"0.0000000000000000E+00","0.0000000000000000E+00","0.0000000000000000E+00","FALSE",,"1"
"REF_25_SHELF_4_LEFT",,,"TRUE","FALSE","0","REF_25","SHELF","TRUE","CUPBOARD","Refrigerator #25 Shelf 4 Left","0.0000000000000000E+00","0.0000000000000000E+00",,,"0.0000000000000000E+00","0.0000000000000000E+00","0.0000000000000000E+00","FALSE",,"1"
"REF_25_SHELF_4_RIGHT",,,"TRUE","FALSE","0","REF_25","SHELF","TRUE","CUPBOARD","Refrigerator #25 Shelf 4 Right","0.0000000000000000E+00","0.0000000000000000E+00",,,"0.0000000000000000E+00","0.0000000000000000E+00","0.0000000000000000E+00","FALSE",,"1"
"REF_26_SHELF_1",,"Refrigerator #26 Shelf 1","TRUE","FALSE","0","REF_26","SHELF","TRUE","CUPBOARD","Refrigerator #26 Shelf 1","0.0000000000000000E+00","0.0000000000000000E+00",,,"0.0000000000000000E+00","0.0000000000000000E+00","0.0000000000000000E+00","FALSE",,"1"
"REF_26_SHELF_2",,"Refrigerator #26 Shelf 2","TRUE","FALSE","0","REF_26","SHELF","TRUE","CUPBOARD","Refrigerator #26 Shelf 2","0.0000000000000000E+00","0.0000000000000000E+00",,,"0.0000000000000000E+00","0.0000000000000000E+00","0.0000000000000000E+00","FALSE",,"1"
"REF_26_SHELF_3",,"Refrigerator #26 Shelf 3","TRUE","FALSE","0","REF_26","SHELF","TRUE","CUPBOARD","Refrigerator #26 Shelf 3","0.0000000000000000E+00","0.0000000000000000E+00",,,"0.0000000000000000E+00","0.0000000000000000E+00","0.0000000000000000E+00","FALSE",,"1"
"REF_26_SHELF_4",,"Refrigerator #26 Shelf 4","TRUE","FALSE","0","REF_26","SHELF","TRUE","CUPBOARD","Refrigerator #26 Shelf 4","0.0000000000000000E+00","0.0000000000000000E+00",,,"0.0000000000000000E+00","0.0000000000000000E+00","0.0000000000000000E+00","FALSE",,"1"
"REF_26_SHELF_5",,"Refrigerator #26 Shelf 5","TRUE","FALSE","0","REF_26","SHELF","TRUE","CUPBOARD","Refrigerator #26 Shelf 5","0.0000000000000000E+00","0.0000000000000000E+00",,,"0.0000000000000000E+00","0.0000000000000000E+00","0.0000000000000000E+00","FALSE",,"1"
"REF_30_SHELF_1_LEFT",,"Dr. You","TRUE","FALSE","0","REF_30","SHELF","TRUE","CUPBOARD","Refrigerator #30 Shelf 1 Left","0.0000000000000000E+00","0.0000000000000000E+00",,,"0.0000000000000000E+00","0.0000000000000000E+00","0.0000000000000000E+00","FALSE",,"1"
"REF_30_SHELF_1_RIGHT",,"Dr. Guan - Peptides","TRUE","FALSE","0","REF_30","SHELF","TRUE","CUPBOARD","Refrigerator #30 Shelf 1 Right","0.0000000000000000E+00","0.0000000000000000E+00",,,"0.0000000000000000E+00","0.0000000000000000E+00","0.0000000000000000E+00","FALSE",,"1"
"REF_30_SHELF_2_LEFT",,"Dr. You","TRUE","FALSE","0","REF_30","SHELF","TRUE","CUPBOARD","Refrigerator #30 Shelf 2 Left","0.0000000000000000E+00","0.0000000000000000E+00",,,"0.0000000000000000E+00","0.0000000000000000E+00","0.0000000000000000E+00","FALSE",,"1"
"REF_30_SHELF_2_RIGHT",,"Dr. Guan - Confiscation Samples","TRUE","FALSE","0","REF_30","SHELF","TRUE","CUPBOARD","Refrigerator #30 Shelf 2 Right","0.0000000000000000E+00","0.0000000000000000E+00",,,"0.0000000000000000E+00","0.0000000000000000E+00","0.0000000000000000E+00","FALSE",,"1"
"REF_30_SHELF_3_LEFT",,"Dr. You","TRUE","FALSE","0","REF_30","SHELF","TRUE","CUPBOARD","Refrigerator #30 Shelf 3 Left","0.0000000000000000E+00","0.0000000000000000E+00",,,"0.0000000000000000E+00","0.0000000000000000E+00","0.0000000000000000E+00","FALSE",,"1"
"REF_30_SHELF_3_RIGHT",,"Dr. Guan - EPO Testing","TRUE","FALSE","0","REF_30","SHELF","TRUE","CUPBOARD","Refrigerator #30 Shelf 3 Right","0.0000000000000000E+00","0.0000000000000000E+00",,,"0.0000000000000000E+00","0.0000000000000000E+00","0.0000000000000000E+00","FALSE",,"1"
"REF_30_SHELF_4_LEFT",,"Dr. You","TRUE","FALSE","0","REF_30","SHELF","TRUE","CUPBOARD","Refrigerator #30 Shelf 4 Left","0.0000000000000000E+00","0.0000000000000000E+00",,,"0.0000000000000000E+00","0.0000000000000000E+00","0.0000000000000000E+00","FALSE",,"1"
"REF_30_SHELF_4_RIGHT",,"Dr. Guan - Small Molecule Drugs","TRUE","FALSE","0","REF_30","SHELF","TRUE","CUPBOARD","Refrigerator #30 Shelf 4 Right","0.0000000000000000E+00","0.0000000000000000E+00",,,"0.0000000000000000E+00","0.0000000000000000E+00","0.0000000000000000E+00","FALSE",,"1"
"REF_30_SHELF_5_LEFT",,"Dr. You","TRUE","FALSE","0","REF_30","SHELF","TRUE","CUPBOARD","Refrigerator #30 Shelf 5 Left","0.0000000000000000E+00","0.0000000000000000E+00",,,"0.0000000000000000E+00","0.0000000000000000E+00","0.0000000000000000E+00","FALSE",,"1"
"REF_30_SHELF_5_RIGHT",,"Dr. Guan - Hydrophilic Substances","TRUE","FALSE","0","REF_30","SHELF","TRUE","CUPBOARD","Refrigerator #30 Shelf 5 Right","0.0000000000000000E+00","0.0000000000000000E+00",,,"0.0000000000000000E+00","0.0000000000000000E+00","0.0000000000000000E+00","FALSE",,"1"
"REF_7_SHELF_1",,"Refrigerator #7 Shelf 1","TRUE","FALSE","0","REF_7","SHELF","TRUE","CUPBOARD","Refrigerator #7 Shelf 1","0.0000000000000000E+00","0.0000000000000000E+00",,,"0.0000000000000000E+00","0.0000000000000000E+00","0.0000000000000000E+00","FALSE",,"1"
"REF_7_SHELF_2",,"Refrigerator #7 Shelf 2","TRUE","FALSE","0","REF_7","SHELF","TRUE","CUPBOARD","Refrigerator #7 Shelf 2","0.0000000000000000E+00","0.0000000000000000E+00",,,"0.0000000000000000E+00","0.0000000000000000E+00","0.0000000000000000E+00","FALSE",,"1"
"REF_7_SHELF_3",,"Refrigerator #7 Shelf 3","TRUE","FALSE","0","REF_7","SHELF","TRUE","CUPBOARD","Refrigerator #7 Shelf 3","0.0000000000000000E+00","0.0000000000000000E+00",,,"0.0000000000000000E+00","0.0000000000000000E+00","0.0000000000000000E+00","FALSE",,"1"
"REF_7_SHELF_4",,"Refrigerator #7 Shelf 4","TRUE","FALSE","0","REF_7","SHELF","TRUE","CUPBOARD","Refrigerator #7 Shelf 4","0.0000000000000000E+00","0.0000000000000000E+00",,,"0.0000000000000000E+00","0.0000000000000000E+00","0.0000000000000000E+00","FALSE",,"1"
"REF_8_SHELF_1",,"Refrigerator #8 Shelf 1","TRUE","FALSE","0","REF_8","SHELF","TRUE","CUPBOARD","Refrigerator #8 Shelf 1","0.0000000000000000E+00","0.0000000000000000E+00",,,"0.0000000000000000E+00","0.0000000000000000E+00","0.0000000000000000E+00","FALSE",,"1"
"REF_8_SHELF_2",,"Refrigerator #8 Shelf 2","TRUE","FALSE","0","REF_8","SHELF","TRUE","CUPBOARD","Refrigerator #8 Shelf 2","0.0000000000000000E+00","0.0000000000000000E+00",,,"0.0000000000000000E+00","0.0000000000000000E+00","0.0000000000000000E+00","FALSE",,"1"
"REF_8_SHELF_3",,"Refrigerator #8 Shelf 3","TRUE","FALSE","0","REF_8","SHELF","TRUE","CUPBOARD","Refrigerator #8 Shelf 3","0.0000000000000000E+00","0.0000000000000000E+00",,,"0.0000000000000000E+00","0.0000000000000000E+00","0.0000000000000000E+00","FALSE",,"1"
"REF_8_SHELF_4",,"Refrigerator #8 Shelf 4","TRUE","FALSE","0","REF_8","SHELF","TRUE","CUPBOARD","Refrigerator #8 Shelf 4","0.0000000000000000E+00","0.0000000000000000E+00",,,"0.0000000000000000E+00","0.0000000000000000E+00","0.0000000000000000E+00","FALSE",,"1"
"ROOM_106_HAIR_DRAWER_1",,"Room temperature Hair Sample storage","TRUE","FALSE","0","ROOM_106","CUPBOARD","TRUE","CUPBOARD","Room 106 Hair Drawer 1","0.0000000000000000E+00","0.0000000000000000E+00",,,"0.0000000000000000E+00","0.0000000000000000E+00","0.0000000000000000E+00","FALSE",,"1"
"ROOM_109_SAFE_1",,"Pharmacy Safe","TRUE","FALSE","0","ROOM_109","CUPBOARD","TRUE","CUPBOARD","Pharmacy Safe #1","0.0000000000000000E+00","0.0000000000000000E+00",,,"0.0000000000000000E+00","0.0000000000000000E+00","0.0000000000000000E+00","FALSE",,"1"
"ROOM_109_CABINET_1",,"Pharmacy Wall Cabinet","TRUE","FALSE","0","ROOM_109","CUPBOARD","TRUE","CUPBOARD","Pharmacy Wall Cabinet #1","0.0000000000000000E+00","0.0000000000000000E+00",,,"0.0000000000000000E+00","0.0000000000000000E+00","0.0000000000000000E+00","FALSE",,"1"
"FRZ_6",,"Reference Standards","TRUE","FALSE","0","ROOM_109","FREEZE","TRUE","CUPBOARD","Freezer #6","0.0000000000000000E+00","0.0000000000000000E+00",,,"0.0000000000000000E+00","0.0000000000000000E+00","0.0000000000000000E+00","FALSE",,"1"
"REF_7",,"FMS Reference Standards","TRUE","FALSE","0","ROOM_109","FRIDGE","TRUE","CUPBOARD","Refrigerator #7","0.0000000000000000E+00","0.0000000000000000E+00",,,"0.0000000000000000E+00","0.0000000000000000E+00","0.0000000000000000E+00","FALSE",,"1"
"ROOM_109_CABINET_1_SHELF_1",,"Pharmacy Wall Cabinet Shelf 1","TRUE","FALSE","0","ROOM_109_CABINET_1","SHELF","TRUE","CUPBOARD","Pharmacy Wall Cabinet Shelf 1","0.0000000000000000E+00","0.0000000000000000E+00",,,"0.0000000000000000E+00","0.0000000000000000E+00","0.0000000000000000E+00","FALSE",,"1"
"ROOM_109_CABINET_1_SHELF_2",,"Pharmacy Wall Cabinet Shelf 2","TRUE","FALSE","0","ROOM_109_CABINET_1","SHELF","TRUE","CUPBOARD","Pharmacy Wall Cabinet Shelf 2","0.0000000000000000E+00","0.0000000000000000E+00",,,"0.0000000000000000E+00","0.0000000000000000E+00","0.0000000000000000E+00","FALSE",,"1"
"ROOM_109_CABINET_1_SHELF_3",,"Pharmacy Wall Cabinet Shelf 3","TRUE","FALSE","0","ROOM_109_CABINET_1","SHELF","TRUE","CUPBOARD","Pharmacy Wall Cabinet Shelf 3","0.0000000000000000E+00","0.0000000000000000E+00",,,"0.0000000000000000E+00","0.0000000000000000E+00","0.0000000000000000E+00","FALSE",,"1"
"ROOM_116_ACID_CABINET_1",,"Acid Cabinet","TRUE","FALSE","0","ROOM_116","CUPBOARD","TRUE","CUPBOARD","Room 116 Acid Cabinet 1","0.0000000000000000E+00","0.0000000000000000E+00",,,"0.0000000000000000E+00","0.0000000000000000E+00","0.0000000000000000E+00","FALSE",,"1"
"ROOM_116_WALL_CABINET_LEFT",,"Room 116 Wall Cabinet Left","TRUE","FALSE","0","ROOM_116","CUPBOARD","TRUE","CUPBOARD","Room 116 Wall Cabinet Left","0.0000000000000000E+00","0.0000000000000000E+00",,,"0.0000000000000000E+00","0.0000000000000000E+00","0.0000000000000000E+00","FALSE",,"1"
"ROOM_116_WALL_CABINET_CENTER",,"Room 116 Wall Cabinet Center","TRUE","FALSE","0","ROOM_116","CUPBOARD","TRUE","CUPBOARD","Room 116 Wall Cabinet Center","0.0000000000000000E+00","0.0000000000000000E+00",,,"0.0000000000000000E+00","0.0000000000000000E+00","0.0000000000000000E+00","FALSE",,"1"
"ROOM_116_WALL_CABINET_RIGHT",,"Room 116 Wall Cabinet Right","TRUE","FALSE","0","ROOM_116","CUPBOARD","TRUE","CUPBOARD","Room 116 Wall Cabinet Right","0.0000000000000000E+00","0.0000000000000000E+00",,,"0.0000000000000000E+00","0.0000000000000000E+00","0.0000000000000000E+00","FALSE",,"1"
"FRZ_12",,"QA, NC's, PC's, Research Samples","TRUE","FALSE","0","ROOM_116","FREEZE","TRUE","CUPBOARD","Freezer #12","0.0000000000000000E+00","0.0000000000000000E+00",,,"0.0000000000000000E+00","0.0000000000000000E+00","0.0000000000000000E+00","FALSE",,"1"
"ROOM_116_WALL_CABINET_CENTER_SHELF_1",,"Room 116 Wall Cabinet Center Shelf 1","TRUE","FALSE","0","ROOM_116_WALL_CABINET_CENTER","SHELF","TRUE","CUPBOARD","Room 116 Wall Cabinet Center Shelf 1","0.0000000000000000E+00","0.0000000000000000E+00",,,"0.0000000000000000E+00","0.0000000000000000E+00","0.0000000000000000E+00","FALSE",,"1"
"ROOM_116_WALL_CABINET_CENTER_SHELF_2",,"Room 116 Wall Cabinet Center Shelf 2","TRUE","FALSE","0","ROOM_116_WALL_CABINET_CENTER","SHELF","TRUE","CUPBOARD","Room 116 Wall Cabinet Center Shelf 2","0.0000000000000000E+00","0.0000000000000000E+00",,,"0.0000000000000000E+00","0.0000000000000000E+00","0.0000000000000000E+00","FALSE",,"1"
"ROOM_116_WALL_CABINET_CENTER_SHELF_3",,"Room 116 Wall Cabinet Center Shelf 3","TRUE","FALSE","0","ROOM_116_WALL_CABINET_CENTER","SHELF","TRUE","CUPBOARD","Room 116 Wall Cabinet Center Shelf 3","0.0000000000000000E+00","0.0000000000000000E+00",,,"0.0000000000000000E+00","0.0000000000000000E+00","0.0000000000000000E+00","FALSE",,"1"
"ROOM_116_WALL_CABINET_LEFT_SHELF_1",,"Room 116 Wall Cabinet Left Shelf 1","TRUE","FALSE","0","ROOM_116_WALL_CABINET_LEFT","SHELF","TRUE","CUPBOARD","Room 116 Wall Cabinet Left Shelf 1","0.0000000000000000E+00","0.0000000000000000E+00",,,"0.0000000000000000E+00","0.0000000000000000E+00","0.0000000000000000E+00","FALSE",,"1"
"ROOM_116_WALL_CABINET_LEFT_SHELF_2",,"Room 116 Wall Cabinet Left Shelf 2","TRUE","FALSE","0","ROOM_116_WALL_CABINET_LEFT","SHELF","TRUE","CUPBOARD","Room 116 Wall Cabinet Left Shelf 2","0.0000000000000000E+00","0.0000000000000000E+00",,,"0.0000000000000000E+00","0.0000000000000000E+00","0.0000000000000000E+00","FALSE",,"1"
"ROOM_116_WALL_CABINET_LEFT_SHELF_3",,"Room 116 Wall Cabinet Left Shelf 3","TRUE","FALSE","0","ROOM_116_WALL_CABINET_LEFT","SHELF","TRUE","CUPBOARD","Room 116 Wall Cabinet Left Shelf 3","0.0000000000000000E+00","0.0000000000000000E+00",,,"0.0000000000000000E+00","0.0000000000000000E+00","0.0000000000000000E+00","FALSE",,"1"
"ROOM_116_WALL_CABINET_RIGHT_SHELF_1",,"Room 116 Wall Cabinet Right Shelf 1","TRUE","FALSE","0","ROOM_116_WALL_CABINET_RIGHT","SHELF","TRUE","CUPBOARD","Room 116 Wall Cabinet Right Shelf 1","0.0000000000000000E+00","0.0000000000000000E+00",,,"0.0000000000000000E+00","0.0000000000000000E+00","0.0000000000000000E+00","FALSE",,"1"
"ROOM_116_WALL_CABINET_RIGHT_SHELF_2",,"Room 116 Wall Cabinet Right Shelf 2","TRUE","FALSE","0","ROOM_116_WALL_CABINET_RIGHT","SHELF","TRUE","CUPBOARD","Room 116 Wall Cabinet Right Shelf 2","0.0000000000000000E+00","0.0000000000000000E+00",,,"0.0000000000000000E+00","0.0000000000000000E+00","0.0000000000000000E+00","FALSE",,"1"
"ROOM_116_WALL_CABINET_RIGHT_SHELF_3",,"Room 116 Wall Cabinet Right Shelf 3","TRUE","FALSE","0","ROOM_116_WALL_CABINET_RIGHT","SHELF","TRUE","CUPBOARD","Room 116 Wall Cabinet Right Shelf 3","0.0000000000000000E+00","0.0000000000000000E+00",,,"0.0000000000000000E+00","0.0000000000000000E+00","0.0000000000000000E+00","FALSE",,"1"
"ROOM_118_CABINET_1",,"Room 118 Flammable Cabinet #1","TRUE","FALSE","0","ROOM_118","CUPBOARD","TRUE","CUPBOARD","Room 118 Flammable Cabinet #1","0.0000000000000000E+00","0.0000000000000000E+00",,,"0.0000000000000000E+00","0.0000000000000000E+00","0.0000000000000000E+00","FALSE",,"1"
"REF_19",,"FMS Working Stocks, Calibrators","TRUE","FALSE","0","ROOM_118","FRIDGE","TRUE","CUPBOARD","Refrigerator #19","0.0000000000000000E+00","0.0000000000000000E+00",,,"0.0000000000000000E+00","0.0000000000000000E+00","0.0000000000000000E+00","FALSE",,"1"
"REF_18",,"ELISA Kits, PC's","TRUE","FALSE","0","ROOM_119","FRIDGE","TRUE","CUPBOARD","Refrigerator #18","0.0000000000000000E+00","0.0000000000000000E+00",,,"0.0000000000000000E+00","0.0000000000000000E+00","0.0000000000000000E+00","FALSE",,"1"
"REF_20",,"FMS ELISA EPO Kits, PC's","TRUE","FALSE","0","ROOM_119","FRIDGE","TRUE","CUPBOARD","Refrigerator #20","0.0000000000000000E+00","0.0000000000000000E+00",,,"0.0000000000000000E+00","0.0000000000000000E+00","0.0000000000000000E+00","FALSE",,"1"
"ROOM_119_CABINET_1",,"Room 119 Flammable Cabinet #1","TRUE","FALSE","0","ROOM_119","CUPBOARD","TRUE","CUPBOARD","Room 119 Flammable Cabinet #1","0.0000000000000000E+00","0.0000000000000000E+00",,,"0.0000000000000000E+00","0.0000000000000000E+00","0.0000000000000000E+00","FALSE",,"1"
"ROOM_122_CABINET_1",,"Room 122 Flammable Cabinet #1","TRUE","FALSE","0","ROOM_122","CUPBOARD","TRUE","CUPBOARD","Room 122 Flammable Cabinet #1","0.0000000000000000E+00","0.0000000000000000E+00",,,"0.0000000000000000E+00","0.0000000000000000E+00","0.0000000000000000E+00","FALSE",,"1"
"ROOM_122_CABINET_2",,"Room 122 Flammable Cabinet #2","TRUE","FALSE","0","ROOM_122","CUPBOARD","TRUE","CUPBOARD","Room 122 Flammable Cabinet #2","0.0000000000000000E+00","0.0000000000000000E+00",,,"0.0000000000000000E+00","0.0000000000000000E+00","0.0000000000000000E+00","FALSE",,"1"
"ROOM_122_CABINET_3",,"Room 122 Flammable Cabinet #3","TRUE","FALSE","0","ROOM_122","CUPBOARD","TRUE","CUPBOARD","Room 122 Flammable Cabinet #3","0.0000000000000000E+00","0.0000000000000000E+00",,,"0.0000000000000000E+00","0.0000000000000000E+00","0.0000000000000000E+00","FALSE",,"1"
"ROOM_122_CABINET_4",,"Room 122 Flammable Cabinet #4","TRUE","FALSE","0","ROOM_122","CUPBOARD","TRUE","CUPBOARD","Room 122 Flammable Cabinet #4","0.0000000000000000E+00","0.0000000000000000E+00",,,"0.0000000000000000E+00","0.0000000000000000E+00","0.0000000000000000E+00","FALSE",,"1"
"ROOM_122_CABINET_5",,"Room 122 Flammable Cabinet #5","TRUE","FALSE","0","ROOM_122","CUPBOARD","TRUE","CUPBOARD","Room 122 Flammable Cabinet #5","0.0000000000000000E+00","0.0000000000000000E+00",,,"0.0000000000000000E+00","0.0000000000000000E+00","0.0000000000000000E+00","FALSE",,"1"
"FRZ_27",,"Calibrators, Dr. Guan Research","TRUE","FALSE","0","ROOM_122","FREEZE","TRUE","CUPBOARD","Freezer #27","0.0000000000000000E+00","0.0000000000000000E+00",,,"0.0000000000000000E+00","0.0000000000000000E+00","0.0000000000000000E+00","FALSE",,"1"
"REF_8",,"FMS Working Stocks","TRUE","FALSE","0","ROOM_122","FRIDGE","TRUE","CUPBOARD","Refrigerator #8","0.0000000000000000E+00","0.0000000000000000E+00",,,"0.0000000000000000E+00","0.0000000000000000E+00","0.0000000000000000E+00","FALSE",,"1"
"ROOM_123_CABINET_3",,"Main Storage Room Flammable Cabinet for Waste","TRUE","FALSE","0","ROOM_123","CUPBOARD","TRUE","CUPBOARD","Room 123 Flammable Storage Cabinet #3","0.0000000000000000E+00","0.0000000000000000E+00",,,"0.0000000000000000E+00","0.0000000000000000E+00","0.0000000000000000E+00","FALSE",,"1"
"ROOM_123_CABINET_1",,"Main Storage Room Cabinet #1 for Reagent Storage","TRUE","FALSE","0","ROOM_123","CUPBOARD","TRUE","CUPBOARD","Room 123 Main Storage Room Cabinet #1","0.0000000000000000E+00","0.0000000000000000E+00",,,"0.0000000000000000E+00","0.0000000000000000E+00","0.0000000000000000E+00","FALSE",,"1"
"ROOM_123_CABINET_2",,"Main Storage Room Flammable Cabinet for Reagent Storage","TRUE","FALSE","0","ROOM_123","CUPBOARD","TRUE","CUPBOARD","Room 123 Flammable Storage Cabinet #2","0.0000000000000000E+00","0.0000000000000000E+00",,,"0.0000000000000000E+00","0.0000000000000000E+00","0.0000000000000000E+00","FALSE",,"1"
"ROOM_123_CABINET_1_SHELF_1",,"Room 123 Storage Cabinet #1 Shelf 1","TRUE","FALSE","0","ROOM_123_CABINET_1","SHELF","TRUE","CUPBOARD","Room 123 Storage Cabinet #1 Shelf 1","0.0000000000000000E+00","0.0000000000000000E+00",,,"0.0000000000000000E+00","0.0000000000000000E+00","0.0000000000000000E+00","FALSE",,"1"
"ROOM_123_CABINET_1_SHELF_2",,"Room 123 Storage Cabinet #1 Shelf 2","TRUE","FALSE","0","ROOM_123_CABINET_1","SHELF","TRUE","CUPBOARD","Room 123 Storage Cabinet #1 Shelf 2","0.0000000000000000E+00","0.0000000000000000E+00",,,"0.0000000000000000E+00","0.0000000000000000E+00","0.0000000000000000E+00","FALSE",,"1"
"ROOM_123_CABINET_1_SHELF_3",,"Room 123 Storage Cabinet #1 Shelf 3","TRUE","FALSE","0","ROOM_123_CABINET_1","SHELF","TRUE","CUPBOARD","Room 123 Storage Cabinet #1 Shelf 3","0.0000000000000000E+00","0.0000000000000000E+00",,,"0.0000000000000000E+00","0.0000000000000000E+00","0.0000000000000000E+00","FALSE",,"1"
"ROOM_123_CABINET_1_SHELF_4",,"Room 123 Storage Cabinet #1 Shelf 4","TRUE","FALSE","0","ROOM_123_CABINET_1","SHELF","TRUE","CUPBOARD","Room 123 Storage Cabinet #1 Shelf 4","0.0000000000000000E+00","0.0000000000000000E+00",,,"0.0000000000000000E+00","0.0000000000000000E+00","0.0000000000000000E+00","FALSE",,"1"
"ROOM_123_CABINET_1_SHELF_5",,"Room 123 Storage Cabinet #1 Shelf 5","TRUE","FALSE","0","ROOM_123_CABINET_1","SHELF","TRUE","CUPBOARD","Room 123 Storage Cabinet #1 Shelf 5","0.0000000000000000E+00","0.0000000000000000E+00",,,"0.0000000000000000E+00","0.0000000000000000E+00","0.0000000000000000E+00","FALSE",,"1"
"ROOM_123_CABINET_2_SHELF_1",,"Room 123 Flammable Storage Cabinet #2 Shelf 1","TRUE","FALSE","0","ROOM_123_CABINET_2","SHELF","TRUE","CUPBOARD","Room 123 Flammable Storage Cabinet #2 Shelf 1","0.0000000000000000E+00","0.0000000000000000E+00",,,"0.0000000000000000E+00","0.0000000000000000E+00","0.0000000000000000E+00","FALSE",,"1"
"ROOM_123_CABINET_2_SHELF_2",,"Room 123 Flammable Storage Cabinet #2 Shelf 2","TRUE","FALSE","0","ROOM_123_CABINET_2","SHELF","TRUE","CUPBOARD","Room 123 Flammable Storage Cabinet #2 Shelf 2","0.0000000000000000E+00","0.0000000000000000E+00",,,"0.0000000000000000E+00","0.0000000000000000E+00","0.0000000000000000E+00","FALSE",,"1"
"ROOM_123_CABINET_2_SHELF_3",,"Room 123 Flammable Storage Cabinet #2 Shelf 3","TRUE","FALSE","0","ROOM_123_CABINET_2","SHELF","TRUE","CUPBOARD","Room 123 Flammable Storage Cabinet #2 Shelf 3","0.0000000000000000E+00","0.0000000000000000E+00",,,"0.0000000000000000E+00","0.0000000000000000E+00","0.0000000000000000E+00","FALSE",,"1"
"ROOM_123_CABINET_3_SHELF_1",,"Room 123 Flammable Storage Cabinet #3 Shelf 1","TRUE","FALSE","0","ROOM_123_CABINET_3","SHELF","TRUE","CUPBOARD","Room 123 Flammable Storage Cabinet #3 Shelf 1","0.0000000000000000E+00","0.0000000000000000E+00",,,"0.0000000000000000E+00","0.0000000000000000E+00","0.0000000000000000E+00","FALSE",,"1"
"ROOM_123_CABINET_3_SHELF_2",,"Room 123 Flammable Storage Cabinet #3 Shelf 2","TRUE","FALSE","0","ROOM_123_CABINET_3","SHELF","TRUE","CUPBOARD","Room 123 Flammable Storage Cabinet #3 Shelf 2","0.0000000000000000E+00","0.0000000000000000E+00",,,"0.0000000000000000E+00","0.0000000000000000E+00","0.0000000000000000E+00","FALSE",,"1"
"ROOM_123_CABINET_3_SHELF_3",,"Room 123 Flammable Storage Cabinet #3 Shelf 3","TRUE","FALSE","0","ROOM_123_CABINET_3","SHELF","TRUE","CUPBOARD","Room 123 Flammable Storage Cabinet #3 Shelf 3","0.0000000000000000E+00","0.0000000000000000E+00",,,"0.0000000000000000E+00","0.0000000000000000E+00","0.0000000000000000E+00","FALSE",,"1"
"REF_13",,"Commission Race Samples","TRUE","FALSE","0","ROOM_124","FRIDGE","TRUE","CUPBOARD","Refrigerator #13","0.0000000000000000E+00","0.0000000000000000E+00",,,"0.0000000000000000E+00","0.0000000000000000E+00","0.0000000000000000E+00","FALSE",,"1"
"REF_14",,"Commission Race Samples","TRUE","FALSE","0","ROOM_124","FRIDGE","TRUE","CUPBOARD","Refrigerator #14","0.0000000000000000E+00","0.0000000000000000E+00",,,"0.0000000000000000E+00","0.0000000000000000E+00","0.0000000000000000E+00","FALSE",,"1"
"REF_15",,"Commission Race Samples","TRUE","FALSE","0","ROOM_124","FRIDGE","TRUE","CUPBOARD","Refrigerator #15","0.0000000000000000E+00","0.0000000000000000E+00",,,"0.0000000000000000E+00","0.0000000000000000E+00","0.0000000000000000E+00","FALSE",,"1"
"REF_32",,"Commission Race Samples NEW","TRUE","FALSE","0","ROOM_124","FRIDGE","TRUE","CUPBOARD","Refrigerator #32","0.0000000000000000E+00","0.0000000000000000E+00",,,"0.0000000000000000E+00","0.0000000000000000E+00","0.0000000000000000E+00","FALSE",,"1"
"FRZ_1",,"Norlake Tissues Freezer","TRUE","FALSE","0","ROOM_125","FREEZE","TRUE","CUPBOARD","Freezer #1","0.0000000000000000E+00","0.0000000000000000E+00",,,"0.0000000000000000E+00","0.0000000000000000E+00","0.0000000000000000E+00","FALSE",,"1"
"FRZ_28",,"-30 Working Stocks","TRUE","FALSE","0","ROOM_125","FREEZE","TRUE","CUPBOARD","Freezer #28","0.0000000000000000E+00","0.0000000000000000E+00",,,"0.0000000000000000E+00","0.0000000000000000E+00","0.0000000000000000E+00","FALSE",,"1"
"FRZ_3",,"-80 Positives and Splits","TRUE","FALSE","0","ROOM_125","FREEZE","TRUE","CUPBOARD","Freezer #3","0.0000000000000000E+00","0.0000000000000000E+00",,,"0.0000000000000000E+00","0.0000000000000000E+00","0.0000000000000000E+00","FALSE",,"1"
"FRZ_4",,"-80 Research Samples","TRUE","FALSE","0","ROOM_125","FREEZE","TRUE","CUPBOARD","Freezer #4","0.0000000000000000E+00","0.0000000000000000E+00",,,"0.0000000000000000E+00","0.0000000000000000E+00","0.0000000000000000E+00","FALSE",,"1"
"FRZ_5",,"-80 Administration Samples","TRUE","FALSE","0","ROOM_125","FREEZE","TRUE","CUPBOARD","Freezer #5","0.0000000000000000E+00","0.0000000000000000E+00",,,"0.0000000000000000E+00","0.0000000000000000E+00","0.0000000000000000E+00","FALSE",,"1"
"FRZ_9",,"-80 Working Stocks","TRUE","FALSE","0","ROOM_125","FREEZE","TRUE","CUPBOARD","Freezer #9","0.0000000000000000E+00","0.0000000000000000E+00",,,"0.0000000000000000E+00","0.0000000000000000E+00","0.0000000000000000E+00","FALSE",,"1"
"REF_17",,"Special Samples","TRUE","FALSE","0","ROOM_125","FRIDGE","TRUE","CUPBOARD","Refrigerator #17","0.0000000000000000E+00","0.0000000000000000E+00",,,"0.0000000000000000E+00","0.0000000000000000E+00","0.0000000000000000E+00","FALSE",,"1"
"REF_26",,"Short Term Investigation Samples","TRUE","FALSE","0","ROOM_125","FRIDGE","TRUE","CUPBOARD","Refrigerator #26","0.0000000000000000E+00","0.0000000000000000E+00",,,"0.0000000000000000E+00","0.0000000000000000E+00","0.0000000000000000E+00","FALSE",,"1"
"REF_30",,"Research Reference Standards Dr. You, Dr. Guan","TRUE","FALSE","0","ROOM_125","FRIDGE","TRUE","CUPBOARD","Refrigerator #30","0.0000000000000000E+00","0.0000000000000000E+00",,,"0.0000000000000000E+00","0.0000000000000000E+00","0.0000000000000000E+00","FALSE",,"1"
"REF_16",,"Commission Race Samples","TRUE","FALSE","0","ROOM_141","FRIDGE","TRUE","CUPBOARD","Refrigerator #16","0.0000000000000000E+00","0.0000000000000000E+00",,,"0.0000000000000000E+00","0.0000000000000000E+00","0.0000000000000000E+00","FALSE",,"1"
"ROOM_150_WALL_CABINET",,"Room 150 Research Wall Cabinet","TRUE","FALSE","0","ROOM_150","CUPBOARD","TRUE","CUPBOARD","Room 150 Research Wall Cabinet","0.0000000000000000E+00","0.0000000000000000E+00",,,"0.0000000000000000E+00","0.0000000000000000E+00","0.0000000000000000E+00","FALSE",,"1"
"ROOM_150_CABINET_1",,"Room 150 Research Flammable Cabinet #1","TRUE","FALSE","0","ROOM_150","CUPBOARD","TRUE","CUPBOARD","Room 150 Research Flammable Cabinet #1","0.0000000000000000E+00","0.0000000000000000E+00",,,"0.0000000000000000E+00","0.0000000000000000E+00","0.0000000000000000E+00","FALSE",,"1"
"ROOM_150_CABINET_2",,"Room 150 Research Flammable Cabinet #2","TRUE","FALSE","0","ROOM_150","CUPBOARD","TRUE","CUPBOARD","Room 150 Research Flammable Cabinet #2","0.0000000000000000E+00","0.0000000000000000E+00",,,"0.0000000000000000E+00","0.0000000000000000E+00","0.0000000000000000E+00","FALSE",,"1"
"ROOM_150_CABINET_3",,"Room 150 Research Flammable Cabinet #3","TRUE","FALSE","0","ROOM_150","CUPBOARD","TRUE","CUPBOARD","Room 150 Research Flammable Cabinet #3","0.0000000000000000E+00","0.0000000000000000E+00",,,"0.0000000000000000E+00","0.0000000000000000E+00","0.0000000000000000E+00","FALSE",,"1"
"ROOM_150_CABINET_4",,"Room 150 Research Flammable Cabinet #4","TRUE","FALSE","0","ROOM_150","CUPBOARD","TRUE","CUPBOARD","Room 150 Research Flammable Cabinet #4","0.0000000000000000E+00","0.0000000000000000E+00",,,"0.0000000000000000E+00","0.0000000000000000E+00","0.0000000000000000E+00","FALSE",,"1"
"FRZ_22",,"DNA Kits, Calibrators","TRUE","FALSE","0","ROOM_150","FREEZE","TRUE","CUPBOARD","Freezer #22","0.0000000000000000E+00","0.0000000000000000E+00",,,"0.0000000000000000E+00","0.0000000000000000E+00","0.0000000000000000E+00","FALSE",,"1"
"FRZ_29",,"-30 Working Stocks, Calibrators","TRUE","FALSE","0","ROOM_150","FREEZE","TRUE","CUPBOARD","Freezer #29","0.0000000000000000E+00","0.0000000000000000E+00",,,"0.0000000000000000E+00","0.0000000000000000E+00","0.0000000000000000E+00","FALSE",,"1"
"REF_2",,"North Lab FMS Working Stocks, Calibrators, Column Tests","TRUE","FALSE","0","ROOM_150","FRIDGE","TRUE","CUPBOARD","Refrigerator #2","0.0000000000000000E+00","0.0000000000000000E+00",,,"0.0000000000000000E+00","0.0000000000000000E+00","0.0000000000000000E+00","FALSE",,"1"
"REF_23",,"North Lab Forma Pharm. Refrigerator for DNA, Calibrators, Column Tests","TRUE","FALSE","0","ROOM_150","FRIDGE","TRUE","CUPBOARD","Refrigerator #23","0.0000000000000000E+00","0.0000000000000000E+00",,,"0.0000000000000000E+00","0.0000000000000000E+00","0.0000000000000000E+00","FALSE",,"1"
"REF_25",,"North Lab Standards and Reagents","TRUE","FALSE","0","ROOM_150","FRIDGE","TRUE","CUPBOARD","Refrigerator #25","0.0000000000000000E+00","0.0000000000000000E+00",,,"0.0000000000000000E+00","0.0000000000000000E+00","0.0000000000000000E+00","FALSE",,"1"
"FRZ_31",,"-80 Environmental Samples","TRUE","FALSE","0","ROOM_150","FREEZE","TRUE","CUPBOARD","Freezer #31","0.0000000000000000E+00","0.0000000000000000E+00",,,"0.0000000000000000E+00","0.0000000000000000E+00","0.0000000000000000E+00","FALSE",,"1"
