﻿MENU
OWNER_MENU,MENU_NUMERIC,ORDER_NUM,PROCEDURE_NUM,MNEMONIC,SECURITY_LEVEL,GROUP_ID,DESCRIPTION,DESC_LENGTH,LIBRARY,ROUTINE
10,10,10,10,10,10,10,80,10,20,50
                     718
"SYSTEM","10","1","0",,"1",,"SampleManager Main Menu","23",,
"SYSTEM","10","2","360","DAY","1",,"Daily Operations","16",,
"SYSTEM","10","3","70","LTM","6",,"Laboratory Tables","17",,
"SYSTEM","10","4","160","SLM","4",,"Sample Login","12",,
"SYSTEM","10","5","200","STM","4",,"Sample Tracking","15",,
"SYSTEM","10","6","220","WGM","6",,"Worksheets","10",,
"SYSTEM","10","7","810","BLM","4",,"Batch Login","11",,
"SYSTEM","10","8","150","RMM","4",,"Results Management","18",,
"SYSTEM","10","9","280","REP","4",,"Reporting","9",,
"SYSTEM","10","10","130","SPM","4",,"Sample Processing","17",,
"SYSTEM","10","11","320","JPM","6",,"Job Processing","14",,
"SYSTEM","10","12","410","TPM","6",,"Test Processing","15",,
"SYSTEM","10","13","370","WDT","4",,"Background Operations","21",,
"SYSTEM","10","14","330","ADA","4",,"Additional Applications","23",,
"SYSTEM","10","15","54","EX","1",,"Exit SampleManager","18",,
"SYSTEM","30","1","0",,"1",,"Customer Definition Menu","24",,
"SYSTEM","30","2","2","ACL","4",,"Add Customer","12","$LTE_CUS","ADDOPTION"
"SYSTEM","30","3","24","CCL","4",,"Copy Customer","13","$LTE_CUS","COPYOPTION"
"SYSTEM","30","4","74","MCL","6",,"Modify Customer","15","$LTE_CUS","MODIFYOPTION"
"SYSTEM","30","5","37","DCL","4",,"Display Customer","16","$LTE_CUS","DISPLAYOPTION"
"SYSTEM","30","6","97","PCL","4",,"Print Customer","14","$LTE_CUS","PRINTOPTION"
"SYSTEM","30","7","58","LCL","4",,"List Customers","14","$LTE_CUS","LISTOPTION"
"SYSTEM","30","8","116","RCL","8",,"Remove Customer","15","$LTE_CUS","REMOVEOPTION"
"SYSTEM","30","9","147","UCL","8",,"Restore Customer","16","$LTE_CUS","RESTOREOPTION"
"SYSTEM","50","1","0",,"1",,"Hazard and Sample Disposal Definition Menu","42",,
"SYSTEM","50","2","4","AHL","4",,"Add Hazard","10","$LTE_HAZ","ADDOPTION"
"SYSTEM","50","3","26","CHL","4",,"Copy Hazard","11","$LTE_HAZ","COPYOPTION"
"SYSTEM","50","4","76","MHL","6",,"Modify Hazard","13","$LTE_HAZ","MODIFYOPTION"
"SYSTEM","50","5","135","DHL","4",,"Display Hazard","14","$LTE_HAZ","DISPLAYOPTION"
"SYSTEM","50","6","99","PHL","4",,"Print Hazard","12","$LTE_HAZ","PRINTOPTION"
"SYSTEM","50","7","62","LHL","4",,"List Hazards","12","$LTE_HAZ","LISTOPTION"
"SYSTEM","50","8","119","RHL","8",,"Remove Hazard","13","$LTE_HAZ","REMOVEOPTION"
"SYSTEM","50","9","149","UHL","8",,"Restore Hazard","14","$LTE_HAZ","RESTOREOPTION"
"SYSTEM","60","1","0",,"1",,"Instrument Definition Menu","26",,
"SYSTEM","60","2","5","AIL","4",,"Add Instrument","14","$LTE_INST","ADDOPTION"
"SYSTEM","60","3","28","CIL","4",,"Copy Instrument","15","$LTE_INST","COPYOPTION"
"SYSTEM","60","4","77","MIL","6",,"Modify Instrument","17","$LTE_INST","MODIFYOPTION"
"SYSTEM","60","5","41","DIL","4",,"Display Instrument","18","$LTE_INST","DISPLAYOPTION"
"SYSTEM","60","6","132","PIL","4",,"Print Instrument","16","$LTE_INST","PRINTOPTION"
"SYSTEM","60","7","63","LIL","4",,"List Instruments","16","$LTE_INST","LISTOPTION"
"SYSTEM","60","8","104","RIL","8",,"Remove Instrument","17","$LTE_INST","REMOVEOPTION"
"SYSTEM","60","9","125","UIL","8",,"Restore Instrument","18","$LTE_INST","RESTOREOPTION"
"SYSTEM","70","1","0",,"1",,"Laboratory Table Setup Menu","27",,
"SYSTEM","70","2","460","LET","1",,"Laboratory Environment Tables","29",,
"SYSTEM","70","3","470","LST","1",,"Login Setup Tables","18",,
"SYSTEM","70","4","480","SYT","1",,"System Setup Tables","19",,
"SYSTEM","80","1","0",,"1",,"Location Definition Menu","24",,
"SYSTEM","80","2","6","ALL","4",,"Add Location","12","$LTE_LOC","ADDOPTION"
"SYSTEM","80","3","29","CLL","4",,"Copy Location","13","$LTE_LOC","COPYOPTION"
"SYSTEM","80","4","78","MLL","6",,"Modify Location","15","$LTE_LOC","MODIFYOPTION"
"SYSTEM","80","5","43","DLL","4",,"Display Location","16","$LTE_LOC","DISPLAYOPTION"
"SYSTEM","80","6","103","PLL","4",,"Print Location","14","$LTE_LOC","PRINTOPTION"
"SYSTEM","80","7","64","LLL","4",,"List Locations","14","$LTE_LOC","LISTOPTION"
"SYSTEM","80","8","122","RLL","8",,"Remove Location","15","$LTE_LOC","REMOVEOPTION"
"SYSTEM","80","9","151","ULL","8",,"Restore Location","16","$LTE_LOC","RESTOREOPTION"
"SYSTEM","90","1","0",,"1",,"Analysis Definition Menu","24",,
"SYSTEM","90","2","1","AAL","4",,"Add Analysis","12","$LTE_ANAL","ADDOPTION"
"SYSTEM","90","3","21","CAL","4",,"Copy Analysis","13","$LTE_ANAL","COPYOPTION"
"SYSTEM","90","4","15035","VAL","6",,"New Version of Analysis","23","$LTE_ANAL","NEWVERSIONOPTION"
"SYSTEM","90","5","73","MAL","6",,"Modify Analysis","15","$LTE_ANAL","MODIFYOPTION"
"SYSTEM","90","6","36","DAL","4",,"Display Analysis","16","$LTE_ANAL","DISPLAYOPTION"
"SYSTEM","90","7","59","LAL","4",,"List Analyses","13","$LTE_ANAL","LISTOPTION"
"SYSTEM","90","8","95","PAL","4",,"Print Analysis","14","$LTE_ANAL","PRINTOPTION"
"SYSTEM","90","9","115","RAL","8",,"Remove Analysis","15","$LTE_ANAL","REMOVEOPTION"
"SYSTEM","90","10","146","UAL","8",,"Restore Analysis","16","$LTE_ANAL","RESTOREOPTION"
"SYSTEM","90","11","400","CFM","4",,"Calculation Formats Menu","24",,
"SYSTEM","90","12","630","SFM","4",,"Significant Figure Filters Menu","31",,
"SYSTEM","90","13","680","LRM","4",,"List Result Menu","16",,
"SYSTEM","90","14","15038","FTS","6",,"Formula Test","12","$FORMULA_TEST","formulatestmain"
"SYSTEM","90","15","15046","FVS","6",,"Formula Verification","20","$FORMULA_TEST","formulatestverificat"
"SYSTEM","110","1","0",,"1",,"Personnel Definition Menu","25",,
"SYSTEM","110","2","9","AOL","4",,"Add Operator","12","$LTE_PERS","ADDOPTION"
"SYSTEM","110","3","31","COL","4",,"Copy Operator","13","$LTE_PERS","COPYOPTION"
"SYSTEM","110","4","81","MOL","6",,"Modify Operator","15","$LTE_PERS","MODIFYOPTION"
"SYSTEM","110","5","44","DOL","4",,"Display Operator","16","$LTE_PERS","DISPLAYOPTION"
"SYSTEM","110","6","105","POL","4",,"Print Operator","14","$LTE_PERS","PRINTOPTION"
"SYSTEM","110","7","68","LOL","4",,"List Operators","14","$LTE_PERS","LISTOPTION"
"SYSTEM","110","8","126","ROL","8",,"Remove Operator","15","$LTE_PERS","REMOVEOPTION"
"SYSTEM","110","9","154","UOL","8",,"Restore Operator","16","$LTE_PERS","RESTOREOPTION"
"SYSTEM","120","1","0",,"1",,"Preparation Definition Menu","27",,
"SYSTEM","120","2","121","APL","4",,"Add Preparation","15","$LTE_PREP","ADDOPTION"
"SYSTEM","120","3","32","CPL","4",,"Copy Preparation","16","$LTE_PREP","COPYOPTION"
"SYSTEM","120","4","82","MPL","6",,"Modify Preparation","18","$LTE_PREP","MODIFYOPTION"
"SYSTEM","120","5","45","DPL","4",,"Display Preparation","19","$LTE_PREP","DISPLAYOPTION"
"SYSTEM","120","6","106","PPL","4",,"Print Preparation","17","$LTE_PREP","PRINTOPTION"
"SYSTEM","120","7","69","LPL","4",,"List Preparations","17","$LTE_PREP","LISTOPTION"
"SYSTEM","120","8","127","RPL","8",,"Remove Preparation","18","$LTE_PREP","REMOVEOPTION"
"SYSTEM","120","9","155","UPL","8",,"Restore Preparation","19","$LTE_PREP","RESTOREOPTION"
"SYSTEM","130","1","0",,"1",,"Sample Processing Menu","22",,
"SYSTEM","130","2","15009","CPS","6",,"Change Sample Priority","22","$AUX_CPS",
"SYSTEM","130","3","182","RVP","4",,"Receive Sample","14","$AUX_RVP",
"SYSTEM","130","4","261","RLS","8",,"Release Sample from HOLD","24","$AUX_RLS",
"SYSTEM","130","5","85","MSP","4",,"Move Sample to New Location","27","$AUX_MSP",
"SYSTEM","130","6","33","CPP","4",,"Report Completion of Sample Preparation","39","$AUX_CPP",
"SYSTEM","130","7","15011","CSM","8",,"Compare Sample with MLP","23","$CSMLP",
"SYSTEM","130","8","11","ASP","8",,"Authorise Sample","16","$AUX_ASP",
"SYSTEM","130","9","35","CMS","8",,"Commit Sample","13","$LIB_COMM","COMMIT_SAMPLE"
"SYSTEM","130","10","186","XSP","8",,"Cancel Sample","13","$AUX_XSP",
"SYSTEM","130","11","185","URP","8",,"Reactivate Authorised Sample","28","$AUX_URP",
"SYSTEM","130","12","262","SUP","8",,"Suspend Sample","14","$AUX_SUP",
"SYSTEM","130","13","263","USP","8",,"Release Sample from Suspension","30","$AUX_USP",
"SYSTEM","130","14","137","RQR","6",,"Request Resample","16","$RQR",
"SYSTEM","130","15","138","CSP","8",,"Complete Sample","15","$AUX_CSP",
"SYSTEM","130","16","15033","DCS","8",,"Deconsign Sample","16","$LIB_COMM","DECONSIGN_SAMPLE"
"SYSTEM","130","17","692","ARC","10",,"Job and Sample Archive Utility","30","$ARCHIVE",
"SYSTEM","130","18","139","SIN","8",,"Sample Inspection","17","$SAMP_INSPECT",
"SYSTEM","130","19","15037","SIH","8",,"Sample Inspection History","25","$INSPECTION_HISTORY",
"SYSTEM","140","1","0",,"1",,"Report Format Menu","18",,
"SYSTEM","140","2","3","AFL","6",,"Add Report Format","17","$LTE_REP","ADDOPTION"
"SYSTEM","140","3","25","CFL","6",,"Copy Report Format","18","$LTE_REP","COPYOPTION"
"SYSTEM","140","4","75","MFL","8",,"Modify Report Format","20","$LTE_REP","MODIFYOPTION"
"SYSTEM","140","5","38","DFL","4",,"Display Report Format","21","$LTE_REP","DISPLAYOPTION"
"SYSTEM","140","6","98","PFL","4",,"Print Report Format","19","$LTE_REP","PRINTOPTION"
"SYSTEM","140","7","61","LFL","4",,"List Report Formats","19","$LTE_REP","LISTOPTION"
"SYSTEM","140","8","118","RFL","8",,"Remove Report Format","20","$LTE_REP","REMOVEOPTION"
"SYSTEM","140","9","148","UFL","8",,"Restore Report Format","21","$LTE_REP","RESTOREOPTION"
"SYSTEM","140","10","15012","DEV","8",,"Report Development","18","$DEVELOP",
"SYSTEM","140","11","166","TFL","6",,"Translate Report Format","23","$GENCOMP","COMPILE_REPORT"
"SYSTEM","140","12","436","DFE","6",,"Display Translation Errors","26","$GENCOMP","DISPLAY_ERRORS"
"SYSTEM","140","13","56","GRL","4",,"Generate Report","15","$GENCOMP","GENERATE_REPORT"
"SYSTEM","140","14","55","DBG","6",,"Debug Report","12","$GENCOMP","DEBUG_REPORT"
"SYSTEM","140","15","15031","PCT","1",,"Performance and Coverage Tool","29","$PERFORM",
"SYSTEM","140","16","15032","TPA","1",,"Transaction Performance Analyser","32","$SQL_PERF",
"SYSTEM","150","1","0",,"1",,"Results Management Menu","23",,
"SYSTEM","150","2","247","TSR","4",,"Tabular Result Entry by Sample","30","$res_entry","call_tsr"
"SYSTEM","150","3","249","DSR","4",,"Display Results by Sample","25","$res_entry","call_dsr"
"SYSTEM","150","4","514","ASR","6",,"Authorise Results by Sample","27","$res_entry","call_asr"
"SYSTEM","150","5","248","TTR","6",,"Tabular Result Entry by Test","28","$res_entry","call_ttr"
"SYSTEM","150","6","242","DTR","4",,"Display Results by Test","23","$res_entry","call_dtr"
"SYSTEM","150","7","515","ATR","6",,"Authorise Results by Test","25","$res_entry","call_atr"
"SYSTEM","150","8","389","TWR","4",,"Spread Sheet Result Entry by Test","33","$res_entry","call_twr"
"SYSTEM","150","9","391","DWR","4",,"Spread Sheet Result Display by Test","35","$res_entry","call_dwr"
"SYSTEM","150","10","392","AWR","6",,"Spread Sheet Result Authorise by Test","37","$res_entry","call_awr"
"SYSTEM","150","11","15041","TCR","4",,"Spread Sheet Result Entry by Criteria","37","$lib_re_criteria","mod_by_criteria"
"SYSTEM","150","12","15042","DCR","4",,"Spread Sheet Result Display by Criteria","39","$lib_re_criteria","disp_by_criteria"
"SYSTEM","150","13","15043","ACR","6",,"Spread Sheet Result Authorise by Criteria","41","$lib_re_criteria","auth_by_criteria"
"SYSTEM","150","14","141","WSR","4",,"Write Sample Report","19","$genreslis",
"SYSTEM","150","15","393","MRL","8",,"Modify Result List","18","$lib_re_list","lib_re_list_sample"
"SYSTEM","160","1","0",,"1",,"Sample Login Menu","17",,
"SYSTEM","160","2","167","LSS","4",,"Login Samples","13","$SAMP_JOB","loginsamplewithoutte"
"SYSTEM","160","3","168","TLS","4",,"Login Samples using Template","28","$SAMP_JOB","loginsamplefortempla"
"SYSTEM","160","4","12","NJL","4",,"Login Samples - New Job","23","$SAMP_JOB","loginsamplenewjob"
"SYSTEM","160","5","114","OJL","4",,"Login Samples - Add to Old Job","30","$SAMP_JOB","loginsampleoldjob"
"SYSTEM","160","6","47","DSE","4",,"Display Sample Entry","20","$SAMP_JOB","displaysampleentry"
"SYSTEM","160","7","10007","DFS","4",,"Display Full Sample","19","$SAMP_JOB","displayfullsample"
"SYSTEM","160","8","86","MSE","8",,"Modify Sample Entry","19","$SAMP_JOB","modifysampleentry"
"SYSTEM","160","9","361","MFS","8",,"Modify Full Sample","18","$SAMP_JOB","modifyfullsample"
"SYSTEM","160","10","724","SEV","4",,"Sample Entry View","17","$SAMP_JOB","viewsampleentry"
"SYSTEM","160","11","57","ETP","6",,"Enter/Edit Tests","16","$TEST_ASSN","edittests"
"SYSTEM","160","12","111","RCP","4",,"Print Sample Receipt","20","$RECEIPT",
"SYSTEM","160","13","19","LBP","4",,"Print Sample Label","18","$SAMPLABEL",
"SYSTEM","170","1","0",,"1",,"Test Schedule Definition Menu","29",,
"SYSTEM","170","2","14","ATL","6",,"Add Test Schedule","17","$LTE_TSTSC","ADDOPTION"
"SYSTEM","170","3","243","CTL","6",,"Copy Test Schedule","18","$LTE_TSTSC","COPYOPTION"
"SYSTEM","170","4","87","MTL","8",,"Modify Test Schedule","20","$LTE_TSTSC","MODIFYOPTION"
"SYSTEM","170","5","48","DTL","4",,"Display Test Schedule","21","$LTE_TSTSC","DISPLAYOPTION"
"SYSTEM","170","6","112","PTL","4",,"Print Test Schedule","19","$LTE_TSTSC","PRINTOPTION"
"SYSTEM","170","7","71","LTL","6",,"List Test Schedules","19","$LTE_TSTSC","LISTOPTION"
"SYSTEM","170","8","129","RTL","8",,"Remove Test Schedule","20","$LTE_TSTSC","REMOVEOPTION"
"SYSTEM","170","9","208","UTL","8",,"Restore Test Schedule","21","$LTE_TSTSC","RESTOREOPTION"
"SYSTEM","180","1","0",,"1",,"System Setup Menu","17",,
"SYSTEM","180","2","226","SCA","10",,"Change Any Users Password","25","$USER_CONTROL","CHANGE_ANY_PASSWORD"
"SYSTEM","180","3","9991","NMC","1",,"Change to New Menu File","23","$NMC","CHANGE_MENU"
"SYSTEM","180","4","16","AUU","8",,"Add User","8","$USER_CONTROL","ADD_USER"
"SYSTEM","180","5","209","DUU","10",,"Delete User","11","$USER_CONTROL","DELETE_USER"
"SYSTEM","180","6","230","ECI","10",,"Configuration Items Menu","24",,
"SYSTEM","180","7","10861","EUC","10",,"Edit Any Users Configuration","28","$CONFIG","ANYCONFIG"
"SYSTEM","180","8","10863","EGC","10",,"Edit Group Configuration","24","$CONFIG","GROUP_CONFIG"
"SYSTEM","180","9","10865","ESC","10",,"Edit System Configuration","25","$CONFIG","SYSTEM_CONFIG"
"SYSTEM","180","10","10866","EUI","10",,"Edit Configuration Item for All Users","37","$CONFIG","USER_CONFIG_ITEM"
"SYSTEM","180","11","10867","EGI","10",,"Edit Configuration Item for All Groups","38","$CONFIG","GROUP_CONFIG_ITEM"
"SYSTEM","180","12","15054","ESG","10",,"ESig setup","10","$ESIG_SETUP",
"SYSTEM","190","1","0",,"1",,"Sample Template Definition Menu","31",,
"SYSTEM","190","2","15","ATM","4",,"Add Template","12","$LTE_TEMPL","ADDOPTION"
"SYSTEM","190","3","206","CTM","4",,"Copy Template","13","$LTE_TEMPL","COPYOPTION"
"SYSTEM","190","4","88","MTM","6",,"Modify Template","15","$LTE_TEMPL","MODIFYOPTION"
"SYSTEM","190","5","49","DTM","4",,"Display Template","16","$LTE_TEMPL","DISPLAYOPTION"
"SYSTEM","190","6","113","PTM","4",,"Print Template","14","$LTE_TEMPL","PRINTOPTION"
"SYSTEM","190","7","72","LTS","4",,"List Templates","14","$LTE_TEMPL","LISTOPTION"
"SYSTEM","190","8","224","RTM","8",,"Remove Template","15","$LTE_TEMPL","REMOVEOPTION"
"SYSTEM","190","9","225","UTM","8",,"Restore Template","16","$LTE_TEMPL","RESTOREOPTION"
"SYSTEM","200","1","0",,"1",,"Sample Track and Status Menu","28",,
"SYSTEM","200","2","13","AST","4",,"Summary of All Active Samples","29","$ACTIVE",
"SYSTEM","200","3","144","STT","4",,"Selected Sample Status","22","$STT",
"SYSTEM","200","4","142","SST","4",,"Samples Suspended","17","$SUSPEND",
"SYSTEM","200","5","133","SIT","4",,"Samples Assigned to Instrument","30","$INSTASSN",
"SYSTEM","200","6","131","SCT","4",,"Samples for Specified Customer","30","$CUSTOMER",
"SYSTEM","200","7","134","SLT","4",,"Samples at Specified Location","29","$LOCATE",
"SYSTEM","200","8","93","OST","4",,"Overdue Samples","15","$OVERDUE",
"SYSTEM","200","9","15045","AUS","8",,"Sample Audit Viewer","19","$AUDIT_SAMPLE",
"SYSTEM","210","1","0",,"1",,"User Setup Menu","15",,
"SYSTEM","210","2","179","DPX","4",,"Define Text Printer","19","$USER_CONTROL","DEFINE_TEXT_PRINTER"
"SYSTEM","210","3","163","DLX","4",,"Define Label Printer","20","$USER_CONTROL","DEFINE_LABEL_PRINTER"
"SYSTEM","210","4","34","CPU","1",,"Change Your Password","20","$USER_CONTROL","CHANGE_PASSWORD"
"SYSTEM","210","5","22","CAU","1",,"Change Your Access Level","24","$USER_CONTROL","CHANGE_ACCESS_LEVEL"
"SYSTEM","210","6","10869","EYC","1",,"Edit Your Configuration","23","$CONFIG","USER_CONFIG"
"SYSTEM","210","7","10871","ECC","1",,"Edit Current Configuration","26","$CONFIG","PROCESS_CONFIG"
"SYSTEM","220","1","0",,"1",,"Worksheet Menu","14",,
"SYSTEM","220","2","500","TWS","6",,"Test Worksheet Menu","19",,
"SYSTEM","220","3","510","SWS","6",,"Sample Worksheet Menu","21",,
"SYSTEM","220","4","520","PWS","6",,"Preparation Worksheet Menu","26",,
"SYSTEM","220","5","540","UWS","6",,"Definable Worksheet Menu","24",,
"SYSTEM","220","6","15013","BLG","6",,"Backlog Report","14","$BACKLOG",
"SYSTEM","220","7","15014","NOW","6",,"Sample Not On Worksheet","23","$NOTONWSHT",
"SYSTEM","220","8","15015","WSM","6",,"Worksheet Summary","17","$WSACTIVE",
"SYSTEM","220","9","490","STN","4",,"Standards Menu","14",,
"SYSTEM","220","10","600","TMP","6",,"Enhanced Worksheets Menu","24",,
"SYSTEM","230","1","0",,"4",,"Configuration Items Menu","24",,
"SYSTEM","230","2","371","ACI","4",,"Add Configuration Item","22","$LTE_CONFIG","ADD_OPTION"
"SYSTEM","230","3","372","CCI","4",,"Copy Configuration Item","23","$LTE_CONFIG","COPY_OPTION"
"SYSTEM","230","4","373","MCI","4",,"Modify Configuration Item","25","$LTE_CONFIG","MODIFY_OPTION"
"SYSTEM","230","5","374","DCI","4",,"Display Configuration Item","26","$LTE_CONFIG","DISPLAY_OPTION"
"SYSTEM","230","6","375","PCI","4",,"Print Configuration Item","24","$LTE_CONFIG","PRINT_OPTION"
"SYSTEM","230","7","376","LCI","4",,"List Configuration Items","24","$LTE_CONFIG","LIST_OPTION"
"SYSTEM","230","8","377","RCI","4",,"Remove Configuration Item","25","$LTE_CONFIG","REMOVE_OPTION"
"SYSTEM","230","9","378","UCI","4",,"Restore Configuration Item","26","$LTE_CONFIG","RESTORE_OPTION"
"SYSTEM","270","1","0",,"1",,"Syntax Definition Menu","22",,
"SYSTEM","270","2","195","AXS","4",,"Add Syntax Definition","21","$LTE_SYNT","ADDOPTION"
"SYSTEM","270","3","196","CXS","4",,"Copy Syntax Definition","22","$LTE_SYNT","COPYOPTION"
"SYSTEM","270","4","197","MXS","6",,"Modify Syntax Definition","24","$LTE_SYNT","MODIFYOPTION"
"SYSTEM","270","5","136","DXS","4",,"Display Syntax Definition","25","$LTE_SYNT","DISPLAYOPTION"
"SYSTEM","270","6","201","PXS","4",,"Print Syntax Definition","23","$LTE_SYNT","PRINTOPTION"
"SYSTEM","270","7","202","LXS","4",,"List Syntax Definitions","23","$LTE_SYNT","LISTOPTION"
"SYSTEM","270","8","198","RXS","8",,"Remove Syntax Definition","24","$LTE_SYNT","REMOVEOPTION"
"SYSTEM","270","9","199","UXS","8",,"Restore Syntax Definition","25","$LTE_SYNT","RESTOREOPTION"
"SYSTEM","270","10","271","TXF","6",,"Test Syntax Format","18","$CALCSYNT","test_syntax"
"SYSTEM","270","11","272","TXD","6",,"Debug Syntax Format","19","$CALCSYNT","debug_syntax"
"SYSTEM","280","1","0",,"4",,"Reporting Menu","14",,
"SYSTEM","280","2","241","TAB","4",,"SuperTAB - Ad Hoc Tabular Report","32","$DBTAB","AD_HOC_TAB"
"SYSTEM","280","3","246","GTR","4",,"SuperTAB - Generate Saved Tabular Report","40","$DBTAB","GENERATE_TAB"
"SYSTEM","280","4","265","MTR","6",,"SuperTAB - Modify Saved Tabular Report","38","$DBTAB","MODIFY_TAB"
"SYSTEM","280","5","266","BTR","4",,"SuperTAB - Generate Saved Report In Background","46","$DBTAB","CALL_TAB_BACKGROUND"
"SYSTEM","280","6","15023","TAJ","4",,"JobTAB - Ad Hoc Tabular Report","30","$DBTAB","AD_HOC_TAB_JOB"
"SYSTEM","280","7","15025","GTJ","4",,"JobTAB - Generate Saved Tabular Report","38","$DBTAB","GENERATE_TAB_JOB"
"SYSTEM","280","8","15026","MTJ","6",,"JobTAB - Modify Saved Tabular Report","36","$DBTAB","MODIFY_TAB_JOB"
"SYSTEM","280","9","15024","BTJ","4",,"JobTAB - Generate Saved Report In Background","44","$DBTAB","CALL_TAB_BACK_JOB"
"SYSTEM","280","10","56","GRL","4",,"Generate Report","15","$GENCOMP","GENERATE_REPORT"
"SYSTEM","280","11","141","WSR","4",,"Write Sample Report","19","$GENRESLIS",
"SYSTEM","280","12","15001","TRE","4",,"Data Tree","9","$DATATREE","datatree"
"SYSTEM","280","13","15002","TRS","4",,"Sample Data Tree","16","$DATATREE","sampletree"
"SYSTEM","280","14","418","EVE","4",,"Call current editor","19","$EVE","eve_menu_option"
"SYSTEM","280","15","203","AGR","6",,"Background Report Generation","28","$bsmp_rept","bsmpreptgeneration"
"SYSTEM","280","16","204","LTQ","6",,"List Timer Queue Entries","24","$bsmp_rept","bsmpreptdisplay"
"SYSTEM","280","17","15017","AUD","8",,"Audit Reporting","15","$AUDIT_REP",
"SYSTEM","280","18","15044","AUV","8",,"Audit Viewer","12","$AUDIT",
"SYSTEM","300","1","0",,"4",,"Sample Point Menu","19",,
"SYSTEM","300","2","231","APT","4",,"Add Sample Point","18","$LTE_SAMP","ADDOPTION"
"SYSTEM","300","3","232","CPT","4",,"Copy Sample Point","19","$LTE_SAMP","COPYOPTION"
"SYSTEM","300","4","233","MPT","6",,"Modify Sample Point","21","$LTE_SAMP","MODIFYOPTION"
"SYSTEM","300","5","238","DPT","4",,"Display Sample Point","22","$LTE_SAMP","DISPLAYOPTION"
"SYSTEM","300","6","236","PPT","4",,"Print Sample Point","20","$LTE_SAMP","PRINTOPTION"
"SYSTEM","300","7","237","LPT","4",,"List Sample Points","20","$LTE_SAMP","LISTOPTION"
"SYSTEM","300","8","234","RPT","8",,"Remove Sample Point","21","$LTE_SAMP","REMOVEOPTION"
"SYSTEM","300","9","235","UPT","8",,"Restore Sample Point","22","$LTE_SAMP","RESTOREOPTION"
"SYSTEM","310","1","0",,"1",,"Login Schedule Definition Menu","30",,
"SYSTEM","310","2","244","ASB","4",,"Add Login Schedule","18","$LTE_LSCH","ADDOPTION"
"SYSTEM","310","3","311","CSB","4",,"Copy Login Schedule","19","$LTE_LSCH","COPYOPTION"
"SYSTEM","310","4","245","MSB","4",,"Modify Login Schedule","21","$LTE_LSCH","MODIFYOPTION"
"SYSTEM","310","5","264","DSP","4",,"Display Login Schedule","22","$LTE_LSCH","DISPLAYOPTION"
"SYSTEM","310","6","312","PSB","4",,"Print Login Schedule","20","$LTE_LSCH","PRINTOPTION"
"SYSTEM","310","7","313","LSB","4",,"List Login Schedules","20","$LTE_LSCH","LISTOPTION"
"SYSTEM","310","8","314","RSB","4",,"Remove Login Schedule","21","$LTE_LSCH","REMOVEOPTION"
"SYSTEM","310","9","315","USB","4",,"Restore Login Schedule","22","$LTE_LSCH","RESTOREOPTION"
"SYSTEM","320","1","0",,"1",,"Job Processing Menu","19",,
"SYSTEM","320","2","259","DJS","4",,"Display Job Header and Samples","30","$SAMP_JOB","displayjobheader"
"SYSTEM","320","3","323","MJH","6",,"Modify Job Header","17","$SAMP_JOB","modifyjobheader"
"SYSTEM","320","4","324","PJH","6",,"Print Job Header","16","$SAMP_JOB","printjobentry"
"SYSTEM","320","5","326","PJS","4",,"Print Job Header and Samples","28","$JOBSUM",
"SYSTEM","320","6","325","LJH","6",,"List Job Headers","16","$JOBLIST",
"SYSTEM","320","7","328","FJH","6",,"Complete Job","12","$AUX_FJH",
"SYSTEM","320","8","349","AJH","6",,"Authorise Job and Samples","25","$AUX_AJH",
"SYSTEM","320","9","329","CRP","8",,"Commit Job and Samples","22","$LIB_COMM","COMMIT_JOB"
"SYSTEM","320","10","347","RAJ","6",,"Reactivate Authorised Job","25","$AUX_RAJ",
"SYSTEM","320","11","322","XJH","6",,"Cancel Job","10","$AUX_XJH",
"SYSTEM","320","12","319","SJH","6",,"Suspend Job","11","$AUX_SJH",
"SYSTEM","320","13","318","UJH","6",,"Release Job from Suspension","27","$AUX_UJH",
"SYSTEM","320","14","15034","DCJ","8",,"Deconsign Job and Samples","25","$LIB_COMM","DECONSIGN_JOB"
"SYSTEM","320","15","692","ARC","10",,"Job and Sample Archive Utility","30","$ARCHIVE",
"SYSTEM","330","1","0",,"1",,"Additional Applications Menu","28",,
"SYSTEM","330","2","350","CNM","1",,"Configuration Options","21",,
"SYSTEM","330","3","650","NOT","4",,"Notes","5",,
"SYSTEM","330","4","15007","GRF","6",,"Graphics Demo","13","$GRAFIX",
"SYSTEM","330","5","339","NCA","4",,"Numeric calculator","18","$CALCULATOR",
"SYSTEM","340","1","0",,"1",,"Project Definition Menu","23",,
"SYSTEM","340","2","341","APR","6",,"Add Project","11","$LTE_PROJ","ADDOPTION"
"SYSTEM","340","3","342","CPR","6",,"Copy Project","12","$LTE_PROJ","COPYOPTION"
"SYSTEM","340","4","352","MPR","6",,"Modify Project","14","$LTE_PROJ","MODIFYOPTION"
"SYSTEM","340","5","343","DPR","6",,"Display Project","15","$LTE_PROJ","DISPLAYOPTION"
"SYSTEM","340","6","344","PPR","6",,"Print Project","13","$LTE_PROJ","PRINTOPTION"
"SYSTEM","340","7","345","LPR","6",,"List Projects","13","$LTE_PROJ","LISTOPTION"
"SYSTEM","340","8","348","RPR","6",,"Remove Project","14","$LTE_PROJ","REMOVEOPTION"
"SYSTEM","340","9","351","UPR","6",,"Restore Project","15","$LTE_PROJ","RESTOREOPTION"
"SYSTEM","350","1","0",,"1",,"Customisation Options","21",,
"SYSTEM","350","2","210","USM","1",,"User Setup Menu","15",,
"SYSTEM","350","3","180","SSM","6",,"System Setup Menu","17",,
"SYSTEM","350","4","15047","MAB","10",,"Modify Audit Behaviour","22","$AUDIT_CONFIG",
"SYSTEM","350","5","15048","EAR","6",,"Explore Audit Records","21","$AUDIT_EXPLORER",
"SYSTEM","350","6","15049","TBL","8",,"Table Loader","12","$TABLE_LOADER",
"SYSTEM","350","7","15051","TBS","8",,"Table Saver","11","$TABLE_SAVER",
"SYSTEM","360","1","0",,"1",,"Daily Operations","16",,
"SYSTEM","360","2","12","NJL","4",,"Login Samples - New Job","23","$SAMP_JOB","loginsamplenewjob"
"SYSTEM","360","3","144","STT","4",,"Selected Sample Status","22","$STT",
"SYSTEM","360","4","247","TSR","4",,"Tabular Result Entry by Sample","30","$RES_ENTRY","call_tsr"
"SYSTEM","360","5","141","WSR","4",,"Write Sample Report","19","$genreslis",
"SYSTEM","360","6","56","GRL","4",,"Generate Report","15","$GENCOMP","GENERATE_REPORT"
"SYSTEM","360","7","57","ETP","6",,"Enter/Edit Tests","16","$TEST_ASSN","edittests"
"SYSTEM","360","8","47","DSE","4",,"Display Sample Entry","20","$SAMP_JOB","displaysampleentry"
"SYSTEM","370","1","0",,"1",,"Watch Dog Timer Functions Menu","30",,
"SYSTEM","370","2","257","ABL","4",,"Activate Login Schedule","23","$bsmp_lsch","bsmplschsubmit"
"SYSTEM","370","3","258","SBL","4",,"Deactivate Login Schedule","25","$bsmp_lsch","bsmplschstop"
"SYSTEM","370","4","203","AGR","6",,"Background Report Generation","28","$bsmp_rept","bsmpreptgeneration"
"SYSTEM","370","5","229","DGR","6",,"Delete Background Report Entry","30","$bsmp_rept","bsmpreptdelete"
"SYSTEM","370","6","204","LTQ","6",,"List timer Queue Entries","24","$bsmp_rept","bsmpreptdisplay"
"SYSTEM","370","7","205","TSM","8",,"Terminate background SMP","24","$bsmp_rept","bsmpreptstop"
"SYSTEM","370","8","861","MTQ","8",,"Background Mass Change","22","$bsmp_rept","bsmpreptmasschange"
"SYSTEM","370","9","850","DSM","8",,"Timer Schedule Menu","19",,
"SYSTEM","380","1","0",,"1",,"Job Template Definition Menu","28",,
"SYSTEM","380","2","381","AJT","4",,"Add Job Template","16","$LTE_JOBT","addoption"
"SYSTEM","380","3","382","CJT","4",,"Copy Job Template","17","$LTE_JOBT","copyoption"
"SYSTEM","380","4","383","MJT","6",,"Modify Job Template","19","$LTE_JOBT","modifyoption"
"SYSTEM","380","5","384","DJT","4",,"Display Job Template","20","$LTE_JOBT","displayoption"
"SYSTEM","380","6","385","PJT","4",,"Print Job Template","18","$LTE_JOBT","printoption"
"SYSTEM","380","7","386","LJT","4",,"List Job Templates","18","$LTE_JOBT","listoption"
"SYSTEM","380","8","387","RJT","8",,"Remove Job Template","19","$LTE_JOBT","removeoption"
"SYSTEM","380","9","388","UJT","8",,"Restore Job Template","20","$LTE_JOBT","restoreoption"
"SYSTEM","390","1","0",,"1",,"Identifier Groups","17",,
"SYSTEM","390","2","161","AGP","4",,"Add Identifier Group","20","$LTE_GROUP","ADDOPTION"
"SYSTEM","390","3","353","CGP","4",,"Copy Identifier Group","21","$LTE_GROUP","COPYOPTION"
"SYSTEM","390","4","192","MGP","6",,"Modify Identifier Group","23","$LTE_GROUP","MODIFYOPTION"
"SYSTEM","390","5","354","DGP","4",,"Display Identifier Group","24","$LTE_GROUP","DISPLAYOPTION"
"SYSTEM","390","6","355","PGP","4",,"Print Identifier Group","22","$LTE_GROUP","PRINTOPTION"
"SYSTEM","390","7","356","LGP","4",,"List Identifier Groups","22","$LTE_GROUP","LISTOPTION"
"SYSTEM","390","8","357","RGP","8",,"Remove Identifier Group","23","$LTE_GROUP","REMOVEOPTION"
"SYSTEM","390","9","358","UGP","8",,"Restore Identifier Group","24","$LTE_GROUP","RESTOREOPTION"
"SYSTEM","390","10","394","GTP","4",,"Assign Groups To Personnel","26","$GROUPLINK",
"SYSTEM","390","11","67","SGL","4",,"Set Default Group","17","$GROUPLINK","set_default_groups"
"SYSTEM","400","1","0",,"1",,"Calculation Formats Definition Menu","35",,
"SYSTEM","400","2","251","ACF","4",,"Add Calculation Format","22","$LTE_CALC","addoption"
"SYSTEM","400","3","252","CCF","6",,"Copy Calculation Format","23","$LTE_CALC","copyoption"
"SYSTEM","400","4","253","MCF","6",,"Modify Calculation Format","25","$LTE_CALC","modifyoption"
"SYSTEM","400","5","256","DCF","4",,"Display Calculation Format","26","$LTE_CALC","displayoption"
"SYSTEM","400","6","254","PCF","4",,"Print Calculation Format","24","$LTE_CALC","printoption"
"SYSTEM","400","7","255","LCF","4",,"List Calculation Formats","24","$LTE_CALC","listoption"
"SYSTEM","400","8","401","RCF","8",,"Remove Calculation Formats","26","$LTE_CALC","removeoption"
"SYSTEM","400","9","402","UCF","8",,"Restore Calculation Formats","27","$LTE_CALC","restoreoption"
"SYSTEM","400","10","227","TCF","6",,"Test Calculation Format","23","$CALCSYNT","test_calculation"
"SYSTEM","400","11","207","DBC","6",,"Debug Calculation Format","24","$CALCSYNT","debug_calculation"
"SYSTEM","410","1","0",,"1",,"Test Processing Menu","20",,
"SYSTEM","410","2","57","ETP","6",,"Enter/Edit tests","16","$TEST_ASSN","edittests"
"SYSTEM","410","3","419","DTP","6",,"Display tests","13","$TEST_ASSN","displaytests"
"SYSTEM","410","4","411","CTP","6",,"Report Early Completion of Test","31","$AUX_CTP",
"SYSTEM","410","5","412","ATP","6",,"Authorise Test","14","$AUX_ATP",
"SYSTEM","410","6","413","XTP","6",,"Cancel Test","11","$AUX_XTP",
"SYSTEM","410","7","414","STP","6",,"Suspend Test","12","$AUX_STP",
"SYSTEM","410","8","417","RTP","6",,"Reactivate Authorised Test","26","$AUX_RTP",
"SYSTEM","410","9","415","UTP","6",,"Reactivate Test (Unsuspend)","27","$AUX_UTP",
"SYSTEM","410","10","416","PTP","6",,"Report Completion of Test Preparation","37","$AUX_PTP",
"SYSTEM","420","1","0",,"1",,"Charges Menu","12",,
"SYSTEM","420","2","425","ACE","6",,"Add Charges","11","$LTE_CHARG","ADDOPTION"
"SYSTEM","420","3","426","CCE","6",,"Copy Charges","12","$LTE_CHARG","COPYOPTION"
"SYSTEM","420","4","421","MCE","6",,"Modify Charges","14","$LTE_CHARG","MODIFYOPTION"
"SYSTEM","420","5","422","DCE","6",,"Display Charges","15","$LTE_CHARG","DISPLAYOPTION"
"SYSTEM","420","6","423","PCE","6",,"Print Charges","13","$LTE_CHARG","PRINTOPTION"
"SYSTEM","420","7","424","LCE","6",,"List Charges","12","$LTE_CHARG","LISTOPTION"
"SYSTEM","420","8","428","RCE","6",,"Remove Charges","14","$LTE_CHARG","REMOVEOPTION"
"SYSTEM","420","9","427","UCE","6",,"Restore Charges","15","$LTE_CHARG","RESTOREOPTION"
"SYSTEM","430","1","0",,"1",,"Phrases Menu","12",,
"SYSTEM","430","2","449","APH","4",,"Add Phrases","11","$LTE_PHRSE","ADDOPTION"
"SYSTEM","430","3","219","CPH","4",,"Copy Phrases","12","$LTE_PHRSE","COPYOPTION"
"SYSTEM","430","4","437","MPH","6",,"Modify Phrases","14","$LTE_PHRSE","MODIFYOPTION"
"SYSTEM","430","5","438","DPH","4",,"Display Phrases","15","$LTE_PHRSE","DISPLAYOPTION"
"SYSTEM","430","6","439","PPH","4",,"Print Phrase","12","$LTE_PHRSE","PRINTOPTION"
"SYSTEM","430","7","279","LPH","4",,"List Phrases","12","$LTE_PHRSE","LISTOPTION"
"SYSTEM","430","8","278","RPH","8",,"Remove Phrases","14","$LTE_PHRSE","REMOVEOPTION"
"SYSTEM","430","9","277","UPH","8",,"Restore Phrases","15","$LTE_PHRSE","RESTOREOPTION"
"SYSTEM","440","1","0",,"1",,"Printer Definitions Menu","24",,
"SYSTEM","440","2","441","APD","6",,"Add Printer Definition","22","$LTE_PRINT","ADDOPTION"
"SYSTEM","440","3","442","CPD","6",,"Copy Printer Definition","23","$LTE_PRINT","COPYOPTION"
"SYSTEM","440","4","443","MPD","6",,"Modify Printer Definition","25","$LTE_PRINT","MODIFYOPTION"
"SYSTEM","440","5","448","DPD","4",,"Display Printer","15","$LTE_PRINT","DISPLAYOPTION"
"SYSTEM","440","6","446","PPD","4",,"Print a Printer Definition","26","$LTE_PRINT","PRINTOPTION"
"SYSTEM","440","7","447","LPD","4",,"List Printer Definitions","24","$LTE_PRINT","LISTOPTION"
"SYSTEM","440","8","444","RPD","8",,"Remove a Printer Definition","27","$LTE_PRINT","REMOVEOPTION"
"SYSTEM","440","9","445","UPD","8",,"Restore a Printer Definition","28","$LTE_PRINT","RESTOREOPTION"
"SYSTEM","450","1","0",,"1",,"Help Menu","9",,
"SYSTEM","450","2","670","HTP","4",,"Help Topic Setup Menu","21",,
"SYSTEM","450","3","451","HCH","4",,"Help Chapter Setup","18","$HELP_CHAPTERS",
"SYSTEM","460","1","0",,"1",,"Laboratory Environment Tables","29",,
"SYSTEM","460","2","60","IML","4",,"Instruments","11",,
"SYSTEM","460","3","90","AML","4",,"Analyses","8",,
"SYSTEM","460","4","580","UML","4",,"Units","5",,
"SYSTEM","460","5","30","CML","4",,"Customers","9",,
"SYSTEM","460","6","50","HML","4",,"Hazards and Disposal Methods","28",,
"SYSTEM","460","7","80","LML","4",,"Locations","9",,
"SYSTEM","460","8","120","PML","4",,"Preparations","12",,
"SYSTEM","460","9","300","SPL","4",,"Sample Points","15",,
"SYSTEM","460","10","340","PJL","4",,"Projects","8",,
"SYSTEM","460","11","780","WPM","4",,"Work Profile","12",,
"SYSTEM","460","12","530","LVL","4",,"MLP Levels","10",,
"SYSTEM","460","13","550","MLP","4",,"Multi-Level Product Specifications","34",,
"SYSTEM","460","14","590","LPM","4",,"Limit Phrases","13",,
"SYSTEM","460","15","730","LCM","4",,"Limit Calculations","18",,
"SYSTEM","460","16","420","CGL","4",,"Charges (Costs)","15",,
"SYSTEM","460","17","690","ISP","4",,"Inspection Plans","16",,
"SYSTEM","470","1","0",,"1",,"Login Setup Tables","18",,
"SYSTEM","470","2","380","JTL","4",,"Job Templates","13",,
"SYSTEM","470","3","190","TML","4",,"Sample Templates","16",,
"SYSTEM","470","4","780","WPM","4",,"Work Profile","12",,
"SYSTEM","470","5","170","TSL","4",,"Test Schedules","14",,
"SYSTEM","470","6","800","BTM","4",,"Batch Templates","15",,
"SYSTEM","470","7","270","SXL","4",,"Syntax Definitions","18",,
"SYSTEM","470","8","310","LSC","4",,"Login Schedules","15",,
"SYSTEM","470","9","471","MTF","10",,"Master Template Fields","22","$MT_FIELDS",
"SYSTEM","480","1","0",,"1",,"System Setup Tables","19",,
"SYSTEM","480","2","140","RML","4",,"Report Formats","14",,
"SYSTEM","480","3","110","OML","4",,"Laboratory Personnel (Operators)","32",,
"SYSTEM","480","4","560","OAL","4",,"Operator Approval","17",,
"SYSTEM","480","5","430","PHR","4",,"Standard Phrases","16",,
"SYSTEM","480","6","390","IDG","4",,"Identifier Groups","17",,
"SYSTEM","480","7","440","PDL","4",,"Printer Definition Menu","23",,
"SYSTEM","480","8","450","HLP","4",,"Help Menu","9",,
"SYSTEM","480","9","570","CRT","4",,"Column Definition Menu","22",,
"SYSTEM","480","10","830","RHM","4",,"Saved Criteria Menu","19",,
"SYSTEM","480","11","860","CGI","4",,"CGI Script Menu","15",,
"SYSTEM","490","1","0",,"1",,"Standards Menu","14",,
"SYSTEM","490","2","491","ASN","4",,"Add Standard","12","$LTE_STDS","ADDOPTION"
"SYSTEM","490","3","492","CSN","4",,"Copy Standard","13","$LTE_STDS","COPYOPTION"
"SYSTEM","490","4","493","MSN","6",,"Modify Standard","15","$LTE_STDS","MODIFYOPTION"
"SYSTEM","490","5","496","DSN","4",,"Display Standard","16","$LTE_STDS","DISPLAYOPTION"
"SYSTEM","490","6","497","PSN","4",,"Print Standard","14","$LTE_STDS","PRINTOPTION"
"SYSTEM","490","7","498","LSN","4",,"List Standards","14","$LTE_STDS","LISTOPTION"
"SYSTEM","490","8","494","RSN","8",,"Remove Standard","15","$LTE_STDS","REMOVEOPTION"
"SYSTEM","490","9","495","USN","8",,"Restore Standard","16","$LTE_STDS","RESTOREOPTION"
"SYSTEM","490","10","499","EXP","6",,"Expire Standard Version","23","$STD_VERS","EXPIRESTANDARD"
"SYSTEM","490","11","15018","CNV","6",,"Create Standard Version","23","$LTE_STD_VERS","NEWVERSIONOPTION"
"SYSTEM","490","12","15019","VSV","4",,"View Standard Versions","22","$STD_VERS","VIEW_VERSIONS"
"SYSTEM","490","13","15027","MSV","6",,"Modify Standard Version","23","$LTE_STD_VERS","MODIFYOPTION"
"SYSTEM","490","14","15021","DSV","4",,"Display Standard Version","24","$LTE_STD_VERS","DISPLAYOPTION"
"SYSTEM","500","1","0",,"1",,"Test Worksheet Menu","19",,
"SYSTEM","500","2","462","GAW","6",,"Generate Analysis Worksheet","27","$WORKSHEET","analysisworksheet"
"SYSTEM","500","3","466","PAW","6",,"Print Analysis Worksheet","24","$PRANALWKS",
"SYSTEM","500","4","472","CAW","6",,"Complete Analysis Worksheet","27","$WORKSHEET","completeworksheet"
"SYSTEM","500","5","501","MWS","6",,"Modify Analysis Worksheet","25","$MODWSHT","analyentry"
"SYSTEM","500","6","475","RAW","4",,"Result Entry by Analysis Worksheet","34","$res_entry","call_raw"
"SYSTEM","500","7","484","DAW","4",,"Result Display by Analysis Worksheet","36","$res_entry","call_daw"
"SYSTEM","500","8","485","AAW","4",,"Result Authorise by Analysis Worksheet","38","$res_entry","call_aaw"
"SYSTEM","500","9","477","RSF","6",,"Multichrom RSF from Analysis Worksheet","38","$WORKSHEET","create_mc_rsf"
"SYSTEM","500","10","486","XCA","6",,"XChrom Analysis from Analysis Worksheet","39","$XCL_RSF","xcl_generate_rsf"
"SYSTEM","510","1","0",,"1",,"Sample Worksheet Menu","21",,
"SYSTEM","510","2","461","GSW","6",,"Generate Sample Worksheet","25","$SAMPWSHT",
"SYSTEM","510","3","465","PSW","6",,"Print Sample Worksheet","22","$PRSAMPWS",
"SYSTEM","510","4","513","CSW","6",,"Complete Sample Worksheet","25","$WORKSHEET","completesmpworksheet"
"SYSTEM","510","5","476","RSW","4",,"Result Entry by Sample Worksheet","32","$res_entry","call_rsw"
"SYSTEM","510","6","511","DSW","4",,"Result Display by Sample Worksheet","34","$res_entry","call_dsw"
"SYSTEM","510","7","512","ASW","4",,"Result Authorise by Sample Worksheet","36","$res_entry","call_asw"
"SYSTEM","510","8","517","RGW","6",,"Regenerate Sample Worksheet","27","$WORKSHEET","regen_smp_worksheet"
"SYSTEM","510","9","516","SWJ","6",,"Generate Sample Worksheets for a Job","36","$JOBWRKSHT",
"SYSTEM","520","1","0",,"1",,"Preparation Worksheet Menu","26",,
"SYSTEM","520","2","463","GTW","6",,"Generate Test Preparation Worksheet","35","$WORKSHEET","testprepworksheet"
"SYSTEM","520","3","467","PTW","6",,"Print Test Preparation Worksheet","32","$PRTWKS",
"SYSTEM","520","4","473","CTW","6",,"Complete Test Preparation Worksheet","35","$WORKSHEET","completetprepworkshe"
"SYSTEM","520","5","464","GPW","6",,"Generate Sample Preparation Worksheet","37","$WORKSHEET","sampprepworksheet"
"SYSTEM","520","6","468","PPW","6",,"Print Sample Preparation Worksheet","34","$PRPWKS",
"SYSTEM","520","7","474","CPW","6",,"Complete Sample Preparation Worksheet","37","$WORKSHEET","completepprepworkshe"
"SYSTEM","530","1","0",,"1",,"MLP Level Definition Menu","25",,
"SYSTEM","530","2","531","ALE","4",,"Add MLP Level","13","$LTE_LVLS","ADDOPTION"
"SYSTEM","530","3","532","CLE","4",,"Copy MLP Level","14","$LTE_LVLS","COPYOPTION"
"SYSTEM","530","4","533","MLE","6",,"Modify MLP Level","16","$LTE_LVLS","MODIFYOPTION"
"SYSTEM","530","5","534","DLE","4",,"Display MLP Level","17","$LTE_LVLS","DISPLAYOPTION"
"SYSTEM","530","6","536","PLE","4",,"Print MLP Level","15","$LTE_LVLS","PRINTOPTION"
"SYSTEM","530","7","535","LLE","4",,"List MLP Levels","15","$LTE_LVLS","LISTOPTION"
"SYSTEM","540","1","0",,"1",,"Definable Worksheet Menu","24",,
"SYSTEM","540","2","478","UDW","6",,"Generate Definable Worksheet","28","$UDWSHT",
"SYSTEM","540","3","479","PUD","6",,"Print Definable Worksheet","25","$PRUDWSHT",
"SYSTEM","540","4","481","CUD","6",,"Complete Definable Worksheet","28","$WORKSHEET","completeudwworksheet"
"SYSTEM","540","5","502","MUD","6",,"Modify Definable Worksheet","26","$MODWSHT","udwentry"
"SYSTEM","540","6","711","RUW","4",,"Result Entry by Definable Worksheet","35","$res_entry","call_ruw"
"SYSTEM","540","7","712","DUW","4",,"Result Display by Definable Worksheet","37","$res_entry","call_duw"
"SYSTEM","540","8","713","AUW","4",,"Result Authorise by Definable Worksheet","39","$res_entry","call_auw"
"SYSTEM","540","9","15022","RSD","6",,"Multichrom RSF from Defined Worksheet","37","$WORKSHEET","defined_mc_rsf"
"SYSTEM","550","1","0",,"1",,"MLP Definition Menu","19",,
"SYSTEM","550","2","551","AMP","6",,"Add MLP","7","$LTE_MLP","ADDOPTION"
"SYSTEM","550","3","553","CMP","6",,"Copy MLP","8","$LTE_MLP","COPYOPTION"
"SYSTEM","550","4","554","MMP","8",,"Modify MLP","10","$LTE_MLP","MODIFYOPTION"
"SYSTEM","550","5","557","DMP","4",,"Display MLP","11","$LTE_MLP","DISPLAYOPTION"
"SYSTEM","550","6","558","PMP","4",,"Print MLP","9","$LTE_MLP","PRINTOPTION"
"SYSTEM","550","7","559","LMP","4",,"List MLP","8","$LTE_MLP","LISTOPTION"
"SYSTEM","550","8","552","MLTS","6",,"Create Test schedule from MLP","29","$MLP_TO_TEST",
"SYSTEM","560","1","0",,"8",,"Operator Approval Menu","22",,
"SYSTEM","560","2","701","MAP","8",,"Add/Modify/Remove Operator Approval Data","40","$APPROVAL","modify_option"
"SYSTEM","560","3","702","DAP","8",,"Display Operator Approval Data","30","$APPROVAL","display_option"
"SYSTEM","560","4","704","PAP","8",,"Print Operator Approval Data","28","$APPROVAL","print_option"
"SYSTEM","560","5","703","LAP","8",,"List Operator Approval Data","27","$APPROVAL","list_option"
"SYSTEM","570","1","0",,"1",,"Column Definition Setup Menu","28",,
"SYSTEM","570","2","571","ACH","6",,"Add Column Definition","21","$CRITERIA_LTE","ADDOPTION"
"SYSTEM","570","3","572","CCH","6",,"Copy Column Definition","22","$CRITERIA_LTE","COPYOPTION"
"SYSTEM","570","4","573","MCH","6",,"Modify Column Definition","24","$CRITERIA_LTE","MODIFYOPTION"
"SYSTEM","570","5","574","DCH","4",,"Display Column Definition","25","$CRITERIA_LTE","DISPLAYOPTION"
"SYSTEM","570","6","575","PCH","4",,"Print Column Definition","23","$CRITERIA_LTE","PRINTOPTION"
"SYSTEM","570","7","576","LCH","4",,"List Column Definitions","23","$CRITERIA_LTE","LISTOPTION"
"SYSTEM","570","8","577","RCH","8",,"Remove Column Definition","24","$CRITERIA_LTE","REMOVEOPTION"
"SYSTEM","570","9","578","UCH","8",,"Restore Column Definition","25","$CRITERIA_LTE","RESTOREOPTION"
"SYSTEM","580","1","0",,"1",,"Units Definition Menu","21",,
"SYSTEM","580","2","581","AUL","4",,"Add Units","9","$LTE_UNIT","ADDOPTION"
"SYSTEM","580","3","582","CUL","4",,"Copy Units","10","$LTE_UNIT","COPYOPTION"
"SYSTEM","580","4","583","MUL","6",,"Modify Units","12","$LTE_UNIT","MODIFYOPTION"
"SYSTEM","580","5","584","DUL","4",,"Display Units","13","$LTE_UNIT","DISPLAYOPTION"
"SYSTEM","580","6","585","LUL","4",,"List Units","10","$LTE_UNIT","LISTOPTION"
"SYSTEM","580","7","586","PUL","4",,"Print Units","11","$LTE_UNIT","PRINTOPTION"
"SYSTEM","580","8","587","RUL","8",,"Remove Units","12","$LTE_UNIT","REMOVEOPTION"
"SYSTEM","580","9","588","UUL","8",,"Restore Units","13","$LTE_UNIT","RESTOREOPTION"
"SYSTEM","590","1","0",,"1",,"Limit Phrase Definition Menu","28",,
"SYSTEM","590","2","591","ALT","4",,"Add Limit Phrase","16","$LTE_LIMIT_PHRASE","ADDOPTION"
"SYSTEM","590","3","592","CLT","4",,"Copy Limit Phrase","17","$LTE_LIMIT_PHRASE","COPYOPTION"
"SYSTEM","590","4","593","MLT","6",,"Modify Limit Phrase","19","$LTE_LIMIT_PHRASE","MODIFYOPTION"
"SYSTEM","590","5","594","DLT","4",,"Display Limit Phrase","20","$LTE_LIMIT_PHRASE","DISPLAYOPTION"
"SYSTEM","590","6","595","LLT","4",,"List Limit Phrase","17","$LTE_LIMIT_PHRASE","LISTOPTION"
"SYSTEM","590","7","596","PLT","4",,"Print Limit Phrase","18","$LTE_LIMIT_PHRASE","PRINTOPTION"
"SYSTEM","590","8","597","RLT","8",,"Remove Limit Phrase","19","$LTE_LIMIT_PHRASE","REMOVEOPTION"
"SYSTEM","590","9","598","ULT","8",,"Restore Limit Phrase","20","$LTE_LIMIT_PHRASE","RESTOREOPTION"
"SYSTEM","590","10","599","CPRL","4",,"Create Limit Phrase from Phrase","31","$LIMIT_PHRASE","LIMIT_PHRASE_CONVERT"
"SYSTEM","600","1","0",,"1",,"Worksheet Generation by Template Menu","37",,
"SYSTEM","600","2","610","WTM","4",,"Worksheet Template Data Entry Menu","34",,
"SYSTEM","600","3","601","GWT","6",,"Generate Worksheet from Template","32","$WORKT_GEN","TEMPLATE_WORKSHEET"
"SYSTEM","600","4","539","RET","6",,"Enter Results By Template Worksheet","35","$RBT","RESENTER"
"SYSTEM","600","5","666","DRT","4",,"Display Results By Template Worksheet","37","$RBT","RESDISPLAY"
"SYSTEM","600","6","602","PRW","6",,"Print Template Worksheet","24","$WORK_PRNT","PRINTTEMPLATEWORKSHE"
"SYSTEM","600","7","604","CEW","6",,"Complete Template Worksheet","27","$WKS_MAINT","COMPLETE_WORKSHEET"
"SYSTEM","600","8","603","RTW","6",,"Review Template Worksheet","25","$WORKREV",
"SYSTEM","600","9","667","ART","6",,"Authorise Results By Template Worksheet","39","$RBT","RESAUTH"
"SYSTEM","600","10","606","GWB","6",,"Generate Worksheet on Background","32","$WKS_maint","BACK_GEN_WKS"
"SYSTEM","600","11","607","RSE","6",,"Multichrom RSF for Template Worksheet","37","$WKS_MAINT","MCRSF_GENERATE"
"SYSTEM","600","12","605","PUR","6",,"Commit Template Worksheet","25","$WKS_MAINT","PURGE_WORKSHEETS"
"SYSTEM","600","13","620","MNT","4",,"Template Worksheet Maintenance Menu","35",,
"SYSTEM","610","1","0",,"1",,"Worksheet Template Data Entry Menu","34",,
"SYSTEM","610","2","611","AWT","4",,"Add Template","12","$LTE_WORKT","ADDOPTION"
"SYSTEM","610","3","612","CWT","4",,"Copy Template","13","$LTE_WORKT","COPYOPTION"
"SYSTEM","610","4","613","MWT","6",,"Modify Template","15","$LTE_WORKT","MODIFYOPTION"
"SYSTEM","610","5","614","DWT","4",,"Display Template","16","$LTE_WORKT","DISPLAYOPTION"
"SYSTEM","610","6","615","APP","4",,"Approve Template","16","$WORK_TEMP","APPROVE_TEMPLATE"
"SYSTEM","610","7","668","CNW","4",,"Delete Template","15","$WORK_TEMP","CANCEL_TEMPLATE"
"SYSTEM","610","8","616","PWT","4",,"Print Template","14","$LTE_WORKT","PRINTOPTION"
"SYSTEM","610","9","617","LWT","4",,"List Templates","14","$LTE_WORKT","LISTOPTION"
"SYSTEM","610","10","618","RWT","8",,"Remove Template","15","$LTE_WORKT","REMOVEOPTION"
"SYSTEM","610","11","619","UWT","8",,"Restore Template","16","$LTE_WORKT","RESTOREOPTION"
"SYSTEM","620","1","0",,"1",,"Template Worksheet Maintenance Menu","35",,
"SYSTEM","620","2","624","CAN","6",,"Cancel Template Worksheet","25","$WKS_MAINT","CANCEL_WORKSHEET"
"SYSTEM","620","3","629","MOD","6",,"Modify Template Worksheet","25","$WORK_MOD","MODIFY_WORKSHEET"
"SYSTEM","620","4","625","TWT","6",,"Reset Template Worksheet","24","$WKS_MAINT","RESET_WORKSHEET"
"SYSTEM","620","5","623","WTR","6",,"Reject Template Worksheet","25","$WKS_MAINT","REJECT_WORKSHEET"
"SYSTEM","620","6","626","SWT","6",,"Suspend Template Worksheet","26","$WKS_MAINT","SUSPEND_WORKSHEET"
"SYSTEM","620","7","627","UTW","6",,"Unsuspend Template Worksheet","28","$WKS_MAINT","UNSUSPEND_WORKSHEET"
"SYSTEM","620","8","632","RBD","6",,"Rebuild Template Worksheet","26","$WKS_REBLD","BUILD_FROM_ID"
"SYSTEM","620","9","633","RBA","6",,"Rebuild Template Worksheet from Test","36","$WKS_REBLD","BUILD_FROM_TEST"
"SYSTEM","620","10","628","OWT","6",,"Reassign Template Worksheet Operator","36","$WKS_MAINT","REASSIGN_WORKSHEET"
"SYSTEM","630","1","0",,"1",,"Significant Figure Filter Menu","30",,
"SYSTEM","630","2","631","ASF","4",,"Add Significant Figure Filter","29","$LTE_SFIGS","ADDOPTION"
"SYSTEM","630","3","634","CSF","4",,"Copy Significant Figure Filter","30","$LTE_SFIGS","COPYOPTION"
"SYSTEM","630","4","635","MSF","6",,"Modify Significant Figure Filter","32","$LTE_SFIGS","MODIFYOPTION"
"SYSTEM","630","5","636","DSF","4",,"Display Significant Figure Filter","33","$LTE_SFIGS","DISPLAYOPTION"
"SYSTEM","630","6","638","PSF","4",,"Print Significant Figure Filter","31","$LTE_SFIGS","PRINTOPTION"
"SYSTEM","630","7","637","LSF","4",,"List Significant Figure Filter","30","$LTE_SFIGS","LISTOPTION"
"SYSTEM","630","8","639","XSF","8",,"Remove Significant Figure Filter","32","$LTE_SFIGS","REMOVEOPTION"
"SYSTEM","630","9","641","USF","8",,"Restore Significant Figure Filter","33","$LTE_SFIGS","RESTOREOPTION"
"SYSTEM","630","10","705","TSF","6",,"Compile/Test Significant Figure Filter","38","$SF_TEST","test_sf_rtn"
"SYSTEM","630","11","643","ESF","6",,"Display Sig Figs Compilation Errors","35","$SF_TEST","display_comp_errors"
"SYSTEM","630","12","706","DBF","6",,"Debug Significant Figure Filter","31","$SF_TEST","debug_sf_rtn"
"SYSTEM","650","1","0",,"1",,"Notes","5",,
"SYSTEM","650","2","651","ANO","4",,"Add A Note","10","$NOTE_ADD",
"SYSTEM","650","3","652","DNO","4",,"Retrieve Note","13","$NOTE_RET","NORMAL_ROUTINE"
"SYSTEM","650","4","653","MNO","8",,"Modify Note","11","$NOTE_RET","MODIFY_ROUTINE"
"SYSTEM","670","1","0",,"1",,"Help Topic Setup Menu","21",,
"SYSTEM","670","2","671","AHP","6",,"Add Help Topic","14","$LTE_HELP","ADDOPTION"
"SYSTEM","670","3","672","CHP","6",,"Copy Help Topic","15","$LTE_HELP","COPYOPTION"
"SYSTEM","670","4","673","MHP","6",,"Modify Help Topic","17","$LTE_HELP","MODIFYOPTION"
"SYSTEM","670","5","678","DHP","4",,"Display Help Topic","18","$LTE_HELP","DISPLAYOPTION"
"SYSTEM","670","6","676","PHP","4",,"Print a Help Topic","18","$LTE_HELP","PRINTOPTION"
"SYSTEM","670","7","677","LHP","4",,"List Help Topics","16","$LTE_HELP","LISTOPTION"
"SYSTEM","670","8","674","RHP","8",,"Remove a Help Topic","19","$LTE_HELP","REMOVEOPTION"
"SYSTEM","670","9","675","UHP","8",,"Restore a Help Topic","20","$LTE_HELP","RESTOREOPTION"
"SYSTEM","680","1","0",,"1",,"List Result Menu","16",,
"SYSTEM","680","2","681","ALR","4",,"Add List Result","15","$LTE_LIST_RES","addoption"
"SYSTEM","680","3","682","CLR","6",,"Copy List Result","16","$LTE_LIST_RES","copyoption"
"SYSTEM","680","4","683","MLR","6",,"Modify List Result","18","$LTE_LIST_RES","modifyoption"
"SYSTEM","680","5","684","DLR","4",,"Display List Result","19","$LTE_LIST_RES","displayoption"
"SYSTEM","680","6","685","PLR","4",,"Print List Result","17","$LTE_LIST_RES","printoption"
"SYSTEM","680","7","686","LLR","4",,"List List Result","16","$LTE_LIST_RES","listoption"
"SYSTEM","680","8","687","RLR","8",,"Remove List Result","18","$LTE_LIST_RES","removeoption"
"SYSTEM","680","9","688","ULR","8",,"Restore List Result","19","$LTE_LIST_RES","restoreoption"
"SYSTEM","680","10","689","TLR","6",,"Test List Result","16","$LR_DEBUG_TEST","lr_debug_test_test"
"SYSTEM","680","11","691","DBL","6",,"Debug List Result","17","$LR_DEBUG_TEST","lr_debug_test_debug"
"SYSTEM","690","1","0",,"1",,"Inspection Plan Menu","20",,
"SYSTEM","690","2","693","AIP","4",,"Add Inspection Plan","19","$LTE_INSPECT","addoption"
"SYSTEM","690","3","694","CIP","6",,"Copy Inspection Plan","20","$LTE_INSPECT","copyoption"
"SYSTEM","690","4","695","MIP","6",,"Modify Inspection Plan","22","$LTE_INSPECT","modifyoption"
"SYSTEM","690","5","696","DIP","4",,"Display Inspection Plan","23","$LTE_INSPECT","displayoption"
"SYSTEM","690","6","697","PIP","4",,"Print Inspection Plan","21","$LTE_INSPECT","printoption"
"SYSTEM","690","7","698","LIP","4",,"List Inspection Plan","20","$LTE_INSPECT","listoption"
"SYSTEM","690","8","699","RIP","8",,"Remove Inspection Plan","22","$LTE_INSPECT","removeoption"
"SYSTEM","690","9","721","UIP","8",,"Restore Inspection Plan","23","$LTE_INSPECT","restoreoption"
"SYSTEM","730","1","0",,"1",,"Limit Calculation Definition Menu","33",,
"SYSTEM","730","2","731","ALC","4",,"Add Limit Calculation","21","$LTE_LIMIT_CALC","ADDOPTION"
"SYSTEM","730","3","732","CLC","4",,"Copy Limit Calculation","22","$LTE_LIMIT_CALC","COPYOPTION"
"SYSTEM","730","4","733","MLC","6",,"Modify Limit Calculation","24","$LTE_LIMIT_CALC","MODIFYOPTION"
"SYSTEM","730","5","734","DLC","4",,"Display Limit Calculation","25","$LTE_LIMIT_CALC","DISPLAYOPTION"
"SYSTEM","730","6","735","LLC","4",,"List Limit Calculation","22","$LTE_LIMIT_CALC","LISTOPTION"
"SYSTEM","730","7","736","PLC","4",,"Print Limit Calculation","23","$LTE_LIMIT_CALC","PRINTOPTION"
"SYSTEM","730","8","737","RLC","8",,"Remove Limit Calculation","24","$LTE_LIMIT_CALC","REMOVEOPTION"
"SYSTEM","730","9","738","ULC","8",,"Restore Limit Calculation","25","$LTE_LIMIT_CALC","RESTOREOPTION"
"SYSTEM","730","10","739","TLC","4",,"Test Limit Calculation","22","$MLPS_CALC","MLPS_CALC_MAIN"
"SYSTEM","780","1","0",,"1",,"Work Profile Menu","17",,
"SYSTEM","780","2","781","AWP","6",,"Add Work Profile","16","$LTE_WORK_PROFILE","ADDOPTION"
"SYSTEM","780","3","782","CWP","6",,"Copy Work Profile","17","$LTE_WORK_PROFILE","COPYOPTION"
"SYSTEM","780","4","783","MWP","6",,"Modify Work Profile","19","$LTE_WORK_PROFILE","MODIFYOPTION"
"SYSTEM","780","5","784","DWP","4",,"Display Work Profile","20","$LTE_WORK_PROFILE","DISPLAYOPTION"
"SYSTEM","780","6","785","LWP","4",,"List Work Profile","17","$LTE_WORK_PROFILE","LISTOPTION"
"SYSTEM","780","7","786","PWP","4",,"Print Work Profile","18","$LTE_WORK_PROFILE","PRINTOPTION"
"SYSTEM","780","8","787","RWP","6",,"Remove Work Profile","19","$LTE_WORK_PROFILE","REMOVEOPTION"
"SYSTEM","780","9","788","UWP","6",,"Restore Work Profile","20","$LTE_WORK_PROFILE","RESTOREOPTION"
"SYSTEM","800","1","0",,"1",,"Batch Template Definition Menu","30",,
"SYSTEM","800","2","801","ABT","6",,"Add Batch Template","18","$LTE_BATCH","ADDOPTION"
"SYSTEM","800","3","802","CBT","6",,"Copy Batch Template","19","$LTE_BATCH","COPYOPTION"
"SYSTEM","800","4","803","MBT","6",,"Modify Batch Template","21","$LTE_BATCH","MODIFYOPTION"
"SYSTEM","800","5","804","DBT","4",,"Display Batch Template","22","$LTE_BATCH","DISPLAYOPTION"
"SYSTEM","800","6","805","LBT","4",,"List Batch Template","19","$LTE_BATCH","LISTOPTION"
"SYSTEM","800","7","806","PBT","4",,"Print Batch Template","20","$LTE_BATCH","PRINTOPTION"
"SYSTEM","800","8","807","RBT","8",,"Remove Batch Template","21","$LTE_BATCH","REMOVEOPTION"
"SYSTEM","800","9","808","UBT","8",,"Restore Batch Template","22","$LTE_BATCH","RESTOREOPTION"
"SYSTEM","800","10","840","BQC","6",,"Batch Control Charts Menu","25",,
"SYSTEM","810","1","0",,"1",,"Batch Login Menu","16",,
"SYSTEM","810","2","811","BCT","4",,"Batch Create","12","$BATCH","BATCHCREATE"
"SYSTEM","810","3","812","BMD","4",,"Batch Modify","12","$BATCH","BATCHMODIFY"
"SYSTEM","810","4","813","BDP","4",,"Batch Display","13","$BATCH","BATCHDISPLAY"
"SYSTEM","810","5","814","BRE","4",,"Batch Result Entry","18","$BATCH_RE","BATCHREMENU"
"SYSTEM","810","6","826","BIN","4",,"Batch Inspect","13","$BATCH","BATCHINSPECT"
"SYSTEM","810","7","815","BAT","4",,"Batch Authorise","15","$BATCH","BATCHAUTHORISE"
"SYSTEM","810","8","816","BCN","4",,"Batch Cancel","12","$BATCH","BATCHCANCEL"
"SYSTEM","810","9","817","BRA","4",,"Batch Reactivate","16","$BATCH","BATCHREACTIVATE"
"SYSTEM","810","10","820","BCS","4",,"Chromatography Link","19",,
"SYSTEM","810","11","821","BPW","4",,"Batch Worksheet","15","$BATCH","BATCHWORKSHEET"
"SYSTEM","810","12","822","BPR","4",,"Batch Report","12","$BATCH","BATCHREPORT"
"SYSTEM","810","13","823","BPJ","4",,"Batch Job Report","16","$BATCH","BATCHJOBREPORT"
"SYSTEM","810","14","825","BCQ","4",,"Batch Control Chart","19","$BATCH_SQC","BATCHSQCCHART"
"SYSTEM","810","15","827","BCO","8",,"Batch Commit","12","$BATCH","BATCHCOMMIT"
"SYSTEM","820","1","0",,"1",,"Batch/Chromatography Link Menu","30",,
"SYSTEM","820","2","818","BDL","4",,"Batch Download","14","$BATCH","BATCHDOWNLOAD"
"SYSTEM","820","3","819","BUP","4",,"Batch Upload","12","$BATCH","BATCHUPLOAD"
"SYSTEM","820","4","824","BUX","4",,"Update Chrom Data","18","$BATCH_XCHROM","UPDATEXCHROMPHRASES"
"SYSTEM","830","1","0",,"1",,"Saved Criteria Menu","19",,
"SYSTEM","830","2","831","ARH","6",,"Add Saved Criteria","18","$LTE_CRITERIA_SAVED","ADDOPTION"
"SYSTEM","830","3","832","CRH","6",,"Copy Saved Criteria","19","$LTE_CRITERIA_SAVED","COPYOPTION"
"SYSTEM","830","4","833","MRH","6",,"Modify Saved Criteria","21","$LTE_CRITERIA_SAVED","MODIFYOPTION"
"SYSTEM","830","5","834","DRH","4",,"Display Saved Criteria","22","$LTE_CRITERIA_SAVED","DISPLAYOPTION"
"SYSTEM","830","6","835","LRH","4",,"List Saved Criteria","19","$LTE_CRITERIA_SAVED","LISTOPTION"
"SYSTEM","830","7","836","PRH","4",,"Print Saved Criteria","20","$LTE_CRITERIA_SAVED","PRINTOPTION"
"SYSTEM","830","8","837","RRH","6",,"Remove Saved Criteria","21","$LTE_CRITERIA_SAVED","REMOVEOPTION"
"SYSTEM","830","9","838","URH","6",,"Restore Saved Criteria","22","$LTE_CRITERIA_SAVED","RESTOREOPTION"
"SYSTEM","840","1","0",,"1",,"Control Chart Definition Menu","29",,
"SYSTEM","840","2","841","AQC","6",,"Add Control Chart","17","$LTE_BATCH_SQC","ADDOPTION"
"SYSTEM","840","3","842","CQC","6",,"Copy Control Chart","18","$LTE_BATCH_SQC","COPYOPTION"
"SYSTEM","840","4","843","MQC","6",,"Modify Control Chart","20","$LTE_BATCH_SQC","MODIFYOPTION"
"SYSTEM","840","5","844","DQC","4",,"Display Control Chart","21","$LTE_BATCH_SQC","DISPLAYOPTION"
"SYSTEM","840","6","845","PQC","4",,"Print Control Chart","19","$LTE_BATCH_SQC","PRINTOPTION"
"SYSTEM","840","7","846","LQC","4",,"List Control Chart","18","$LTE_BATCH_SQC","LISTOPTION"
"SYSTEM","840","8","847","RQC","6",,"Remove Control Chart","20","$LTE_BATCH_SQC","REMOVEOPTION"
"SYSTEM","840","9","848","UQC","6",,"Restore Control Chart","21","$LTE_BATCH_SQC","RESTOREOPTION"
"SYSTEM","850","1","0",,"1",,"Timer Schedule Definition Menu","30",,
"SYSTEM","850","2","851","ADS","8",,"Add Timer Schedule","18","$LTE_TIMER_SCHEDULE","ADDOPTION"
"SYSTEM","850","3","852","CDS","8",,"Copy Timer Schedule","19","$LTE_TIMER_SCHEDULE","COPYOPTION"
"SYSTEM","850","4","853","MDS","8",,"Modify Timer Schedule","21","$LTE_TIMER_SCHEDULE","MODIFYOPTION"
"SYSTEM","850","5","854","DDS","8",,"Display Timer Schedule","22","$LTE_TIMER_SCHEDULE","DISPLAYOPTION"
"SYSTEM","850","6","855","PDS","8",,"Print Timer Schedule","20","$LTE_TIMER_SCHEDULE","PRINTOPTION"
"SYSTEM","850","7","856","LDS","8",,"List Timer Schedule","19","$LTE_TIMER_SCHEDULE","LISTOPTION"
"SYSTEM","850","8","857","RDS","8",,"Remove Timer Schedule","21","$LTE_TIMER_SCHEDULE","REMOVEOPTION"
"SYSTEM","850","9","858","UDS","8",,"Restore Timer Schedule","22","$LTE_TIMER_SCHEDULE","RESTOREOPTION"
"SYSTEM","850","10","859","TDS","8",,"Test Timer Schedule","19","$BSMP_TIMER_SCHEDULE","BSMPTIMERSCHEDULETES"
"SYSTEM","860","1","0",,"1",,"CGI Script Definition Menu","26",,
"SYSTEM","860","2","862","ACGI","4",,"Add CGI Script","14","$LTE_CGI_SCRIPT","ADDOPTION"
"SYSTEM","860","3","863","CCGI","4",,"Copy CGI Script","15","$LTE_CGI_SCRIPT","COPYOPTION"
"SYSTEM","860","4","864","MCGI","6",,"Modify CGI Script","17","$LTE_CGI_SCRIPT","MODIFYOPTION"
"SYSTEM","860","5","865","DCGI","4",,"Display CGI Script","18","$LTE_CGI_SCRIPT","DISPLAYOPTION"
"SYSTEM","860","6","866","PCGI","4",,"Print CGI Script","16","$LTE_CGI_SCRIPT","PRINTOPTION"
"SYSTEM","860","7","867","LCGI","4",,"List CGI Scripts","16","$LTE_CGI_SCRIPT","LISTOPTION"
"SYSTEM","860","8","868","RCGI","8",,"Remove CGI Script","17","$LTE_CGI_SCRIPT","REMOVEOPTION"
"SYSTEM","860","9","869","UCGI","8",,"Restore CGI Script","18","$LTE_CGI_SCRIPT","RESTOREOPTION"
"SYSTEM","9980","1","0",,"1",,"Options only from $xxx commands","31",,
"SYSTEM","9980","2","435","LAB","6",,"Experimental Laboratory Tables Menu","35","$LAB",
"SYSTEM","9980","3","188","VMS","4",,"Execute DCL commands","20","$VMS","vms_menu_option"
"SYSTEM","9980","4","188","UNX","4",,"Execute DCL commands","20","$VMS","vms_menu_option"
"SYSTEM","9980","5","191","ULI","1",,"User login","10",,
"SYSTEM","9980","6","123","COM","4",,"Toggle Active/Committed mode","28","$COM",
"SYSTEM","9980","7","124","SEC","4",,"Change Global Table Set","23","$SETCOM",
"SYSTEM","9980","8","15053","XPR","4",,"Explorer","8","$EXPLORER",
"SYSTEM","9980","9","999","MX","1",,"Exit from SampleManager","23",,
"SYSTEM","9990","1","0",,"1",,"Non-existent menu for demonstration/debug options","49",,
"SYSTEM","9990","2","56","@","4",,"Generate Report","15","$GENCOMP","GENERATE_REPORT"
"SYSTEM","9990","3","159","WRL","4",,"Generate Report","15","$GENCOMP","GENERATE_REPORT"
"SYSTEM","9990","4","239","VSN","1",,"Display version date and time","29","$VSN","vsn_menu_option"
"SYSTEM","9990","5","997","SPY","10",,"Debug next report","17",,
"SYSTEM","9990","6","508","COW","1",,"Display memory statistics","25","$COW",
"SYSTEM","9990","7","15036","AHR","1",,"Ad-Hoc Reporter","15","$REPORTER",
"SYSTEM","9990","8","15039","AHT","1",,"Ad-Hoc Reporter Templates","25","$REPORTER_TMPL",
"SYSTEM","9990","9","998","TID","10",,"Terminate Increment Daemon","26",,
"SYSTEM","10000","1","0",,"1",,"Welcome To Hot Keys","19",,
"SYSTEM","10000","2","10001","1","1",,"1 Calculator","12",,
"SYSTEM","10000","3","10002","2","1",,"2 Diary","7",,
"SYSTEM","10000","4","10003","3","1",,"3 Notes","7",,
"SYSTEM","10000","5","10004","4","4",,"4 Sample Status","15",,
"SYSTEM","10000","6","10005","5","4",,"5 Current Configuration","23",,
"SYSTEM","10000","7","10006","6","10",,"6 Debug Next Report","19",,
"SYSTEM","10850","1","0",,"1",,"Comparison Menu","15",,
"SYSTEM","10850","2","10851","1","4",,"Examine Offspec","15",,
"SYSTEM","10850","3","10852","2","4",,"Display Comparison","18",,
"SYSTEM","10850","4","10853","3","4",,"Display Results","15",,
"SYSTEM","10850","5","10854","4","4",,"Specify product info","20",,
"SYSTEM","10850","6","10855","5","6",,"Update sample","13",,
"SYSTEM","10850","7","10856","6","6",,"Authorise sample","16",,
"SYSTEM","10850","8","10857","7","4",,"Print comparison","16",,
