﻿MLP_COMPONENTS
PRODUCT_ID,PRODUCT_VERSION,ANALYSIS_ID,COMPONENT_NAME,PRODUCT_NUMBER,COMPONENT_TYPE,UNITS,PLACES,TYPICAL_TEXT,ENTRY_CODE,ORDER_NUM
10,10,10,40,10,1,40,10,234,10,10
                     689
"1000AASMIX","0","$NULL","Tren","0","N","pg/mL","-1","1000.000","474","1"
"1000AASMIX","1","$NULL","Tren","0","N","pg/mL","-1","1000.000","496","0"
"1000AASMIX","1","$NULL","Testos","0","N","pg/mL","-1","1000.000","497","0"
"1000AASMIX","1","$NULL","Tren (Reading)","0","N","pg/mL","-1","1000.000","472","1"
"100AASMIX","0","$NULL","Testos","0","N","pg/mL","-1","100.000","515","1"
"100AASMIX","0","$NULL","Altren","0","N","pg/mL","-1","100.000","516","2"
"100AASMIX","0","$NULL","Bold","0","N","pg/mL","-1","100.000","517","3"
"100AASMIX","0","$NULL","Flum","0","N","pg/mL","-1","100.000","518","4"
"100AASMIX","0","$NULL","Methan","0","N","pg/mL","-1","100.000","519","5"
"100AASMIX","0","$NULL","Mibol","0","N","pg/mL","-1","100.000","520","6"
"100AASMIX","0","$NULL","Nand","0","N","pg/mL","-1","100.000","521","7"
"100AASMIX","0","$NULL","Stan","0","N","pg/mL","-1","100.000","522","8"
"100AASMIX","0","$NULL","THG","0","N","pg/mL","-1","100.000","523","9"
"100AASMIX","0","$NULL","Tren","0","N","pg/mL","-1","100.000","473","10"
"100AASMIX","1","$NULL","Tren","0","N","pg/mL","-1","100.000","494","0"
"100AASMIX","1","$NULL","Testos","0","N","pg/mL","-1","100.000","495","0"
"100AASMIX","1","$NULL","Tren (Reading)","0","N","pg/mL","-1","100.000","468","1"
"100AASMIX","2","$NULL","Testos","0","N","pg/mL","-1","100.000","525","1"
"100AASMIX","2","$NULL","Altren","0","N","pg/mL","-1","100.000","526","2"
"100AASMIX","2","$NULL","Bold","0","N","pg/mL","-1","100.000","527","3"
"100AASMIX","2","$NULL","Flum","0","N","pg/mL","-1","100.000","528","4"
"100AASMIX","2","$NULL","Methan","0","N","pg/mL","-1","100.000","529","5"
"100AASMIX","2","$NULL","Mibol","0","N","pg/mL","-1","100.000","530","6"
"100AASMIX","2","$NULL","Nand","0","N","pg/mL","-1","100.000","531","7"
"100AASMIX","2","$NULL","Stan","0","N","pg/mL","-1","100.000","532","8"
"100AASMIX","2","$NULL","THG","0","N","pg/mL","-1","100.000","533","9"
"100AASMIX","2","$NULL","Tren","0","N","pg/mL","-1","100.000","524","10"
"2500AASMIX","0","$NULL","Tren","0","N","pg/mL","-1","2500.000","481","1"
"2500AASMIX","1","$NULL","Tren (Reading)","0","N","pg/mL","-1","2500.000","464","1"
"250AASMIX","0","$NULL","Tren","0","N","pg/mL","-1","0.000","480","0"
"250AASMIX","1","$NULL","Tren (Reading)","0","N","pg/mL","-1","250.000","460","1"
"25AASMIX","0","$NULL","Tren","0","N","pg/mL","-1","25.000","479","1"
"25AASMIX","1","$NULL","Tren (Reading)","0","N","pg/mL","-1","25.000","456","1"
"5000AASMIX","0","$NULL","Tren","0","N","pg/mL","-1","5000.000","484","0"
"5000AASMIX","1","$NULL","Tren (Reading)","0","N","pg/mL","-1","5000.000","451","1"
"500AASMIX","0","$NULL","Tren","0","N","pg/mL","-1","500.000","483","0"
"500AASMIX","1","$NULL","Tren (CalChk)","0","N","%ERR","-1","500.000","444","1"
"50AASMIX","0","$NULL","Tren","0","N","pg/mL","-1","50.000","482","1"
"50AASMIX","1","$NULL","Tren (Reading)","0","N","pg/mL","-1","0.000","437","1"
"50AASMIX","1","$NULL","Tren (Blank)","0","N",,"-1","0.000","438","2"
"50AASMIX","1","$NULL","Tren (CalChk)","0","N","%ERR","-1","0.000","439","3"
"8AAS_LC_SC","1","8AAS_LC_SC","Trenbolone (Reading)","0","T",,"0",,"867","2"
"8AAS_LC_SC","1","8AAS_LC_SC","Boldenone (Reading)","0","T",,"0",,"868","4"
"8AAS_LC_SC","1","8AAS_LC_SC","Methandrostenolone (Reading)","0","T",,"0",,"869","6"
"8AAS_LC_SC","1","8AAS_LC_SC","Mibolerone (Reading)","0","T",,"0",,"870","8"
"8AAS_LC_SC","1","8AAS_LC_SC","THG (Reading)","0","T",,"0",,"871","10"
"8AAS_LC_SC","1","8AAS_LC_SC","Stanazolol (Reading)","0","T",,"0",,"872","12"
"8AAS_LC_SC","1","8AAS_LC_SC","Flumethasone (Reading)","0","T",,"0",,"873","14"
"8AAS_LC_SC","1","8AAS_LC_SC","Altrenogest (Reading)","0","T",,"0",,"874","16"
"8AAS_LC_SC","1","8AAS_LC_SC","Testosterone (Reading)","0","T",,"0",,"875","18"
"8AAS_LC_SC","1","8AAS_LC_SC","Nandrolone (Reading)","0","T",,"0",,"876","20"
"BARBIT_RCK","1","BARBIT_RCK","Barbiturates (Reading)","0","N","OD","-1",,"788","2"
"BARBIT_RCK","1","BARBIT_RCK","Barbiturates (Report)","0","N","OD","-1",,"789","3"
"BARBIT_RCK","1","BARBIT_RCK","Barbiturates (CalChk)","0","N","OD","-1",,"790","4"
"BARBIT_RCK","1","BARBIT_RCK","Barbiturates (Blank)","0","N","OD","-1",,"791","5"
"BARBIT_RCK","1","BARBIT_RCK","Barbiturates Final","0","T",,"0",,"792","6"
"BG_TCO2_SC","1","BG_TCO2_SC","tCO2(P) Report","0","T",,"0",,"430","2"
"BG_TCO2_SC","1","BG_TCO2_SC","tCO2 Threshold no F","0","N","mmol/L","2",,"431","4"
"BG_TCO2_SC","1","BG_TCO2_SC","tCO2 Threshold F","0","N","mmol/L","2",,"432","5"
"BUPREN_RCK","1","BUPREN_RCK","Buprenorphine (Reading)","0","N","OD","-1",,"782","2"
"BUPREN_RCK","1","BUPREN_RCK","Buprenorphine (Report)","0","N","OD","-1",,"783","3"
"BUPREN_RCK","1","BUPREN_RCK","Buprenorphine (CalChk)","0","N","OD","-1",,"784","4"
"BUPREN_RCK","1","BUPREN_RCK","Buprenorphine (Blank)","0","N","OD","-1",,"785","5"
"BUPREN_RCK","1","BUPREN_RCK","Buprenorphine Final","0","T",,"0",,"786","6"
"CBC","1","CBC","WBC - Whole Blood Count","0","N","K/uL","2",,"5","1"
"CBC","1","CBC","HCT - Hematocrit","0","N","%","1",,"6","2"
"CBC","1","CBC","HGB - Hemoglobin","0","N","g/dL","1",,"7","3"
"CBC","1","CBC","RBC - Red Blood Cell Count","0","N","M/uL","2",,"8","4"
"CBC","1","CBC","PLT - Platelet count","0","N","K/uL","0",,"9","5"
"CBC","1","CBC","MCV - Mean corpuscular volume","0","N","fL","1",,"10","6"
"CBC","1","CBC","MCH - Mean corpuscular hemoglobin","0","N","pg","1",,"11","7"
"CBC","1","CBC","MCHC - Mean corpuscular hemoglobin cons","0","N","g/dL","1",,"12","8"
"CMP","1","CMP","ALT - alanine aminotransferase","0","N","IU/L","0",,"14","1"
"CMP","1","CMP","AST - aspartate aminotransferase","0","N","IU/L","0",,"15","2"
"CMP","1","CMP","Alkaline phosphatase","0","N","IU/L","0",,"16","3"
"CMP","1","CMP","Total Bilirubin","0","N","mg/dL","1",,"17","4"
"CMP","1","CMP","Total Protine","0","N","g/dL","1",,"18","5"
"CMP","1","CMP","Albumin","0","N","g/dL","1",,"19","6"
"CMP","1","CMP","BUN - Blood urea nitrogen","0","N","mg/dL","0",,"20","7"
"CMP","1","CMP","Creatinine","0","N","mg/dL","2",,"21","8"
"CMP","1","CMP","Sodium","0","N","mEq/L","0",,"22","9"
"CMP","1","CMP","Glucose","0","N","mg/dL","0",,"23","10"
"CMP","1","CMP","Potassium","0","N","mEq/L","1",,"24","11"
"CMP","1","CMP","Chloride","0","N","mEq/L","0",,"25","12"
"CMP","1","CMP","Carbon Dioxide","0","N","mEq/L","0",,"26","13"
"CMP","1","CMP","Calcium","0","N","mg/dL","1",,"27","14"
"COCAIN_RCK","1","COCAIN_RCK","Cocaine (Reading)","0","N","OD","-1",,"964","2"
"COCAIN_RCK","1","COCAIN_RCK","Cocaine (Report)","0","N","OD","-1",,"965","3"
"COCAIN_RCK","1","COCAIN_RCK","Cocaine (CalChk)","0","N","OD","-1",,"966","4"
"COCAIN_RCK","1","COCAIN_RCK","Cocaine (Blank)","0","N","OD","-1",,"967","5"
"COCAIN_RCK","1","COCAIN_RCK","Cocaine Final","0","T",,"0",,"968","6"
"CTRL_HPLC","0","$NULL","Fructose","0","N","g/dl","-1","10.000","86","1"
"CTRL_HPLC","0","$NULL","Glucose","0","N","g/dl","-1","10.000","87","2"
"CTRL_HPLC","0","$NULL","Sucrose","0","N","g/dl","-1","10.000","88","3"
"CTRL_HPLC","1","$NULL","Fructose","0","N","g/dl","-1","10.000","90","1"
"CTRL_HPLC","1","$NULL","Glucose","0","N","g/dl","-1","10.000","91","2"
"CTRL_HPLC","1","$NULL","Sucrose","0","N","g/dl","-1","10.000","92","3"
"CTRL_HPLC","2","$NULL","Fructose","0","N","g/dl","-1","10.000","93","1"
"CTRL_HPLC","2","$NULL","Glucose","0","N","g/dl","-1","10.000","94","2"
"CTRL_HPLC","2","$NULL","Sucrose","0","N","g/dl","-1","10.000","95","3"
"DMSO_CAL01","0","$NULL","D6-DMSO","0","N","µg/mL","-1","1.000","1295","1"
"DMSO_CAL01","0","$NULL","D9-PBUTE","0","N","µg/mL","-1","1.000","1296","2"
"DMSO_CAL01","0","$NULL","DMSO","0","N","µg/mL","-1","5.000","1297","3"
"DMSO_CAL01","0","$NULL","PBUTE","0","N","µg/mL","-1","5.000","1298","4"
"DMSO_CAL01","1","$NULL","D6-DMSO","0","N","µg/mL","-1","1.000","1300","1"
"DMSO_CAL01","1","$NULL","D9-PBUTE","0","N","µg/mL","-1","1.000","1301","2"
"DMSO_CAL01","1","$NULL","DMSO","0","N","µg/mL","-1","5.000","1302","3"
"DMSO_CAL01","1","$NULL","PBUTE","0","N","µg/mL","-1","5.000","1303","4"
"DMSO_CAL02","0","$NULL","D6-DMSO","0","N","µg/mL","-1","1.000","1305","1"
"DMSO_CAL02","0","$NULL","D9-PBUTE","0","N","µg/mL","-1","1.000","1306","2"
"DMSO_CAL02","0","$NULL","DMSO","0","N","µg/mL","-1","2.000","1307","3"
"DMSO_CAL02","0","$NULL","PBUTE","0","N","µg/mL","-1","2.000","1308","4"
"DMSO_CAL02","1","$NULL","D6-DMSO","0","N","µg/mL","-1","1.000","1310","1"
"DMSO_CAL02","1","$NULL","D9-PBUTE","0","N","µg/mL","-1","1.000","1311","2"
"DMSO_CAL02","1","$NULL","DMSO","0","N","µg/mL","-1","2.000","1312","3"
"DMSO_CAL02","1","$NULL","PBUTE","0","N","µg/mL","-1","2.000","1313","4"
"DMSO_CAL03","0","$NULL","D6-DMSO","0","N","µg/mL","-1","1.000","1315","1"
"DMSO_CAL03","0","$NULL","D9-PBUTE","0","N","µg/mL","-1","1.000","1316","2"
"DMSO_CAL03","0","$NULL","DMSO","0","N","µg/mL","-1","5.000","1317","3"
"DMSO_CAL03","0","$NULL","PBUTE","0","N","µg/mL","-1","5.000","1318","4"
"DMSO_CAL03","1","$NULL","D6-DMSO","0","N","µg/mL","-1","1.000","1320","1"
"DMSO_CAL03","1","$NULL","D9-PBUTE","0","N","µg/mL","-1","1.000","1321","2"
"DMSO_CAL03","1","$NULL","DMSO","0","N","µg/mL","-1","5.000","1322","3"
"DMSO_CAL03","1","$NULL","PBUTE","0","N","µg/mL","-1","5.000","1323","4"
"DMSO_CAL1","0","$NULL","D6-DMSO","0","N","µg/mL","-1","1.000","230","1"
"DMSO_CAL1","0","$NULL","D9-PBUTE","0","N","µg/mL","-1","1.000","231","2"
"DMSO_CAL1","0","$NULL","DMSO","0","N","µg/mL","-1","1.000","232","3"
"DMSO_CAL1","0","$NULL","PBUTE","0","N","µg/mL","-1","1.000","233","4"
"DMSO_CAL1","1","$NULL","D6-DMSO","0","N","µg/mL","-1","0.000","235","1"
"DMSO_CAL1","1","$NULL","D9-PBUTE","0","N","µg/mL","-1","0.000","236","2"
"DMSO_CAL1","1","$NULL","DMSO","0","N","µg/mL","-1","0.000","237","3"
"DMSO_CAL1","1","$NULL","PBUTE","0","N","µg/mL","-1","0.000","238","4"
"DMSO_CAL1","2","$NULL","D6-DMSO","0","N","µg/mL","-1","1.000","647","1"
"DMSO_CAL1","2","$NULL","D9-PBUTE","0","N","µg/mL","-1","1.000","648","2"
"DMSO_CAL1","2","$NULL","DMSO","0","N","µg/mL","-1","1.000","649","3"
"DMSO_CAL1","2","$NULL","PBUTE","0","N","µg/mL","-1","1.000","650","4"
"DMSO_CAL10","0","$NULL","D6-DMSO","0","N","µg/mL","-1","1.000","260","1"
"DMSO_CAL10","0","$NULL","D9-PBUTE","0","N","µg/mL","-1","1.000","261","2"
"DMSO_CAL10","0","$NULL","DMSO","0","N","µg/mL","-1","10.000","262","3"
"DMSO_CAL10","0","$NULL","PBUTE","0","N","µg/mL","-1","10.000","263","4"
"DMSO_CAL10","1","$NULL","D6-DMSO","0","N","µg/mL","-1","1.000","265","1"
"DMSO_CAL10","1","$NULL","D9-PBUTE","0","N","µg/mL","-1","1.000","266","2"
"DMSO_CAL10","1","$NULL","DMSO","0","N","µg/mL","-1","5.000","267","3"
"DMSO_CAL10","1","$NULL","PBUTE","0","N","µg/mL","-1","5.000","268","4"
"DMSO_CAL2","0","$NULL","D6-DMSO","0","N","µg/mL","-1","1.000","240","1"
"DMSO_CAL2","0","$NULL","D9-PBUTE","0","N","µg/mL","-1","1.000","241","2"
"DMSO_CAL2","0","$NULL","DMSO","0","N","µg/mL","-1","2.000","242","3"
"DMSO_CAL2","0","$NULL","PBUTE","0","N","µg/mL","-1","2.000","243","4"
"DMSO_CAL2","1","$NULL","D6-DMSO","0","N","µg/mL","-1","1.000","245","1"
"DMSO_CAL2","1","$NULL","D9-PBUTE","0","N","µg/mL","-1","1.000","246","2"
"DMSO_CAL2","1","$NULL","DMSO","0","N","µg/mL","-1","1.000","247","3"
"DMSO_CAL2","1","$NULL","PBUTE","0","N","µg/mL","-1","1.000","248","4"
"DMSO_CAL20","0","$NULL","D6-DMSO","0","N","µg/mL","-1","1.000","1335","1"
"DMSO_CAL20","0","$NULL","D9-PBUTE","0","N","µg/mL","-1","1.000","1336","2"
"DMSO_CAL20","0","$NULL","DMSO","0","N","µg/mL","-1","2.000","1337","3"
"DMSO_CAL20","0","$NULL","PBUTE","0","N","µg/mL","-1","2.000","1338","4"
"DMSO_CAL20","1","$NULL","D6-DMSO","0","N","µg/mL","-1","1.000","1340","1"
"DMSO_CAL20","1","$NULL","D9-PBUTE","0","N","µg/mL","-1","1.000","1341","2"
"DMSO_CAL20","1","$NULL","DMSO","0","N","µg/mL","-1","2.000","1342","3"
"DMSO_CAL20","1","$NULL","PBUTE","0","N","µg/mL","-1","2.000","1343","4"
"DMSO_CAL25","0","$NULL","D6-DMSO","0","N","µg/mL","-1","1.000","280","1"
"DMSO_CAL25","0","$NULL","D9-PBUTE","0","N","µg/mL","-1","1.000","281","2"
"DMSO_CAL25","0","$NULL","DMSO","0","N","µg/mL","-1","25.000","282","3"
"DMSO_CAL25","0","$NULL","PBUTE","0","N","µg/mL","-1","25.000","283","4"
"DMSO_CAL25","1","$NULL","D6-DMSO","0","N","µg/mL","-1","1.000","285","1"
"DMSO_CAL25","1","$NULL","D9-PBUTE","0","N","µg/mL","-1","1.000","286","2"
"DMSO_CAL25","1","$NULL","DMSO","0","N","µg/mL","-1","10.000","287","3"
"DMSO_CAL25","1","$NULL","PBUTE","0","N","µg/mL","-1","10.000","288","4"
"DMSO_CAL3","0","$NULL","D6-DMSO","0","N","µg/mL","-1","1.000","1325","1"
"DMSO_CAL3","0","$NULL","D9-PBUTE","0","N","µg/mL","-1","1.000","1326","2"
"DMSO_CAL3","0","$NULL","DMSO","0","N","µg/mL","-1","2.000","1327","3"
"DMSO_CAL3","0","$NULL","PBUTE","0","N","µg/mL","-1","2.000","1328","4"
"DMSO_CAL3","1","$NULL","D6-DMSO","0","N","µg/mL","-1","1.000","1330","1"
"DMSO_CAL3","1","$NULL","D9-PBUTE","0","N","µg/mL","-1","1.000","1331","2"
"DMSO_CAL3","1","$NULL","DMSO","0","N","µg/mL","-1","2.000","1332","3"
"DMSO_CAL3","1","$NULL","PBUTE","0","N","µg/mL","-1","2.000","1333","4"
"DMSO_CAL5","0","$NULL","D6-DMSO","0","N","µg/mL","-1","1.000","250","1"
"DMSO_CAL5","0","$NULL","D9-PBUTE","0","N","µg/mL","-1","1.000","251","2"
"DMSO_CAL5","0","$NULL","DMSO","0","N","µg/mL","-1","5.000","252","3"
"DMSO_CAL5","0","$NULL","PBUTE","0","N","µg/mL","-1","5.000","253","4"
"DMSO_CAL5","1","$NULL","D6-DMSO","0","N","µg/mL","-1","1.000","255","1"
"DMSO_CAL5","1","$NULL","D9-PBUTE","0","N","µg/mL","-1","1.000","256","2"
"DMSO_CAL5","1","$NULL","DMSO","0","N","µg/mL","-1","2.000","257","3"
"DMSO_CAL5","1","$NULL","PBUTE","0","N","µg/mL","-1","2.000","258","4"
"DMSO_CAL50","0","$NULL","D6-DMSO","0","N","µg/mL","-1","1.000","290","1"
"DMSO_CAL50","0","$NULL","D9-PBUTE","0","N","µg/mL","-1","1.000","291","2"
"DMSO_CAL50","0","$NULL","DMSO","0","N","µg/mL","-1","50.000","292","3"
"DMSO_CAL50","0","$NULL","PBUTE","0","N","µg/mL","-1","50.000","293","4"
"DMSO_CAL50","1","$NULL","D6-DMSO","0","N","µg/mL","-1","1.000","295","1"
"DMSO_CAL50","1","$NULL","D9-PBUTE","0","N","µg/mL","-1","1.000","296","2"
"DMSO_CAL50","1","$NULL","DMSO","0","N","µg/mL","-1","25.000","297","3"
"DMSO_CAL50","1","$NULL","PBUTE","0","N","µg/mL","-1","25.000","298","4"
"DMSO_PLASB","0","$NULL","DMSO","0","N","µg/mL","-1","0.000","208","1"
"DMSO_PLASB","0","$NULL","PBUTE","0","N","µg/mL","-1","0.000","209","2"
"DMSO_PLASB","1","$NULL","DMSO","0","N","µg/mL","-1","0.000","211","1"
"DMSO_PLASB","1","$NULL","PBUTE","0","N","µg/mL","-1","0.000","212","2"
"DMSO_PLISB","0","$NULL","D6-DMSO","0","N","µg/mL","-1","0.000","225","0"
"DMSO_PLISB","0","$NULL","D9-PBUTE","0","N","µg/mL","-1","0.000","226","0"
"DMSO_PLISB","0","$NULL","DMSO","0","N","µg/mL","-1","0.000","220","1"
"DMSO_PLISB","0","$NULL","PBUTE","0","N","µg/mL","-1","0.000","221","2"
"DMSO_PLISB","1","$NULL","DMSO","0","N","µg/mL","-1","0.000","223","1"
"DMSO_PLISB","1","$NULL","D6-DMSO","0","N","µg/mL","-1","0.000","227","1"
"DMSO_PLISB","1","$NULL","D9-PBUTE","0","N","µg/mL","-1","0.000","228","2"
"DMSO_PLISB","1","$NULL","PBUTE","0","N","µg/mL","-1","0.000","224","2"
"DMSO_SOLVB","0","$NULL","PBUTE","0","N","µg/mL","-1","0.000","202","0"
"DMSO_SOLVB","0","$NULL","DMSO","0","N","µg/mL","-1","0.000","204","0"
"DMSO_SOLVB","1","$NULL","DMSO","0","N","µg/mL","-1","0.000","205","1"
"DMSO_SOLVB","1","$NULL","PBUTE","0","N","µg/mL","-1","0.000","206","2"
"DMSOMANUAL","1","DMSOMANUAL","DMSO (Reading)","0","T",,"0",,"1501","2"
"DMSOMANUAL","1","DMSOMANUAL","Phenylbutazone (Reading)","0","T",,"0",,"1502","4"
"DMSOPBUTE","1","LC_DMSOPBT","DMSO (Reading)","0","N","µg/mL","-1",,"1504","2"
"DMSOPBUTE","1","LC_DMSOPBT","PBUTE (Reading)","0","N","µg/mL","-1",,"1505","3"
"DMSOPBUTE","1","LC_DMSOPBT","Final","0","T",,"0",,"1506","4"
"DOXPRM_RCK","1","DOXPRM_RCK","Doxapram (Reading)","0","N","OD","-1",,"794","2"
"DOXPRM_RCK","1","DOXPRM_RCK","Doxapram (Report)","0","N","OD","-1",,"795","3"
"DOXPRM_RCK","1","DOXPRM_RCK","Doxapram (CalChk)","0","N","OD","-1",,"796","4"
"DOXPRM_RCK","1","DOXPRM_RCK","Doxapram (Blank)","0","N","OD","-1",,"797","5"
"DOXPRM_RCK","1","DOXPRM_RCK","Doxapram Final","0","T",,"0",,"798","6"
"ELISA_ALL","1","ELISA_ALL","ELISA Plate (Reading)","0","N","OD","-1",,"776","2"
"ELISA_ALL","1","ELISA_ALL","ELISA Plate (Report)","0","N","OD","0",,"777","3"
"ELISA_ALL","1","ELISA_ALL","ELISA Plate (CalChk)","0","N","OD","-1",,"778","4"
"ELISA_ALL","1","ELISA_ALL","ELISA Plate (Blank)","0","N","OD","-1",,"779","5"
"ELISA_ALL","1","ELISA_ALL","Drug Name","0","T",,"0",,"780","6"
"ELISAU_ALL","1","ELISAU_ALL","Promazine (Reading)","0","N","OD","-1",,"686","2"
"ELISAU_ALL","1","ELISAU_ALL","Promazine (Report)","0","N","OD","-1",,"687","3"
"ELISAU_ALL","1","ELISAU_ALL","Promazine (Blank)","0","N","OD","-1",,"688","4"
"ELISAU_ALL","1","ELISAU_ALL","Promazine (CalChk)","0","N","OD","-1",,"689","5"
"ELISAU_ALL","1","ELISAU_ALL","Promazine Final","0","T",,"0",,"690","6"
"ELISAU_ALL","1","ELISAU_ALL","Barbiturates (Reading)","0","N","OD","-1",,"691","8"
"ELISAU_ALL","1","ELISAU_ALL","Barbiturates (Report)","0","N","OD","-1",,"692","9"
"ELISAU_ALL","1","ELISAU_ALL","Barbiturates (CalChk)","0","N","OD","-1",,"693","10"
"ELISAU_ALL","1","ELISAU_ALL","Barbiturates (Blank)","0","N","OD","-1",,"694","11"
"ELISAU_ALL","1","ELISAU_ALL","Barbiturates Final","0","T",,"0",,"695","12"
"ELISAU_ALL","1","ELISAU_ALL","Buprenorphine (Reading)","0","N","OD","-1",,"696","14"
"ELISAU_ALL","1","ELISAU_ALL","Buprenorphine (Report)","0","N","OD","-1",,"697","15"
"ELISAU_ALL","1","ELISAU_ALL","Buprenorphine (Blank)","0","N","OD","-1",,"698","16"
"ELISAU_ALL","1","ELISAU_ALL","Buprenorphine (CalChk)","0","N","OD","-1",,"699","17"
"ELISAU_ALL","1","ELISAU_ALL","Buprenorphine Final","0","T",,"0",,"700","18"
"ELISAU_ALL","1","ELISAU_ALL","Cocaine (Reading)","0","N","OD","-1",,"701","20"
"ELISAU_ALL","1","ELISAU_ALL","Cocaine (Report)","0","N","OD","-1",,"702","21"
"ELISAU_ALL","1","ELISAU_ALL","Cocaine (CalChk)","0","N","OD","-1",,"703","22"
"ELISAU_ALL","1","ELISAU_ALL","Cocaine (Blank)","0","N","OD","-1",,"704","23"
"ELISAU_ALL","1","ELISAU_ALL","Cocaine Final","0","T",,"0",,"705","24"
"ELISAU_ALL","1","ELISAU_ALL","Doxapram (Reading)","0","N","OD","-1",,"706","26"
"ELISAU_ALL","1","ELISAU_ALL","Doxapram (Report)","0","N","OD","-1",,"707","27"
"ELISAU_ALL","1","ELISAU_ALL","Doxapram (CalChk)","0","N","OD","-1",,"708","28"
"ELISAU_ALL","1","ELISAU_ALL","Doxapram (Blank)","0","N","OD","-1",,"709","29"
"ELISAU_ALL","1","ELISAU_ALL","Doxapram Final","0","T",,"0",,"710","30"
"ELISAU_ALL","1","ELISAU_ALL","Fentanil Group (Reading)","0","N","OD","-1",,"711","32"
"ELISAU_ALL","1","ELISAU_ALL","Fentanil Group (Report)","0","N","OD","-1",,"712","33"
"ELISAU_ALL","1","ELISAU_ALL","Fentanil Group (Blank)","0","N","OD","-1",,"713","34"
"ELISAU_ALL","1","ELISAU_ALL","Fentanil Group (CalChk)","0","N","OD","-1",,"714","35"
"ELISAU_ALL","1","ELISAU_ALL","Fentanil Group Final","0","T",,"0",,"715","36"
"ELISAU_ALL","1","ELISAU_ALL","Fentanyl (Reading)","0","N","OD","-1",,"716","38"
"ELISAU_ALL","1","ELISAU_ALL","Fentanyl (Report)","0","N","OD","-1",,"717","39"
"ELISAU_ALL","1","ELISAU_ALL","Fentanyl (CalChk)","0","N","OD","-1",,"718","40"
"ELISAU_ALL","1","ELISAU_ALL","Fentanyl (Blank)","0","N","OD","-1",,"719","41"
"ELISAU_ALL","1","ELISAU_ALL","Fentanyl Final","0","T",,"0",,"720","42"
"ELISAU_ALL","1","ELISAU_ALL","Glycopyrrolate (Reading)","0","N","OD","-1",,"721","44"
"ELISAU_ALL","1","ELISAU_ALL","Glycopyrrolate (Report)","0","N","OD","-1",,"722","45"
"ELISAU_ALL","1","ELISAU_ALL","Glycopyrrolate (CalChk)","0","N","OD","-1",,"723","46"
"ELISAU_ALL","1","ELISAU_ALL","Glycopyrrolate (Blank)","0","N","OD","-1",,"724","47"
"ELISAU_ALL","1","ELISAU_ALL","Glycopyrrolate Final","0","T",,"0",,"725","48"
"ELISAU_ALL","1","ELISAU_ALL","Hydromorphone (Reading)","0","N","OD","-1",,"726","50"
"ELISAU_ALL","1","ELISAU_ALL","Hydromorphone (Report)","0","N","OD","-1",,"727","51"
"ELISAU_ALL","1","ELISAU_ALL","Hydromorphone (CalChk)","0","N","OD","-1",,"728","52"
"ELISAU_ALL","1","ELISAU_ALL","Hydromorphone (Blank)","0","N","OD","-1",,"729","53"
"ELISAU_ALL","1","ELISAU_ALL","Hydomorphone Final","0","T",,"0",,"730","54"
"ELISAU_ALL","1","ELISAU_ALL","Ipatropium (Reading)","0","N","OD","-1",,"731","56"
"ELISAU_ALL","1","ELISAU_ALL","Ipatropium (Report)","0","N","OD","-1",,"732","57"
"ELISAU_ALL","1","ELISAU_ALL","Ipatropium (CalChk)","0","N","OD","-1",,"733","58"
"ELISAU_ALL","1","ELISAU_ALL","Ipatropium (Blank)","0","N","OD","-1",,"734","59"
"ELISAU_ALL","1","ELISAU_ALL","Ipatropium Final","0","T",,"0",,"735","60"
"ELISAU_ALL","1","ELISAU_ALL","Levallophan (Reading)","0","N","OD","-1",,"736","62"
"ELISAU_ALL","1","ELISAU_ALL","Levallophan (Report)","0","N","OD","-1",,"737","63"
"ELISAU_ALL","1","ELISAU_ALL","Levallophan (CalChk)","0","N","OD","-1",,"738","64"
"ELISAU_ALL","1","ELISAU_ALL","Levallophan (Blank)","0","N","OD","-1",,"739","65"
"ELISAU_ALL","1","ELISAU_ALL","Levallophan Final","0","T",,"0",,"740","66"
"ELISAU_ALL","1","ELISAU_ALL","Lidocaine (Reading)","0","N","OD","-1",,"741","68"
"ELISAU_ALL","1","ELISAU_ALL","Lidocaine (Report)","0","N","OD","-1",,"742","69"
"ELISAU_ALL","1","ELISAU_ALL","Lidocaine (Blank)","0","N","OD","-1",,"743","70"
"ELISAU_ALL","1","ELISAU_ALL","Lidocaine (CalChk)","0","N","OD","-1",,"744","71"
"ELISAU_ALL","1","ELISAU_ALL","Lidocaine Final","0","T",,"0",,"745","72"
"ELISAU_ALL","1","ELISAU_ALL","Methylphenidate (Reading)","0","N","OD","-1",,"746","74"
"ELISAU_ALL","1","ELISAU_ALL","Methylphenidate (Report)","0","N","OD","-1",,"747","75"
"ELISAU_ALL","1","ELISAU_ALL","Methylphenidate (CalChk)","0","N","OD","-1",,"748","76"
"ELISAU_ALL","1","ELISAU_ALL","Methylphenidate (Blank)","0","N","OD","-1",,"749","77"
"ELISAU_ALL","1","ELISAU_ALL","Methylphenidate Final","0","T",,"0",,"750","78"
"ELISAU_ALL","1","ELISAU_ALL","Methylprednisolone (Reading)","0","N","OD","-1",,"751","80"
"ELISAU_ALL","1","ELISAU_ALL","Methylprednisolone (Report)","0","N","OD","-1",,"752","81"
"ELISAU_ALL","1","ELISAU_ALL","Methylprednisolone (CalChk)","0","N","OD","-1",,"753","82"
"ELISAU_ALL","1","ELISAU_ALL","Methylprednisolone (Blank)","0","N","OD","-1",,"754","83"
"ELISAU_ALL","1","ELISAU_ALL","Methylprednisolone Final","0","T",,"0",,"755","84"
"ELISAU_ALL","1","ELISAU_ALL","Opiate Group (Reading)","0","N","OD","-1",,"756","86"
"ELISAU_ALL","1","ELISAU_ALL","Opiate Group (Report)","0","N","OD","-1",,"757","87"
"ELISAU_ALL","1","ELISAU_ALL","Opiate Group (CalChk)","0","N","OD","-1",,"758","88"
"ELISAU_ALL","1","ELISAU_ALL","Opiate Group (Blank)","0","N","OD","-1",,"759","89"
"ELISAU_ALL","1","ELISAU_ALL","Opiate Group Final","0","T",,"0",,"760","90"
"ELISAU_ALL","1","ELISAU_ALL","Oxymorphone (Reading)","0","N","OD","-1",,"761","92"
"ELISAU_ALL","1","ELISAU_ALL","Oxymorphone (Report)","0","N","OD","-1",,"762","93"
"ELISAU_ALL","1","ELISAU_ALL","Oxymorphone (CalChk)","0","N","OD","-1",,"763","94"
"ELISAU_ALL","1","ELISAU_ALL","Oxymorphone (Blank)","0","N","OD","-1",,"764","95"
"ELISAU_ALL","1","ELISAU_ALL","Oxymorphone Final","0","T",,"0",,"765","96"
"ELISAU_ALL","1","ELISAU_ALL","Proponolol (Reading)","0","N","OD","-1",,"766","98"
"ELISAU_ALL","1","ELISAU_ALL","Proponolol (Report)","0","N","OD","-1",,"767","99"
"ELISAU_ALL","1","ELISAU_ALL","Proponolol (CalChk)","0","N","OD","-1",,"768","100"
"ELISAU_ALL","1","ELISAU_ALL","Proponolol (Blank)","0","N","OD","-1",,"769","101"
"ELISAU_ALL","1","ELISAU_ALL","Proponolol Final","0","T",,"0",,"770","102"
"ELISAU_ALL","1","ELISAU_ALL","Spice Cannabinoids (Reading)","0","N","OD","-1",,"771","104"
"ELISAU_ALL","1","ELISAU_ALL","Spice Cannabinoids (Report)","0","N","OD","-1",,"772","105"
"ELISAU_ALL","1","ELISAU_ALL","Spice Cannabinoids (CalChk)","0","N","OD","-1",,"773","106"
"ELISAU_ALL","1","ELISAU_ALL","Spice Cannabinoids (Blank)","0","N","OD","-1",,"774","107"
"ELISAU_ALL","1","ELISAU_ALL","Spice Cannabinoids Final","0","T",,"0",,"775","108"
"EXACTIV_EX","1","EXACTIV_EX","Result","0","T",,"0",,"625","2"
"EXACTIV_EX","1","EXACTIV_EX","Drug Name","0","T",,"0",,"626","4"
"FENGRP_RCK","1","FENGRP_RCK","Fentanil Group (Reading)","0","N","OD","-1",,"970","2"
"FENGRP_RCK","1","FENGRP_RCK","Fentanil Group (Report)","0","N","OD","-1",,"971","3"
"FENGRP_RCK","1","FENGRP_RCK","Fentanil Group (CalChk)","0","N","OD","-1",,"972","4"
"FENGRP_RCK","1","FENGRP_RCK","Fentanil Group (Blank)","0","N","OD","-1",,"973","5"
"FENGRP_RCK","1","FENGRP_RCK","Fentanil Group Final","0","T",,"0",,"974","6"
"FENTYL_RCK","1","FENTYL_RCK","Fentanyl Group (Reading)","0","N","OD","-1",,"976","2"
"FENTYL_RCK","1","FENTYL_RCK","Fentanyl Group (Report)","0","N","OD","-1",,"977","3"
"FENTYL_RCK","1","FENTYL_RCK","Fentanyl Group (CalChk)","0","N","OD","-1",,"978","4"
"FENTYL_RCK","1","FENTYL_RCK","Fentanyl Group (Blank)","0","N","OD","-1",,"979","5"
"FENTYL_RCK","1","FENTYL_RCK","Fentanyl Group Final","0","T",,"0",,"980","6"
"FOR_THRESH","1","IA_EPO_RCK","EPO (Report)","0","N","OD","-1",,"354","1"
"FOR_THRESH","1","IA_EPO_RCK","EPO Mean","0","N","OD","-1",,"369","2"
"FOR_THRESH","1","IA_EPO_SCR","EPO Final","0","T",,"-1",,"665","3"
"FOR_THRESH","1","PROMAZNE_U","Promazine Final","0","T",,"-1",,"667","4"
"FT4","1","FT4","FT4","0","N","ng/dl","1",,"29","1"
"GLYCOP_RCK","1","GLYCOP_RCK","Glycopyrrolate (Reading)","0","N","OD","-1",,"982","2"
"GLYCOP_RCK","1","GLYCOP_RCK","Glycopyrrolate (Report)","0","N","OD","-1",,"983","3"
"GLYCOP_RCK","1","GLYCOP_RCK","Glycopyrrolate (CalChk)","0","N","OD","-1",,"984","4"
"GLYCOP_RCK","1","GLYCOP_RCK","Glycopyrrolate (Blank)","0","N","OD","-1",,"985","5"
"GLYCOP_RCK","1","GLYCOP_RCK","Glycopyrrolate Final","0","T",,"0",,"986","6"
"HYDROM_RCK","1","HYDROM_RCK","Hydromorphone (Reading)","0","N","OD","-1",,"958","2"
"HYDROM_RCK","1","HYDROM_RCK","Hydromorphone (Report)","0","N","OD","-1",,"959","3"
"HYDROM_RCK","1","HYDROM_RCK","Hydromorphone (CalChk)","0","N","OD","-1",,"960","4"
"HYDROM_RCK","1","HYDROM_RCK","Hydromorphone (Blank)","0","N","OD","-1",,"961","5"
"HYDROM_RCK","1","HYDROM_RCK","Hydromorphone Final","0","T",,"0",,"962","6"
"IA_EPO_RCK","1","IA_EPO_RCK","EPO Recheck (Reading)","0","N","OD","-1",,"940","2"
"IA_EPO_RCK","1","IA_EPO_RCK","EPO Recheck (Report)","0","N","OD","-1",,"941","3"
"IA_EPO_RCK","1","IA_EPO_RCK","EPO Recheck (CalChk)","0","N","OD","-1",,"942","4"
"IA_EPO_RCK","1","IA_EPO_RCK","EPO Recheck (Blank)","0","N","OD","-1",,"943","5"
"IA_EPO_RCK","1","IA_EPO_RCK","EPO Recheck (Limit)","0","N","OD","-1",,"944","6"
"IA_EPO_RCK","1","IA_EPO_RCK","EPO Recheck OD","0","N","OD","-1",,"1073","7"
"IA_EPO_RCK","1","IA_EPO_RCK","EPO Recheck Conc","0","N",,"-1",,"947","8"
"IA_EPO_RCK","1","IA_EPO_RCK","EPO Recheck Mean","0","N",,"2",,"1076","9"
"IA_EPO_RCK","1","IA_EPO_RCK","EPO Mean Concentration","0","N",,"2",,"1075","10"
"IA_EPO_RCK","1","IA_EPO_RCK","EPO Recheck","0","T",,"0",,"946","11"
"IA_EPO_SCR","1","IA_EPO_SCR","EPO (Reading)","0","N","OD","-1",,"189","2"
"IA_EPO_SCR","1","IA_EPO_SCR","EPO (Report)","0","N","OD","-1",,"190","3"
"IA_EPO_SCR","1","IA_EPO_SCR","EPO (CalChk)","0","N","OD","-1",,"191","4"
"IA_EPO_SCR","1","IA_EPO_SCR","EPO (Blank)","0","N","OD","-1",,"192","5"
"IA_EPO_SCR","1","IA_EPO_SCR","EPO (Limit)","0","N","OD","-1",,"193","6"
"IA_EPO_SCR","1","IA_EPO_SCR","EPO 0QC","0","N","OD","-1",,"194","7"
"IA_EPO_SCR","1","IA_EPO_SCR","EPO Final","0","T",,"0",,"663","8"
"IA_FUR_RCK","1","IA_FUR_RCK","Furo Recheck (Reading)","0","N","OD","-1",,"1065","2"
"IA_FUR_RCK","1","IA_FUR_RCK","Furo Recheck No F","0","N","OD","-1",,"1066","3"
"IA_FUR_RCK","1","IA_FUR_RCK","Furo Recheck F","0","N","OD","-1",,"1067","4"
"IA_FUR_RCK","1","IA_FUR_RCK","Furo Recheck PC 75","0","N","OD","-1",,"1068","5"
"IA_FUR_RCK","1","IA_FUR_RCK","Furo Recheck PC 100","0","N","OD","-1",,"1069","6"
"IA_FUR_RCK","1","IA_FUR_RCK","Furo Recheck Final","0","T",,"0",,"1070","7"
"IA_FUR_RCK","1","IA_FUR_RCK","Furo Recheck Conc","0","N",,"-1",,"1071","9"
"IA_FUR_RCK","1","IA_FUR_RCK","Furo Recheck Mean","0","N",,"2",,"1072","10"
"IA_FUR_SCN","1","IA_FUR_SCN","Furosemide (Reading)","0","N","OD","-1",,"878","2"
"IA_FUR_SCN","1","IA_FUR_SCN","Furosemide No F","0","N","OD","-1",,"1053","3"
"IA_FUR_SCN","1","IA_FUR_SCN","Furosemide F","0","N","OD","-1",,"1054","4"
"IA_FUR_SCN","1","IA_FUR_SCN","Furosemide PC 75","0","N","OD","-1",,"1051","5"
"IA_FUR_SCN","1","IA_FUR_SCN","Furosemide PC 100","0","N","OD","-1",,"1052","6"
"IA_FUR_SCN","1","IA_FUR_SCN","Furosemide Final","0","T",,"0",,"884","7"
"IPATRO_RCK","1","IPATRO_RCK","Ipatropium (Reading)","0","N","OD","-1",,"988","2"
"IPATRO_RCK","1","IPATRO_RCK","Ipatropium (Report)","0","N","OD","-1",,"989","3"
"IPATRO_RCK","1","IPATRO_RCK","Ipatropium (CalChk)","0","N","OD","-1",,"990","4"
"IPATRO_RCK","1","IPATRO_RCK","Ipatropium (Blank)","0","N","OD","-1",,"991","5"
"IPATRO_RCK","1","IPATRO_RCK","Ipatropium Final","0","T",,"0",,"992","6"
"LC_1DRUG","1","LC_CONFIRM","Drug1 Name","0","T",,"0",,"1419","2"
"LC_1DRUG","1","LC_CONFIRM","Drug1","0","N","ng/ml","-1",,"1420","3"
"LC_1DRUG","1","LC_CONFIRM","Drug1 Confirmation Std Dev","0","N",,"-1",,"1421","4"
"LC_1DRUG","1","LC_CONFIRM","Drug1 Confirmation Mean","0","N",,"-1",,"1422","5"
"LC_1DRUG","1","LC_CONFIRM","Drug1 Confirmation Result","0","T",,"0",,"1423","6"
"LC_1DRUG","1","LC_CONFIRM","Drug2 Name","0","T",,"0",,"1424","8"
"LC_1DRUG","1","LC_CONFIRM","Drug2","0","N","ng/ml","-1",,"1425","9"
"LC_1DRUG","1","LC_CONFIRM","Drug2 Confirmation Std Dev","0","N",,"-1",,"1426","10"
"LC_1DRUG","1","LC_CONFIRM","Drug2 Confirmation Mean","0","N",,"-1",,"1427","11"
"LC_1DRUG","1","LC_CONFIRM","Drug2 Confirmation Result","0","T",,"0",,"1428","12"
"LC_1DRUG","1","LC_CONFIRM","Drug1(Peak)","0","N","count","-1",,"1429","14"
"LC_1DRUG","1","LC_CONFIRM","Drug1(Conc)","0","N","ng/ml","-1",,"1430","15"
"LC_1DRUG","1","LC_CONFIRM","Drug1(Retention Time)","0","N","min","-1",,"1431","16"
"LC_1DRUG","1","LC_CONFIRM","Drug1(IS Peak Area)","0","N","count","-1",,"1432","17"
"LC_1DRUG","1","LC_CONFIRM","Drug1(IS Retention Time)","0","N","min","-1",,"1433","18"
"LC_1DRUG","1","LC_CONFIRM","Drug1(Calc Conc)","0","N","ng/ml","-1",,"1434","19"
"LC_1DRUG","1","LC_CONFIRM","Drug1(Accuracy)","0","N","%","-1",,"1435","20"
"LC_1DRUG","1","LC_CONFIRM","Drug2(Peak)","0","N","count","-1",,"1436","21"
"LC_1DRUG","1","LC_CONFIRM","Drug2(Conc)","0","N","ng/ml","-1",,"1437","22"
"LC_1DRUG","1","LC_CONFIRM","Drug2(Retention Time)","0","N","min","-1",,"1438","23"
"LC_1DRUG","1","LC_CONFIRM","Drug2(IS Peak Area)","0","N","count","-1",,"1439","24"
"LC_1DRUG","1","LC_CONFIRM","Drug2(IS Retention Time)","0","N","min","-1",,"1440","25"
"LC_1DRUG","1","LC_CONFIRM","Drug2(Calc Conc)","0","N","ng/ml","-1",,"1441","26"
"LC_1DRUG","1","LC_CONFIRM","Drug2(Accuracy)","0","N","%","-1",,"1442","27"
"LC_8AAS_2","1","LC_8AAS_SC","Trenbolone 199","0","T",,"0",,"573","2"
"LC_8AAS_2","1","LC_8AAS_SC","Trenbolone 199 (Reading)","0","N","pg/mL","-1",,"574","4"
"LC_8AAS_2","1","LC_8AAS_SC","Trenbolone 199 (Report)","0","T",,"0",,"575","5"
"LC_8AAS_2","1","LC_8AAS_SC","Trenbolone 199 (Blank)","0","N","pg/mL","-1",,"576","7"
"LC_8AAS_2","1","LC_8AAS_SC","Trenbolone 199 (CalChk)","0","N","%ERR","-1",,"577","8"
"LC_8AAS_2","1","LC_8AAS_SC","Testosterone 97","0","T",,"0",,"578","9"
"LC_8AAS_2","1","LC_8AAS_SC","Testosterone 97 (Reading)","0","N","pg/mL","-1",,"579","11"
"LC_8AAS_2","1","LC_8AAS_SC","Testosterone 97 (CalChk)","0","N","%ERR","-1",,"580","12"
"LC_8AAS_2","1","LC_8AAS_SC","Testosterone 97 (Blank)","0","N","pg/mL","-1",,"581","13"
"LC_8AAS_2","1","LC_8AAS_SC","Testosterone 97 (Report)","0","T",,"0",,"582","14"
"LC_8AAS_2","1","LC_8AAS_SC","Altrenogest 227","0","T",,"0",,"583","16"
"LC_8AAS_2","1","LC_8AAS_SC","Altrenogest 227 (Reading)","0","N","pg/mL","-1",,"584","18"
"LC_8AAS_2","1","LC_8AAS_SC","Altrenogest 227 (Report)","0","T",,"0",,"585","19"
"LC_8AAS_2","1","LC_8AAS_SC","Altrenogest 227 (Blank)","0","N","pg/mL","-1",,"586","21"
"LC_8AAS_2","1","LC_8AAS_SC","Altrenogest 227 (CalChk)","0","N","pg/mL","-1",,"587","22"
"LC_8AAS_2","1","LC_8AAS_SC","Boldenone 121","0","T",,"0",,"588","23"
"LC_8AAS_2","1","LC_8AAS_SC","Boldenone 121 (Reading)","0","N","pg/mL","-1",,"589","25"
"LC_8AAS_2","1","LC_8AAS_SC","Boldenone 121 (Report)","0","T",,"0",,"590","26"
"LC_8AAS_2","1","LC_8AAS_SC","Boldenone 121 (Blank)","0","N",,"-1",,"591","28"
"LC_8AAS_2","1","LC_8AAS_SC","Boldenone 121 (CalChk)","0","N",,"-1",,"592","29"
"LC_8AAS_2","1","LC_8AAS_SC","Flumethasone 253","0","T",,"0",,"593","30"
"LC_8AAS_2","1","LC_8AAS_SC","Flumethasone 253 (Reading)","0","N","pg/mL","-1",,"594","32"
"LC_8AAS_2","1","LC_8AAS_SC","Flumethasone 253 (Report)","0","T",,"0",,"595","33"
"LC_8AAS_2","1","LC_8AAS_SC","Flumethasone 253 (Blank)","0","N","pg/mL","-1",,"596","35"
"LC_8AAS_2","1","LC_8AAS_SC","Flumethasone 253 (CalChk)","0","N","%ERR","-1",,"597","36"
"LC_8AAS_2","1","LC_8AAS_SC","Methandrostenolone 121","0","T",,"0",,"598","37"
"LC_8AAS_2","1","LC_8AAS_SC","Methandrostenolone 121 (Reading)","0","N","pg/mL","-1",,"599","39"
"LC_8AAS_2","1","LC_8AAS_SC","Methandrostenolone 121 (Report)","0","T",,"0",,"600","40"
"LC_8AAS_2","1","LC_8AAS_SC","Methandrostenolone 121 (Blank)","0","N","pg/mL","-1",,"601","42"
"LC_8AAS_2","1","LC_8AAS_SC","Methandrostenolone 121 (CalChk)","0","N","%ERR","-1",,"602","43"
"LC_8AAS_2","1","LC_8AAS_SC","Mibolerone 245","0","T",,"0",,"603","44"
"LC_8AAS_2","1","LC_8AAS_SC","Mibolerone 245 (Reading)","0","N","pg/mL","-1",,"604","46"
"LC_8AAS_2","1","LC_8AAS_SC","Mibolerone 245 (Report)","0","T",,"0",,"605","47"
"LC_8AAS_2","1","LC_8AAS_SC","Mibolerone 245 (Blank)","0","N","pg/mL","-1",,"606","49"
"LC_8AAS_2","1","LC_8AAS_SC","Mibolerone 245 (CalChk)","0","N","%ERR","-1",,"607","50"
"LC_8AAS_2","1","LC_8AAS_SC","Nandrolone 109","0","T",,"0",,"608","51"
"LC_8AAS_2","1","LC_8AAS_SC","Nandrolone 109 (Reading)","0","N","pg/mL","-1",,"609","53"
"LC_8AAS_2","1","LC_8AAS_SC","Nandrolone 109 (Report)","0","T",,"0",,"610","54"
"LC_8AAS_2","1","LC_8AAS_SC","Nandrolone 109 (Blank)","0","N",,"-1",,"611","56"
"LC_8AAS_2","1","LC_8AAS_SC","Nandrolone 109 (CalChk)","0","N","%ERR","-1",,"612","57"
"LC_8AAS_2","1","LC_8AAS_SC","Stanozolol 329","0","T",,"0",,"613","58"
"LC_8AAS_2","1","LC_8AAS_SC","Stanozolol 329 (Reading)","0","N","pg/mL","-1",,"614","60"
"LC_8AAS_2","1","LC_8AAS_SC","Stanozolol 329 (Report)","0","T",,"0",,"615","61"
"LC_8AAS_2","1","LC_8AAS_SC","Stanozolol 329 (Blank)","0","N",,"-1",,"616","63"
"LC_8AAS_2","1","LC_8AAS_SC","Stanozolol 329 (CalChk)","0","N","%ERR","-1",,"617","64"
"LC_8AAS_2","1","LC_8AAS_SC","THG 241","0","T",,"0",,"618","65"
"LC_8AAS_2","1","LC_8AAS_SC","THG 241 (Reading)","0","N","pg/mL","-1",,"619","67"
"LC_8AAS_2","1","LC_8AAS_SC","THG 241 (Report)","0","T",,"0",,"620","68"
"LC_8AAS_2","1","LC_8AAS_SC","THG 241 (Blank)","0","N",,"-1",,"621","70"
"LC_8AAS_2","1","LC_8AAS_SC","THG 241 (CalChk)","0","N","%ERR","-1",,"622","71"
"LC_8AAS_SC","1","LC_8AAS_SC","Testosterone 97 (CalChk)","0","N","%ERR","-1",,"553","2"
"LC_8AAS_SC","1","LC_8AAS_SC","Testosterone 97 (Report)","0","T",,"0",,"554","3"
"LC_8AAS_SC","1","LC_8AAS_SC","Altrenogest 227 (Report)","0","T",,"0",,"555","5"
"LC_8AAS_SC","1","LC_8AAS_SC","Altrenogest 227 (CalChk)","0","N","pg/mL","-1",,"556","7"
"LC_8AAS_SC","1","LC_8AAS_SC","Boldenone 121 (Report)","0","T",,"0",,"557","8"
"LC_8AAS_SC","1","LC_8AAS_SC","Boldenone 121 (CalChk)","0","N",,"-1",,"558","10"
"LC_8AAS_SC","1","LC_8AAS_SC","Flumethasone 253 (Report)","0","T",,"0",,"559","11"
"LC_8AAS_SC","1","LC_8AAS_SC","Flumethasone 253 (CalChk)","0","N","%ERR","-1",,"560","13"
"LC_8AAS_SC","1","LC_8AAS_SC","Methandrostenolone 121 (Report)","0","T",,"0",,"561","14"
"LC_8AAS_SC","1","LC_8AAS_SC","Methandrostenolone 121 (CalChk)","0","N","%ERR","-1",,"562","16"
"LC_8AAS_SC","1","LC_8AAS_SC","Mibolerone 245 (Report)","0","T",,"0",,"563","17"
"LC_8AAS_SC","1","LC_8AAS_SC","Mibolerone 245 (CalChk)","0","N","%ERR","-1",,"564","19"
"LC_8AAS_SC","1","LC_8AAS_SC","Nandrolone 109 (Report)","0","T",,"0",,"565","20"
"LC_8AAS_SC","1","LC_8AAS_SC","Nandrolone 109 (CalChk)","0","N","%ERR","-1",,"566","22"
"LC_8AAS_SC","1","LC_8AAS_SC","Stanozolol 329 (Report)","0","T",,"0",,"567","23"
"LC_8AAS_SC","1","LC_8AAS_SC","Stanozolol 329 (CalChk)","0","N","%ERR","-1",,"568","25"
"LC_8AAS_SC","1","LC_8AAS_SC","THG 241 (Report)","0","T",,"0",,"569","26"
"LC_8AAS_SC","1","LC_8AAS_SC","THG 241 (CalChk)","0","N","%ERR","-1",,"570","28"
"LC_DMSOPBT","1","LC_DMSOPBT","DMSO (Reading)","0","N","µg/mL","-1",,"314","2"
"LC_DMSOPBT","1","LC_DMSOPBT","DMSO (Report)","0","N","µg/mL","2",,"315","3"
"LC_DMSOPBT","1","LC_DMSOPBT","DMSO (CalChk)","0","N","%ERR","-1",,"316","4"
"LC_DMSOPBT","1","LC_DMSOPBT","DMSO (Blank)","0","N","µg/mL","-1",,"317","5"
"LC_DMSOPBT","1","LC_DMSOPBT","D6-DMSO (Reading)","0","N","µg/mL","-1",,"304","6"
"LC_DMSOPBT","1","LC_DMSOPBT","PBUTE (Reading)","0","N","µg/mL","-1",,"306","7"
"LC_DMSOPBT","1","LC_DMSOPBT","PBUTE (Report)","0","N","µg/mL","2",,"307","8"
"LC_DMSOPBT","1","LC_DMSOPBT","PBUTE (Blank)","0","N","µg/mL","-1",,"308","9"
"LC_DMSOPBT","1","LC_DMSOPBT","PBUTE (CalChk)","0","N","%ERR","-1",,"309","10"
"LC_DMSOPBT","1","LC_DMSOPBT","D9-PBUTE (Reading)","0","N","µg/mL","-1",,"310","11"
"LC_DMSOPBT","1","LC_DMSOPBT","DMSO (Limit)","0","N","µg/mL","-1",,"312","12"
"LC_DMSOPBT","1","LC_DMSOPBT","PBUTE (Limit)","0","N","µg/mL","-1",,"313","13"
"LC_DMSOPBT","1","LC_DMSOPBT","Final","0","T",,"0",,"1444","14"
"LC_DMSOPBT","1","LC_DMSOPBT","Extraction","0","T",,"0",,"1443","16"
"LCMS_CHECK","1","LCMS_CHECK","Drug (Reading)","0","N",,"-1",,"1512","2"
"LCMS_CHECK","1","LCMS_CHECK","Drug (Report)","0","T",,"0",,"1513","3"
"LCMS_CHECK","1","LCMS_CHECK","Drug (Name)","0","T",,"0",,"1514","5"
"LCMS_CHECK","1","LCMS_CHECK","Units","0","T",,"0",,"1515","6"
"LEVALL_RCK","1","LEVALL_RCK","Levallophan (Reading)","0","N","OD","-1",,"994","2"
"LEVALL_RCK","1","LEVALL_RCK","Levallophan (Report)","0","N","OD","-1",,"995","3"
"LEVALL_RCK","1","LEVALL_RCK","Levallophan (CalChk)","0","N","OD","-1",,"996","4"
"LEVALL_RCK","1","LEVALL_RCK","Levallophan (Blank)","0","N","OD","-1",,"997","5"
"LEVALL_RCK","1","LEVALL_RCK","Levallophan Final","0","T",,"0",,"998","6"
"LIDOCA_RCK","1","LIDOCA_RCK","Lidocaine (Reading)","0","N","OD","-1",,"1000","2"
"LIDOCA_RCK","1","LIDOCA_RCK","Lidocaine (Report)","0","N","OD","-1",,"1001","3"
"LIDOCA_RCK","1","LIDOCA_RCK","Lidocaine (CalChk)","0","N","OD","-1",,"1002","4"
"LIDOCA_RCK","1","LIDOCA_RCK","Lidocaine (Blank)","0","N","OD","-1",,"1003","5"
"LIDOCA_RCK","1","LIDOCA_RCK","Lidocaine Final","0","T",,"0",,"1004","6"
"LIPID","1","LIPID","Cholesterol","0","N","mg/dL","0",,"31","1"
"LIPID","1","LIPID","Triglycerides","0","N","mg/dL","0",,"32","2"
"LIPID","1","LIPID","HDL Cholesterol","0","N","mg/dL","0",,"33","3"
"LIPID","1","LIPID","LDL Chol (Calculated)","0","N","mg/dL","0",,"34","4"
"LIPID","1","LIPID","Chol/HDL Ratio","0","N",,"0",,"35","5"
"MEPHEN_RCK","1","MEPHEN_RCK","Methylphenidate (Reading)","0","N","OD","-1",,"1006","2"
"MEPHEN_RCK","1","MEPHEN_RCK","Methylphenidate (Report)","0","N","OD","-1",,"1007","3"
"MEPHEN_RCK","1","MEPHEN_RCK","Methylphenidate (CalChk)","0","N","OD","-1",,"1008","4"
"MEPHEN_RCK","1","MEPHEN_RCK","Methylphenidate (Blank)","0","N","OD","-1",,"1009","5"
"MEPHEN_RCK","1","MEPHEN_RCK","Methylphenidate Final","0","T",,"0",,"1010","6"
"MEPRED_RCK","1","MEPRED_RCK","Methylprednisolone (Reading)","0","N","OD","-1",,"1012","2"
"MEPRED_RCK","1","MEPRED_RCK","Methylprednisolone (Report)","0","N","OD","-1",,"1013","3"
"MEPRED_RCK","1","MEPRED_RCK","Methylprednisolone (CalChk)","0","N","OD","-1",,"1014","4"
"MEPRED_RCK","1","MEPRED_RCK","Methylprednisolone (Blank)","0","N","OD","-1",,"1015","5"
"MEPRED_RCK","1","MEPRED_RCK","Methylprednisolone Final","0","T",,"0",,"1016","6"
"NC_AAS","0","$NULL","Tren","0","N","pg/mL","-1","0.000","535","0"
"NC_AAS","0","$NULL","Testos","0","N","pg/mL","-1","0.000","536","0"
"NC_AAS","0","$NULL","Altren","0","N","pg/mL","-1","0.000","537","0"
"NC_AAS","0","$NULL","Bold","0","N","pg/mL","-1","0.000","538","0"
"NC_AAS","0","$NULL","Flum","0","N","pg/mL","-1","0.000","539","0"
"NC_AAS","0","$NULL","Methan","0","N","pg/mL","-1","0.000","540","0"
"NC_AAS","0","$NULL","Mibol","0","N","pg/mL","-1","0.000","541","0"
"NC_AAS","0","$NULL","Nand","0","N","pg/mL","-1","0.000","542","0"
"NC_AAS","0","$NULL","Stan","0","N","pg/mL","-1","0.000","543","0"
"NC_AAS","0","$NULL","THG","0","N","pg/mL","-1","0.000","544","0"
"NC_AAS","1","$NULL","DMSO","0","N","µg/mL","-1","0.000","410","1"
"NC_AAS","1","$NULL","PBUTE","0","N","µg/mL","-1","0.000","411","2"
"NSAID_SCN","1","NSAID","6-MNA (Reading)","0","T",,"0",,"1482","2"
"NSAID_SCN","1","NSAID","Diclofenac (Reading)","0","T",,"0",,"1483","4"
"NSAID_SCN","1","NSAID","Diflunisal (Reading)","0","T",,"0",,"1484","6"
"NSAID_SCN","1","NSAID","Etodolac (Reading)","0","T",,"0",,"1485","8"
"NSAID_SCN","1","NSAID","Fenoprofen (Reading)","0","T",,"0",,"1486","10"
"NSAID_SCN","1","NSAID","Flufenamic Acid (Reading)","0","T",,"0",,"1487","12"
"NSAID_SCN","1","NSAID","Furosemide (Reading)","0","T",,"0",,"1488","14"
"NSAID_SCN","1","NSAID","Ibuprofen (Reading)","0","T",,"0",,"1489","16"
"NSAID_SCN","1","NSAID","Indomethacin (Reading)","0","T",,"0",,"1490","18"
"NSAID_SCN","1","NSAID","Indoprofen (Reading)","0","T",,"0",,"1491","20"
"NSAID_SCN","1","NSAID","Meclofenamic Acid (Reading)","0","T",,"0",,"1492","22"
"NSAID_SCN","1","NSAID","Mefenamic Acid (Reading)","0","T",,"0",,"1493","24"
"NSAID_SCN","1","NSAID","Naproxen (Reading)","0","T",,"0",,"1494","26"
"NSAID_SCN","1","NSAID","Piroxicam (Reading)","0","T",,"0",,"1495","28"
"NSAID_SCN","1","NSAID","Probenecid (Reading)","0","T",,"0",,"1496","30"
"NSAID_SCN","1","NSAID","Tenoxicam (Reading)","0","T",,"0",,"1497","32"
"NSAID_SCN","1","NSAID","Tolemetin (Reading)","0","T",,"0",,"1498","34"
"NSAID_SCN","1","NSAID","Zomepirac (Reading)","0","T",,"0",,"1499","36"
"OPIATE_RCK","1","OPIATE_RCK","Opiate Group (Reading)","0","N","OD","-1",,"1018","2"
"OPIATE_RCK","1","OPIATE_RCK","Opiate Group (Report)","0","N","OD","-1",,"1019","3"
"OPIATE_RCK","1","OPIATE_RCK","Opiate Group (CalChk)","0","N","OD","-1",,"1020","4"
"OPIATE_RCK","1","OPIATE_RCK","Opiate Group (Blank)","0","N","OD","-1",,"1021","5"
"OPIATE_RCK","1","OPIATE_RCK","Opiate Group Final","0","T",,"0",,"1022","6"
"PB_AAS","0","$NULL","DMSO","0","N","µg/mL","-1","0.000","399","1"
"PB_AAS","0","$NULL","PBUTE","0","N","µg/mL","-1","0.000","400","2"
"PB_AAS","1","$NULL","DMSO","0","N","µg/mL","-1","0.000","402","1"
"PB_AAS","1","$NULL","PBUTE","0","N","µg/mL","-1","0.000","403","2"
"PROMAZNE_U","1","PROMAZNE_U","Promazine (Reading)","0","N","OD","-1",,"658","2"
"PROMAZNE_U","1","PROMAZNE_U","Promazine (Report)","0","N","OD","-1",,"659","3"
"PROMAZNE_U","1","PROMAZNE_U","Promazine (CalChk)","0","N","OD","-1",,"660","4"
"PROMAZNE_U","1","PROMAZNE_U","Promazine (Blank)","0","N","OD","-1",,"661","5"
"PROMAZNE_U","1","PROMAZNE_U","Promazine Final","0","T",,"0",,"666","6"
"PROMZ_RCK","1","PROMZ_RCK","Promazine (Reading)","0","N","OD","-1",,"674","2"
"PROMZ_RCK","1","PROMZ_RCK","Promazine (Report)","0","N","OD","-1",,"675","3"
"PROMZ_RCK","1","PROMZ_RCK","Promazine (CalChk)","0","N","OD","-1",,"676","4"
"PROMZ_RCK","1","PROMZ_RCK","Promazine (Blank)","0","N","OD","-1",,"677","5"
"PROMZ_RCK","1","PROMZ_RCK","Promazine Final","0","T",,"0",,"678","6"
"PROPRO_RCK","1","PROPRO_RCK","Propronolol (Reading)","0","N","OD","-1",,"1024","2"
"PROPRO_RCK","1","PROPRO_RCK","Propronolol (Report)","0","N","OD","-1",,"1025","3"
"PROPRO_RCK","1","PROPRO_RCK","Propronolol (CalChk)","0","N","OD","-1",,"1026","4"
"PROPRO_RCK","1","PROPRO_RCK","Propronolol (Blank)","0","N","OD","-1",,"1027","5"
"PROPRO_RCK","1","PROPRO_RCK","Propronolol Final","0","T",,"0",,"1028","6"
"QE_SCREEN","1","QESCREEN","Result","0","T",,"0",,"1446","2"
"QE_SCREEN","1","QESCREEN","QE Output","0","T",,"0",,"1451","4"
"QE_SCREEN","1","QESCREEN","Drug 1","0","T",,"0",,"1452","5"
"QE_SCREEN","1","QESCREEN","Drug 2","0","T",,"0",,"1453","26"
"QE_SCREEN","1","QESCREEN","Drug 3","0","T",,"0",,"1454","47"
"QE_SCREEN","1","QESCREEN","Extraction","0","T",,"0",,"1450","68"
"SPICEC_RCK","1","SPICEC_RCK","Spice Cannabinoids (Reading)","0","N","OD","-1",,"1030","2"
"SPICEC_RCK","1","SPICEC_RCK","Spice Cannabinoids (Report)","0","N","OD","-1",,"1031","3"
"SPICEC_RCK","1","SPICEC_RCK","Spice Cannabinoidsl (CalChk)","0","N","OD","-1",,"1032","4"
"SPICEC_RCK","1","SPICEC_RCK","Spice Cannabinoids (Blank)","0","N","OD","-1",,"1033","5"
"SPICEC_RCK","1","SPICEC_RCK","Spice Cannabinoids Final","0","T",,"0",,"1034","6"
"STD_H_MET","0","$NULL","Cadmium","0","N",,"-1","0.000","47","1"
"STD_H_MET","0","$NULL","Lead","0","N",,"-1","0.000","48","2"
"STD_H_MET","0","$NULL","Copper","0","N",,"-1","0.000","49","3"
"STD_H_MET","1","$NULL","Cadmium","0","N",,"-1","0.000","51","1"
"STD_H_MET","1","$NULL","Lead","0","N",,"-1","0.000","52","2"
"STD_H_MET","1","$NULL","Copper","0","N",,"-1","0.000","53","3"
"STD_HPLC","0","$NULL","Fructose","0","N","%","-1","10.000","55","1"
"STD_HPLC","0","$NULL","Glucose","0","N","%","-1","10.000","56","2"
"STD_HPLC","0","$NULL","Sucrose","0","N","%","-1","10.000","57","3"
"STD_HPLC","1","$NULL","Fructose","0","N","%","-1","10.000","59","1"
"STD_HPLC","1","$NULL","Glucose","0","N","%","-1","10.000","60","2"
"STD_HPLC","1","$NULL","Sucrose","0","N","%","-1","10.000","61","3"
"STD_PH","0","$NULL","Effluent pH","0","N",,"-1","7.000","64","1"
"STD_PH","0","$NULL","pH","0","N",,"-1","7.000","63","2"
"STD_PH","3","$NULL","Effluent pH","0","N",,"-1","7.000","68","1"
"STD_PH","3","$NULL","pH","0","N",,"-1","7.000","69","2"
"TB_SPEC","1","WT_SAMPLE","Weight of Sample and Container","0","N","g","-1",,"75","1"
"TB_SPEC","1","WT_SAMPLE","Weight of Container","0","N","g","-1",,"76","2"
"TB_SPEC","1","WT_SAMPLE","Weight of Sample","0","N","g","2",,"77","3"
"TB_SPEC","1","TJH_COLOR","Color of Saple","0","T",,"-1",,"78","4"
"TB_SPEC","1","PH","pH","0","N",,"-1",,"79","5"
"TB_SPEC","1","VISCOSITY","Viscosity","0","N","cP","-1",,"80","6"
"TC_1_4_B","0","$NULL","Ge 72","0","N","%REC","-1","0.000","102","0"
"TC_1_4_B","0","$NULL","Co 59","0","N","ppb","-1","0.000","101","0"
"TC_1_4_B","1","$NULL","Co 59","0","N","ppb","-1","0.000","103","1"
"TC_1_4_B","1","$NULL","Ge 72","0","N","%REC","-1","0.000","104","2"
"TC_CAL_1","0","$NULL","Co 59","0","N","ppb","-1","0.500","861","1"
"TC_CAL_1","0","$NULL","Ge 72","0","N","%REC","-1","0.000","862","2"
"TC_CAL_1","1","$NULL","Co 59","0","N","ppb","-1","0.500","864","1"
"TC_CAL_1","1","$NULL","Ge 72","0","N","%REC","-1","0.000","865","2"
"TC_CAL0","0","$NULL","Co 59","0","N","ppb","-1","0.000","136","1"
"TC_CAL0","0","$NULL","Ge 72","0","N","%REC","-1","0.000","137","2"
"TC_CAL0","1","$NULL","Co 59","0","N","ppb","-1","0.000","138","1"
"TC_CAL0","1","$NULL","Ge 72","0","N","%REC","-1","0.000","139","2"
"TC_CAL0_05","0","$NULL","Co 59","0","N","ppb","-1","0.050","147","1"
"TC_CAL0_05","0","$NULL","Ge 72","0","N","%REC","-1","0.000","148","2"
"TC_CAL0_05","1","$NULL","Co 59","0","N","ppb","-1","0.050","150","1"
"TC_CAL0_05","1","$NULL","Ge 72","0","N","%REC","-1","0.000","151","2"
"TC_CAL0_10","0","$NULL","Co 59","0","N","ppb","-1","0.500","843","1"
"TC_CAL0_10","0","$NULL","Ge 72","0","N","%REC","-1","0.000","844","2"
"TC_CAL0_10","1","$NULL","Co 59","0","N","ppb","-1","0.500","846","1"
"TC_CAL0_10","1","$NULL","Ge 72","0","N","%REC","-1","0.000","847","2"
"TC_CAL0_25","0","$NULL","Co 59","0","N","ppb","-1","0.250","153","1"
"TC_CAL0_25","0","$NULL","Ge 72","0","N","%REC","-1","0.000","154","2"
"TC_CAL0_25","1","$NULL","Co 59","0","N","ppb","-1","0.250","156","1"
"TC_CAL0_25","1","$NULL","Ge 72","0","N","%REC","-1","0.000","157","2"
"TC_CAL0_50","0","$NULL","Co 59","0","N","ppb","-1","0.500","159","1"
"TC_CAL0_50","0","$NULL","Ge 72","0","N","%REC","-1","0.000","160","2"
"TC_CAL0_50","1","$NULL","Co 59","0","N","ppb","-1","0.500","162","1"
"TC_CAL0_50","1","$NULL","Ge 72","0","N","%REC","-1","0.000","163","2"
"TC_CAL0_75","0","$NULL","Co 59","0","N","ppb","-1","0.500","855","1"
"TC_CAL0_75","0","$NULL","Ge 72","0","N","%REC","-1","0.000","856","2"
"TC_CAL0_75","1","$NULL","Co 59","0","N","ppb","-1","0.500","858","1"
"TC_CAL0_75","1","$NULL","Ge 72","0","N","%REC","-1","0.000","859","2"
"TC_CONFIRM","1","TC_CONFIRM","Co 59 (Reading)","0","N","ppb","-1",,"1036","2"
"TC_CONFIRM","1","TC_CONFIRM","Co 59 (Report)","0","N","ppb","3",,"1037","3"
"TC_CONFIRM","1","TC_CONFIRM","Co 59 (Control)","0","N","%ERR","1",,"1038","4"
"TC_CONFIRM","1","TC_CONFIRM","Co 59 (CalChk)","0","N","%ERR","1",,"1039","5"
"TC_CONFIRM","1","TC_CONFIRM","Co 59 (Blank)","0","N","ppb","3",,"1040","6"
"TC_CONFIRM","1","TC_CONFIRM","Ge 72 (Reading)","0","N","%REC","1",,"1041","7"
"TC_CONFIRM","1","TC_CONFIRM","Co 59 (Limit)","0","N","count","1",,"1042","8"
"TC_CONFIRM","1","TC_CONFIRM","Co 59 S/N","0","N",,"1",,"1043","9"
"TC_CONFIRM","1","TC_CONFIRM","Co 59 0QC","0","N","ppb","3",,"1044","10"
"TC_CONFIRM","1","TC_CONFIRM","Co 59 (MS)","0","N","%REC","1",,"1045","11"
"TC_CONFIRM","1","TC_CONFIRM","Co 59 (Ave25)","0","N","%ERR","1",,"1046","12"
"TC_CONFIRM","1","TC_CONFIRM","Co 59(Intensity)","0","N","count","-1",,"1047","13"
"TC_CONFIRM","1","TC_CONFIRM","Ge 72(Intensity)","0","N","count","-1",,"1048","14"
"TC_QC0","0","$NULL","Co 59","0","N","ppb","-1","0.000","118","1"
"TC_QC0","0","$NULL","Ge 72","0","N","%REC","-1","0.000","119","2"
"TC_QC0","1","$NULL","Co 59","0","N","ppb","-1","0.000","121","1"
"TC_QC0","1","$NULL","Ge 72","0","N","%REC","-1","0.000","122","2"
"TC_QC0","2","$NULL","Co 59","0","N","ppb","-1","0.000","638","1"
"TC_QC0","2","$NULL","Ge 72","0","N","%REC","-1","0.000","639","2"
"TC_QC25","0","$NULL","Co 59","0","N","ppb","-1","25.000","112","1"
"TC_QC25","0","$NULL","Ge 72","0","N","%REC","-1","0.000","113","2"
"TC_QC25","1","$NULL","Co 59","0","N","ppb","-1","25.000","115","1"
"TC_QC25","1","$NULL","Ge 72","0","N","%REC","-1","0.000","116","2"
"TC_QC50","0","$NULL","Co 59","0","N","ppb","-1","50.000","124","1"
"TC_QC50","0","$NULL","Ge 72","0","N","%REC","-1","0.000","125","2"
"TC_QC50","1","$NULL","Co 59","0","N","ppb","-1","50.000","127","1"
"TC_QC50","1","$NULL","Ge 72","0","N","%REC","-1","0.000","128","2"
"TC_QCBLK","0","$NULL","Co 59","0","N","ppb","-1","0.000","642","1"
"TC_QCBLK","0","$NULL","Ge 72","0","N","%REC","-1","0.000","643","2"
"TC_QCBLK","1","$NULL","Co 59","0","N","ppb","-1","0.000","645","1"
"TC_QCBLK","1","$NULL","Ge 72","0","N","%REC","-1","0.000","646","2"
"TC_SCREEN","1","TC_SCREEN","Co 59 (Reading)","0","N","ppb","-1",,"166","2"
"TC_SCREEN","1","TC_SCREEN","Co 59 (Report)","0","N","ppb","3",,"167","3"
"TC_SCREEN","1","TC_SCREEN","Co 59 (QC25)","0","N","%ERR","3",,"1191","4"
"TC_SCREEN","1","TC_SCREEN","Co 59 (QC50)","0","N","%ERR","3",,"1192","5"
"TC_SCREEN","1","TC_SCREEN","Co 59 (CalChk)","0","N","%ERR","1",,"169","6"
"TC_SCREEN","1","TC_SCREEN","Ge 72 (Reading)","0","N","%REC","1",,"171","7"
"TC_SCREEN","1","TC_SCREEN","Co 59 (Limit)","0","N","count","-1",,"172","8"
"TC_SCREEN","1","TC_SCREEN","Co 59 S/N","0","N",,"-1",,"173","9"
"TC_SCREEN","1","TC_SCREEN","Co 59 (MS)","0","N","%REC","-1",,"175","10"
"TC_SCREEN","1","TC_SCREEN","Co 59 (Ave25)","0","N","%ERR","1",,"635","11"
"TC_SCREEN","1","TC_SCREEN","Co 59 (Final)","0","T",,"-1",,"939","12"
"TC_SCREEN","1","TC_SCREEN","Co 59(Intensity)","0","N","count","-1",,"1049","14"
"TC_SCREEN","1","TC_SCREEN","Ge 72(Intensity)","0","N","count","-1",,"1050","15"
"TC_SPB0","0","$NULL","Co 59","0","N","ppb","-1","0.000","106","1"
"TC_SPB0","0","$NULL","Ge 72","0","N","%REC","-1","0.000","107","2"
"TC_SPB0","1","$NULL","Co 59","0","N","ppb","-1","0.000","109","1"
"TC_SPB0","1","$NULL","Ge 72","0","N","%REC","-1","0.000","110","2"
"TCCAL0_075","0","$NULL","Co 59","0","N","ppb","-1","0.500","849","1"
"TCCAL0_075","0","$NULL","Ge 72","0","N","%REC","-1","0.000","850","2"
"TCCAL0_075","1","$NULL","Co 59","0","N","ppb","-1","0.500","852","1"
"TCCAL0_075","1","$NULL","Ge 72","0","N","%REC","-1","0.000","853","2"
"TOTAL_T3","1","TOTAL_T3","Total T3","0","N","ng/dl","0",,"37","1"
"TSH","1","TSH","TSH","0","N","mlU/L","2",,"39","1"
"URINALYSIS","1","URINE","Color","0","B",,"-1",,"41","1"
"URINALYSIS","1","URINE","Clarity","0","B",,"-1",,"42","2"
"URINALYSIS","1","URINE","Specific Gravity","0","N",,"3",,"43","3"
"URINALYSIS","1","URINE","pH","0","N","pH_unit","2",,"44","4"
"URINALYSIS","1","URINE","Protein","0","B",,"-1",,"45","5"
