﻿P_CONTACT
IDENTITY,GROUP_ID,CONTACT_NAME,DESCRIPTION,CONTACT_TYPE,CUSTOMER,FIRST_NAME,LAST_NAME,INITIALS,TITLE,JOB_TITLE,ADDRESS1,ADDRESS2,CITY,STATE_COUNTY,ZIP_POSTALCODE,COUNTRY,WORK_NUM,MOBILE_NUM,HOME_NUM,FAX_NUM,EMAIL,MODIFIABLE,REMOVEFLAG,INACTIVE,PRIMARY_CONTACT
30,10,234,234,10,10,100,100,10,10,50,100,100,100,100,100,100,100,100,100,100,100,1,1,1,1
                      29
"HPRTM",,"HP Race Track Manager","Harrah's Race Track Manager","CUST","HP","Amanda","Thomas",,"BLANK","Race Track Manager",,,,,,,,,,,"amathomas@pa.gov","TRUE","FALSE","FALSE","TRUE"
"HPSI",,"HP Special Investigator","HP Special Investigator","CUST","HP","Evelyn","Lopez",,"BLANK","Special Investigator",,,,,,,,,,,"elopez@pa.gov","TRUE","FALSE","FALSE","FALSE"
"HPVET",,"Commission Veterinarian","HP Commission Veterinarian","CUST","HP","Jamie","Reilley",,"DR","Commision Veterinarian",,,,,,,,,,,"jreilley@state.pa.us","TRUE","FALSE","FALSE","FALSE"
"MDCSI",,"Commission Special Investigator Stb","Meadows Commission Investigator",,"MP","Jaclyn","Lees",,,"Special Investigator",,,,,,,,,,,"jlees@pa.gov","TRUE","FALSE","FALSE","FALSE"
"MDRTM",,"Race Track Manager1","Meadows Acting Race Track Manager","CUST","MD","David","Talpas",,,"Race Track Manager",,,,,,,,,,,"dtalpas@pa.gov","TRUE","FALSE","FALSE","TRUE"
"MDSI1",,"Special Investigator","Meadows Special Investigator","CUST","MD","David","Talpas",,,"Special Investigator",,,,,,,,,,,"dtalpas@pa.gov","TRUE","FALSE","FALSE","FALSE"
"MDSI2",,"Special Investigator","Meadows Special Investigator","CUST","MD","Stacey","Mcdonald",,,"Special Investigator",,,,,,,,,,,"stamcdonal@pa.gov","TRUE","FALSE","FALSE","FALSE"
"MDVET",,"Commission Veterinarian","Meadows Commission Veterinarian","CUST","MD","John","Stepusin",,"DR","Commission Veterinarian",,,,,,,,,,,"jstepusin@pa.gov","TRUE","FALSE","FALSE","FALSE"
"MPRTM",,"Race Track Manager","Meadows Race Track Manager","CUST","MP","John","Yinger",,,"Race Track Manager",,,,,,,,,,,"dst@vet.upenn.edu","TRUE","FALSE","FALSE","TRUE"
"MPSI1",,"Special Investigator","Meadows Special Investigator","CUST","MP","David","Talpas",,,"Special Investigator",,,,,,,,,,,"evanxue@vet.upenn.edu","TRUE","FALSE","FALSE","FALSE"
"MPSI2",,"Special Investigator","Meadows Special Investigator","CUST","MP","Stacey","Mcdonald",,,"Special Investigator",,,,,,,,,,,"evanxue@vet.upenn.edu","TRUE","FALSE","FALSE","FALSE"
"MPVET",,"Commission Veterinarian","Meadows Commission Veterinarian","CUST","MP","John","Stepusin",,"DR","Commission Veterinarian",,,,,,,,,,,"dst@vet.upenn.edu","TRUE","FALSE","FALSE","FALSE"
"PDRTM",,"Race Track Manager","Pocono Downs Race Track Manager","CUST","PD","Jeff","Weiss",,"BLANK","Race Track Manager",,,,,,,,,,,"jeffrweiss@pa.gov","TRUE","FALSE","FALSE","TRUE"
"PDSI",,"Special Investigator","Pocono Downs Special Investigator","CUST","PD","Anthony","Machelli",,"BLANK","Special Investigator",,,,,,,,,,,"amachelli@pa.gov","TRUE","FALSE","FALSE","FALSE"
"PDSI2",,"Special Investigator","Pocono Downs Special Investigator","CUST","PD","Jessica","Mead",,"BLANK","Special Investigator",,,,,,,,,,,"jemead@pa.gov","TRUE","FALSE","FALSE","FALSE"
"PDSI3",,"Pdsi3",,"CUST",,,,,"BLANK",,,,,,,,,,,,"evanxue@upenn.edu","TRUE","TRUE","FALSE","FALSE"
"PIDRMTX",,"Pidrmtx - test add",,"CUST","PID","Gary","Walters",,"BLANK",,,,,,,,,,,,,"TRUE","TRUE","FALSE","FALSE"
"PIDRTM",,"Race Track Manager","Presque Isle Downs Race Track Manager","CUST","PID","Kelly","Dun",,,"Race Track Manager",,,,,,,,,,,"kdunn@pa.gov","TRUE","FALSE","FALSE","TRUE"
"PIDSI",,"Special Investigator","Special Investigator","CUST","PID","Mike","Hall",,,"Special Investigator",,,,,,,,,,,"michaelhal@pa.gov","TRUE","FALSE","FALSE","FALSE"
"PIDSI1",,"Special Investigator","Special Investigator","CUST","PID","Judy","Tome",,,"Special Investigator",,,,,,,,,,,"jutome@pa.gov","TRUE","FALSE","FALSE","FALSE"
"PIDSI2",,"Special Investigator 3","Presque Isle Downs Special Investigator","CUST","PID","Edric","Lowengren",,,"Special Investigator",,,,,,,,,,,"evanxue@upenn.edu","TRUE","FALSE","FALSE","FALSE"
"PNCSI",,"Commission Special Investigator","Penn National Commission Investigator",,"PENN","Jaclyn","Lees",,,"Special Investigator",,,,,,,,,,,"jlees@pa.gov","TRUE","FALSE","FALSE","FALSE"
"PNRTM",,"Acting Race Track Manager","Penn National Acting Race Track Manager","CUST","PENN","Cade","Holden",,,"Acting RaceTrack Manager",,,,,,,,,,,"cadholden@pa.gov","TRUE","FALSE","FALSE","TRUE"
"PXRTM",,"Race Track Manager","Parx RaceTrack Manager","CUST","PARX","Ismael","Navarreto",,,"Acting RaceTrack Manager",,,,,,,,,,,"inavarreto@pa.gov","TRUE","FALSE","FALSE","TRUE"
"PXSI",,"Special Investigator","Parx Special Investigator","CUST","PARX",,,,,"Special Investigator",,,,,,,,,,,,"TRUE","FALSE","FALSE","FALSE"
"PXSI2",,"Special Investigator 2","Parx Special Investigator","CUST","PARX",,,,,"Special Investigator",,,,,,,,,,,,"TRUE","FALSE","FALSE","FALSE"
"SBD1",,"Bureau Director","Standardbred Bureau Director, PA Bureau of Standardbred Horse Racing",,"SBD","Anthony","Salerno",,"MR","Bureau Director",,,,,,,,,,,"ansalerno@pa.gov","TRUE","FALSE","FALSE","TRUE"
"TBD1",,"Bureau Director","Thoroughbred Bureau Director PA Bureau of Thoroughbred Horse Racing",,"TBD","Tom","Chuckas",,"MR","Bureau Director",,,,,,,,,,,"tchuckas@pa.gov","TRUE","FALSE","FALSE","TRUE"
"TBDDE",,"Director of Enforcement","Director of Enforcement",,"TBD","Jason","Klouser",,"MR","Director of Enforcement",,,,,,,,,,,"jaklouser@pa.gov","TRUE","FALSE","FALSE","FALSE"
