﻿PERSONNEL
IDENTITY,GROUP_ID,DEFAULT_GROUP,DESCRIPTION,AUTHORITY,LOCATION_ID,COST_CODE,MODIFIABLE,REMOVEFLAG,LANGUAGE,NAME,EMAIL,LICENSE_TYPE,CHROMELEON_USERNAME,SIGNATURE_BLOB,CHROMELEON_PASSWORD,SM_AUTHENTICATION
10,10,10,234,10,50,15,1,1,10,100,100,10,100,10,2000,1
                      94
"ADREANCE","LAB",,"adreance","4",,,"TRUE","FALSE",,"Matthew Adreance",,"FF",,"0",,"FALSE"
"ALLYSONO","LAB",,"allysono","4",,,"TRUE","FALSE",,"Allyson Osborne",,"FF",,"0",,"FALSE"
"AMACHELLI",,,"Pocono Downs Race track user with web login","4","POCONO_DOWNS_PA",,"TRUE","FALSE",,"Anthony Machelli",,"FF",,"0",,"FALSE"
"AMATHOMAS",,,"Harrah's Race Track user with Web login","4","HARRAHS_PA",,"TRUE","FALSE",,"Amanda Thomas",,"FF",,"0",,"FALSE"
"AMCCLURE","LAB",,"amcclure","4",,,"TRUE","TRUE",,"Alex Mcclure",,"FF",,"0",,"FALSE"
"AMSLOAN",,,"Harrah's Race Track user with Web login","4","HARRAHS_PA",,"TRUE","FALSE",,"Amanda Sloan",,"FF",,"0",,"FALSE"
"APRILYQ","LAB",,"aprilyq","4",,,"TRUE","FALSE",,"April Wang",,"FF",,"0",,"FALSE"
"ASHEIBLEY",,,"Penn National Race Track user with Web login","4","PENN_NATIONAL_PA",,"TRUE","FALSE",,"Ardlyn Sheibley",,"FF",,"0",,"FALSE"
"BARNEY",,,"Lab Tech  / Chemist","4",,,"TRUE","FALSE",,"Barney Rubble",,"FF",,"0",,"FALSE"
"BETTY",,,"QA Manager","4",,,"TRUE","FALSE",,"Betty Rubble",,"FF",,"0",,"FALSE"
"BREYNOLDS",,,"Meadows Race Track user with Web login","4","MEADOWS_PA",,"TRUE","FALSE",,"Brian Reynolds",,"FF",,"0",,"FALSE"
"CHEM_AUTH",,,"Chemist with added PETRL Auth role","4",,,"TRUE","FALSE",,"Chemist Authoriser",,"FF",,"0",,"FALSE"
"CHEMIST",,,"Lab Tech  / Chemist","4",,,"TRUE","FALSE",,"Chemist","seth.heupel@gmail.com","FF",,"0",,"FALSE"
"CHOLDEN",,,"Penn National Race Track user with Web login","4","PENN_NATIONAL_PA",,"TRUE","FALSE",,"Cade Holden",,"FF",,"0",,"FALSE"
"CM_LINK",,,,"4",,,"TRUE","FALSE",,"Cm Link",,"FF",,"0",,"FALSE"
"CMMCAU",,,"cmccau","4",,,"TRUE","TRUE",,"z_Connor McCausland (deprecated)",,"FF",,"0",,"FALSE"
"DAVIMARSHA",,,"Penn National Race Track user with Web login","4","PENN_NATIONAL_PA",,"TRUE","FALSE",,"Dr. David Marshall",,"FF",,"0",,"FALSE"
"DAVPOLOWCZ",,,"Penn Nationat Race Track user with Web login","4","PENN_NATIONAL_PA",,"TRUE","FALSE",,"Dr. David Polowczyk",,"FF",,"0",,"FALSE"
"DEBORAH",,,,"4",,,"TRUE","TRUE",,"z_Deborah (Deprecated)",,"FF",,"0",,"FALSE"
"DEFAULT",,,"This is the default operator","10",,,"FALSE","FALSE",,"Default User",,"FF",,"0",,"FALSE"
"DOMINICG",,,"dominicg","4",,,"TRUE","TRUE",,"Dominic Giandonato",,"FF",,"0",,"FALSE"
"DPOORMAN",,,"Meadows Race Track user with Web login","4","MEADOWS_PA",,"TRUE","FALSE",,"Darla Poorman",,"FF",,"0",,"FALSE"
"DST",,,"dst","4",,,"TRUE","FALSE",,"Deborah Tsang",,"FF",,"0",,"FALSE"
"DTALPAS",,,"Meadows Race Track user with Web login","4","MEADOWS_PA",,"TRUE","FALSE",,"David Talpas",,"FF",,"0",,"FALSE"
"DTOLBERT","LAB",,"dtolbert","4",,,"TRUE","FALSE",,"David Tolbert",,"FF",,"0",,"FALSE"
"ELHOWELL","LAB",,"elhowell","4",,,"TRUE","TRUE",,"z_Elandya Howell (deprecated)",,"FF",,"0",,"FALSE"
"ELOPEZ",,,"Harrah's Race track user with job login and web user","4","HARRAHS_PA",,"TRUE","FALSE",,"Evelyn Lopez",,"FF",,"0",,"FALSE"
"EVANXUE","LAB","SYSTEM","evanxue","10","POCONO_DOWNS_PA",,"TRUE","FALSE",,"Evan Xue",,"FF",,"0",,"FALSE"
"EXTESTCHEM",,,,"4",,,"TRUE","FALSE",,"Evan Xue Test Account Chemist",,"FF",,"0",,"FALSE"
"EXTESTRACE",,,"EX Test Account for Racetracks","4","HARRAHS_PA",,"TRUE","FALSE",,"EX Test Account for Racetracks",,"FF",,"0",,"FALSE"
"FHAO","LAB",,"fhao","4",,,"TRUE","FALSE",,"Fengyu Hao",,"FF",,"0",,"FALSE"
"FRED",,,"Lab Tech","4",,,"TRUE","FALSE",,"Fred Flintstone",,"FF",,"0",,"FALSE"
"FUYU",,,"guanf","4",,,"TRUE","FALSE",,"Dr. Fuyu Guan",,"FF",,"0",,"FALSE"
"GARYW","SYSTEM",,"This is the default System level authority operator","10",,,"TRUE","FALSE",,"Gary Walters",,"FF",,"0",,"FALSE"
"GPEHLERT",,,"gpehlert","4",,,"TRUE","FALSE",,"Grace Pehlert",,"FF",,"0",,"FALSE"
"GRACE",,,,"4",,,"TRUE","TRUE",,"z_Grace (Deprecated)",,"FF",,"0",,"FALSE"
"HODYT",,,"Training Course Instructor","4",,,"TRUE","FALSE",,"Tom Hody","tom.hody@thermofisher.com","FF",,"0",,"FALSE"
"HPRACEADM",,,"Race track user with job login and web user","4","HARRAHS_PA",,"TRUE","FALSE",,"Harrahs Race Admin",,"FF",,"0",,"FALSE"
"IM_USER","SYSTEM",,"User for Integration Manager upload","10",,,"TRUE","FALSE",,"Im User",,"FF",,"0",,"FALSE"
"INAVARRETO",,,"Parx Race Track user with Web login","4","PARX_PA",,"TRUE","FALSE",,"Ismael Navarreto",,"FF",,"0",,"FALSE"
"JACLYNRM",,,"jaclynrm","4",,,"TRUE","FALSE",,"Jaclyn Missanelli",,"FF",,"0",,"FALSE"
"JAGALOOS",,,"jagaloos","4",,,"TRUE","TRUE",,"Justine Agaloos",,"FF",,"0",,"FALSE"
"JANEYSMITH",,,"Presque Isle Downs Race Track user with Web login","4","PRESQUE_ISLE_DOWNS_PA",,"TRUE","FALSE",,"Janey Smith",,"FF",,"0",,"FALSE"
"JESSEV",,"SYSTEM","jessev","10",,,"TRUE","FALSE",,"Jesse Vanderhoef",,"FF",,"0",,"FALSE"
"JFLORES",,,"Penn National Race Track user with Web login","4","PENN_NATIONAL_PA",,"TRUE","FALSE",,"Jessica Flores",,"FF",,"0",,"FALSE"
"JILLWINT",,,"jillwint","4",,,"TRUE","TRUE",,"z_Jill Winterling (deprecated)",,"FF",,"0",,"FALSE"
"JKEENAN","LAB",,"jeremyk3","4",,,"TRUE","FALSE",,"Jeremy Keenan",,"FF",,"0",,"FALSE"
"JKLEPPINGE",,,"Parx Race Track user with Web login","4","PARX_PA",,"TRUE","TRUE",,"Jkleppinge",,"FF",,"0",,"FALSE"
"JLEES",,,"Meadows Race Track user with Web login","4","MEADOWS_PA",,"TRUE","FALSE",,"Jlees",,"FF",,"0",,"FALSE"
"JMEAD",,,"Pocono Downs Race track user with web login","4","POCONO_DOWNS_PA",,"TRUE","FALSE",,"Jessica Mead",,"FF",,"0",,"FALSE"
"KATHLEEN",,"SYSTEM","koshea","10",,,"TRUE","FALSE",,"Kathleen O'Shea",,"FF",,"0",,"FALSE"
"KRIZZO","LAB",,"kjrizzo","4",,,"TRUE","FALSE",,"Kacee Rizzo",,"FF",,"0",,"FALSE"
"KSTALKER","LAB",,"kstalker","4",,,"TRUE","FALSE",,"Katelyn Stalker",,"FF",,"0",,"FALSE"
"LAURENWILL",,,"Parx Race Track user with Web login","4","PARX_PA",,"TRUE","FALSE",,"Lauren Williams",,"FF",,"0",,"FALSE"
"LEIFMCG","LAB",,"leifmcg","4",,,"TRUE","FALSE",,"Leif McGoldrick",,"FF",,"0",,"FALSE"
"LKARCHNER",,,"Pocono Downs Race track user","4","POCONO_DOWNS_PA",,"TRUE","FALSE",,"Linda Karchner",,"FF",,"0",,"FALSE"
"LPITTMAN","LAB",,"lpittman","4",,,"TRUE","FALSE",,"Lauren Pittman",,"FF",,"0",,"FALSE"
"LSCOTT",,,"Meadows Race Track user with Web login","4","MEADOWS_PA",,"TRUE","FALSE",,"Lawrence Scott",,"FF",,"0",,"FALSE"
"LSHREVE",,,"Penn National Race Track user with Web login","4","PENN_NATIONAL_PA",,"TRUE","FALSE",,"Lisa Shreve",,"FF",,"0",,"FALSE"
"LZHAO",,,"lzhao","4",,,"TRUE","TRUE",,"z_Leon Zhao (deprecated)",,"FF",,"0",,"FALSE"
"MANAGER",,,"Manager Testing account","4",,,"TRUE","FALSE",,"Test Manager",,"FF",,"0",,"FALSE"
"MPRACEADM",,,"Race track user with job login and web user","4","MEADOWS_PA",,"TRUE","FALSE",,"Meadows Race Admin",,"FF",,"0",,"FALSE"
"MPRACEADM2",,,"Race track user with job login and web user","4","MEADOWS_MD_PA",,"TRUE","FALSE",,"Meadows Race Admin 2",,"FF",,"0",,"FALSE"
"MUHLE",,,"muhle","4",,,"TRUE","TRUE",,"z_Michael Uhle (deprecated)",,"FF",,"0",,"FALSE"
"NBK",,,"nbk","10",,,"TRUE","TRUE",,"z_Natalia Blewonska (deprecated)",,"FF",,"0",,"FALSE"
"NKHUMPAN","RECEIPT",,"nkhumpan","4",,,"TRUE","FALSE",,"Noy Khumpan",,"FF",,"0",,"FALSE"
"PDRACEADM",,,"Pocono Downs Race track testing operator","4","POCONO_DOWNS_PA",,"TRUE","FALSE",,"Pocono Downs Race Admin",,"FF",,"0",,"FALSE"
"PIRACEADM",,,"Presque Isle Downs Race track testing operator","4","PRESQUE_ISLE_DOWNS_PA",,"TRUE","FALSE",,"Presque Isle Downs Admin",,"FF",,"0",,"FALSE"
"PNDSTTEST",,,"Penn National Racetrack testing account","4","PENN_NATIONAL_PA",,"TRUE","FALSE",,"Penn National DST Test",,"FF",,"0",,"FALSE"
"PNRACEADM",,,"Penn National Racetrack testing account","4","PENN_NATIONAL_PA",,"TRUE","FALSE",,"Penn National Racetrack Admin",,"FF",,"0",,"FALSE"
"PNRACEADM2",,,"Penn National Racetrack testing account","4","PENN_NATIONAL_PA",,"TRUE","FALSE",,"Penn National Test account 2",,"FF",,"0",,"FALSE"
"PROCTORR","LAB",,"proctorr","4",,,"TRUE","FALSE",,"Rachel Proctor",,"FF",,"0",,"FALSE"
"PXRACEADM",,,"Race track user with job login and web user","4","PARX_PA",,"TRUE","FALSE",,"Parx Race Admin",,"FF",,"0",,"FALSE"
"PXRACEADM2",,,"Race track user with job login and web user -T","4","PARX_PA",,"TRUE","FALSE",,"Parx Race Admin 2",,"FF",,"0",,"FALSE"
"PXRACEADSI",,,"SI Race track user with job login and web user -T","4",,,"TRUE","FALSE",,"Parx Race Admin 2 SI",,"FF",,"0",,"FALSE"
"RACETRACK",,,"READ ONLY -Race track user with job login and web user","4","HARRAHS_PA",,"TRUE","FALSE",,"Race Track User",,"RO",,"0",,"FALSE"
"RCARAZAS",,,"Penn National Race Track user with Web login","4","PENN_NATIONAL_PA",,"TRUE","FALSE",,"Rosa Carazas",,"FF",,"0",,"FALSE"
"RCOWDEN",,,"Meadows Race Track user with Web login","4","MEADOWS_PA",,"TRUE","FALSE",,"Rae Ann Cowden",,"FF",,"0",,"FALSE"
"RECEIPT",,,"Example Lab Tech  / Chemist w Receipt dashboard","4",,,"TRUE","FALSE",,"Receipt User",,"FF",,"0",,"FALSE"
"RECEIVER",,,"Test account for receiving samples","4",,,"TRUE","FALSE",,"Test Receiver",,"FF",,"0",,"FALSE"
"RKEELER",,,"Presque Isle Downs Race Track user with Web login","4","PRESQUE_ISLE_DOWNS_PA",,"TRUE","FALSE",,"Rebecca Keeler",,"FF",,"0",,"FALSE"
"RNOBLETT",,,"Parx Race Track user with Web login","4","PARX_PA",,"TRUE","TRUE",,"z_Rita Noblett (deprecated)",,"FF",,"0",,"FALSE"
"ROOT-BS","SYSTEM","SYSTEM","root-bs","10",,,"TRUE","FALSE",,"Brian Sherman",,"FF",,"0",,"FALSE"
"SETHH","SYSTEM","SYSTEM","This is the default System level authority operator","10",,,"TRUE","FALSE",,"Seth Heupel","seth.heupel@thermofisher.com","FF",,"0",,"FALSE"
"SHFAY",,,"shfay","10",,,"TRUE","TRUE",,"Savannah Fay",,"FF",,"0",,"FALSE"
"SMEGEE",,,"SMEGEE","4",,,"TRUE","FALSE",,"Susan Megee",,"FF",,"0",,"FALSE"
"SVOELKNER",,,"Pocono Downs Race track user","4","POCONO_DOWNS_PA",,"TRUE","FALSE",,"Sharon Voelkner",,"FF",,"0",,"FALSE"
"SYSTEM","SYSTEM","SYSTEM","This is the default System level authority operator","10",,,"FALSE","FALSE",,"System Manager",,"FF",,"0",,"FALSE"
"VHOADLEY",,,"Harrah's Race Track user with Web login","4","HARRAHS_PA",,"TRUE","FALSE",,"Vicky Hoadley",,"FF",,"0",,"FALSE"
"WBIEL",,,"Pocono Downs Race track user with web login","4","POCONO_DOWNS_PA",,"TRUE","FALSE",,"Wayne Biel",,"FF",,"0",,"FALSE"
"WILMA",,,"Lab Manager","4",,,"TRUE","FALSE",,"Wilma Flintstone",,"FF",,"0",,"FALSE"
"WMCCOOL",,,"Parx Race Track user with Web login","4","PARX_PA",,"TRUE","TRUE",,"Z_William McCool",,"FF",,"0",,"FALSE"
"XIAOFEN",,,"xiaofen","4",,,"TRUE","FALSE",,"Xiaofen Li",,"FF",,"0",,"FALSE"
"YOUWEN",,,"ywyou","4",,,"TRUE","FALSE",,"Dr. Youwen You",,"FF",,"0",,"FALSE"
