﻿PLATE_FILL_ORDER
PLATE_FILL_ORDER_ID,PLATE_FILL_ORDER_VERSION,NAME,GROUP_ID,DESCRIPTION,MODIFIABLE,REMOVEFLAG,ACTIVE,ACTIVE_FROM,ACTIVE_TO,APPROVAL_STATUS,INSPECTION_PLAN,FILL_ORDER,PLATE_TYPE_ID,PLATE_TYPE_VERSION,AVAILABLE_POSITIONS
36,10,100,10,255,1,1,1,32,32,1,10,10,36,10,10
                      18
"02A9DAAF-9140-4D8F-838F-C905F09A4140","1","Default (Left to Right)",,"Default Fill Order","FALSE","FALSE","TRUE", , ,"A",,"LTRTTB",,"0","0"
"1F212220-B9FB-4E90-839F-42F0385D2BA3","1","Right to Left Bottom to Top",,"Fill from the left to the right from the bottom to the top of the plate.","FALSE","FALSE","TRUE", , ,"A",,"RTLBTT",,"0","0"
"2A569476-48BD-48EE-94C2-7063DCD175A6","1","Top to Bottom Left to Right Snake",,"Fill from the top to the bottom from the left to the right snake.","FALSE","FALSE","TRUE", , ,"A",,"TTBLTRS",,"0","0"
"2C7C0C80-9EA0-4625-BFCD-1659D2B8D026","1","Right to Left Top to Bottom",,"Fill from right to left from the top to the bottom of the plate.","FALSE","FALSE","TRUE", , ,"A",,"RTLTTB",,"0","0"
"41AB06EE-BA09-4933-9976-8F9893D60B3A","1","Left to Right Top to Bottom",,"Fill from left to right from the top to the bottom of the plate.","FALSE","FALSE","TRUE", , ,"A",,"LTRTTB",,"0","0"
"449878D9-6BB1-4CBB-B31E-595682B24D80","1","Left to Right Bottom to Top Snake",,"Fill from left to right from the bottom to the top snake.","FALSE","FALSE","TRUE", , ,"A",,"LTRBTTS",,"0","0"
"571DCDA8-D6F3-41F9-A181-185253CEC7B1","1","Top to Bottom Right to Left",,"Fill from the top to the bottom from the right to the left of the plate.","FALSE","FALSE","TRUE", , ,"A",,"TTBRTL",,"0","0"
"5D5C61E0-C35D-48CB-BF86-F4D44F54C487","1","Bottom to Top Left to Right",,"Fill from the bottom to the top from the left to the right of the plate.","FALSE","FALSE","TRUE", , ,"A",,"BTTLTR",,"0","0"
"6F141D05-EF63-4BFD-9428-AB81645DA7D9","1","Left to Right Bottom to Top",,"Fill from the left to the right from the bottom to the top of the plate.","FALSE","FALSE","TRUE", , ,"A",,"LTRBTT",,"0","0"
"88BE4B76-DF6F-479A-BC71-63DEC709BDE6","1","Left to Right Top to Bottom Snake",,"Fill from left to right from the top to the bottom snake.","FALSE","FALSE","TRUE", , ,"A",,"LTRTTBS",,"0","0"
"9F3D0DB6-5FE7-4B22-B35C-875C696E3480","1","Top to Bottom Right to Left Snake",,"Fill from the top to the bottom from the right to the left snake.","FALSE","FALSE","TRUE", , ,"A",,"TTBRTLS",,"0","0"
"AD31E8A0-C882-4834-AADD-54C7AB909916","1","Top to Bottom Left to Right",,"Fill from top to the bottom from the left to the right of the plate.","FALSE","FALSE","TRUE", , ,"A",,"TTBLTR",,"0","0"
"BD751281-7C52-420F-8A0E-651B4CDF5D3C","1","Bottom to Top Left to Right Snake",,"Fill from the bottom to the top from the left to the right snake.","FALSE","FALSE","TRUE", , ,"A",,"BTTLTRS",,"0","0"
"BE583DE7-B3D5-4ECF-8BE0-AC257FADB7D6","1","Random",,"Randomly allocate the positions in the plate","FALSE","FALSE","TRUE", , ,"A",,"RANDOM",,"0","0"
"CF2B2C23-7575-44AB-8AE9-1D30AE2C1248","1","Bottom to Top Right to Left Snake","SYSTEM","Fill from the bottom to the top from the right to the left snake.","TRUE","FALSE","TRUE", , ,"A",,"BTTRTLS",,"1","0"
"F35B7B72-8D2A-4F7E-9617-0EA77DAA5B99","1","Bottom to Top Right to Left","SYSTEM","Fill from the bottom to the top from the right to the left.","TRUE","FALSE","TRUE", , ,"A",,"BTTRTL",,"1","0"
"FB0F1A9C-96DD-428B-AF2C-2D40770C85BE","1","Right to Left Top to Bottom Snake",,"Fill from right to the left from the top to the bottom snake.","FALSE","FALSE","TRUE", , ,"A",,"RTLTTBS",,"0","0"
"FB111ECC-9202-4EDE-9F5D-1EF31CA10F06","1","Right to Left Bottom to Top Snake",,"Fill from the right to the left from the bottom to the top of the plate.","FALSE","FALSE","TRUE", , ,"A",,"RTLBTTS",,"0","0"
