﻿PLATE_APPEARANCE
PLATE_APPEARANCE_ID,PLATE_APPEARANCE_VERSION,NAME,GROUP_ID,DESCRIPTION,MODIFIABLE,ORDER_NUMBER,REMOVE_FLAG,ACTIVE,ACTIVE_FROM,ACTIVE_TO,APPROVAL_STATUS,INSPECTION_PLAN,CELL_HEIGHT,CELL_WIDTH,COLUMN_HEADING_HEIGHT,ROW_HEADING_WIDTH,ICON_SIZE,EMPTY_ICON,NO_SLOT_ICON,SIZE_MODE,PLATE_COLOR,FOCUSED_COLOR,SHOW_COUNT_OVERLAY,WELL_EXPRESSION
36,10,100,10,255,1,10,1,1,32,32,1,10,10,10,10,10,10,30,30,1,10,10,1,500
                       4
"3622152A-400C-4E73-BE2F-25A3CBEA94A6","1","Test Review",,"Test Review displays the OnSpec status of the test associated with the entry. Only stored CSMLP comparisons will be shown, the configuration item EMLP_UPDATE_DB needs to be True.","TRUE","0","FALSE","TRUE", , ,"A",,"20","20","20","20","16","WELL_EMPTY","INT_BLANK","N","RGB_FFFFFF","RGB_A9A9A9","TRUE","Iif ( [Test.OnSpec],[Description] + ' Well Passed Limit' , [Description] + ' Well Failed Limit')"
"431A005D-9CC4-45E4-8E27-E1117F991670","1","Result Review",,"Result review displays the MLP comparison of the batch entry review status.","TRUE","0","FALSE","TRUE", , ,"A",,"20","20","20","20","16","WELL_EMPTY","INT_BLANK","N","RGB_FFFFFF","RGB_A9A9A9","TRUE","[Description] + ' Well ' + [ReviewStatus.PhraseText]"
"7D0B088D-64E4-4BE5-9FE7-59963A006B8B","1","Default",,"Default Plate Appearance","FALSE","0","FALSE","TRUE", , ,"A",,"36","36","36","36","32","WELL_EMPTY","INT_BLANK","N","RGB_FFFFFF","RGB_A9A9A9","TRUE",
"957055D7-A5A6-4CEF-B00D-CD082A3A104D","1","Default Small",,"Default appearance showing smaller cells","FALSE","0","FALSE","TRUE", , ,"A",,"20","20","20","20","16","WELL_EMPTY","INT_BLANK","N","RGB_FFFFFF","RGB_A9A9A9","TRUE",
