﻿PLATE_APPEARANCE_OVERLAY
PLATE_APPEARANCE_OVERLAY_ID,PLATE_APPEARANCE_ID,PLATE_APPEARANCE_VERSION,ORDER_NUMBER,EXPRESSION,ICON
36,36,10,10,500,30
                       8
"CE9A2BD8-FD90-461F-9CB9-9C2EBFA048B6","3622152A-400C-4E73-BE2F-25A3CBEA94A6","1","1","[Test.HasIncidents]","INT_INCIDENTS"
"B2CC54E1-C00C-42DF-AA8B-AF80EFAB779C","3622152A-400C-4E73-BE2F-25A3CBEA94A6","1","2","Not [Test.OnSpec] And GlobalBoolean('EMLP_UPDATE_DB')","OVERLAY_CANCELLED"
"4EAE30FE-2803-436A-9092-CC219275314C","3622152A-400C-4E73-BE2F-25A3CBEA94A6","1","3","[Test.OnSpec]","OVERLAY_APPROVED"
"CE9A2BD8-FD90-461F-9CB9-9C2EBFA048B6","431A005D-9CC4-45E4-8E27-E1117F991670","1","1","[Test.HasIncidents]","INT_INCIDENTS"
"B2CC54E1-C00C-42DF-AA8B-AF80EFAB779C","431A005D-9CC4-45E4-8E27-E1117F991670","1","2","[ReviewStatus.PhraseId]  == 'P'","OVERLAY_APPROVED"
"4EAE30FE-2803-436A-9092-CC219275314C","431A005D-9CC4-45E4-8E27-E1117F991670","1","3","[ReviewStatus.PhraseId] == 'I'","OVERLAY_ACTIVE"
"06E38B6A-93C4-4C2A-826C-ED75DB031CBB","431A005D-9CC4-45E4-8E27-E1117F991670","1","4","[ReviewStatus.PhraseId] == 'F'","OVERLAY_CANCELLED"
"CE9A2BD8-FD90-461F-9CB9-9C2EBFA048B6","F15DFE0C-3994-46E4-A8D3-066120CD43CA","1","1","[Test.HasIncidents]","INT_INCIDENTS"
