﻿PROJECT_INFO
PROJECT_ID,BROWSE_DESCRIPTION,STATUS,START_DATE,END_DATE,CHARGE_CODE,CUSTOMER_ID,CUSTOMER_CONTACT,PROJECT_SUPERVISOR,MODIFIABLE,REMOVEFLAG,GROUP_ID,NAME
10,255,1,32,32,10,10,40,10,1,1,10,100
                       7
"ALANPARSON","Alan Parsons Project",, , ,,"BSG","Mr. Slate","HODYT","TRUE","TRUE",,"Alan Parsons Project"
"FORBIN","Colossus: The Forbin Project",, , ,,"BSG","Mr. Slate","HODYT","TRUE","TRUE",,"Colossus: The Forbin Project"
"GREENLIGHT","Project Greenlight",, , ,,"BSG","Mr. Slate","HODYT","TRUE","TRUE",,"Project Greenlight"
"OUTSIDESUB","Submissions from Outside Customers",, , ,,"PETRL",,,"TRUE","FALSE",,"Submissions from Outside Customers"
"RACETRACK",,, , ,,,,,"TRUE","FALSE",,"Race Track Forensics"
"SBHORSE","PA Bureau of Standardbred Horse Racing",, , ,,"SBD",,,"TRUE","FALSE",,"PA Bureau of Standardbred Horse Racing"
"TBHORSE","PA Bureau of Thoroughbred Horse Racing",, , ,,"TBD",,,"TRUE","FALSE",,"PA Bureau of Thoroughbred Horse Racing"
