﻿REPORT_LAYOUT_FIELD
REPORT_LAYOUT_HEADER,FIELD_NAME,ORDER_NUMBER,DESCRIPTION,WIDTH,FIELD_REPEATS,FORMAT_STRING
40,250,10,30,10,1,250
                    1354
"ANAL_BACKLOG_ALL_P","VersionedAnalysisName","1","Analysis","20","TRUE",
"ANAL_BACKLOG_ALL_P","Description","2","Description","20","TRUE",
"ANAL_BACKLOG_ALL_P","TestsAssignedToWorksheets","3","Backlog Worksheet Tests","20","TRUE",
"ANAL_BACKLOG_ALL_P","TestsForAnalysisVersionCount","4","Backlog for version","20","TRUE",
"ANAL_BACKLOG_SAMP_L","IdText","1","Sample Name","20","TRUE",
"ANAL_BACKLOG_SAMP_L","JobName","2","Job Name","20","TRUE",
"ANAL_BACKLOG_SAMP_L","Priority","3","Priority","20","TRUE",
"ANAL_BACKLOG_SAMP_L","OnWks","4","On Wks","20","TRUE",
"ANAL_BACKLOG_SAMP_L","AgeDays","5","Age (Days)","20","TRUE",
"ANAL_BACKLOG_SAMP_L","Dateresreq","6","Results Required","20","TRUE",
"ANAL_BACKLOG_SAMP_P","VersionedAnalysisName","1","Analysis","20","TRUE",
"ANAL_BACKLOG_SAMP_P","Description","2","Description","20","TRUE",
"ANAL_BACKLOG_SAMP_P","TestsAssignedToWorksheets","3","Backlog Worksheet Tests","20","TRUE",
"ANAL_BACKLOG_SAMP_P","TestsForAnalysisVersionCount","4","Backlog for version","20","TRUE",
"ANAL_WORKS_TEMPL_L","TemplateId","1","Template","20","TRUE",
"ANAL_WORKS_TEMPL_L","Description","2","Description","20","TRUE",
"ANAL_WORKS_TEMPL_L","GroupId","3","Group","40","TRUE",
"ANAL_WORKS_TEMPL_L","Status.PhraseText","4","Status","20","TRUE",
"ANAL_WORKS_TEMPL_P","GenericAnalysis","1","Search Analysis","20","TRUE",
"ANAL_WORKS_TEMPL_P","MinSamples","2","Minimum Number Samples","20","TRUE",
"ANAL_WORKS_TEMPL_P","SampleSource","3","Sample List Source","20","TRUE",
"ANAL_WORKS_TEMPL_P","SampleSort","4","Sample Sort Criteria","20","TRUE",
"ANAL_WORKS_TEMPL_P","EditSamplesList","5","Edit Sample List","20","TRUE",
"ANAL_WORKS_TEMPL_P","AssignOperator","6","Prompt for Operator","20","TRUE",
"ANAL_WORKS_TEMPL_P","DefaultOperator","7","Default Operator","20","TRUE",
"ANAL_WORKS_TEMPL_P","TestSessions","8","Number Test Sessions","20","TRUE",
"ANAL_WORKS_TEMPL_P","RandomControl","9","Random Controls","20","TRUE",
"ANAL_WORKS_TEMPL_P","RandomControlId","10","Random Control","20","TRUE",
"ANAL_WORKS_TEMPL_P","NumberRandoms","11","Number Random Controls","20","TRUE",
"ANAL_WORKS_TEMPL_P","ReviewRequired","12","Review Worksheet","20","TRUE",
"ANAL_WORKS_TEMPL_P","ContrlRequired","13","Review Controls","20","TRUE",
"ANAL_WORKS_TEMPL_P","CalibnRequired","14","Review Calibrations","20","TRUE",
"ANAL_WORKS_TEMPL_P","PrintBarcodes","15","Print Barcodes","20","TRUE",
"ANAL_WORKS_TEMPL_P","ResultSpace","16","Leave Space for Results","20","TRUE",
"ANAL_WORKS_TEMPL_P","AutoPrint","17","Automatic Printing","20","TRUE",
"ANAL_WORKS_TEMPL_P","PrinterId","18","Printer","20","TRUE",
"ANALYSIS","GenericAnalysis","1","Generic Analysis","20","TRUE",
"ANALYSIS","PreparationId","2","Preparation before analysis","20","TRUE",
"ANALYSIS","AnalysisType","3","Analysis Type","20","TRUE",
"ANALYSIS","InsttypeId","4","Type of instrument required","20","TRUE",
"ANALYSIS","InstrumentRequired","5","Instrument Required","20","TRUE",
"ANALYSIS","ExpectedTime","6","Expected Duration","20","TRUE",
"ANALYSIS","Chargecode","7","Charge Code","20","TRUE",
"ANALYSIS","Replicates","8","Replicates","20","TRUE",
"ANALYSIS","AllowCategory","9","Allow Category Components","20","TRUE",
"ANALYSIS","InspectionPlan","10","Inspection Plan","20","TRUE",
"ANALYSIS","SamplingPlanType","11","Sampling Plan Type","20","TRUE",
"ANALYSIS","AutoValidate","12","Auto-Validate","20","TRUE",
"ANALYSIS_SMPL_PT_P","Sample.SamplingPoint","1","Sample Point","20","TRUE",
"ANALYSIS_SMPL_PT_P","Sample.SampledDate","2","Sampled Date","20","TRUE",
"ANALYSIS_SMPL_PT_P","Analysis","3","Analysis","20","TRUE",
"ANALYSIS_WORKSHEET","Identity","1","Identity","20","TRUE",
"ANALYSIS_WORKSHEET","Analysis.Identity","2","Analysis Identity","20","TRUE",
"APPROVAL_LIST","EntryType","1","Entry Type","20","TRUE",
"APPROVAL_LIST","EntryId","2","Entry","20","TRUE",
"APPROVAL_LIST","ApprovingBody","3","Approving Body","20","TRUE",
"APPROVAL_LIST","DateApproved","4","Date Approved","20","TRUE",
"APPROVAL_LIST","ExpiryDate","5","Expiry Date","20","TRUE",
"ATTACHMENTS","DisplayName","1","Name","20","TRUE",
"ATTACHMENTS","Type.PhraseText","2","Type","15","TRUE",
"ATTACHMENTS","PlainTextComments","3","Comments","40","TRUE",
"ATTACHMENTS","ModifiedOn","4","Modified On","25","TRUE",
"ATTACHMENTS","Category.PhraseText","5","Category","15","TRUE",
"AUDIT","UserId","1","User","20","TRUE",
"AUDIT","TransactionName","2","Name","20","TRUE",
"AUDIT","TransactionDate","3","Date","20","TRUE",
"AUDIT","Event","4","Event","20","TRUE",
"AUDIT","TableName","5","Table","20","TRUE",
"AUDIT","EventAction","6","Action","20","TRUE",
"AUDIT","RecordKey0","7","Record Key0","20","TRUE",
"AUDIT","EventReason","8","Reason","20","TRUE",
"BATCH_COMP_ENTRIES","Type","1","Type","20","TRUE",
"BATCH_COMP_ENTRIES","RepeatCount","2","Repeat Count","20","TRUE",
"BATCH_COMP_ENTRIES","ParentEntity","3","Parent Entity","20","TRUE",
"BATCH_COMP_ENTRIES","Limit","4","Limit","20","TRUE",
"BATCH_COMP_ENTRIES","Standard","5","Standard","20","TRUE",
"BATCH_COMP_ENTRIES","ComponentList","6","Component List","20","TRUE",
"BATCH_COMP_FIELDS","FieldName","1","Prompt Text","20","TRUE",
"BATCH_COMP_FIELDS","DefaultValue","2","Default Value","20","TRUE",
"BATCH_COMP_FIELDS","PromptFlag","3","P","20","TRUE",
"BATCH_COMP_FIELDS","CopyFlag","4","C","20","TRUE",
"BATCH_COMP_FIELDS","DisplayFlag","5","D","20","TRUE",
"BATCH_COMP_FIELDS","MandatoryFlag","6","M","20","TRUE",
"BATCH_COMP_TMPLSQC","Analysis","1","Analysis","20","TRUE",
"BATCH_COMP_TMPLSQC","Component","2","Component","20","TRUE",
"BATCH_COMP_TMPLSQC","Component2","3","Component 2","20","TRUE",
"BATCH_COMP_TMPLSQC","Standard","4","Standard","20","TRUE",
"BATCH_COMP_TMPLSQC","Instrument","5","Instrument","20","TRUE",
"BATCH_COMPONENT_LIST","ComponentName","1","Component Name","20","FALSE",
"BATCH_COMPONENT_LIST","ReplicateCount","2","Replicate Count","20","FALSE",
"BATCH_COMPONENT_LIST","CreateAlways","3","Create Always","20","FALSE",
"BATCH_COMPONENT_LIST","ResultEntry","4","Result Entry","20","FALSE",
"BATCH_COMPONENT_LIST","Places","5","Places","20","FALSE",
"BATCH_COMPONENT_LIST","ComponentType","6","Component Type","20","FALSE",
"BATCH_COMPONENT_LIST","LevelId","7","Level","20","TRUE",
"BATCH_COMPONENT_LIST","MinLimit","8","Min Limit","20","TRUE",
"BATCH_COMPONENT_LIST","MaxLimit","9","Max Limit","20","TRUE",
"BATCH_FAILURES_LIST","Test.Sample.IdText","1","Sample","20","FALSE",
"BATCH_FAILURES_LIST","Test.Analysis.VersionedAnalysisName","2","Test","20","FALSE",
"BATCH_FAILURES_LIST","ComponentName","3","Component Name","20","TRUE",
"BATCH_FAILURES_LIST","ReviewStatus","4","Review Status","20","TRUE",
"BATCH_FAILURES_LIST","Text","5","Text","20","TRUE",
"BATCH_FAILURES_LIST","Units","6","Units","20","TRUE",
"BATCH_FAILURES_LIST","LevelId","7","Level","20","TRUE",
"BATCH_FAILURES_LIST","MinLimit","8","Min Limit","20","TRUE",
"BATCH_FAILURES_LIST","MaxLimit","9","Max Limit","20","TRUE",
"BATCH_FAILURES_PRINT","Type","1","Type","20","TRUE",
"BATCH_FAILURES_PRINT","Test","2","Test","20","TRUE",
"BATCH_HEADER","Status","1","Status","20","TRUE",
"BATCH_HEADER","DateCreated","2","Date Created","20","TRUE",
"BATCH_HEADER","Creator","3","Creator","20","TRUE",
"BATCH_HEADER","Analysis","4","Analysis","20","TRUE",
"BATCH_JOB_REPORT","QaStatus","1","QA Status","20","TRUE",
"BATCH_JOB_REPORT","BatchComment","2","Batch Comment","20","TRUE",
"BATCH_JOB_REPORT","Status","3","Status","20","TRUE",
"BATCH_REPORT","Test.Sample.IdText","1","Sample Name","20","TRUE",
"BATCH_REPORT","Test.TestCount","2","Test Count","20","TRUE",
"BATCH_REPORT","Type","3","Type","20","TRUE",
"BATCH_REPORT","Identity","4","Identity","20","TRUE",
"BATCH_REPORT","ResultType","5","Result Type","20","TRUE",
"BATCH_REPORT","Text","6","Text","20","TRUE",
"BATCH_REPORT","Units","7","Units","20","TRUE",
"BATCH_SQC_HEADER_L","Identity","1","Identity","20","TRUE",
"BATCH_SQC_HEADER_L","GroupId","2","Group","20","TRUE",
"BATCH_SQC_HEADER_L","Description","3","Description","20","TRUE",
"BATCH_SQC_HEADER_L","Points","4","Points","20","TRUE",
"BATCH_SQC_HEADER_L","Analysis","5","Analysis","20","TRUE",
"BATCH_SQC_HEADER_L","Component","6","Component","20","TRUE",
"BATCH_SQC_HEADER_L","Component2","7","Component 2","20","TRUE",
"BATCH_SQC_HEADER_L","Standard","8","Standard","20","TRUE",
"BATCH_SQC_HEADER_L","Instrument","9","Instrument","20","TRUE",
"BATCH_SQC_HEADER_L","Modifiable","10","Modifiable","20","TRUE",
"BATCH_SQC_HEADER_P","Points","3","Points","20","TRUE",
"BATCH_SQC_HEADER_P","Analysis","4","Analysis","20","TRUE",
"BATCH_SQC_HEADER_P","Component","5","Component","20","TRUE",
"BATCH_SQC_HEADER_P","Component2","6","Component 2","20","TRUE",
"BATCH_SQC_HEADER_P","Standard","7","Standard","20","TRUE",
"BATCH_SQC_HEADER_P","Instrument","8","Instrument","20","TRUE",
"BATCH_TMPL_COMP_LIST","ComponentName","1","Component Name","20","TRUE",
"BATCH_TMPL_COMP_LIST","ReplicateCount","2","Replicate Count","12","TRUE",
"BATCH_TMPL_COMP_LIST","ComponentType","3","Type","10","TRUE",
"BATCH_TMPL_COMP_LIST","LevelId","4","Level","20","TRUE",
"BATCH_TMPL_COMP_LIST","MinLimit","5","Min","20","TRUE",
"BATCH_TMPL_COMP_LIST","MaxLimit","6","Max","20","TRUE",
"BATCH_TMPL_COMP_LIST","PlacesString","7","Places","10","TRUE",
"BATCH_TMPL_COMP_LIST","CreateAlways","8","Create Always","10","TRUE",
"BATCH_TMPL_COMP_LIST","ResultEntry","9","Result Entry","10","TRUE",
"BATCH_TMPL_ENTRY","Type","1","Type","20","TRUE",
"BATCH_TMPL_ENTRY","RepeatCount","2","Repeat Count","20","TRUE",
"BATCH_TMPL_ENTRY","ParentEntity","3","Parent Entity","20","TRUE",
"BATCH_TMPL_ENTRY","Limit","4","Limit","20","TRUE",
"BATCH_TMPL_ENTRY","Standard","5","Standard","20","TRUE",
"BATCH_TMPL_ENTRY","ComponentList","6","Component List","20","TRUE",
"BATCH_TMPL_FIELDS","FieldName","1","Field","20","TRUE",
"BATCH_TMPL_FIELDS","TextPrompt","2","Prompt Text","20","TRUE",
"BATCH_TMPL_FIELDS","DefaultValue","3","Default Value","20","TRUE",
"BATCH_TMPL_FIELDS","PromptFlag","4","Prompt","10","TRUE",
"BATCH_TMPL_FIELDS","CopyFlag","5","Copy","10","TRUE",
"BATCH_TMPL_FIELDS","DisplayFlag","6","Display","10","TRUE",
"BATCH_TMPL_FIELDS","MandatoryFlag","7","Mandatory","10","TRUE",
"BATCH_TMPL_HEADER","BatchClass.PhraseText","1","Batch Class","20","TRUE",
"BATCH_TMPL_HEADER","Analysis","2","Analysis","20","TRUE",
"BATCH_TMPL_SQC","Chart.Identity","1","Chart","20","TRUE",
"BATCH_TMPL_SQC","Chart.Description","2","Description","50","TRUE",
"CALC_FUNCTION_L","Identity","1","Identity","15","TRUE",
"CALC_FUNCTION_L","CalcFunctionName","2","Name","15","TRUE",
"CALC_FUNCTION_L","Description","3","Description","30","TRUE",
"CALC_FUNCTION_L","FunctionType","4","Function Type","10","TRUE",
"CALC_FUNCTION_L","ReturnDataType.PhraseText","5","Return Data Type","15","TRUE",
"CALC_FUNCTION_L","VGLLibrary.Identity","6","Library","20","TRUE",
"CALC_FUNCTION_L","Routine","7","Routine","20","TRUE",
"CALC_FUNCTION_P","FunctionType","1","Function Type","20","TRUE",
"CALC_FUNCTION_P","ReturnDataType.PhraseText","2","Return Data Type","20","TRUE",
"CALC_FUNCTION_P","VGLLibrary.Identity","3","Library","20","TRUE",
"CALC_FUNCTION_P","Routine","4","Routine","20","TRUE",
"CALC_FUNCTION_PARAMETER","Parameter","1","Parameter","20","TRUE",
"CALC_FUNCTION_PARAMETER","DataType.PhraseText","2","Data Type","20","TRUE",
"CALC_FUNCTION_PARAMETER","Description","3","Description","40","TRUE",
"CALCULATION_L","Identity","1","Identity","20","TRUE",
"CALCULATION_L","CalculationName","2","Name","20","TRUE",
"CALCULATION_L","Description","3","Description","40","TRUE",
"CALCULATION_L","Formula","4","Formula","40","TRUE",
"CALCULATION_P","Formula","1","Formula","20","TRUE",
"CERT","DateCreated","1","Date Created","20","TRUE",
"CERT","CreatedBy","2","Created By","20","TRUE",
"CERT","Customer","3","Customer","20","TRUE",
"CERT","Product","4","Product","20","TRUE",
"CERT","GradeCode","5","Grade Code","20","TRUE",
"CERT","Style","6","Style","20","TRUE",
"CERT","Status","7","Status","20","TRUE",
"CERT","Comments","8","Comments","20","TRUE",
"CERT_DESTINATION","Identity","1","Identity","20","TRUE",
"CERT_DESTINATION","Report","2","Report","20","TRUE",
"CERT_DESTINATION","Type.PhraseText","3","Type","20","TRUE",
"CERT_DESTINATION","Description","4","Description","40","TRUE",
"CERT_RESULTS","ReportedAnalysis","1","Analysis","20","FALSE",
"CERT_RESULTS","ReportedName","2","Name","20","TRUE",
"CERT_RESULTS","ReportedValue","3","Value","20","TRUE",
"CERT_RESULTS","ReportedUnits","4","Units","20","TRUE",
"CERT_RESULTS","ReportedLimits","5","Limits","20","TRUE",
"CERT_SECTION","Identity","1","Identity","20","TRUE",
"CERT_SECTION","Type.PhraseText","2","Type","20","TRUE",
"CERT_SECTION","Description","3","Description","40","TRUE",
"CERT_TEMPLATE","CertificateType","1","Certificate Type","20","TRUE",
"CERT_TEMPLATE","Customer","2","Customer","20","TRUE",
"CERT_TEMPLATE","Product","3","Product","20","TRUE",
"CERT_TEMPLATE","GradeCode","4","Grade Code","20","TRUE",
"CERT_TEMPLATE","Language","5","Language","20","TRUE",
"CERT_TEMPLATE","CertificateInspectionPlan","6","Certificate Inspection","20","TRUE",
"CERT_TEMPLATE","LoadMode","7","Load Mode","20","TRUE",
"CERT_TEMPLATE","FillMode","8","Fill Mode","20","TRUE",
"CERT_TEMPLATE_ENTRY","Analysis","1","Analysis","15","FALSE",
"CERT_TEMPLATE_ENTRY","Component","2","Component","20","TRUE",
"CERT_TEMPLATE_ENTRY","Mandatory","3","Mandatory","10","TRUE",
"CERT_TEMPLATE_ENTRY","ReportedNameExpression","4","Reported Name","20","TRUE",
"CERTIFICATE_TEMPLATE_L","Identity","1","Identity","20","TRUE",
"CERTIFICATE_TEMPLATE_L","Type.PhraseText","2","Type","20","TRUE",
"CERTIFICATE_TEMPLATE_L","CertificateVersion","3","Version","20","TRUE",
"CERTIFICATE_TEMPLATE_L","CertificateTemplateName","4","Name","20","TRUE",
"CERTIFICATE_TEMPLATE_L","Description","5","Description","40","TRUE",
"CERTIFICATE_TEMPLATE_P","Type.PhraseText","1","Type","20","TRUE",
"CERTIFICATE_TEMPLATE_P","SyntaxId","2","Syntax","20","TRUE",
"CGI_SCRIPT_L","Identity","1","Identity","20","TRUE",
"CGI_SCRIPT_L","CgiScriptName","2","Name","20","TRUE",
"CGI_SCRIPT_L","Description","3","Description","40","TRUE",
"CGI_SCRIPT_L","Report.Identity","4","Script Library","20","TRUE",
"CGI_SCRIPT_L","Routine","5","Script Routine","20","TRUE",
"CGI_SCRIPT_P","Report.Identity","1","Script Library","20","TRUE",
"CGI_SCRIPT_P","Routine","2","Script Routine","20","TRUE",
"CGI_SCRIPT_P","SecurityLevel","3","Security Level","20","TRUE",
"CGI_SCRIPT_P","SecurityArea","4","Security Area","20","TRUE",
"CHARGE_ENTRY","EntryId","1","Entry","20","TRUE",
"CHARGE_ENTRY","EntryType","2","Type","20","TRUE",
"CHARGE_ENTRY","Rate","3","Rate","20","TRUE",
"CHARGE_ENTRY","Quantity1","4","Quantity 1","20","TRUE",
"CHARGE_ENTRY","Discount1","5","Discount 1","20","TRUE",
"CHARGE_ENTRY","Quantity2","6","Quantity 2","20","TRUE",
"CHARGE_ENTRY","Discount2","7","Discount 2","20","TRUE",
"CHARGE_HEADER_L","ChargeType","1","Identity","20","TRUE",
"CHARGE_HEADER_L","ChargeHeaderName","2","Name","20","TRUE",
"CHARGE_HEADER_L","Description","3","Description","40","TRUE",
"CHARGE_HEADER_L","GroupId","4","Group","20","TRUE",
"CHECKLIST_DETAILS","ActionNumber","1","ID","20","TRUE",
"CHECKLIST_DETAILS","ActionTaken","2","Description","20","TRUE",
"CHECKLIST_DETAILS","ActionType","3","Type","20","TRUE",
"COA_HEAD","SampleName","1","Sample Name","20","TRUE",
"COA_HEAD","Status","2","Status","20","TRUE",
"COA_HEAD","JobName","3","Job Name","20","TRUE",
"COA_HEAD","ProductLink","4","Product","20","TRUE",
"COA_HEAD","ProductVersion","5","Version","20","TRUE",
"COA_HEAD","ProductLink.Identity","6","Level","20","TRUE",
"COA_RESULTS","TestNumber.Analysis","1","Analysis","20","TRUE",
"COA_RESULTS","Status","2","Status","20","TRUE",
"COA_RESULTS","ResultName","3","Component Name","20","TRUE",
"COA_RESULTS","RawResult","4","Result","20","TRUE",
"COA_RESULTS","Minimum","5","Units","20","TRUE",
"COA_RESULTS","Maximum","6","Maximum","20","TRUE",
"COLUMN_SET_ENTRY","FieldType","1","Field Type","20","TRUE",
"COLUMN_SET_ENTRY","FieldName","2","Field Name","20","TRUE",
"COLUMN_SET_HEADER_L","Identity","1","Identity","20","TRUE",
"COLUMN_SET_HEADER_L","ColumnSetHeaderName","2","Name","20","TRUE",
"COLUMN_SET_HEADER_L","Description","3","Description","40","TRUE",
"COLUMN_SET_HEADER_L","GroupId","4","Group","20","TRUE",
"COMPONENT_LIST_ENTRY","VersionedCLHeader.CompList","1","Component List","20","FALSE",
"COMPONENT_LIST_ENTRY","VersionedCLHeader.Description","2","Description","20","FALSE",
"COMPONENT_LIST_ENTRY","VersionedCLEntryName","3","Name","20","TRUE",
"COMPONENT_LIST_ENTRY","DefaultValue","4","Default Value","20","TRUE",
"COMPONENT_LIST_HEAD","CompList","1","Comp List","20","TRUE",
"COMPONENT_LIST_HEAD","Description","2","Description","20","TRUE",
"CONFIG_HEADER_L","Identity","1","Identity","20","TRUE",
"CONFIG_HEADER_L","Category.PhraseText","2","Category","20","TRUE",
"CONFIG_HEADER_L","Description","3","Description","40","TRUE",
"CONFIG_HEADER_L","DataType.PhraseText","4","Data Type","20","TRUE",
"CONFIG_HEADER_L","Value","5","Value","20","TRUE",
"CONFIG_HEADER_L","UserModifiable","6","User Modifiable","20","TRUE",
"CONFIG_HEADER_P","DataType.PhraseText","2","Data Type","20","TRUE",
"CONFIG_HEADER_P","VGLLibrary.Identity","3","Prompt Library","20","TRUE",
"CONFIG_HEADER_P","Routine","4","Prompt Routine","20","TRUE",
"CONFIG_HEADER_P","Value","5","Value","20","TRUE",
"CONFIG_HEADER_P","UserModifiable","6","Operator Modifiable","20","TRUE",
"CONTACT","Identity","1","Identity","20","TRUE",
"CONTACT","ContactName","2","Name","20","TRUE",
"CONTACT","Description","3","Description","40","TRUE",
"CRITERIA_HEADER_L","Identity","1","Identity","20","TRUE",
"CRITERIA_HEADER_L","CriteriaHeaderName","2","Name","20","TRUE",
"CRITERIA_HEADER_L","Description","3","Description","40","TRUE",
"CRITERIA_HEADER_L","GroupId","4","Group","20","TRUE",
"CUSTOMER_L","Identity","1","Identity","20","TRUE",
"CUSTOMER_L","CustomerName","2","Name","20","TRUE",
"CUSTOMER_L","CompanyName","3","Company Name","20","TRUE",
"CUSTOMER_L","Description","4","Description","40","TRUE",
"CUSTOMER_L","PhoneNum","5","Phone Number","20","TRUE",
"CUSTOMER_L","Contact","6","Name of Contact","20","TRUE",
"CUSTOMER_L","GroupId","7","Group","20","TRUE",
"CUSTOMER_P","CompanyName","1","Customer Company Name","20","TRUE",
"CUSTOMER_P","PhoneNum","2","Phone Number","20","TRUE",
"CUSTOMER_P","Contact","3","Name of Contact","20","TRUE",
"CUSTOMER_P","Address1","4","Address 1","20","TRUE",
"CUSTOMER_P","Address2","5","Address 2","20","TRUE",
"CUSTOMER_P","Address3","6","Address 3","20","TRUE",
"CUSTOMER_P","Address4","7","Address 4","20","TRUE",
"CUSTOMER_P","Address5","8","Address 5","20","TRUE",
"CUSTOMER_P","Address6","9","Address 6","20","TRUE",
"DESTINATION_L","DestinationName","1","Name","20","TRUE",
"DESTINATION_L","Type.PhraseText","2","Destination Type","20","TRUE",
"DESTINATION_L","Description","3","Description","40","TRUE",
"DESTINATION_L","Report.Identity","4","Default Report","20","TRUE",
"DESTINATION_L","Routine","5","Default Routine","20","TRUE",
"DESTINATION_L","GroupId","6","Group","20","TRUE",
"DESTINATION_P","Type.PhraseText","1","Destination Type","20","TRUE",
"DESTINATION_P","Report.Identity","2","Default Report","20","TRUE",
"DESTINATION_P","Routine","3","Default Routine","20","TRUE",
"DESTINATION_P","SampleStatus","4","Sample Status","20","TRUE",
"DESTINATION_P","TestStatus","5","Test Status","20","TRUE",
"DESTINATION_P","ResultStatus","6","Result Status","20","TRUE",
"DISTRIBUTION","DestinationId.Identity","1","Destination","20","TRUE",
"DISTRIBUTION","DestinationId.DeviceType.PhraseText","2","Device Type","20","TRUE",
"DISTRIBUTION","DestinationId.Location","3","Location","20","TRUE",
"DISTRIBUTION_PERSONNEL","DestinationOperator","1","Destination Operator","20","TRUE",
"ENTITY_TEMPLATE_L","Identity","1","Identity","20","TRUE",
"ENTITY_TEMPLATE_L","EntityTemplateVersion","2","Version","20","TRUE",
"ENTITY_TEMPLATE_L","EntityTemplateName","3","Name","20","TRUE",
"ENTITY_TEMPLATE_L","TableName","4","Table Name","20","TRUE",
"ENTITY_TEMPLATE_L","Description","5","Description","40","TRUE",
"ENTITY_TEMPLATE_L","GroupId","6","Group","20","TRUE",
"ENTITY_TEMPLATE_P","TableName","1","Table Name","20","TRUE",
"ENTITY_TEMPLATE_PR_L","Title","1","Title","15","TRUE",
"ENTITY_TEMPLATE_PR_L","PropertyName","2","Property name","15","TRUE",
"ENTITY_TEMPLATE_PR_L","PromptType.PhraseText","3","Prompt type","12","TRUE",
"ENTITY_TEMPLATE_PR_L","DefaultType.PhraseText","4","Default type","15","TRUE",
"ENTITY_TEMPLATE_PR_L","DefaultValue","5","Default value","15","TRUE",
"ESIG_DATA","EsigDataId","1","Id","20","TRUE",
"ESIG_DATA","TableName","2","Table Name","20","TRUE",
"ESIG_DATA","RecordKey0","3","Record Key","20","TRUE",
"ESIG_EVENT_L","EsigEventId","1","Id","20","TRUE",
"ESIG_EVENT_L","Operator","2","Operator","20","TRUE",
"ESIG_EVENT_L","IpAddress","3","IP Address","20","TRUE",
"ESIG_EVENT_L","ClientName","4","Client Name","20","TRUE",
"ESIG_EVENT_L","ClientDate","5","Client Date","20","TRUE",
"ESIG_EVENT_L","ServerDate","6","Server Date","20","TRUE",
"ESIG_EVENT_L","ServerDateOffset","7","Server Date Offset","20","TRUE",
"ESIG_EVENT_L","Fullname","8","Full Name","20","TRUE",
"ESIG_EVENT_P","EsigEventId","1","ID","20","TRUE",
"ESIG_EVENT_P","Operator","2","Operator","20","TRUE",
"ESIG_EVENT_P","IpAddress","3","IP Address","20","TRUE",
"ESIG_EVENT_P","ClientName","4","Client Name","20","TRUE",
"ESIG_EVENT_P","ClientDate","5","Client Date","20","TRUE",
"ESIG_EVENT_P","ServerDate","6","Server Date","20","TRUE",
"ESIG_EVENT_P","ServerDateOffset","7","Server Date Offset","20","TRUE",
"ESIG_EVENT_P","Fullname","8","Full Name","20","TRUE",
"EXPLORER_AUX_FIELD_L","Type","1","Type","20","TRUE",
"EXPLORER_AUX_FIELD_L","FieldName","2","Field Name","20","TRUE",
"EXPLORER_AUX_FIELD_L","ExplorerAuxFieldsName","3","Name","20","TRUE",
"EXPLORER_AUX_FIELD_L","DefaultValue","4","Default Value","20","TRUE",
"EXPLORER_AUX_FIELD_L","Visible","5","Visible","20","TRUE",
"EXPLORER_AUX_L","Identity","1","Identity","20","TRUE",
"EXPLORER_AUX_L","TableName","2","Table Name","20","TRUE",
"EXPLORER_AUX_L","ExplorerAuxName","3","Name","20","TRUE",
"EXPLORER_AUX_L","Description","4","Description","40","TRUE",
"EXPLORER_AUX_L","GroupId","5","Group","20","TRUE",
"EXPLORER_AUX_P","Title","1","Title","20","TRUE",
"EXPLORER_AUX_P","ChangeStatus","2","Change to Status","20","TRUE",
"EXPLORER_AUX_P","FromStatus","3","From Status","20","TRUE",
"EXPLORER_AUX_P","ConfirmRequired","4","Confirm Required","20","TRUE",
"EXPLORER_AUX_P","UserLibrary.Identity","5","User Library","20","TRUE",
"EXPLORER_AUX_P","ValidationRoutine","6","Validation Routine","20","TRUE",
"EXPLORER_AUX_P","ActionRoutine","7","Action Routine","20","TRUE",
"EXPLORER_AUX_P","PostCommitRoutine","8","Post Commit Routine","20","TRUE",
"EXPLORER_CAB_FOLDR_L","ExplorerFolderName","1","Name","20","TRUE",
"EXPLORER_CAB_FOLDR_L","Description","2","Description","20","TRUE",
"EXPLORER_CAB_FOLDR_L","TableName","3","Table","20","TRUE",
"EXPLORER_CAB_FOLDR_L","ColumnMode","4","Column","20","TRUE",
"EXPLORER_CAB_P","Expand","1","Expand","20","TRUE",
"EXPLORER_CAB_P","ExplorerForm","2","Explorer Form","20","TRUE",
"EXPLORER_CAB_P","ExplorerFormTask","3","Explorer Form Task","20","TRUE",
"EXPLORER_CAB_P","Icon1","4","Icon 1","20","TRUE",
"EXPLORER_CAB_P","Icon2","5","Icon 2","20","TRUE",
"EXPLORER_CAB_P","PublicFolder","6","Public Folder","20","TRUE",
"EXPLORER_CAB_P","SortByName","7","Sort By Name","20","TRUE",
"EXPLORER_CAB_P","UserLibrary.Identity","8","User Library","20","TRUE",
"EXPLORER_CAB_ROLE_L","RoleId","1","Role","20","TRUE",
"EXPLORER_CAB_ROLE_L","RoleId.Description","2","Description","20","TRUE",
"EXPLORER_CABINET_L","Identity","1","Identity","20","TRUE",
"EXPLORER_CABINET_L","ExplorerCabinetName","2","Name","20","TRUE",
"EXPLORER_CABINET_L","Description","3","Description","40","TRUE",
"EXPLORER_CABINET_L","PublicFolder","4","Public Folder","20","TRUE",
"EXPLORER_CABINET_L","GroupId","5","Group","20","TRUE",
"GROUP_HEADER_L","Identity","1","Identity","20","TRUE",
"GROUP_HEADER_L","GroupHeaderName","2","Name","20","TRUE",
"GROUP_HEADER_L","ParentGroup","3","Parent Group","20","TRUE",
"GROUP_HEADER_L","Description","4","Description","40","TRUE",
"GROUP_HEADER_L","OperatorId","5","Operator","20","TRUE",
"GROUP_HEADER_P","ParentGroup","1","Parent Group","20","TRUE",
"GROUPLINK","GroupId","1","Group","20","TRUE",
"GROUPLINK","Description","2","Description","40","TRUE",
"HAZARD_L","Identity","1","Identity","10","TRUE",
"HAZARD_L","Name","2","Name","20","TRUE",
"HAZARD_L","LabelText","3","Hazard label text","20","TRUE",
"HAZARD_L","Description","4","Brief description","40","TRUE",
"HAZARD_L","GroupId","5","Group","10","TRUE",
"HAZARD_L","Modifiable","6","Modifiable","10","TRUE",
"HAZARD_P","LabelText","1","Hazard label text","20","TRUE",
"HELP_CONTEXT_L","Identity","1","Identity","20","TRUE",
"HELP_CONTEXT_L","HelpContextName","2","Name","20","TRUE",
"HELP_CONTEXT_L","Keyword","3","Keyword","20","TRUE",
"HELP_CONTEXT_L","Title","4","Title","20","TRUE",
"HELP_CONTEXT_L","Mnemonic","5","Mnemonic","20","TRUE",
"HELP_CONTEXT_P","Keyword","1","Keyword","20","TRUE",
"HELP_CONTEXT_P","Title","2","Title","20","TRUE",
"HELP_CONTEXT_P","Mnemonic","3","Mnemonic","20","TRUE",
"INCIDENT_CHECKLIST_ACTION","ActionType.PhraseText","1","Action Type","20","TRUE",
"INCIDENT_CHECKLIST_ACTION","ActionTaken","2","Action Taken","20","TRUE",
"INCIDENT_CHECKLIST_L","ChecklistId","1","Identity","20","TRUE",
"INCIDENT_CHECKLIST_L","IncidentChecklistName","2","Name","20","TRUE",
"INCIDENT_CHECKLIST_L","Description","3","Description","40","TRUE",
"INCIDENT_CHECKLIST_L","GroupId","4","Group","20","TRUE",
"INCIDENT_P","IncidentId","1","Incident Id","20","TRUE",
"INCIDENT_P","Description","2","Description","20","TRUE",
"INCIDENT_P","SubjectField","3","Subject Field","20","TRUE",
"INCIDENT_P","SubjectTable","4","Subject Table","20","TRUE",
"INCIDENT_P","Status","5","Status","20","TRUE",
"INCIDENT_P","IncidentDate","6","Incident Date","20","TRUE",
"INCIDENT_P","ReportedBy","7","Reported By","20","TRUE",
"INCIDENT_P","WorkflowNode","8","Workflow Node","20","TRUE",
"INCIDENT_P","EntityTemplate","9","Entity Template","20","TRUE",
"INCIDENT_PARAM_CHECKLIST","ParameterName","1","Parameter Name","20","TRUE",
"INCIDENT_PARAM_CHECKLIST","ParameterType","2","Parameter Type","20","TRUE",
"INCIDENT_PARAM_CHECKLIST","ParameterValue","3","Parameter Value","20","TRUE",
"INCIDENT_PARAM_CHECKLIST","EnteredBy","4","Entered By","20","TRUE",
"INCIDENT_PARAM_CHECKLIST","EnteredOn","5","Entered On","20","TRUE",
"INCIDENT_TEMPLATE_P","IncidentSyntax","1","Incident Syntax","20","TRUE",
"INCIDENT_TEMPLATE_P","SubjectTable","2","Subject Table","20","TRUE",
"INCIDENT_TEMPLATE_P","InitialStatus.PhraseText","3","Initial Status","20","TRUE",
"INCIDENTS_L","IncidentId","1","Incident Id","20","TRUE",
"INCIDENTS_L","SubjectTable","2","Subject Table","20","TRUE",
"INCIDENTS_L","SubjectField","3","Subject Field","20","TRUE",
"INCIDENTS_L","Status","4","Status","20","TRUE",
"INCIDENTS_L","ReportedBy","5","Reported By","20","TRUE",
"INCIDENTS_L","IncidentDate","6","Incident Date","20","TRUE",
"INFOMAKER_LINK_L","Identity","1","Identity","20","TRUE",
"INFOMAKER_LINK_L","InfomakerLinkName","2","Name","20","TRUE",
"INFOMAKER_LINK_L","Description","3","Description","20","TRUE",
"INFOMAKER_LINK_L","VGLLibrary","4","Infomaker Library","20","TRUE",
"INFOMAKER_LINK_L","Report","5","Infomaker Report","20","TRUE",
"INFOMAKER_LINK_L","GroupId","6","Group","20","TRUE",
"INFOMAKER_LINK_P","Report","1","Infomaker Report","20","TRUE",
"INFOMAKER_LINK_P","VGLLibrary","2","Infomaker Library","20","TRUE",
"INFOMAKER_LINK_P","UserLibrary.Identity","3","VGL Library","20","TRUE",
"INFOMAKER_LINK_P","ValidRoutine","4","Validation Routine","20","TRUE",
"INFOMAKER_LINK_P","Preview","5","Print Preview","20","TRUE",
"INFOMAKER_LINK_P","Copies","6","Copies","20","TRUE",
"INFOMAKER_PARAMETERS","Identity","1","Identity","10","TRUE",
"INFOMAKER_PARAMETERS","Type.PhraseId","2","Type","10","TRUE",
"INFOMAKER_PARAMETERS","Prompt1","3","Param 1","20","TRUE",
"INFOMAKER_PARAMETERS","Prompt2","4","Param 2","20","TRUE",
"INFOMAKER_PARAMETERS","Mandatory","5","Mandatory","10","TRUE",
"INSPECTION_HEADER_L","Identity","1","Identity","20","TRUE",
"INSPECTION_HEADER_L","InspectionHeaderName","2","Name","20","TRUE",
"INSPECTION_HEADER_L","Description","3","Description","40","TRUE",
"INSPECTION_HEADER_L","InspectionType.PhraseText","4","Inspection Type","20","TRUE",
"INSPECTION_HEADER_L","GroupId","5","Group","20","TRUE",
"INSPECTION_HEADER_P","InspectionType.PhraseText","1","Inspection Type","20","TRUE",
"INSPECTION_RECORD","InspectionUserType.PhraseText","1","User Type","20","TRUE",
"INSPECTION_RECORD","PersonnelId","2","Operator","20","TRUE",
"INSPECTION_RECORD","RoleId","3","Role","20","TRUE",
"INSPECTION_RECORD","IdentityColumn","4","Identity Column","20","TRUE",
"INSPECTION_RECORD","InspectionText","5","Inspection Text","20","TRUE",
"INSPECTOR","ApprovalUser","1","User","20","TRUE",
"INSPECTOR","ApprovalDate","2","Approval Date","20","TRUE",
"INSPECTOR","InspectionText","3","Comments","20","TRUE",
"INSTRUMENT_CALIB","Identity","1","Identity","20","TRUE",
"INSTRUMENT_CALIB","Description","2","Description","20","TRUE",
"INSTRUMENT_CALIB","LocationId","3","Location","20","TRUE",
"INSTRUMENT_CALIB","OperatorId","4","Operator","20","TRUE",
"INSTRUMENT_CALIB","NextCalibDate","5","Calibration Date","20","TRUE",
"INSTRUMENT_EVENT","Identity","1","Event","20","TRUE",
"INSTRUMENT_EVENT","EnteredBy","2","Entered By","20","TRUE",
"INSTRUMENT_EVENT","EnteredOn","3","Entered On","20","TRUE",
"INSTRUMENT_EVENT","EventType.PhraseText","4","Type","20","TRUE",
"INSTRUMENT_EVENT","Comments","5","Comments","40","TRUE",
"INSTRUMENT_L","InstrumentName","1","Name","20","TRUE",
"INSTRUMENT_L","InsttypeId","2","Instrument Type","20","TRUE",
"INSTRUMENT_L","Description","3","Description","40","TRUE",
"INSTRUMENT_L","LocationId","4","Location","20","TRUE",
"INSTRUMENT_L","OperatorId","5","Operator","20","TRUE",
"INSTRUMENT_L","Status","6","Status","10","TRUE",
"INSTRUMENT_L","GroupId","7","Group","20","TRUE",
"INSTRUMENT_P","InsttypeId","1","Instrument Type","20","TRUE",
"INSTRUMENT_P","LocationId","2","Location","20","TRUE",
"INSTRUMENT_P","OperatorId","3","Operator","20","TRUE",
"INSTRUMENT_P","Status","4","Status","20","TRUE",
"INSTRUMENT_P","SerialNo","5","Serial Number","20","TRUE",
"INSTRUMENT_P","UseMaintenance","6","Use Maintenance","20","TRUE",
"INSTRUMENT_P","ServiceDate","7","Service Date","20","TRUE",
"INSTRUMENT_P","CalibDate","8","Calibration Date","20","TRUE",
"INSTRUMENT_PART_EVENT","Identity","1","Event","20","TRUE",
"INSTRUMENT_PART_EVENT","EnteredBy","2","Entered By","20","TRUE",
"INSTRUMENT_PART_EVENT","EnteredOn","3","Entered On","20","TRUE",
"INSTRUMENT_PART_EVENT","EventType.PhraseText","4","Event Type","20","TRUE",
"INSTRUMENT_PART_EVENT","Comments","5","Comments","40","TRUE",
"INSTRUMENT_PART_L","Identity","1","Identity","20","TRUE",
"INSTRUMENT_PART_L","InstrumentPartName","2","Name","20","TRUE",
"INSTRUMENT_PART_L","Description","3","Description","40","TRUE",
"INSTRUMENT_PART_L","LocationId","4","Location","30","TRUE",
"INSTRUMENT_PART_L","Status.PhraseText","5","Status","20","TRUE",
"INSTRUMENT_PART_LINK","InstrumentPart.InstrumentPartName","1","Part","20","TRUE",
"INSTRUMENT_PART_LINK","InstrumentPartTemplate.InstrumentPartTemplateName","2","Part Type","20","TRUE",
"INSTRUMENT_PART_LINK","Mandatory","3","Mandatory","20","TRUE",
"INSTRUMENT_PART_LINK_TEMPLATE","InstrumentPartTemplate","1","Instrument Part Template","20","TRUE",
"INSTRUMENT_PART_LINK_TEMPLATE","Mandatory","2","Mandatory","20","TRUE",
"INSTRUMENT_PART_P","LocationId","1","Location","20","TRUE",
"INSTRUMENT_PART_P","OperatorId","2","Operator","20","TRUE",
"INSTRUMENT_PART_P","Status.PhraseText","3","Status","20","TRUE",
"INSTRUMENT_PART_P","SerialNo","4","Serial No","20","TRUE",
"INSTRUMENT_PART_P","UseMaintenance","5","Use Maintenance","20","TRUE",
"INSTRUMENT_PART_P","NextServiceDate","6","Next Service Date","20","TRUE",
"INSTRUMENT_PART_P","NextCalibDate","7","Next Calib Date","20","TRUE",
"INSTRUMENT_PART_TEMPLATE_L","Identity","1","Identity","20","TRUE",
"INSTRUMENT_PART_TEMPLATE_L","InstrumentPartTemplateName","2","Name","20","TRUE",
"INSTRUMENT_PART_TEMPLATE_L","Description","3","Description","40","TRUE",
"INSTRUMENT_PART_TEMPLATE_L","RequiresCalibration","4","Requires Calibration","20","TRUE",
"INSTRUMENT_PART_TEMPLATE_L","RequiresServicing","5","Requires Servicing","20","TRUE",
"INSTRUMENT_PART_TEMPLATE_L","OperatorId","6","Operator","20","TRUE",
"INSTRUMENT_PART_TEMPLATE_P","OperatorId","1","Operator","20","TRUE",
"INSTRUMENT_PART_TEMPLATE_P","Manufacturer","2","Manufacturer","20","TRUE",
"INSTRUMENT_PART_TEMPLATE_P","Instructions","3","Instructions","20","TRUE",
"INSTRUMENT_PART_TEMPLATE_P","UseMaintenance","4","Use Maintenance","20","TRUE",
"INSTRUMENT_PART_TEMPLATE_P","RequiresCalibration","5","Requires Calibration","20","TRUE",
"INSTRUMENT_PART_TEMPLATE_P","CalibLeadTime","6","Calibration Lead Time","20","TRUE",
"INSTRUMENT_PART_TEMPLATE_P","CalibrationPlan","7","Calibration Plan","20","TRUE",
"INSTRUMENT_PART_TEMPLATE_P","RequiresServicing","8","Requires Servicing","20","TRUE",
"INSTRUMENT_PART_TEMPLATE_P","ServiceLeadTime","9","Service Lead Time","20","TRUE",
"INSTRUMENT_PART_TEMPLATE_P","ServiceInterval","10","Service Interval","20","TRUE",
"INSTRUMENT_PART_TEMPLATE_P","ServiceContractor","11","Service Contractor","20","TRUE",
"INSTRUMENT_PROPERTY","Identity","1","Identity","20","TRUE",
"INSTRUMENT_PROPERTY","PropertyType.PhraseText","2","Property Type","20","TRUE",
"INSTRUMENT_PROPERTY","Value","3","Value","20","TRUE",
"INSTRUMENT_PROPERTY","Units","4","Units","20","TRUE",
"INSTRUMENT_PROPERTY_TEMPLATE","Identity","1","Property","20","TRUE",
"INSTRUMENT_PROPERTY_TEMPLATE","PropertyType.PhraseText","2","Type","35","TRUE",
"INSTRUMENT_PROPERTY_TEMPLATE","Value","3","Value","20","TRUE",
"INSTRUMENT_PROPERTY_TEMPLATE","Units","4","Units","20","TRUE",
"INSTRUMENT_SERVICE","Identity","1","Identity","20","TRUE",
"INSTRUMENT_SERVICE","Description","2","Description","20","TRUE",
"INSTRUMENT_SERVICE","LocationId","3","Location","20","TRUE",
"INSTRUMENT_SERVICE","OperatorId","4","Operator","20","TRUE",
"INSTRUMENT_SERVICE","ServiceDate","5","Service Date","20","TRUE",
"INSTRUMENT_TEMPLATE_L","Identity","1","Identity","20","TRUE",
"INSTRUMENT_TEMPLATE_L","InstrumentTemplateName","2","Name","20","TRUE",
"INSTRUMENT_TEMPLATE_L","Description","3","Description","40","TRUE",
"INSTRUMENT_TEMPLATE_L","RequiresCalibration","4","Requires Calibration","20","TRUE",
"INSTRUMENT_TEMPLATE_L","RequiresServicing","5","Requires Servicing","20","TRUE",
"INSTRUMENT_TEMPLATE_L","OperatorId","6","Operator","20","TRUE",
"INSTRUMENT_TEMPLATE_P","OperatorId","1","Operator","20","TRUE",
"INSTRUMENT_TEMPLATE_P","Manufacturer","2","Manufacturer","20","TRUE",
"INSTRUMENT_TEMPLATE_P","Instructions","3","Instructions","20","TRUE",
"INSTRUMENT_TEMPLATE_P","UseMaintenance","4","Use Maintenance","20","TRUE",
"INSTRUMENT_TEMPLATE_P","RequiresCalibration","5","Requires Calibration","20","TRUE",
"INSTRUMENT_TEMPLATE_P","CalibLeadTime","6","Calibration Lead Time","20","TRUE",
"INSTRUMENT_TEMPLATE_P","CalibrationPlan","7","Calibration Plan","20","TRUE",
"INSTRUMENT_TEMPLATE_P","RequiresServicing","8","Requires Servicing","20","TRUE",
"INSTRUMENT_TEMPLATE_P","ServiceLeadTime","9","Service Lead Time","20","TRUE",
"INSTRUMENT_TEMPLATE_P","ServiceIntv","10","Service Interval","20","TRUE",
"INSTRUMENT_TEMPLATE_P","ServiceContractor","11","Service Contractor","20","TRUE",
"INSTRUMENT_TEST_SUB","Sample.IdNumeric","1","Sample Number","20","TRUE",
"INSTRUMENT_TEST_SUB","Sample.IdText","2","Sample Name","20","TRUE",
"INSTRUMENT_TEST_SUB","Analysis","3","Analysis","20","TRUE",
"INSTRUMENT_TEST_SUB","Status","4","Test Status","20","TRUE",
"INSTRUMENT_TRAINING","TrainingCourse.TrainingCourseName","1","Training Course","20","TRUE",
"INSTRUMENT_TRAINING","MinimumCompetence.PhraseText","2","Minimum Competence","20","TRUE",
"INTERFACE_DEFINITION_LIST","Type","1","Type","20","TRUE",
"INTERFACE_DEFINITION_LIST","DisplayTableName","2","Display Table Name","20","TRUE",
"INTERFACE_DEFINITION_LIST","HeaderMessage","3","Header Message","20","TRUE",
"INTERFACE_DEFINITION_LIST","FileDirectory","4","File Directory","20","TRUE",
"INTERFACE_DEFINITION_LIST","FileExtension","5","File Extension","20","TRUE",
"INTERFACE_DEFINITION_LIST","InputMessage","6","Input Message","20","TRUE",
"INTERFACE_DEFINITION_LIST","DefaultValue","7","Default Value","20","TRUE",
"INTERFACE_DEFINITION_LIST","HelpContext","8","Help Context","20","TRUE",
"INTERFACE_DEFINITION_LIST","ReportName","9","Report Name","20","TRUE",
"INTERFACE_DEFINITION_LIST","IdentityMessage","10","Identity Message","20","TRUE",
"INTERFACE_DEFINITION_LIST","Identity2Message","11","Identity2 Message","20","TRUE",
"INTERFACE_DEFINITION_LIST","Identity3Message","12","Identity3 Message","20","TRUE",
"INTERFACE_DEFINITION_LIST","Identity4Message","13","Identity4 Message","20","TRUE",
"INTERFACE_DEFINITION_LIST","ModifyOnMessage","14","Modify On Message","20","TRUE",
"INTERFACE_DEFINITION_LIST","ModifyByMessage","15","Modify By Message","20","TRUE",
"INTERFACE_DEFINITION_LIST","ReadMessage","16","Read Message","20","TRUE",
"INTERFACE_DEFINITION_LIST","WriteMessage","17","Write Message","20","TRUE",
"INTERFACE_DEFINITION_LIST","ApprovalMessage","18","Approval Message","20","TRUE",
"INTERFACE_DEFINITION_LIST","ListPreInsert","19","List Pre Insert","20","TRUE",
"INTERFACE_DEFINITION_LIST","ListPostInsert","20","List Post Insert","20","TRUE",
"INTERFACE_DEFINITION_LIST","ListSelect","21","List Select","20","TRUE",
"INTERFACE_DEFINITION_LIST","ListValidation","22","List Validation","20","TRUE",
"INTERFACE_DEFINITION_LIST","ListToolbar","23","List Select","20","TRUE",
"INTERFACE_DEFINITION_PRINT","Type","1","Type","20","TRUE",
"INTERFACE_DEFINITION_PRINT","DisplayTableName","2","Display Table Name","20","TRUE",
"INTERFACE_DEFINITION_PRINT","HeaderMessage","3","Header Message","20","TRUE",
"INTERFACE_DEFINITION_PRINT","FileDirectory","4","File Directory","20","TRUE",
"INTERFACE_DEFINITION_PRINT","FileExtension","5","File Extension","20","TRUE",
"INTERFACE_DEFINITION_PRINT","InputMessage","6","Input Message","20","TRUE",
"INTERFACE_DEFINITION_PRINT","DefaultValue","7","Default Value","20","TRUE",
"INTERFACE_DEFINITION_PRINT","HelpContext","8","Help Context","20","TRUE",
"INTERFACE_DEFINITION_PRINT","ReportName","9","Report Name","20","TRUE",
"INTERFACE_DEFINITION_PRINT","IdentityMessage","10","Identity Message","20","TRUE",
"INTERFACE_DEFINITION_PRINT","Identity2Message","11","Identity2 Message","20","TRUE",
"INTERFACE_DEFINITION_PRINT","Identity3Message","12","Identity3 Message","20","TRUE",
"INTERFACE_DEFINITION_PRINT","Identity4Message","13","Identity4 Message","20","TRUE",
"INTERFACE_DEFINITION_PRINT","ModifyOnMessage","14","Modify On Message","20","TRUE",
"INTERFACE_DEFINITION_PRINT","ModifyByMessage","15","Modify By Message","20","TRUE",
"INTERFACE_DEFINITION_PRINT","ReadMessage","16","Read Message","20","TRUE",
"INTERFACE_DEFINITION_PRINT","WriteMessage","17","Write Message","20","TRUE",
"INTERFACE_DEFINITION_PRINT","ApprovalMessage","18","Approval Message","20","TRUE",
"INTERFACE_DEFINITION_PRINT","ListPreInsert","19","List Pre Insert","20","TRUE",
"INTERFACE_DEFINITION_PRINT","ListPostInsert","20","List Post Insert","20","TRUE",
"INTERFACE_DEFINITION_PRINT","ListSelect","21","List Select","20","TRUE",
"INTERFACE_DEFINITION_PRINT","ListValidation","22","List Validation","20","TRUE",
"INTERFACE_DEFINITION_PRINT","ListToolbar","23","List Select","20","TRUE",
"JOB_HEADER","JobName","1","Job Name","20","TRUE",
"JOB_HEADER","BrowseDescription","2","Description","20","TRUE",
"JOB_HEADER","DateCreated","3","Date Started","20","TRUE",
"JOB_HEADER","DateCompleted","4","Date Completed","20","TRUE",
"JOB_HEADER","JobStatus","5","Status","20","TRUE",
"JOB_L","JobName","1","Job Name","20","TRUE",
"JOB_L","BrowseDescription","2","Browse Description","20","TRUE",
"JOB_L","JobStatus","3","Job Status","20","TRUE",
"JOB_L","DateCreated","4","Date Created","20","TRUE",
"JOB_L","DateCompleted","5","Date Completed","20","TRUE",
"JOB_SAMPLES_L","IdNumeric","1","Sample Number","20","TRUE",
"JOB_SAMPLES_L","IdText","2","Sample Name","20","TRUE",
"JOB_SAMPLES_L","Status","3","Status","20","TRUE",
"JOB_SAMPLES_P","JobName","1","Job Name","20","TRUE",
"JOB_SAMPLES_P","JobStatus","2","Job Status","20","TRUE",
"JOB_TEMPLATE_L","Identity","1","Identity","20","TRUE",
"JOB_TEMPLATE_L","SampleTemplateId","2","Sample Template","20","TRUE",
"JOB_TEMPLATE_L","BrowseDescription","3","Description","40","TRUE",
"JOB_TEMPLATE_L","CreationTitle","4","Creation Title","20","TRUE",
"JOB_TEMPLATE_P","CreationTitle","1","Creation Title","20","TRUE",
"JOB_TEMPLATE_P","IsEnvironmental","2","Is Environmental","20","TRUE",
"JOB_TEMPLATE_P","JobSyntaxId","3","Job Syntax","20","TRUE",
"JOB_TEMPLATE_P","SampleRepeatCount","4","Sample Repeat Count","20","TRUE",
"JOB_TEMPLATE_P","SampleSyntaxId","5","Sample Syntax","20","TRUE",
"JOB_TEMPLATE_P","SampleTemplateId","6","Sample Template","20","TRUE",
"JOB_TESTDURATION_P","JobName","1","Name","20","TRUE",
"JOB_TESTDURATION_P","BrowseDescription","2","Description","20","TRUE",
"LABEL_TEMPLATE_L","Identity","1","Identity","20","TRUE",
"LABEL_TEMPLATE_L","LabelTemplateName","2","Name","20","TRUE",
"LABEL_TEMPLATE_L","DataEntityDefinition","3","Data Entity Definition","20","TRUE",
"LABEL_TEMPLATE_L","Description","4","Description","40","TRUE",
"LABEL_TEMPLATE_L","GroupId","5","Group","20","TRUE",
"LABEL_TEMPLATE_P","DataEntityDefinition","1","Data Entity Definition","20","TRUE",
"LANGUAGE_L","Identity","1","Identity","20","TRUE",
"LANGUAGE_L","LanguageName","2","Name","20","TRUE",
"LANGUAGE_L","Locale","3","Locale","20","TRUE",
"LANGUAGE_L","Description","4","Description","40","TRUE",
"LANGUAGE_L","GroupId","5","Group","20","TRUE",
"LANGUAGE_P","Locale","1","Locale","20","TRUE",
"LIMIT_CALCULATION_L","Identity","1","Identity","20","TRUE",
"LIMIT_CALCULATION_L","Description","2","Description","40","TRUE",
"LIMIT_PHRASE_ENTRY","ResultValue","1","Result Value","20","TRUE",
"LIMIT_PHRASE_ENTRY","Comparison.PhraseText","2","Comparison","20","TRUE",
"LIMIT_PHRASE_L","Identity","1","Identity","20","TRUE",
"LIMIT_PHRASE_L","LimitPhraseHeaderName","2","Name","20","TRUE",
"LIMIT_PHRASE_L","Description","3","Description","40","TRUE",
"LIMIT_PHRASE_L","PhraseLink","4","Phrase Link","20","TRUE",
"LIMIT_PHRASE_L","GroupId","5","Group","20","TRUE",
"LIMIT_PHRASE_P","DefaultComparison.PhraseText","1","Default Comparison","20","TRUE",
"LIMIT_PHRASE_P","PhraseLink","2","Phrase Link","20","TRUE",
"LIST_RESULT_FORMAT_L","ListResultFormatName","1","Name","20","TRUE",
"LIST_RESULT_FORMAT_L","Description","2","Description","40","TRUE",
"LIST_RESULT_FORMAT_L","VGLLibrary.Identity","3","Replicate Library","20","TRUE",
"LIST_RESULT_FORMAT_L","CallbackRoutine","4","Replicate Routine","20","TRUE",
"LIST_RESULT_FORMAT_L","GroupId","5","Group","20","TRUE",
"LIST_RESULT_FORMAT_P","FormTitle","1","Form Title","20","TRUE",
"LIST_RESULT_FORMAT_P","ReplicateTitle","2","Replicate Column Title","20","TRUE",
"LIST_RESULT_FORMAT_P","ValueTitle","3","Value Column Title","20","TRUE",
"LIST_RESULT_FORMAT_P","MaxReplicates","4","Maximum Values","20","TRUE",
"LIST_RESULT_FORMAT_P","VGLLibrary.Identity","5","Replicate Library","20","TRUE",
"LIST_RESULT_FORMAT_P","CallbackRoutine","6","Replicate Routine","20","TRUE",
"LOCATION_L","LocationName","1","Name","20","TRUE",
"LOCATION_L","GroupId","2","Group","20","TRUE",
"LOCATION_L","Description","3","Description","40","TRUE",
"LOCATION_L","Assignable","4","Assignable","15","TRUE",
"LOCATION_L","LocationType","5","Location Type","20","TRUE",
"LOCATION_P","Assignable","1","Assignable","20","TRUE",
"LOCATION_P","LocationType","2","Location Type","20","TRUE",
"LOCATION_P","ParentLocation","3","Parent Location","20","TRUE",
"LOCATION_TYPE_L","Identity","1","Identity","20","TRUE",
"LOCATION_TYPE_L","LocationTypeName","2","Name","20","TRUE",
"LOCATION_TYPE_L","Description","3","Description","40","TRUE",
"LOCATION_TYPE_L","AssignableDefault","4","Assignable Default","20","TRUE",
"LOCATION_TYPE_LIST","LocationType.Identity","1","Identity","20","TRUE",
"LOCATION_TYPE_LIST","LocationType.LocationTypeName","2","Location Type Name","20","TRUE",
"LOCATION_TYPE_LIST","LocationType.Description","3","Description","40","TRUE",
"LOCATION_TYPE_LIST","LocationType.AssignableDefault","4","Assignable Default","20","TRUE",
"LOCATION_TYPE_P","AssignableDefault","1","Assignable Default","20","TRUE",
"LOCATION_TYPE_P","DefaultIcon","2","Default Icon","20","TRUE",
"LOG_SCHED_HEADER_L","Identity","1","Identity","20","TRUE",
"LOG_SCHED_HEADER_L","LogSchedHeaderName","2","Name","20","TRUE",
"LOG_SCHED_HEADER_L","Description","3","Description","40","TRUE",
"LOG_SCHED_HEADER_L","JobTemplateId","4","Job template","20","TRUE",
"LOG_SCHED_HEADER_L","TemplateCount","5","Template Count","10","TRUE",
"LOG_SCHED_HEADER_P","JobTemplateId","1","Job template","20","TRUE",
"LOG_SCHED_HEADER_P","TemplateCount","2","Template Count","20","TRUE",
"LOG_SCHED_HEADER_P","ActivationTime","3","Activation Time","20","TRUE",
"LOG_SCHED_HEADER_P","RepeatInterval","4","Repeat Interval","20","TRUE",
"LOGIN_SCHED_ENTRY_L","Template","1","Template","20","TRUE",
"LOGIN_SCHED_ENTRY_L","Offset","2","Offset","20","TRUE",
"LOT_TEMPLATE_L","Identity","1","Identity","20","TRUE",
"LOT_TEMPLATE_L","LotTemplateName","2","Name","20","TRUE",
"LOT_TEMPLATE_L","GroupId","3","Group","20","TRUE",
"LOT_TEMPLATE_L","Description","4","Description","40","TRUE",
"LOT_TEMPLATE_L","Syntax","5","Syntax","20","TRUE",
"LOT_TEMPLATE_L","DefaultStatus.PhraseText","6","Default Status","20","TRUE",
"LOT_TEMPLATE_L","JobTemplate","7","Job Template","20","TRUE",
"LOT_TEMPLATE_P","Syntax","1","Syntax","20","TRUE",
"LOT_TEMPLATE_P","DefaultStatus.PhraseText","2","Default Status","20","TRUE",
"LOT_TEMPLATE_P","JobTemplate","3","Job Template","20","TRUE",
"MAIN_REQ_REPORT","MaintenanceName","1","Maintenance Name","20","TRUE",
"MAIN_REQ_REPORT","Description","2","Description","20","TRUE",
"MAIN_REQ_REPORT","RecordKey0","3","Instrument","20","TRUE",
"MAIN_REQ_REPORT","TableName","4","Instrument Type","20","TRUE",
"MAIN_REQ_REPORT","Status.PhraseText","5","Status","20","TRUE",
"MAIN_REQ_REPORT","LeadTime","6","Lead Time","20","TRUE",
"MAIN_REQ_REPORT","NextMaintenanceDate","7","Next Maintenance Date","20","TRUE",
"MAINTENANCE_L","MaintenanceName","1","Name","20","TRUE",
"MAINTENANCE_L","Description","2","Description","20","TRUE",
"MAINTENANCE_L","Type.PhraseText","3","Type","20","TRUE",
"MAINTENANCE_L","Status.PhraseText","4","Status","20","TRUE",
"MAINTENANCE_L","NextMaintenanceDate","5","Next Maintenance Date","20","TRUE",
"MAINTENANCE_TEMP_L","MaintenanceName","1","Name","20","TRUE",
"MAINTENANCE_TEMP_L","Description","2","Description","20","TRUE",
"MAINTENANCE_TEMP_L","Type.PhraseText","3","Type","20","TRUE",
"MASTER_MENU_L","ProcedureNum","1","Procedure Num","20","TRUE",
"MASTER_MENU_L","ShortText","2","Short Text","20","TRUE",
"MASTER_MENU_L","Type.PhraseText","3","Type","20","TRUE",
"MASTER_MENU_L","TableName","4","Table Name","20","TRUE",
"MASTER_MENU_L","Mnemonic","5","Mnemonic","20","TRUE",
"MASTER_MENU_P","TableName","1","Table Name","20","TRUE",
"MASTER_MENU_P","ShortText","2","Short Text","20","TRUE",
"MASTER_MENU_P","Type.PhraseText","3","Type","20","TRUE",
"MASTER_MENU_P","ImplementationType.PhraseText","4","Implementation Type","20","TRUE",
"MASTER_MENU_P","ActionType.PhraseText","5","Action Type","20","TRUE",
"MASTER_MENU_P","DataType.PhraseText","6","Data Type","20","TRUE",
"MASTER_MENU_P","Category","7","Category","20","TRUE",
"MASTER_MENU_P","EsigLevel.PhraseText","8","Esig Level","20","TRUE",
"MASTER_MENU_P","EsigReason","9","Esig Reason","20","TRUE",
"MASTER_MENU_P","Mnemonic","10","Mnemonic","20","TRUE",
"MASTER_MENU_P","AuxReport","11","Aux Report","20","TRUE",
"MASTER_MENU_P","Parameters","12","Parameters","20","TRUE",
"MASTER_MENU_P","ParametersActions.PhraseText","13","Parameters Actions","20","TRUE",
"MASTER_MENU_P","VGLLibrary.Identity","14","VGL Library","20","TRUE",
"MASTER_MENU_P","Routine","15","Routine","20","TRUE",
"MASTER_MENU_P","WebEnabled","16","Web Enabled","20","TRUE",
"MASTER_MENU_P","WebOnly","17","Web Only","20","TRUE",
"MASTER_MENU_P","WebFunctionName","18","Web Function Name","20","TRUE",
"MASTER_MENU_P","TaskName","19","Task Name","20","TRUE",
"MASTER_MENU_P","TaskParameters","20","Task Parameters","20","TRUE",
"MASTER_MENU_P","WindowStyle","21","Window Style","20","TRUE",
"MLP_ANAL_L","AnalysisId","1","Analysis","20","TRUE",
"MLP_ANAL_L","SamplingInspLevel","2","Sampling Inspection Level","40","TRUE",
"MLP_ANAL_L","InspectionLevel","3","Inspection Level","20","TRUE",
"MLP_COMP_L","AnalysisName","1","Analysis","20","TRUE",
"MLP_COMP_L","ComponentName","2","Component Name","20","TRUE",
"MLP_COMP_L","ComponentType","3","Component Type","20","TRUE",
"MLP_COMP_L","Units","4","Units","20","TRUE",
"MLP_COMP_L","Places","5","Places","20","TRUE",
"MLP_COMP_L","TypicalText","6","TypicalText","20","TRUE",
"MLP_FAMILY","MlpId.Identity","1","Identity","20","TRUE",
"MLP_FAMILY","MlpId.Version","2","Version","20","TRUE",
"MLP_FAMILY","MlpId.VersionComment","3","Version Comment","20","TRUE",
"MLP_FAMILY_HEADER_L","FamilyName","1","Family","20","TRUE",
"MLP_FAMILY_HEADER_L","MlpFamilyHeaderName","2","Name","20","TRUE",
"MLP_FAMILY_HEADER_L","FamilyDescription","3","Description","40","TRUE",
"MLP_FAMILY_HEADER_L","GroupId","4","Group","20","TRUE",
"MLP_HEADER_L","Identity","1","Identity","20","TRUE",
"MLP_HEADER_L","ProductVersion","2","Version","20","TRUE",
"MLP_HEADER_L","MlpHeaderName","3","Name","20","TRUE",
"MLP_HEADER_L","Description","4","Description","40","TRUE",
"MLP_HEADER_L","VersionComment","5","Version Comment","20","TRUE",
"MLP_HEADER_L","GroupId","6","Group","20","TRUE",
"MLP_HEADER_LEVELS","MlpLevel.LevelId","1","Identity","20","TRUE",
"MLP_HEADER_LEVELS","MlpLevel.MlpLevelName","2","Name","20","TRUE",
"MLP_HEADER_LEVELS","MlpLevel.ResultAction.PhraseText","3","Result Action","20","TRUE",
"MLP_HEADER_P","Substance","1","Substance","20","TRUE",
"MLP_HEADER_P","ProductCode","2","Product Code","20","TRUE",
"MLP_HEADER_P","ProductGroup.PhraseText","3","Product Group","20","TRUE",
"MLP_HEADER_P","VersionComment","4","Version Comment","20","TRUE",
"MLP_HEADER_P","TestSchedule","5","Test Schedule","20","TRUE",
"MLP_HEADER_P","InspectionPlan","6","Inspection Plan","20","TRUE",
"MLP_HEADER_P","ProductStatus","7","Product Status","20","TRUE",
"MLP_LEVEL_L","LevelId","1","Identity","20","TRUE",
"MLP_LEVEL_L","MlpLevelName","2","Name","20","TRUE",
"MLP_LEVEL_L","Description","3","Description","40","TRUE",
"MLP_LEVEL_L","GroupId","4","Group","20","TRUE",
"MLP_LEVEL_P","DisplayMessage","1","Display Message","20","TRUE",
"MLP_LEVEL_P","Incident","2","Incident","20","TRUE",
"MLP_LEVEL_P","IncidentTemplate","3","Incident Template","20","TRUE",
"MLP_LEVEL_P","LevelType.PhraseText","4","Level Type","20","TRUE",
"MLP_LEVEL_P","AqlLevel","5","Aql Level","20","TRUE",
"MLP_LEVEL_P","MessageAction","6","Message Action","20","TRUE",
"MLP_LEVEL_P","ReportAction.PhraseText","7","Report Action","20","TRUE",
"MLP_LEVEL_P","ReportName.Identity","8","VGL Library","20","TRUE",
"MLP_LEVEL_P","RoutineName","9","VGL Routine","20","TRUE",
"MLP_LEVELS","LevelId","1","Identity","20","TRUE",
"MLP_LEVELS","MlpLevelName","2","Name","20","TRUE",
"MLP_LEVELS","ResultAction.PhraseText","3","Result Action","20","TRUE",
"MLP_SCHED_L","MlpId","1","Identity","20","TRUE",
"MLP_SCHED_L","MlpVersion","2","Version","20","TRUE",
"MLP_VALUES_L","LevelId","1","Level","20","TRUE",
"MLP_VALUES_L","MinLimit","2","Minimum","20","TRUE",
"MLP_VALUES_L","MaxLimit","3","Maximum","20","TRUE",
"MLP_VALUES_L","Calculation","4","Calculation","20","TRUE",
"MLP_VALUES_L","TextPhrase","5","Phrase","20","TRUE",
"MODULAR_REPORT_ITEM","ReportTemplate","1","Report Template","20","TRUE",
"MODULAR_REPORT_P","EntityType","1","Entity Type","20","TRUE",
"MODULAR_REPORT_P","Criteria","2","Criteria","20","TRUE",
"MODULAR_REPORT_P","MasterTemplate","3","Master Template","20","TRUE",
"MODULAR_REPORT_P","UseMasterTemplateConfig","4","Use Master Config","20","TRUE",
"PERSONNEL_L","Identity","1","Identity","20","TRUE",
"PERSONNEL_L","PersonnelName","2","Name","20","TRUE",
"PERSONNEL_L","Description","3","Description","40","TRUE",
"PERSONNEL_L","DefaultGroup","4","Default Group","20","TRUE",
"PERSONNEL_L","LocationId","5","Location","20","TRUE",
"PERSONNEL_P","Authority.PhraseText","1","Authority","20","TRUE",
"PERSONNEL_P","CostCode","2","Cost Code","20","TRUE",
"PERSONNEL_P","DefaultGroup","3","Default Group","20","TRUE",
"PERSONNEL_P","Email","4","Email","20","TRUE",
"PERSONNEL_P","Language","5","Language","20","TRUE",
"PERSONNEL_P","LicenseType.PhraseText","6","License Type","20","TRUE",
"PERSONNEL_P","LocationId","7","Location","20","TRUE",
"PERSONNEL_TRAINING","TrainingCourse","1","Training Course","20","TRUE",
"PERSONNEL_TRAINING","Competence.PhraseText","2","Competence","20","TRUE",
"PERSONNEL_TRAINING","DateCompleted","3","Date Completed","20","TRUE",
"PERSONNEL_TRAINING","RetestDate","4","Retest Date","20","TRUE",
"PHRASE_HEADER_L","PhraseHeaderName","1","Name","20","TRUE",
"PHRASE_HEADER_L","Description","2","Description","40","TRUE",
"PHRASE_HEADER_L","GroupId","3","Group","20","TRUE",
"PHRASE_HEADER_L","Identity","4","Identity","20","TRUE",
"PHRASE_L","PhraseId","1","Identity","20","TRUE",
"PHRASE_L","PhraseText","2","Text","40","TRUE",
"PHRASE_L","Icon","3","Icon","20","TRUE",
"PREPARATION_L","Identity","1","Identity","20","TRUE",
"PREPARATION_L","PreparationName","2","Name","20","TRUE",
"PREPARATION_L","GroupId","3","Group","20","TRUE",
"PREPARATION_L","PrepType","4","Preparation type","20","TRUE",
"PREPARATION_L","ExpectedTime","5","Expected Duration","20","TRUE",
"PREPARATION_L","Description","6","Description","40","TRUE",
"PREPARATION_L","WaitPrep","7","Wait for Preparation","20","TRUE",
"PREPARATION_P","PrepType","1","Preparation Type","20","TRUE",
"PREPARATION_P","ExpectedTime","2","Expected Duration","20","TRUE",
"PREPARATION_P","WaitPrep","3","Wait for Preparation","20","TRUE",
"PREPARATION_P","CostCode","4","Cost Code","20","TRUE",
"PREPARATION_TRAINING","TrainingCourse.TrainingCourseName","1","Training Course","20","TRUE",
"PREPARATION_TRAINING","MinimumCompetence.PhraseText","2","Minimum Competence","20","TRUE",
"PRINTER_L","Identity","1","Identity","20","TRUE",
"PRINTER_L","PrinterName","2","Name","20","TRUE",
"PRINTER_L","Description","3","Description","40","TRUE",
"PRINTER_L","Location","4","Location","20","TRUE",
"PRINTER_L","GroupId","5","Group","20","TRUE",
"PRINTER_P","DeviceName","1","Device Name","20","TRUE",
"PRINTER_P","DeviceType.PhraseText","2","Device Type","20","TRUE",
"PRINTER_P","GraphicsType.PhraseText","3","Graphics Type","20","TRUE",
"PRINTER_P","Location","4","Location","20","TRUE",
"PRINTER_P","PrinterCodeType","5","Printer Code Type","20","TRUE",
"PRINTER_P","PrinterParameter","6","Printer Parameter","20","TRUE",
"PROJECT_INFO_L","ProjectId","1","Identity","20","TRUE",
"PROJECT_INFO_L","ProjectInfoName","2","Name","20","TRUE",
"PROJECT_INFO_L","Description","3","Description","40","TRUE",
"PROJECT_INFO_L","GroupId","4","Group","20","TRUE",
"PROJECT_INFO_L","ProjectSupervisor","5","Project Supervisor","20","TRUE",
"PROJECT_INFO_L","CustomerId","6","Customer Name","20","TRUE",
"PROJECT_INFO_P","ProjectSupervisor","1","Project Supervisor","20","TRUE",
"PROJECT_INFO_P","CustomerId","2","Customer Name","20","TRUE",
"PROJECT_INFO_P","CustomerContact","3","Customer Contact","20","TRUE",
"REPORT_L","Identity","1","Identity","20","TRUE",
"REPORT_L","ReportName","2","Name","20","TRUE",
"REPORT_L","Title","3","Report Title","40","TRUE",
"REPORT_L","GroupId","4","Group","20","TRUE",
"REPORT_P","Title","1","Report Title","20","TRUE",
"REPORT_TEMPLATE_L","Identity","1","Identity","20","TRUE",
"REPORT_TEMPLATE_L","Version","2","Version","20","TRUE",
"REPORT_TEMPLATE_L","DataEntityDefinition","3","Data Entity Definition","20","TRUE",
"REPORT_TEMPLATE_L","Description","4","Description","40","TRUE",
"REPORT_TEMPLATE_L","ApprovalStatus.PhraseText","5","Approval Status","20","TRUE",
"REPORT_TEMPLATE_L","GroupId","6","Group","20","TRUE",
"REPORT_TEMPLATE_P","DataEntityDefinition","1","Data Entity Definition","20","TRUE",
"REPORT_TEMPLATE_P","Criteria","2","Criteria","20","TRUE",
"REPORT_TEMPLATE_P","MasterTemplateLink","3","Master Template","20","TRUE",
"REPORT_TEMPLATE_P","UseMasterTemplateConfig","4","Use Master Config Item","20","TRUE",
"REPORT_TEMPLATE_P","Publish","5","Publish","20","TRUE",
"RESULT_LIST","TestNumber.Sample.IdText","1","Sample Name","30","FALSE",
"RESULT_LIST","TestNumber.SampleTestNumber","2","Sample Number/Rep","20","FALSE",
"RESULT_LIST","ResultName","3","Component","20","TRUE",
"RESULT_LIST","Text","4","Result","10","TRUE",
"RESULT_LIST","Units","5","Units","10","TRUE",
"ROLE_ASSIGNMENT","RoleId","1","Role","20","FALSE",
"ROLE_ASSIGNMENT","GroupId","2","Group","20","TRUE",
"ROLE_ENTRY_L","ProcedureNum","1","Master Menu Item","20","TRUE",
"ROLE_ENTRY_L","MasterMenu.Description","2","Description","60","TRUE",
"ROLE_ENTRY_L_MENU","RoleHeader","1","Role","20","TRUE",
"ROLE_ENTRY_L_MENU","RoleHeader.Description","2","Description","60","TRUE",
"ROLE_HEADER_L","Identity","1","Identity","20","TRUE",
"ROLE_HEADER_L","RoleHeaderName","2","Name","20","TRUE",
"ROLE_HEADER_L","Description","3","Description","40","TRUE",
"ROLE_HEADER_L","GroupId","4","Group","20","TRUE",
"RULE_COUNT_L","CounterId","1","Identity","20","TRUE",
"RULE_COUNT_L","UsageCount","2","Usage Count","20","TRUE",
"RULE_COUNT_L","FulltestCount","3","Full Test Count","20","TRUE",
"RULE_COUNT_L","FulltestDate","4","Ful Test Date","20","TRUE",
"RULE_COUNT_L","StartDate","5","Start Date","20","TRUE",
"RULE_L","Identity","1","Identity","20","TRUE",
"RULE_L","RuleName","2","Name","20","TRUE",
"RULE_L","Description","3","Description","40","TRUE",
"RULE_L","GroupId","4","Group","20","TRUE",
"RULE_P","ProbationNumber","1","Probation Number","20","TRUE",
"RULE_P","ProbationPeriod","2","Probation Period","20","TRUE",
"RULE_P","Frequency","3","Frequency","20","TRUE",
"RULE_P","Interval","4","Interval","20","TRUE",
"RULE_P","VglRoutine","5","VGL Routine","20","TRUE",
"RULE_P","VglLibrary","6","VGL Library","20","TRUE",
"SAMP_RES_LIST_L","TestNumber.Analysis.DisplayIdentityVersion","1","Analysis","20","TRUE",
"SAMP_RES_LIST_L","ResultName","2","Component Name","20","TRUE",
"SAMP_RES_LIST_L","ResultType","3","Type","20","TRUE",
"SAMP_RES_LIST_L","Text","4","Result","20","TRUE",
"SAMP_RES_LIST_L","Units","5","Units","20","TRUE",
"SAMP_RES_LIST_L","Status","6","Status","20","TRUE",
"SAMP_RES_LIST_P","IdNumeric","1","Id Numeric","20","TRUE",
"SAMP_RES_LIST_P","IdText","2","Sample","20","TRUE",
"SAMP_RES_LIST_P","Status","3","Status","20","TRUE",
"SAMP_TESTSCHED_L","Analysis","1","Analysis","20","FALSE",
"SAMP_TESTSCHED_L","Description","2","Description","20","FALSE",
"SAMP_TESTSCHED_L","Instrument","3","Instrument","20","FALSE",
"SAMP_TESTSCHED_L","TestNumber","4","TestNumber","20","FALSE",
"SAMP_TESTSCHED_L","TestCount","5","TestCount","20","TRUE",
"SAMP_TESTSCHED_L","Status","6","Status","20","TRUE",
"SAMP_TESTSCHED_L","Preparation","7","Preparation","20","TRUE",
"SAMP_TESTSCHED_L","Priority","8","Priority","20","TRUE",
"SAMP_TMPL_HEADER_L","Identity","1","Identity","20","TRUE",
"SAMP_TMPL_HEADER_L","LoginTitle","2","Login Title","20","TRUE",
"SAMP_TMPL_HEADER_L","SampleStatus","3","Sample Status","20","TRUE",
"SAMP_TMPL_HEADER_L","EditTests","4","Edit Tests","20","TRUE",
"SAMP_TMPL_HEADER_L","Description","5","Description","40","TRUE",
"SAMP_TMPL_HEADER_L","GroupId","6","Group","20","TRUE",
"SAMPLE_L_PREPARATION_STATE","IdNumeric","1","Id Numeric","20","TRUE",
"SAMPLE_L_PREPARATION_STATE","IdText","2","Sample Name","20","TRUE",
"SAMPLE_L_PREPARATION_STATE","Status.PhraseText","3","Status","20","TRUE",
"SAMPLE_POINT_L","Identity","1","Identity","20","TRUE",
"SAMPLE_POINT_L","SamplePointName","2","Name","20","TRUE",
"SAMPLE_POINT_L","GroupId","3","Group","20","TRUE",
"SAMPLE_POINT_L","PointLocation","4","Location","20","TRUE",
"SAMPLE_POINT_L","Description","5","Description","40","TRUE",
"SAMPLE_POINT_L","SampleType","6","Sample Type","20","TRUE",
"SAMPLE_POINT_P","PointLocation","1","Location","20","TRUE",
"SAMPLE_POINT_P","SampleType","2","Sample Type","20","TRUE",
"SAMPLE_PREP_WORKSHEET_P","Identity","1","Worksheet ID","20","TRUE",
"SAMPLE_PREP_WORKSHEET_P","Preparation.Identity","2","Preparation Identity","20","TRUE",
"SAMPLE_PREP_WORKSHEET_P","Preparation.Description","3","Preparation Description","20","TRUE",
"SAMPLE_PREP_WORKSHEET_P","Preparation.ExpectedTime","4","Expected Duration","20","TRUE",
"SAMPLE_PREP_WORKSHEET_P","AssignedOperator","5","Assigned Operator","20","TRUE",
"SAMPLE_RECEIPT","IdNumeric","1","Sample Numeric","20","TRUE",
"SAMPLE_RECEIPT","IdText","2","Sample Name","20","TRUE",
"SAMPLE_RECEIPT","LoginDate","3","Login Date","20","TRUE",
"SAMPLE_RECEIPT","RecdDate","4","Recieved Date","20","TRUE",
"SAMPLE_RECEIPT","DateStarted","5","Date Started","20","TRUE",
"SAMPLE_RECEIPT","Dateresreq","6","Date Results Required","20","TRUE",
"SAMPLE_RECEIPT","JobName","7","Job Name","20","TRUE",
"SAMPLE_RECEIPT","ProjectId","8","Project","20","TRUE",
"SAMPLE_RECEIPT","CustomerId","9","Customer","20","TRUE",
"SAMPLE_RECEIPT","InvoiceNumber","10","Invoice Number","20","TRUE",
"SAMPLE_RECEIPT","Product","11","Product","20","TRUE",
"SAMPLE_RECEIPT","SamplingPoint","12","Sampling Point","20","TRUE",
"SAMPLE_RECEIPT","SampleType","13","Sample Type","20","TRUE",
"SAMPLE_RECEIPT","Description","14","Description","20","TRUE",
"SAMPLE_RECEIPT","SampleName","15","Sample Name","20","TRUE",
"SAMPLE_RECEIPT","Hazard","16","Hazard","20","TRUE",
"SAMPLE_RECEIPT","LocationId","17","Location","20","TRUE",
"SAMPLE_RECEIPT","Priority","18","Priority","20","TRUE",
"SAMPLE_RECEIPT","Preparation","19","Preparation","20","TRUE",
"SAMPLE_SUBREPORT","IdNumeric","1","Sample Number","20","TRUE",
"SAMPLE_SUBREPORT","IdText","2","Sample Name","20","TRUE",
"SAMPLE_SUBREPORT","Status","3","Status","20","TRUE",
"SAMPLE_SUBREPORT","JobName","4","Job Name","20","TRUE",
"SAMPLE_TMPL_HEADER_P","SyntaxId","1","Syntax","20","TRUE",
"SAMPLE_TMPL_HEADER_P","EditTests","2","Edit Tests","20","TRUE",
"SAMPLE_TMPL_HEADER_P","TestAssignment","3","Test Assignment","20","TRUE",
"SAMPLE_TMPL_HEADER_P","ActionType.PhraseText","4","Action Type","20","TRUE",
"SAMPLE_TMPL_HEADER_P","LabelId","5","Label","20","TRUE",
"SAMPLE_TMPL_HEADER_P","LabelTemplate","6","Label Template","20","TRUE",
"SAMPLE_TMPL_HEADER_P","LabelPrinter","7","Label Printer","20","TRUE",
"SAMPLE_TMPL_HEADER_P","ReceiptAction","8","Receipt Action","20","TRUE",
"SAMPLE_TMPL_HEADER_P","ReceiptId","9","Receipt","20","TRUE",
"SAMPLE_TMPL_HEADER_P","ReceiptPrinter","10","Receipt Printer","20","TRUE",
"SAMPLE_TMPL_HEADER_P","SampleStatus","11","Sample Status","20","TRUE",
"SAMPLE_TMPL_HEADER_P","Supertemplate","12","Supertemplate","20","TRUE",
"SAMPLE_TMPL_HEADER_P","WshtAction","13","Worksheet Action","20","TRUE",
"SAMPLE_TMPL_HEADER_P","WshtId","14","Worksheet","20","TRUE",
"SAMPLE_TMPL_HEADER_P","WshtPrinter","15","Worksheet Printer","20","TRUE",
"SAMPLE_WORKSHEET_L","AnalysisTestCount","1","Analysis","20","FALSE",
"SAMPLE_WORKSHEET_L","RSampleWorksheetName","2","Component Name","20","TRUE",
"SAMPLE_WORKSHEET_L","ResultType","3","ResultType","20","TRUE",
"SAMPLE_WORKSHEET_L","Text","4","Text","20","TRUE",
"SAMPLE_WORKSHEET_L","Units","5","Units","20","TRUE",
"SAMPLE_WORKSHEET_P","IdText","1","Sample Name","20","TRUE",
"SAMPLE_WORKSHEET_P","DateGenerated","2","Date Generated","20","TRUE",
"SAMPLE_WORKSHEET_P","AssignedOperator","3","Assigned Operator","20","TRUE",
"SAMPLES_BY_POINT_P","SamplePointName","1","Sampling Point","20","TRUE",
"SAMPLES_BY_POINT_P","Description","2","Description","20","TRUE",
"SAMPLES_LOG_DATE_L","IdNumeric","1","Sample Number","20","TRUE",
"SAMPLES_LOG_DATE_L","Description","2","Description","20","TRUE",
"SAMPLES_LOG_DATE_L","Status","3","Status","20","TRUE",
"SAMPLES_LOG_DATE_L","LoginDate","4","Login Date","20","TRUE",
"SAMPLES_OVERDUE","IdNumeric","1","Sample Number","20","TRUE",
"SAMPLES_OVERDUE","IdText","2","Sample Name","20","TRUE",
"SAMPLES_OVERDUE","CustomerId","3","Customer","20","TRUE",
"SAMPLES_OVERDUE","LocationId","4","Current Location","20","TRUE",
"SAMPLES_OVERDUE","JobName","5","Job Name","20","TRUE",
"SAMPLES_OVERDUE","Dateresreq","6","Date Results Required","20","TRUE",
"SAMPLES_SUSPENDED","IdNumeric","1","Sample Number","20","TRUE",
"SAMPLES_SUSPENDED","IdText","2","Sample Name","20","TRUE",
"SAMPLES_SUSPENDED","JobName","3","Job Name","20","TRUE",
"SAMPLETEST_L","IdNumeric","1","Sample Number","20","TRUE",
"SAMPLETEST_L","IdText","2","Sample Name","20","TRUE",
"SAMPLETEST_L","Status","3","Status","20","TRUE",
"SAMPLETEST_L","RecdDate","4","Recieved Date","20","TRUE",
"SAMPLETEST_L","Analysis","5","Analysis","20","TRUE",
"SAMPLETEST_L","TestCount","6","Test Count","20","TRUE",
"SAMPLING_PROCEDURE_L","Identity","1","Identity","20","TRUE",
"SAMPLING_PROCEDURE_L","SamplingProcedureName","2","Name","20","TRUE",
"SAMPLING_PROCEDURE_L","Description","3","Description","40","TRUE",
"SAMPLING_PROCEDURE_L","VglLibrary.Identity","4","VGL Library","20","TRUE",
"SAMPLING_PROCEDURE_L","GroupId","5","Group","20","TRUE",
"SAMPLING_PROCEDURE_P","ProcedureRoutine","1","Procedure Routine","20","TRUE",
"SAMPLING_PROCEDURE_P","ReplicateRoutine","2","Replicate Routine","20","TRUE",
"SAMPLING_PROCEDURE_P","ReplicateNumber","3","Replicate Number","20","TRUE",
"SAMPLING_PROCEDURE_P","VglLibrary.Identity","4","VGL Library","20","TRUE",
"SAMPLING_PROCEDURE_P","PromptOnce","5","Prompt Once","20","TRUE",
"SAMPTESTRESULT_DUR_L","IdNumeric","1","IdText","20","TRUE",
"SAMPTESTRESULT_DUR_L","IdText","2","IdText","20","TRUE",
"SAMPTESTRESULT_DUR_L","Analysis","3","Analysis","20","TRUE",
"SAMPTESTRESULT_DUR_L","DateStarted","4","Date Started","20","TRUE",
"SAMPTESTRESULT_DUR_L","DateCompleted","5","Date Completed","20","TRUE",
"SAMPTESTRESULT_DUR_L","TestDuration","6","Test Duration","20","TRUE",
"SCHEDULE_CALENDAR_L","Identity","1","Identity","20","TRUE",
"SCHEDULE_CALENDAR_L","ScheduleCalendarName","2","Name","20","TRUE",
"SCHEDULE_CALENDAR_L","Description","3","Description","40","TRUE",
"SCHEDULE_CALENDAR_L","GroupId","4","Group","20","TRUE",
"SCHEDULE_CALENDAR_PE","StartDate","1","Start Date","20","TRUE",
"SCHEDULE_CALENDAR_PE","EndDate","2","End Date","20","TRUE",
"SCHEDULE_CALENDAR_PE","Description","3","Description","20","TRUE",
"SCHEDULE_GROUP_LIST","Location","1","Location","20","TRUE",
"SCHEDULE_GROUP_LIST","Identity","1","Identity","20","TRUE",
"SCHEDULE_GROUP_LIST","ForceScheduleControl","2","Force Schedule Control","20","TRUE",
"SCHEDULE_GROUP_LIST","StartDate","3","Start Date","20","TRUE",
"SCHEDULE_GROUP_LIST","EndDate","4","End Date","20","TRUE",
"SCHEDULE_GROUP_LIST","Active","5","Active","20","TRUE",
"SCHEDULE_GROUP_LIST","Calendar","6","Calendar","20","TRUE",
"SCHEDULE_GROUP_PRINT","Location","1","Location","20","TRUE",
"SCHEDULE_GROUP_PRINT","ForceScheduleControl","2","Force Schedule Control","20","TRUE",
"SCHEDULE_GROUP_PRINT","StartDate","3","Start Date","20","TRUE",
"SCHEDULE_GROUP_PRINT","EndDate","4","End Date","20","TRUE",
"SCHEDULE_GROUP_PRINT","Active","5","Active","20","TRUE",
"SCHEDULE_GROUP_PRINT","Calendar","6","Calendar","20","TRUE",
"SIG_FIGS_L","Identity","1","Identity","20","TRUE",
"SIG_FIGS_L","SigFigsName","2","Name","20","TRUE",
"SIG_FIGS_L","Description","3","Description","40","TRUE",
"SIG_FIGS_L","GroupId","4","Group","20","TRUE",
"SITE","SiteName","1","Site Name","20","TRUE",
"SITE","Identity","2","Identity","20","TRUE",
"SITE","Description","3","Description","20","TRUE",
"SITE_GROUPS","GroupHeaderName","1","Group Header Name","20","TRUE",
"SITE_GROUPS","Identity","2","Identity","20","TRUE",
"SITE_GROUPS","Description","3","Description","20","TRUE",
"SITE_REFERENCES","GroupId.GroupHeaderName","1","Group Id.Group Header Name","20","TRUE",
"SITE_REFERENCES","GroupId.Modifiable","2","Group Id.Modifiable","20","TRUE",
"SITE_REFERENCES","GroupId.Description","3","Group Id.Description","20","TRUE",
"STANDARD_L","Identity","1","Identity","20","TRUE",
"STANDARD_L","StandardName","2","Name","20","TRUE",
"STANDARD_L","Description","3","Description","40","TRUE",
"STANDARD_L","StandardType.PhraseText","4","Standard type","20","TRUE",
"STANDARD_L","Substance","5","Substance","20","TRUE",
"STANDARD_L","ExpiryType.PhraseText","6","Expiration","20","TRUE",
"STANDARD_L","GroupId","7","Group","20","TRUE",
"STANDARD_P","StandardName","1","Standard name","20","TRUE",
"STANDARD_P","StandardType.PhraseText","2","Standard type","20","TRUE",
"STANDARD_P","Substance","3","Substance","20","TRUE",
"STANDARD_P","ExpiryType.PhraseText","4","Expiration","20","TRUE",
"STANDARD_P","Lifetime","5","Usual lifetime","20","TRUE",
"STANDARD_P","MaximumUsage","6","Usual max usage","20","TRUE",
"STANDARD_P","TemplateId","7","Template","20","TRUE",
"STANDARD_VERSIONS","Identity","1","Identity","20","TRUE",
"STANDARD_VERSIONS","Version","2","Version","20","TRUE",
"STANDARD_VERSIONS","VersionComment","3","Version Comment","20","TRUE",
"STANDARD_VERSIONS","CreationDate","4","Creation Date","20","TRUE",
"STANDARD_VERSIONS","Status","5","Status","20","TRUE",
"STOCK_BATCH_L","Stock","1","Stock","20","TRUE",
"STOCK_BATCH_L","StockBatchId","2","Batch","20","TRUE",
"STOCK_BATCH_L","CurrentInventory","3","Current Inventory","20","TRUE",
"STOCK_BATCH_L","Description","4","Description","40","TRUE",
"STOCK_BATCH_L","Location","5","Location","20","TRUE",
"STOCK_BATCH_P","CreatedBy","1","Created By","20","TRUE",
"STOCK_BATCH_P","DateCreated","2","Date Created","20","TRUE",
"STOCK_BATCH_P","CurrentInventory","3","Current Inventory","20","TRUE",
"STOCK_BATCH_P","InitialAmount","4","Initial Amount","20","TRUE",
"STOCK_BATCH_P","LabelTemplate","5","Label Template","20","TRUE",
"STOCK_BATCH_P","Location","6","Location","20","TRUE",
"STOCK_BATCH_P","Status.PhraseText","7","Status","20","TRUE",
"STOCK_BATCH_P","Supplier","8","Supplier","20","TRUE",
"STOCK_BATCH_PROPERTY","Identity","1","Property","20","TRUE",
"STOCK_BATCH_PROPERTY","Value","2","Value","20","TRUE",
"STOCK_BATCH_PROPERTY","Units","3","Units","20","TRUE",
"STOCK_INVENTORY","UseType.PhraseText","1","Use Type","20","TRUE",
"STOCK_INVENTORY","Comments","2","Comments","40","TRUE",
"STOCK_INVENTORY","DateCreated","3","Date Created","25","TRUE",
"STOCK_INVENTORY","Amount","4","Amount","15","TRUE",
"STOCK_INVENTORY","Unit","5","Unit","10","TRUE",
"STOCK_P","StockType.PhraseText","1","Stock Type","20","TRUE",
"STOCK_P","Substance","2","Substance","20","TRUE",
"STOCK_P","DefaultLocation","3","Default Location","20","TRUE",
"STOCK_P","CurrentInventory","4","Current Inventory","20","TRUE",
"STOCK_P","CurrentQuantity","5","Current Quantity","20","TRUE",
"STOCK_P","InventoryUnit","6","Inventory Unit","20","TRUE",
"STOCK_P","PreferredOrderUnit","7","Preferred Order Unit","20","TRUE",
"STOCK_P","NumberUses","8","Number Uses","20","TRUE",
"STOCK_P","PercentRemaining","9","Percent Remaining","20","TRUE",
"STOCK_P","PreferredSupplier","10","Preferred Supplier","20","TRUE",
"STOCK_P","ReorderAmount","11","Reorder Amount","20","TRUE",
"STOCK_P","ReorderOnAmount","12","Reorder On Amount","20","TRUE",
"STOCK_P","ReorderOnPercentage","13","Reorder On Percentage","20","TRUE",
"STOCK_P","ReorderPercentage","14","Reorder Percentage","20","TRUE",
"STOCK_P","ReorderOnShelfLife","15","Reorder On Shelf Life","20","TRUE",
"STOCK_P","ShelfLife","16","Shelf Life","20","TRUE",
"STOCK_PROPERTY","Identity","1","Property","20","TRUE",
"STOCK_PROPERTY","Value","2","Value","20","TRUE",
"STOCK_PROPERTY","Units","3","Units","20","TRUE",
"SUBSTANCE_GHS_HAZARD","GhsHazard.PhraseText","1","Hazard","50","TRUE",
"SUBSTANCE_GHS_PICTO","Pictogram.PhraseText","1","Pictogram","50","TRUE",
"SUBSTANCE_GHS_PREC","Precaution.PhraseText","1","Precaution","50","TRUE",
"SUBSTANCE_HAZARD","Hazard.PhraseText","1","Hazard","50","TRUE",
"SUBSTANCE_L","Identity","1","Identity","20","TRUE",
"SUBSTANCE_L","SubstanceName","2","Name","20","TRUE",
"SUBSTANCE_L","Description","3","Description","40","TRUE",
"SUBSTANCE_L","DefinitionType.PhraseText","4","Definition Type","20","TRUE",
"SUBSTANCE_L","GroupId","5","Group","20","TRUE",
"SUBSTANCE_P","DefinitionType.PhraseText","1","Definition Type","20","TRUE",
"SUBSTANCE_P","DisposalInstructions","2","Disposal Instructions","40","TRUE",
"SUBSTANCE_P","HandlingInstructions","3","Handling Instructions","40","TRUE",
"SUBSTANCE_P","StorageInstructions","4","Storage Instructions","40","TRUE",
"SUBSTANCE_P","Sds","5","Safety Data Sheet","20","TRUE",
"SUBSTANCE_P","Special.PhraseText","6","Special","20","TRUE",
"SUBSTANCE_P","Health.PhraseText","7","Health","20","TRUE",
"SUBSTANCE_P","Flammability.PhraseText","8","Flammability","20","TRUE",
"SUBSTANCE_P","Instability.PhraseText","9","Instability","20","TRUE",
"SUBSTANCE_P","GhsSignalWord","10","GHS Signal Word","20","TRUE",
"SUBSTANCE_RISK","Risk.PhraseText","1","Risk","50","TRUE",
"SUBSTANCE_SAFETY","Safety.PhraseText","1","Safety","50","TRUE",
"SUPPLIER_DETAIL","Stock.StockName","1","Stock","40","TRUE",
"SUPPLIER_DETAIL","SupplierCode","2","Supplier Code","20","TRUE",
"SUPPLIER_DETAIL","Cost","3","Cost","10","TRUE",
"SUPPLIER_DETAIL","LeadTime","4","Lead Time","20","TRUE",
"SUPPLIER_DETAIL","SupplierQuantity","5","Quantity","10","TRUE",
"SUPPLIER_DETAIL","SupplierUnit","6","Unit","10","TRUE",
"SUPPLIER_DETAIL_STOCK","Supplier","1","Supplier","40","TRUE",
"SUPPLIER_DETAIL_STOCK","SupplierCode","2","Supplier Code","20","TRUE",
"SUPPLIER_DETAIL_STOCK","Cost","3","Cost","10","TRUE",
"SUPPLIER_DETAIL_STOCK","LeadTime","4","Lead Time","20","TRUE",
"SUPPLIER_DETAIL_STOCK","SupplierQuantity","5","Quantity","10","TRUE",
"SUPPLIER_DETAIL_STOCK","SupplierUnit","6","Unit","10","TRUE",
"SUPPLIER_L","Identity","1","Identity","20","TRUE",
"SUPPLIER_L","SupplierName","2","Supplier Name","20","TRUE",
"SUPPLIER_L","Category.PhraseText","3","Category","20","TRUE",
"SUPPLIER_L","Description","4","Description","40","TRUE",
"SUPPLIER_L","GroupId","5","Group","20","TRUE",
"SUPPLIER_P","Category.PhraseText","1","Category","20","TRUE",
"SUPPLIER_P","Address1","2","Address1","20","TRUE",
"SUPPLIER_P","Address2","3","Address2","20","TRUE",
"SUPPLIER_P","City","4","City","20","TRUE",
"SUPPLIER_P","StateCounty","5","State County","20","TRUE",
"SUPPLIER_P","Country","6","Country","20","TRUE",
"SUPPLIER_P","ZipPostalcode","7","Zip Postalcode","20","TRUE",
"SUPPLIER_P","Rating.PhraseText","8","Rating","20","TRUE",
"SUPPLIER_P","PhoneNum","9","Phone Num","20","TRUE",
"SUPPLIER_P","Fax","10","Fax","20","TRUE",
"SUPPLIER_P","Email","11","Email","20","TRUE",
"SUPPLIER_P","WebPage","12","Web Page","20","TRUE",
"SYNTAX_L","Identity","1","Identity","20","TRUE",
"SYNTAX_L","SyntaxName","2","Name","20","TRUE",
"SYNTAX_L","Description","3","Description","40","TRUE",
"SYNTAX_L","UserWritten","4","User written routine","20","TRUE",
"SYNTAX_L","Syntax","5","Syntax String","20","TRUE",
"SYNTAX_P","UserWritten","1","User written routine","20","TRUE",
"SYNTAX_P","Syntax","2","Syntax String","20","TRUE",
"SYNTAX_P","Formula","3","Formula","20","TRUE",
"SYNTAX_P","TableName","4","Table Name","20","TRUE",
"TAB_GUI_L","Identity","1","Identity","20","TRUE",
"TAB_GUI_L","ReportTitle","2","Report Title","20","TRUE",
"TAB_GUI_L","ReportType","3","Report type","20","TRUE",
"TAB_GUI_L","GroupId","4","Group","20","TRUE",
"TAB_GUI_P","ReportTitle","1","Report Title","20","TRUE",
"TAB_GUI_P","ReportDisplay","2","Report Display","20","TRUE",
"TAB_GUI_P","OutputFile","3","Output file","20","TRUE",
"TAB_GUI_P","ReportType","4","Report type","20","TRUE",
"TAB_GUI_P","PreviewData","5","Preview data","20","TRUE",
"TAB_GUI_P","ColumnSort","6","Column sort","20","TRUE",
"TAB_GUI_P","IncludeAudits","7","Include audits","20","TRUE",
"TAB_GUI_P","GroupingField","8","Grouping field","20","TRUE",
"TAB_GUI_P","Tableset","9","Tableset","20","TRUE",
"TAB_GUI_P","SamplesWithoutTests","10","Samples without tests","20","TRUE",
"TAB_GUI_P","IncludeOperAndDate","11","Include Operator/Date","20","TRUE",
"TEMPLATE_FIELDS_L","TextPrompt","1","Prompt Text","20","TRUE",
"TEMPLATE_FIELDS_L","PromptFlag","2","P","8","TRUE",
"TEMPLATE_FIELDS_L","CopyFlag","3","C","8","TRUE",
"TEMPLATE_FIELDS_L","DisplayFlag","4","D","8","TRUE",
"TEMPLATE_FIELDS_L","MandatoryFlag","5","M","8","TRUE",
"TEMPLATE_FIELDS_L","DefaultValue","6","Default Value","30","TRUE",
"TEMPLATE_FIELDS_L","DefaultType.PhraseText","7","Default Type","20","TRUE",
"TEST_LIST","Analysis","1","Analysis","20","TRUE",
"TEST_LIST","Analysis.Description","2","Analysis Description","20","TRUE",
"TEST_LIST","Instrument","3","Instrument","20","TRUE",
"TEST_LIST","TestSchedule","4","Test Schedule","20","TRUE",
"TEST_PREP_WKSHEET_L","SampleTestNumber","1","Sample Number/Test Count","20","FALSE",
"TEST_PREP_WKSHEET_L","Analysis","2","Analysis","20","TRUE",
"TEST_PREP_WKSHEET_L","PreparationState","3","Status","20","TRUE",
"TEST_PREP_WKSHEET_P","Identity","1","Worksheet ID","20","TRUE",
"TEST_PREP_WKSHEET_P","Preparation.Identity","2","Preparation","20","TRUE",
"TEST_PREP_WKSHEET_P","Preparation.Description","3","Description","20","TRUE",
"TEST_PREP_WKSHEET_P","Preparation.ExpectedTime","4","Expected Time","20","TRUE",
"TEST_PREP_WKSHEET_P","DateGenerated","5","Date Generated","20","TRUE",
"TEST_PREP_WKSHEET_P","AssignedOperator","6","Assigned Operator","20","TRUE",
"TEST_SCHED_ENTRY_L","EntryType.PhraseText","1","Type","20","TRUE",
"TEST_SCHED_ENTRY_L","TestSchedule","2","Test Schedule","20","TRUE",
"TEST_SCHED_ENTRY_L","Analysis","3","Analysis","20","TRUE",
"TEST_SCHED_ENTRY_L","ComponentList","4","Component list","20","TRUE",
"TEST_SCHED_ENTRY_L","InstrumentId","5","Instrument","20","TRUE",
"TEST_SCHED_ENTRY_L","InstrumentType","6","Instrument Type","20","TRUE",
"TEST_SCHED_ENTRY_L","ReplicateCount","7","Replicate Count","20","TRUE",
"TEST_SCHED_ENTRY_L","StdTest","8","Std","20","TRUE",
"TEST_SCHED_HEADER_L","Identity","1","Identity","20","TRUE",
"TEST_SCHED_HEADER_L","TestSchedHeaderName","2","Name","20","TRUE",
"TEST_SCHED_HEADER_L","Description","3","Description","40","TRUE",
"TEST_SCHED_HEADER_L","GroupId","4","Group","20","TRUE",
"TEST_UNASSIGNED_L","Sample.IdNumeric","1","Sample Number","20","TRUE",
"TEST_UNASSIGNED_L","ReplicateTest","2","Replicate Number","20","TRUE",
"TEST_UNASSIGNED_L","Sample.IdText","3","Sample Name","20","TRUE",
"TEST_UNASSIGNED_L","Sample.Dateresreq","4","Date Results Required","20","TRUE",
"TEST_UNASSIGNED_L","Analysis","5","Analysis","20","TRUE",
"TEST_UNASSIGNED_L","Sample.Priority","6","Priority","20","TRUE",
"TIMER_SCHEDULE_L","Identity","1","Identity","20","TRUE",
"TIMER_SCHEDULE_L","Description","2","Description","40","TRUE",
"TIMER_SCHEDULE_L","VGLLibrary.Identity","3","Library","20","TRUE",
"TIMER_SCHEDULE_L","Routine","4","Routine","20","TRUE",
"TIMER_SCHEDULE_L","GroupId","5","Group","20","TRUE",
"TIMER_SCHEDULE_P","VGLLibrary.Identity","1","Library","20","TRUE",
"TIMER_SCHEDULE_P","Routine","2","Routine","20","TRUE",
"TRAINING_COURSE_L","Identity","1","Identity","20","TRUE",
"TRAINING_COURSE_L","Type.PhraseText","2","Type","20","TRUE",
"TRAINING_COURSE_L","Description","3","Description","40","TRUE",
"TRAINING_COURSE_L","OperatorId","4","Operator","20","TRUE",
"TRAINING_COURSE_P","Type.PhraseText","1","Type","20","TRUE",
"TRAINING_COURSE_P","External","2","External","20","TRUE",
"TRAINING_COURSE_P","OperatorId","3","Operator","20","TRUE",
"TRAINING_COURSE_P","RetestGracePeriodInterval","4","Retest Grace Period","20","TRUE",
"TRAINING_COURSE_P","RetestInterval","5","Retest Interval","20","TRUE",
"TRAINING_COURSE_P","RetestWarningPeriodInterval","6","Retest Warning Period","20","TRUE",
"UNIT_ALIAS_L","Identity","1","Alias","20","TRUE",
"UNIT_HEADER_L","Identity","1","Identity","20","TRUE",
"UNIT_HEADER_L","Description","2","Common Name","40","TRUE",
"UNIT_HEADER_L","System.PhraseText","3","System","20","TRUE",
"UNIT_HEADER_L","Class.PhraseText","4","Class","20","TRUE",
"UNIT_HEADER_L","Derivation","5","Derivation","20","TRUE",
"UNIT_HEADER_L","Complement","6","Complement","20","TRUE",
"UNIT_HEADER_P","System.PhraseText","1","System","20","TRUE",
"UNIT_HEADER_P","Class.PhraseText","2","Class","20","TRUE",
"UNIT_HEADER_P","Quantity.PhraseText","3","Quantity","20","TRUE",
"UNIT_HEADER_P","Derivation","4","Derivation","20","TRUE",
"UNIT_HEADER_P","Complement","5","Complement","20","TRUE",
"VERSIONED_ANALYSIS_L","Identity","1","Identity","20","TRUE",
"VERSIONED_ANALYSIS_L","AnalysisVersion","2","Version","10","TRUE",
"VERSIONED_ANALYSIS_L","VersionedAnalysisName","3","Name","20","TRUE",
"VERSIONED_ANALYSIS_L","Description","4","Description","40","TRUE",
"VERSIONED_ANALYSIS_L","PreparationId","5","Preparation","20","TRUE",
"VERSIONED_ANALYSIS_L","AnalysisType.PhraseText","6","Analysis Type","20","TRUE",
"VERSIONED_ANALYSIS_L","InsttypeId","7","Type of Instrument","20","TRUE",
"VERSIONED_ANALYSIS_L","GroupId","8","Group","20","TRUE",
"VERSIONED_ANALYSIS_P","GenericAnalysis","1","Generic Analysis","20","TRUE",
"VERSIONED_ANALYSIS_P","PreparationId","2","Preparation before analysis","20","TRUE",
"VERSIONED_ANALYSIS_P","AnalysisType","3","Analysis Type","20","TRUE",
"VERSIONED_ANALYSIS_P","InsttypeId","4","Type of instrument required","20","TRUE",
"VERSIONED_ANALYSIS_P","InstrumentRequired","5","Instrument Required","20","TRUE",
"VERSIONED_ANALYSIS_P","ExpectedTime","6","Expected Duration","20","TRUE",
"VERSIONED_ANALYSIS_P","Chargecode","7","Charge Code","20","TRUE",
"VERSIONED_ANALYSIS_P","Replicates","8","Replicates","20","TRUE",
"VERSIONED_ANALYSIS_P","AllowCategory","9","Allow Category Components","20","TRUE",
"VERSIONED_ANALYSIS_P","InspectionPlan","10","Inspection Plan","20","TRUE",
"VERSIONED_ANALYSIS_P","SamplingPlanType","11","Sampling Plan Type","20","TRUE",
"VERSIONED_ANALYSIS_P","AutoValidate","12","Auto-Validate","20","TRUE",
"VERSIONED_ANALYSIS_TRAINING","TrainingCourse.TrainingCourseName","1","Training Course","20","TRUE",
"VERSIONED_ANALYSIS_TRAINING","MinimumCompetence.PhraseText","2","Minimum Competence","20","TRUE",
"VERSIONED_COMPONENT","VersionedComponentName","1","Component Name","20","TRUE",
"VERSIONED_COMPONENT","ResultType","2","Result Type","20","TRUE",
"VERSIONED_COMPONENT","Units","3","Units","20","TRUE",
"VERSIONED_COMPONENT","Places","4","Places","20","TRUE",
"VERSIONED_COMPONENT_WORKSHEETVIEW","VersionedComponentName","1","Component Name","20","TRUE",
"VERSIONED_COMPONENT_WORKSHEETVIEW","ResultType","2","Type","20","TRUE",
"VERSIONED_COMPONENT_WORKSHEETVIEW","Minimum","3","Minimum","20","TRUE",
"VERSIONED_COMPONENT_WORKSHEETVIEW","Maximum","4","Minimum","20","TRUE",
"VERSIONED_COMPONENT_WORKSHEETVIEW","Units","5","Units","20","TRUE",
"WEB_LINK_PRINT","Url","1","Url","20","TRUE",
"WEB_LINK_PRINT","SeparateWindow","2","Separate Window","20","TRUE",
"WEB_MENU_LIST","OrderNumber","1","Order Number","20","TRUE",
"WEB_MENU_LIST","Icon","2","Icon","20","TRUE",
"WEB_MENU_LIST","Introduction","3","Introduction","20","TRUE",
"WEB_MENU_LIST","ShowMenuOptions","4","Show Menu Options","20","TRUE",
"WEB_MENU_LIST","Summary","5","Summary","20","TRUE",
"WEB_MENU_LIST","ImageLink","6","Image Link","20","TRUE",
"WEB_MENU_LIST","Visible","7","Visible","20","TRUE",
"WEB_MENU_LIST","AlwaysVisible","8","Always Visible","20","TRUE",
"WEB_MENU_PRINT","OrderNumber","1","Order Number","20","TRUE",
"WEB_MENU_PRINT","Icon","2","Icon","20","TRUE",
"WEB_MENU_PRINT","Introduction","3","Introduction","20","TRUE",
"WEB_MENU_PRINT","ShowMenuOptions","4","Show Menu Options","20","TRUE",
"WEB_MENU_PRINT","Summary","5","Summary","20","TRUE",
"WEB_MENU_PRINT","ImageLink","6","Image Link","20","TRUE",
"WEB_MENU_PRINT","Visible","7","Visible","20","TRUE",
"WEB_MENU_PRINT","AlwaysVisible","8","Always Visible","20","TRUE",
"WORK_PROFILE_COMP_L","AnalysisName","1","Analysis","20","FALSE",
"WORK_PROFILE_COMP_L","ComponentName","2","Component Name","20","FALSE",
"WORK_PROFILE_COMP_L","LevelIdText","3","Level","20","TRUE",
"WORK_PROFILE_COMP_L","MinLimit","4","Lower Limit","20","TRUE",
"WORK_PROFILE_COMP_L","MaxLimit","5","Upper Limit","20","TRUE",
"WORKFLOW_ACTION_TYPE_LIST","IconId","1","Icon Id","20","TRUE",
"WORKFLOW_ACTION_TYPE_LIST","IncludeInMenu","2","Include In Menu","20","TRUE",
"WORKFLOW_LIST","Active","1","Active","20","TRUE",
"WORKFLOW_LIST","ActiveFrom","2","Active From","20","TRUE",
"WORKFLOW_LIST","ActiveTo","3","Active To","20","TRUE",
"WORKFLOW_LIST","IncludeInMenu","4","Include In Menu","20","TRUE",
"WORKFLOW_LIST","MenuText","5","Menu Text","20","TRUE",
"WORKFLOW_LIST","MenuIconId","6","Menu Icon Id","20","TRUE",
"WORKFLOW_LIST","SubMenuGroup","7","Sub Menu Group","20","TRUE",
"WORKFLOW_LIST","TableName","8","Table Name","20","TRUE",
"WORKFLOW_PRINT","Active","1","Active","20","TRUE",
"WORKFLOW_PRINT","ActiveFrom","2","Active From","20","TRUE",
"WORKFLOW_PRINT","ActiveTo","3","Active To","20","TRUE",
"WORKFLOW_PRINT","IncludeInMenu","4","Include In Menu","20","TRUE",
"WORKFLOW_PRINT","MenuText","5","Menu Text","20","TRUE",
"WORKFLOW_PRINT","MenuIconId","6","Menu Icon Id","20","TRUE",
"WORKFLOW_PRINT","SubMenuGroup","7","Sub Menu Group","20","TRUE",
"WORKFLOW_PRINT","TableName","8","Table Name","20","TRUE",
"WORKING_SCHEDULE_H_L","Identity","1","Identity","20","TRUE",
"WORKING_SCHEDULE_H_L","WorkingScheduleHeaderName","2","Name","20","TRUE",
"WORKING_SCHEDULE_H_L","Description","3","Description","40","TRUE",
"WORKING_SCHEDULE_H_L","GroupId","4","Group","20","TRUE",
"WORKSHEET_L","Identity","1","Worksheet Name","20","TRUE",
"WORKSHEET_L","WorksheetType","2","Worksheet Type","20","TRUE",
"WORKSHEET_L","DateGenerated","3","Date Generated","20","TRUE",
"WORKSHEET_L","AssignedOperator","4","Operator","20","TRUE",
