﻿REPORT_LAYOUT_LINK
REPORT_LAYOUT_HEADER,ORDER_NUMBER,REPORT_LAYOUT_HEADER_LINK,TABLE_NAME,RELATIONSHIP_NAME
40,10,40,100,250
                     129
"ANAL_BACKLOG_SAMP_P","0","ANAL_BACKLOG_SAMP_L","SAMPLE","AssociatedSamples"
"ANALYSIS","1","VERSIONED_COMPONENT","VERSIONED_COMPONENT","Components"
"ANALYSIS","2","VERSIONED_ANALYSIS_TRAINING","VERSIONED_ANALYSIS_TRAINING","AnalysisTrainings"
"ANALYSIS","3","ATTACHMENTS","ATTACHMENT","Attachments"
"ANALYSIS","4","COMPONENT_LIST_ENTRY","VERSIONED_C_L_ENTRY","CLEntries"
"ANALYSIS_SMPL_PT_P","0","RESULT_LIST","RESULT","Results"
"ANALYSIS_WORKSHEET","1","VERSIONED_COMPONENT_WORKSHEETVIEW","VERSIONED_COMPONENT","Components"
"ANALYSIS_WORKSHEET","2","RESULT_LIST","RESULT","Results"
"AUDIT","0","AUDIT_DATALIST","AUDIT_DATA","AuditDataCollection"
"BATCH_COMPOSITE_REP","0","TEMPLATE_FIELDS_L","TEMPLATE_FIELDS","Fields"
"BATCH_COMPOSITE_REP","1","BATCH_COMPONENT_LIST","R_BATCH_TMPL_COMPONENTS_LIST","ComponentList"
"BATCH_COMPOSITE_REP","2","BATCH_COMP_ENTRIES","BATCH_TMPL_ENTRY","Entries"
"BATCH_COMPOSITE_REP","3","BATCH_COMP_TMPLSQC","BATCH_SQC_HEADER","SqcHeaders"
"BATCH_TMPL_HEADER","0","BATCH_TMPL_ENTRY","BATCH_TMPL_ENTRY","Entries"
"BATCH_TMPL_HEADER","1","BATCH_TMPL_COMP_LIST","R_BATCH_TMPL_COMPONENTS_LIST","ComponentList"
"BATCH_TMPL_HEADER","2","BATCH_TMPL_FIELDS","TEMPLATE_FIELDS","Fields"
"BATCH_TMPL_HEADER","4","BATCH_TMPL_SQC","BATCH_TMPL_SQC","BatchTmplSqcs"
"CALC_FUNCTION_P","0","CALC_FUNCTION_PARAMETER","CALC_FUNCTION_PARAMETER","CalcFunctionParameters"
"CALC_FUNCTION_P","1","ATTACHMENTS","ATTACHMENT","Attachments"
"CALCULATION_P","0","ATTACHMENTS","ATTACHMENT","Attachments"
"CERT","1","INSPECTOR","INSPECTOR","Approvals"
"CERT","2","CERT_RESULTS","CERT_RESULT","CertResults"
"CERT_TEMPLATE","1","CERT_TEMPLATE_ENTRY","CERT_TEMPLATE_ENTRY","CertTemplateEntries"
"CERT_TEMPLATE","2","ATTACHMENTS","ATTACHMENT","Attachments"
"CERTIFICATE_TEMPLATE_P","0","CERT_DESTINATION","CERT_DESTINATION","CertDestinations"
"CERTIFICATE_TEMPLATE_P","1","CERT_SECTION","CERT_SECTION","CertSections"
"CHARGE_HEADER_P","0","CHARGE_ENTRY","CHARGE_ENTRY","ChargeEntries"
"CHARGE_HEADER_P","1","ATTACHMENTS","ATTACHMENT","Attachments"
"COA_HEAD","0","COA_RESULTS","RESULT","Results"
"COLUMN_SET_HEADER","0","COLUMN_SET_ENTRY","COLUMN_SET_ENTRY","ColumnSetEntries"
"COMPONENT_LIST_HEAD","0","COMPONENT_LIST_ENTRY","VERSIONED_C_L_ENTRY","CLEntries"
"CUSTOMER_P","4","ATTACHMENTS","ATTACHMENT","Attachments"
"CUSTOMER_SAMP_PRINT","0","SAMPLE_SUBREPORT","SAMPLE","Samples"
"ENTITY_TEMPLATE_P","0","ENTITY_TEMPLATE_PR_L","ENTITY_TEMPLATE_PROPERTY","EntityTemplateProperties"
"ESIG_EVENT_P","0","ESIG_DATA","ESIG_DATA","Data"
"EXPLORER_AUX_P","0","EXPLORER_AUX_FIELD_L","EXPLORER_AUX_FIELDS","AuxFields"
"EXPLORER_CAB_P","0","EXPLORER_CAB_ROLE_L","EXPLORER_CABINET_ROLE","CabinetRoles"
"EXPLORER_CAB_P","1","EXPLORER_CAB_FOLDR_L","EXPLORER_FOLDER","Folders"
"HAZARD_P","0","ATTACHMENTS","ATTACHMENT","Attachments"
"INCIDENT_CHECKLIST_P","0","INCIDENT_CHECKLIST_ACTION","INC_CHECKLIST_ACTIONS","IncChecklistActions"
"INCIDENT_P","1","INCIDENT_PARAM_CHECKLIST","INCIDENT_PARAMETER","IncidentParameters"
"INCIDENT_TEMPLATE_P","0","TEMPLATE_FIELDS_L","TEMPLATE_FIELDS","Fields"
"INFOMAKER_LINK_P","0","INFOMAKER_PARAMETERS","INFOMAKER_PARAMETERS","InfomakerParameters"
"INSPECTION_HEADER_P","0","INSPECTION_RECORD","INSPECTION_RECORD","InspectionRecords"
"INSTRUMENT_P","1","INSTRUMENT_PART_LINK","INSTRUMENT_PART_LINK","InstrumentPartLinks"
"INSTRUMENT_P","2","MAINTENANCE_L","MAINTENANCE","MaintenanceCollection"
"INSTRUMENT_P","3","INSTRUMENT_EVENT","INSTRUMENT_EVENT","InstrumentEvents"
"INSTRUMENT_P","4","INSTRUMENT_PROPERTY","INSTRUMENT_PROPERTY","InstrumentProperties"
"INSTRUMENT_P","5","INSTRUMENT_TRAINING","INSTRUMENT_TRAINING","InstrumentTrainings"
"INSTRUMENT_P","6","ATTACHMENTS","ATTACHMENT","Attachments"
"INSTRUMENT_PART_P","1","MAINTENANCE_L","MAINTENANCE","MaintenanceCollection"
"INSTRUMENT_PART_P","2","INSTRUMENT_PART_EVENT","INSTRUMENT_PART_EVENT","InstrumentPartEvents"
"INSTRUMENT_PART_P","3","ATTACHMENTS","ATTACHMENT","Attachments"
"INSTRUMENT_PART_TEMPLATE_P","1","MAINTENANCE_TEMP_L","MAINTENANCE","MaintenanceCollection"
"INSTRUMENT_TEMPLATE_P","1","MAINTENANCE_TEMP_L","MAINTENANCE","MaintenanceCollection"
"INSTRUMENT_TEMPLATE_P","2","INSTRUMENT_PART_LINK_TEMPLATE","INSTRUMENT_PART_LINK_TEMPLATE","InstrumentPartLinkTemplates"
"INSTRUMENT_TEMPLATE_P","3","INSTRUMENT_PROPERTY_TEMPLATE","INSTRUMENT_PROPERTY_TEMPLATE","InstrumentPropertyTemplates"
"INSTRUMENT_TESTS","0","INSTRUMENT_TEST_SUB","TEST","Tests"
"JOB_HEADER","0","TEMPLATE_FIELDS_L","TEMPLATE_FIELDS","Fields"
"JOB_SAMPLES_P","0","JOB_SAMPLES_L","SAMPLE","Samples"
"JOB_TEMPLATE_P","0","TEMPLATE_FIELDS_L","TEMPLATE_FIELDS","Fields"
"JOB_TESTDURATION_P","0","SAMPTESTRESULT_DUR_L","SAMP_TEST_RESULT","JobSampTestResult"
"LAB_METHOD_P","1","LAB_METHOD_STEP_L","LAB_METHOD_STEP","LabMethodSteps"
"LIMIT_CALCULATION_P","0","ATTACHMENTS","ATTACHMENT","Attachments"
"LIMIT_PHRASE_P","0","LIMIT_PHRASE_ENTRY","LIMIT_PHRASE_ENTRY","LimitPhraseEntries"
"LIST_RESULT_FORMAT_P","0",,"ATTACHMENT","Attachments"
"LOCATION_P","0","LOCATION_L","LOCATION","Locations"
"LOCATION_P","1","ATTACHMENTS","ATTACHMENT","Attachments"
"LOCATION_SAMP_PRINT","0","SAMPLE_SUBREPORT","SAMPLE","Samples"
"LOCATION_TYPE_P","0","LOCATION_TYPE_LIST","LOCATION_TYPE_LIST","LocationTypeLists"
"LOCATION_TYPE_P","1","ATTACHMENTS","ATTACHMENT","Attachments"
"LOG_SCHED_HEADER_P","0","LOGIN_SCHED_ENTRY_L","LOG_SCHED_ENTRY","LogSchedEntries"
"LOT_TEMPLATE_P","0","TEMPLATE_FIELDS_L","TEMPLATE_FIELDS","Fields"
"MASTER_MENU_P","0","ROLE_ENTRY_L_MENU","ROLE_ENTRY","RoleEntries"
"MLP_FAMILY_HEADER_P","0","MLP_FAMILY","MLP_FAMILY","MlpFamilies"
"MLP_HEADER_P","0","MLP_SCHED_L","MLP_SCHEDULE","MlpSchedules"
"MLP_HEADER_P","1","MLP_HEADER_LEVELS","MLP_HEADER_LEVEL","MlpLevels"
"MLP_HEADER_P","2","MLP_ANAL_L","MLP_ANALYSIS","MlpAnalysis"
"MLP_HEADER_P","3","MLP_COMP_L","MLP_COMPONENTS","MlpComponents"
"MLP_HEADER_P","4","MLP_VALUES_L","MLP_VALUES","MlpLimits"
"MLP_HEADER_P","5","ATTACHMENTS","ATTACHMENT","Attachments"
"MODULAR_REPORT_P","0","MODULAR_REPORT_ITEM","MODULAR_REPORT_ITEM","ModularReportItems"
"PERSONNEL_APPROVAL_P","0","APPROVAL_LIST","APPROVAL","Approvals"
"PERSONNEL_MENU_ITEMS","0","MASTER_MENU_LIST","MASTER_MENU","AvailableMasterMenuItems"
"PERSONNEL_P","3","GROUPLINK","GROUPLINK","Grouplinks"
"PERSONNEL_P","4","PERSONNEL_TRAINING","PERSONNEL_TRAINING","PersonnelTrainings"
"PERSONNEL_P","5",,"ROLE_ASSIGNMENT","RoleAssignments"
"PHRASE_HEADER_P","0","PHRASE_L","PHRASE","Phrases"
"PREPARATION_P","0","PREPARATION_TRAINING","PREPARATION_TRAINING","PreparationTrainings"
"PREPARATION_P","1","ATTACHMENTS","ATTACHMENT","Attachments"
"PRINTER_P","0","DISTRIBUTION","DISTRIBUTION","Distributions"
"PRINTER_P","1","DISTRIBUTION_PERSONNEL","DISTRIBUTION_PERSONNEL","DistributionPersonnels"
"PROJECT_INFO_P","4","ATTACHMENTS","ATTACHMENT","Attachments"
"ROLE_HEADER_P","0","ROLE_ENTRY_L","ROLE_ENTRY","RoleEntries"
"RULE_P","0","RULE_COUNT_L","RULE_COUNT","RuleCounts"
"SAMP_RES_LIST_P","0","SAMP_RES_LIST_L","RESULT","Results"
"SAMPLE_POINT_P","1","ATTACHMENTS","ATTACHMENT","Attachments"
"SAMPLE_PREP_WORKSHEET_P","1","SAMPLE_L_PREPARATION_STATE","SAMPLE","Samples"
"SAMPLE_RECEIPT","1","TEST_LIST","TEST","Tests"
"SAMPLE_TMPL_HEADER_P","0","TEMPLATE_FIELDS_L","TEMPLATE_FIELDS","Fields"
"SAMPLE_WORKSHEET_P","0","SAMPLE_WORKSHEET_L","R_SAMPLE_WORKSHEET","Entries"
"SCHEDULE_CALENDAR","0","SCHEDULE_CALENDAR_PE","SCHEDULE_CALENDAR_PERIOD","ScheduleCalendarPeriods"
"SIG_FIGS_P","0","ATTACHMENTS","ATTACHMENT","Attachments"
"SITE","1","SITE_GROUPS","GROUP_HEADER","ChildGroups"
"SITE","2","SITE_REFERENCES","GROUP_REFERENCE","GroupReferences"
"STANDARD_P","0","ATTACHMENTS","ATTACHMENT","Attachments"
"STANDARD_P","1","STANDARD_VERSIONS","STANDARD_VERSIONS","StandardVersions"
"STOCK_BATCH_P","0","STOCK_BATCH_PROPERTY","STOCK_BATCH_PROPERTY","StockBatchProperties"
"STOCK_BATCH_P","1","STOCK_INVENTORY","STOCK_INVENTORY","StockInventories"
"STOCK_P","0","STOCK_PROPERTY","STOCK_PROPERTY","StockProperties"
"STOCK_P","1","SUPPLIER_DETAIL_STOCK","SUPPLIER_DETAIL","SupplierDetails"
"STOCK_P","2","ATTACHMENTS","ATTACHMENT","Attachments"
"SUBSTANCE_P","0","ATTACHMENTS","ATTACHMENT","Attachments"
"SUBSTANCE_P","1","SUBSTANCE_GHS_HAZARD","SUBSTANCE_GHS_HAZARD","SubstanceGhsHazards"
"SUBSTANCE_P","2","SUBSTANCE_GHS_PICTO","SUBSTANCE_GHS_PICTOGRAM","SubstanceGhsPictograms"
"SUBSTANCE_P","3","SUBSTANCE_GHS_PREC","SUBSTANCE_GHS_PRECAUTIONARY","SubstanceGhsPrecautionaries"
"SUBSTANCE_P","4","SUBSTANCE_HAZARD","SUBSTANCE_HAZARD","SubstanceHazards"
"SUBSTANCE_P","5","SUBSTANCE_RISK","SUBSTANCE_RISK","SubstanceRisks"
"SUBSTANCE_P","6","SUBSTANCE_SAFETY","SUBSTANCE_SAFETY","SubstanceSafeties"
"SUPPLIER_P","0","CONTACT","CONTACT","Contacts"
"SUPPLIER_P","1","SUPPLIER_DETAIL","SUPPLIER_DETAIL","SupplierDetails"
"SUPPLIER_P","2","ATTACHMENTS","ATTACHMENT","Attachments"
"TEST_PREP_WKSHEET_P","1","TEST_PREP_WKSHEET_L","TEST","Tests"
"TEST_SCHED_HEADER_P","0","TEST_SCHED_ENTRY_L","TEST_SCHED_ENTRY","TestSchedEntries"
"UNIT_HEADER_P","0","UNIT_ALIAS_L","UNIT_ALIAS","UnitAlias"
"VERSIONED_ANALYSIS_P","0","VERSIONED_COMPONENT","VERSIONED_COMPONENT","Components"
"VERSIONED_ANALYSIS_P","1","VERSIONED_ANALYSIS_TRAINING","VERSIONED_ANALYSIS_TRAINING","AnalysisTrainings"
"VERSIONED_ANALYSIS_P","2","ATTACHMENTS","ATTACHMENT","Attachments"
"WORK_PROFILE_P","0","WORK_PROFILE_COMP_L","R_WORK_PROFILE_COMPONENTS_LIST","WorkProfileComponentsList"
