﻿REPORT
IDENTITY,GROUP_ID,TITLE,MODIFIABLE,REMOVEFLAG,NAME
20,10,234,1,1,100
                     875
"$ACTIVE",,"Report on Active Samples","TRUE","FALSE","$active"
"$ADDREPORT",,"Adds VGL reports to database","TRUE","FALSE","$addreport"
"$APPROVAL","SYSTEM","Operator Approval table editor","TRUE","FALSE","$approval"
"$AQL",,"Library of Statistical Sampling Routines""","TRUE","FALSE","$aql"
"$ARCHIVE","SYSTEM","Committed table archiving utility","TRUE","FALSE","$archive"
"$AUDIT",,"Audit Viewer","TRUE","FALSE","$audit"
"$AUDIT_CONFIG","SYSTEM","Audit Configuration Screen","TRUE","FALSE","$audit Config"
"$AUDIT_EXPLORER","SYSTEM","Audit Explorer Screen","TRUE","FALSE","$audit Explorer"
"$AUDIT_RECORD_COMMIT","SYSTEM","Commit audit records for committed samples","TRUE","FALSE","$audit Record Commit"
"$AUDIT_REP","SYSTEM","Audit Reporting","TRUE","FALSE","$audit Rep"
"$AUDIT_SAMPLE",,"Sample Audit Viewer","TRUE","FALSE","$audit Sample"
"$AUDIT_USER",,"Audit Event Callback library","TRUE","FALSE","$audit User"
"$AUX_AJH","SYSTEM","Authorise Job","TRUE","FALSE","$aux Ajh"
"$AUX_ASP","SYSTEM","Authorise Sample","TRUE","FALSE","$aux Asp"
"$AUX_ATP","SYSTEM","Authorise Test","TRUE","FALSE","$aux Atp"
"$AUX_CPP","SYSTEM","Report Completion of Sample Preparation","TRUE","FALSE","$aux Cpp"
"$AUX_CPS","SYSTEM","Change Sample Priority","TRUE","FALSE","$aux Cps"
"$AUX_CSP","SYSTEM","Complete Sample","TRUE","FALSE","$aux Csp"
"$AUX_CTP","SYSTEM","Report Early Completion of Test","TRUE","FALSE","$aux Ctp"
"$AUX_FJH","SYSTEM","Complete Job","TRUE","FALSE","$aux Fjh"
"$AUX_LIB","SYSTEM","Auxiliary commands library file","TRUE","FALSE","$aux Lib"
"$AUX_MSP","SYSTEM","Move Sample to New Location","TRUE","FALSE","$aux Msp"
"$AUX_PTP","SYSTEM","Report Completion of Test Preparation","TRUE","FALSE","$aux Ptp"
"$AUX_RAJ","SYSTEM","Reactivate Authorised Job","TRUE","FALSE","$aux Raj"
"$AUX_RLS","SYSTEM","Release Sample from Hold","TRUE","FALSE","$aux Rls"
"$AUX_RTP","SYSTEM","Reactivate authorised test and its results","TRUE","FALSE","$aux Rtp"
"$AUX_RVP","SYSTEM","Receive Sample","TRUE","FALSE","$aux Rvp"
"$AUX_SJH","SYSTEM","Suspend Job","TRUE","FALSE","$aux Sjh"
"$AUX_STP","SYSTEM","Suspend Test","TRUE","FALSE","$aux Stp"
"$AUX_SUB","SYSTEM","Submit Sample for Inspection","TRUE","FALSE","$aux Sub"
"$AUX_SUP","SYSTEM","Suspend Sample","TRUE","FALSE","$aux Sup"
"$AUX_TEM","SYSTEM","Auxiliary Commands Template File","TRUE","FALSE","$aux Tem"
"$AUX_UJH","SYSTEM","Unsuspend Job","TRUE","FALSE","$aux Ujh"
"$AUX_URP","SYSTEM","Reactivate Authorised Job","TRUE","FALSE","$aux Urp"
"$AUX_USP","SYSTEM","Release Sample from Suspension","TRUE","FALSE","$aux Usp"
"$AUX_UTP","SYSTEM","Reactivate Test","TRUE","FALSE","$aux Utp"
"$AUX_XJH","SYSTEM","Cancel Job","TRUE","FALSE","$aux Xjh"
"$AUX_XSP","SYSTEM","Cancel Sample","TRUE","FALSE","$aux Xsp"
"$AUX_XTP","SYSTEM","Cancel Test","TRUE","FALSE","$aux Xtp"
"$AUXSETUP",,"Auxillary commands setup menu file","TRUE","FALSE","$auxsetup"
"$BACK_CSMLP",,"Background Compare Sample with MLP Report","TRUE","FALSE","$back Csmlp"
"$BACK_VALIDATE",,"Background Auto Validation Report","TRUE","FALSE","$back Validate"
"$BACKCOMM","SYSTEM","Background Sample Commit","TRUE","FALSE","$backcomm"
"$BACKLOG",,"Sample and Test Backlog Report","TRUE","FALSE","$backlog"
"$BACKLOG_GUI",,"Sample and Test Backlog Report for SMW and InfoMaker","TRUE","FALSE","$backlog Gui"
"$BACKTEST",,"Background Test Assignment Report","TRUE","FALSE","$backtest"
"$BARC_CODE39",,"Bar-code conversion for Code 39","TRUE","FALSE","$barc Code39"
"$BARC_HPLJ",,"Bar-codes Call-back routine for HP LaserJet without a bar-code Font pack","TRUE","FALSE","$barc Hplj"
"$BARC_HPLJBCM",,"Bar-codes Call-back routine for HP LaserJet with ""Bar Code and More"" Font pack","TRUE","FALSE","$barc Hpljbcm"
"$BARC_INTER25",,"Bar-code conversion for Interleave 2 of 5","TRUE","FALSE","$barc Inter25"
"$BARC_LIB",,"Bar-code Library","TRUE","FALSE","$barc Lib"
"$BARC_MAP",,"Bar-code character mapping library","TRUE","FALSE","$barc Map"
"$BARC_POSTSCRIPT",,"Bar-codes Call-back routine for PostScript printers","TRUE","FALSE","$barc Postscript"
"$BARC_SIXEL",,"Bar-codes Call-back routine for SIXEL Graphic compatible Printers","TRUE","FALSE","$barc Sixel"
"$BARCONV",,"Convert .BAR files to barmenu table","TRUE","FALSE","$barconv"
"$BARMENU",,"Pull-down menu routines","TRUE","FALSE","$barmenu"
"$BATCH",,"Processing batch handling","TRUE","FALSE","$batch"
"$BATCH_ATLAS",,"Processing batch handling","TRUE","FALSE","$batch Atlas"
"$BATCH_CHROM",,"Processing batch handling","TRUE","FALSE","$batch Chrom"
"$BATCH_ENTRY",,"Processing batch handling","TRUE","FALSE","$batch Entry"
"$BATCH_FORMULA",,"Processing batch handling","TRUE","FALSE","$batch Formula"
"$BATCH_HEADER",,"Processing batch handling","TRUE","FALSE","$batch Header"
"$BATCH_PRINT",,"Processing batch handling","TRUE","FALSE","$batch Print"
"$BATCH_RE",,"Processing batch handling","TRUE","FALSE","$batch Re"
"$BATCH_SCREEN",,"Processing batch handling","TRUE","FALSE","$batch Screen"
"$BATCH_SQC",,"Processing batch Statistical Quality Control Charts","TRUE","FALSE","$batch Sqc"
"$BATCH_TEMPLATE",,"Processing batch handling","TRUE","FALSE","$batch Template"
"$BATCH_TEMPLATE_ENT",,"Processing batch handling","TRUE","FALSE","$batch Template Ent"
"$BATCH_TEMPLATE_HEAD",,"Processing batch handling","TRUE","FALSE","$batch Template Head"
"$BATCH_TEMPLATE_LIST",,"Processing batch handling","TRUE","FALSE","$batch Template List"
"$BATCH_TMPL_SQC",,"Processing batch SQC templates","TRUE","FALSE","$batch Tmpl Sqc"
"$BATCH_USER",,"Processing batch handling","TRUE","FALSE","$batch User"
"$BATCH_UTILS",,"Processing batch handling","TRUE","FALSE","$batch Utils"
"$BATCH_XCHROM",,"Xchrom link handling","TRUE","FALSE","$batch Xchrom"
"$BL",,"Provides a pointer to the singleton, session-wide BL_SYSTEM","TRUE","FALSE","$bl"
"$BL_COLLECTABLE",,"Defines and implements the BL_COLLECTABLE class","TRUE","FALSE","$bl Collectable"
"$BL_COLLECTION",,"Defines and implements the BL_COLLECTION class","TRUE","FALSE","$bl Collection"
"$BL_COLUMN",,"Defines and implements the BL_COLUMN class","TRUE","FALSE","$bl Column"
"$BL_COLUMN_COLL",,"Defines and implements the BL_COLUMN_COLLECTION class","TRUE","FALSE","$bl Column Coll"
"$BL_CRITERIA",,"Defines and implements The BL_CRITERIA class","TRUE","FALSE","$bl Criteria"
"$BL_CRITERIA_BOOLEAN",,"Defines and implements the BL_CRITERIA_BOOLEAN class","TRUE","FALSE","$bl Criteria Boolean"
"$BL_CRITERIA_BRACKET",,"Defines and implements the BL_CRITERIA_BRACKET class","TRUE","FALSE","$bl Criteria Bracket"
"$BL_CRITERIA_ORDER",,"Defines and implements the BL_CRITERIA_ORDER class","TRUE","FALSE","$bl Criteria Order"
"$BL_CRITERIA_PRED",,"Defines and implements the BL_CRITERIA_PREDICATE class","TRUE","FALSE","$bl Criteria Pred"
"$BL_CUSTOM_VAL_COLL",,"Defines and implements the BL_CUSTOM_VALUES_COLLECTION class","TRUE","FALSE","$bl Custom Val Coll"
"$BL_CUSTOM_VALUE",,"Defines and implements the BL_CUSTOM_VALUE class","TRUE","FALSE","$bl Custom Value"
"$BL_DATACOLUMN",,"Defines and implements the BL_DATACOLUMN classes","TRUE","FALSE","$bl Datacolumn"
"$BL_DATASET",,"Defines and implements the BL_DATASET class","TRUE","FALSE","$bl Dataset"
"$BL_DATATABLE",,"Defines and implements the BL_DATATABLE class","TRUE","FALSE","$bl Datatable"
"$BL_DATATYPE",,"Defines and implements all system datatype classes","TRUE","FALSE","$bl Datatype"
"$BL_ERROR",,"Defines and implements the BL_ERROR class","TRUE","FALSE","$bl Error"
"$BL_ERROR_COLLECTION",,"Defines and implements the BL_ERROR_COLLECTION class","TRUE","FALSE","$bl Error Collection"
"$BL_FIELD",,"Defines and implements the BL_FIELD class","TRUE","FALSE","$bl Field"
"$BL_I",,"Defines the Business Logic Class Interfaces.","TRUE","FALSE","$bl I"
"$BL_IB_JOB",,"Defines and implements the BL_ITEM_BUILDER_JOB class","TRUE","FALSE","$bl Ib Job"
"$BL_IB_SAMPLE",,"Defines and implements the BL_ITEM_BUILDER_SAMPLE class","TRUE","FALSE","$bl Ib Sample"
"$BL_IB_TABLE",,"Defines and implements the BL_ITEM_BUILDER_TABLE class","TRUE","FALSE","$bl Ib Table"
"$BL_IB_TEST",,"Defines and implements the BL_ITEM_BUILDER_TEST class","TRUE","FALSE","$bl Ib Test"
"$BL_IDS_BUILDER",,"Defines and implements the BL_ITEM_DATASET_BUILDER class","TRUE","FALSE","$bl Ids Builder"
"$BL_IDT_FORMATTED",,"Defines and implements the BL_ITEM_DATATABLE_FORMATTED class","TRUE","FALSE","$bl Idt Formatted"
"$BL_IR_TABLE",,"Defines and implements the BL Item reader class","TRUE","FALSE","$bl Ir Table"
"$BL_IR_TMPL_FIELD",,"Defines and implements the BL_ITEM_READER_TEMPLATE_FIELD class","TRUE","FALSE","$bl Ir Tmpl Field"
"$BL_ITEM",,"The abstract base class for items","TRUE","FALSE","$bl Item"
"$BL_ITEM_COLLECTION",,"Defines and implements the BL_ITEM_COLLECTION class","TRUE","FALSE","$bl Item Collection"
"$BL_ITEM_CRITERIA",,"Defines and implements the BL_ITEM_CRITERIA class","TRUE","FALSE","$bl Item Criteria"
"$BL_ITEM_DATACOLUMN",,"Defines the BL_ITEM_DATACOLUMN classes.","TRUE","FALSE","$bl Item Datacolumn"
"$BL_ITEM_DATATABLE",,"Defines and implements the BL_ITEM_DATATABLE class","TRUE","FALSE","$bl Item Datatable"
"$BL_ITEM_EXP_AUX",,"Defines and implements the BL_ITEM_EXPLORER_AUX class","TRUE","FALSE","$bl Item Exp Aux"
"$BL_ITEM_EXP_FOLDER",,"Defines and implements the BL_ITEM_EXPLORER_FOLDER class","TRUE","FALSE","$bl Item Exp Folder"
"$BL_ITEM_EXP_RMB",,"Defines and implements the BL_ITEM_EXPLORER_RMB class","TRUE","FALSE","$bl Item Exp Rmb"
"$BL_ITEM_ICON",,"Defines and implements the BL_ITEM_ICON class","TRUE","FALSE","$bl Item Icon"
"$BL_ITEM_IM_T_PARAM",,"Defines and implements the BL_ITEM_INFOMAKER_TEMPLATE_PARAMETER class","TRUE","FALSE","$bl Item Im T Param"
"$BL_ITEM_IM_TEMPLATE",,"Defines and implements the BL_ITEM_INFOMAKER_TEMPLATE class","TRUE","FALSE","$bl Item Im Template"
"$BL_ITEM_J_TMP_FIELD",,"Defines and implements the BL_ITEM_JOB_TEMPLATE_FIELD class","TRUE","FALSE","$bl Item J Tmp Field"
"$BL_ITEM_JOB",,"Defines and implements the BL_ITEM_JOB class","TRUE","FALSE","$bl Item Job"
"$BL_ITEM_JOB_TMPL",,"Defines and implements the BL_ITEM_JOB_TEMPLATE class","TRUE","FALSE","$bl Item Job Tmpl"
"$BL_ITEM_MASTER_MENU",,"Defines and implements the BL_ITEM_MASTER_MENU class","TRUE","FALSE","$bl Item Master Menu"
"$BL_ITEM_PHRASE",,"Defines and implements the BL_ITEM_PHRASE class","TRUE","FALSE","$bl Item Phrase"
"$BL_ITEM_PHRSE_ENTRY",,"Defines and implements the BL_ITEM_PHRASE_ENTRY class","TRUE","FALSE","$bl Item Phrse Entry"
"$BL_ITEM_READER",,"Defines and implements the BL_ITEM_READER class","TRUE","FALSE","$bl Item Reader"
"$BL_ITEM_RELATIONSHP",,"Defines and implements the BL_ITEM_RELATIONSHIP class","TRUE","FALSE","$bl Item Relationshp"
"$BL_ITEM_S_TMP_FIELD",,"Defines and implements the BL_ITEM_SAMPLE_TEMPLATE_FIELD class","TRUE","FALSE","$bl Item S Tmp Field"
"$BL_ITEM_SAMPLE",,"Defines and implements the BL_ITEM_SAMPLE class","TRUE","FALSE","$bl Item Sample"
"$BL_ITEM_SAMPLE_PROC",,"Defines and implements the BL_ITEM_SAMPLING_PROCEDURE class","TRUE","FALSE","$bl Item Sample Proc"
"$BL_ITEM_SAMPLE_TMPL",,"Defines and implements the BL_ITEM_SAMPLE_TEMPLATE class","TRUE","FALSE","$bl Item Sample Tmpl"
"$BL_ITEM_TABLE_BASED",,"Defines and implements the BL_ITEM_TABLE_BASED class","TRUE","FALSE","$bl Item Table Based"
"$BL_ITEM_TEST",,"Defines and implements the BL_ITEM_TEST class","TRUE","FALSE","$bl Item Test"
"$BL_ITEM_TEST_SCHED",,"Defines and implements the BL_ITEM_TEST_SCHEDULE class","TRUE","FALSE","$bl Item Test Sched"
"$BL_ITEM_TMP_FIELD",,"Defines and implements the BL_ITEM_TEMPLATE_FIELD class","TRUE","FALSE","$bl Item Tmp Field"
"$BL_ITEM_TS_ENTRY",,"Defines and implements the BL_ITEM_TEST_SCHEDULE_ENTRY class","TRUE","FALSE","$bl Item Ts Entry"
"$BL_ITEM_TYPE",,"Defines and implements the BL_ITEM_TYPE class","TRUE","FALSE","$bl Item Type"
"$BL_ITEM_UI",,"Defines and implements the BL_ITEM_USER_INTERFACE class","TRUE","FALSE","$bl Item Ui"
"$BL_ITEM_UI_ACTION",,"Defines and implements the BL_ITEM_USER_INTERFACE_ACTION class","TRUE","FALSE","$bl Item Ui Action"
"$BL_ITEM_UI_FIELD",,"Defines and implements the BL_ITEM_USER_INTERFACE_FIELD class","TRUE","FALSE","$bl Item Ui Field"
"$BL_ITEM_VGL_LIBRARY",,"Defines and implements the BL_ITEM_VGL_LIBRARY class","TRUE","FALSE","$bl Item Vgl Library"
"$BL_ITEM_WEB_MENU",,"Defines and implements the BL_ITEM_WEB_MENU class","TRUE","FALSE","$bl Item Web Menu"
"$BL_ITEM_WEB_MU_ITEM",,"Defines and implements the BL_ITEM_WEB_MENU_ITEM class","TRUE","FALSE","$bl Item Web Mu Item"
"$BL_KEY_BUILDER",,"Defines and implements the BL_KEY_BUILDER classes.","TRUE","FALSE","$bl Key Builder"
"$BL_PROMPT_INFO",,"Defines and implements the BL_PROMPT_INFO classes","TRUE","FALSE","$bl Prompt Info"
"$BL_PROP_VAL_COLL",,"Defines and implements the BL_PROPERTY_VALUE_COLLECTION class","TRUE","FALSE","$bl Prop Val Coll"
"$BL_PROPERTY",,"Defines and implements the BL_PROPERTY class","TRUE","FALSE","$bl Property"
"$BL_PROPERTY_COLL",,"Defines and implements the BL_PROPERTY_COLLECTION class","TRUE","FALSE","$bl Property Coll"
"$BL_PROPERTY_FIELD",,"Defines and implements the BL_PROPERTY_FIELD class","TRUE","FALSE","$bl Property Field"
"$BL_PROPERTY_VALUE",,"Defines and implements the BL_PROPERTY_VALUE class","TRUE","FALSE","$bl Property Value"
"$BL_RANGE",,"Defines and implements the BL_RANGE class","TRUE","FALSE","$bl Range"
"$BL_RELATIONSHIP",,"Defines and implements the BL_RELATIONSHIP classes","TRUE","FALSE","$bl Relationship"
"$BL_SESSION",,"Defines and implements the BL_SESSION class","TRUE","FALSE","$bl Session"
"$BL_STACK_FRAME",,"Defines and implements the BL_STACK_FRAME class","TRUE","FALSE","$bl Stack Frame"
"$BL_SYSTEM",,"Defines and implements the BL_SYSTEM class","TRUE","FALSE","$bl System"
"$BL_TABLE",,"Defines and implements the BL_TABLE class","TRUE","FALSE","$bl Table"
"$BL_TYPE",,"Defines and implements the BL_TYPE class","TRUE","FALSE","$bl Type"
"$BL_TYPE_COLLECTION",,"Defines and implements the BL_TYPE_COLLECTION class","TRUE","FALSE","$bl Type Collection"
"$BL_TYPE_J_TMP_FIELD",,"Defines and implements the BL_TYPE_JOB_TEMPLATE_FIELD class","TRUE","FALSE","$bl Type J Tmp Field"
"$BL_TYPE_JOB",,"Defines and implements the BL_TYPE_JOB class","TRUE","FALSE","$bl Type Job"
"$BL_TYPE_S_TMP_FIELD",,"Defines and implements the BL_TYPE_SAMPLE_TEMPLATE_FIELD class","TRUE","FALSE","$bl Type S Tmp Field"
"$BL_TYPE_SAMPLE",,"Defines and implements the BL_TYPE_SAMPLE class","TRUE","FALSE","$bl Type Sample"
"$BL_TYPE_TABLE_BASED",,"Defines and implements the BL_TYPE_TABLE_BASED class","TRUE","FALSE","$bl Type Table Based"
"$BL_TYPE_TEST",,"Defines and implements the BL_TYPE_TEST class","TRUE","FALSE","$bl Type Test"
"$BL_TYPE_TYPE",,"Defines and implements the BL_TYPE_TYPE class","TRUE","FALSE","$bl Type Type"
"$BROWSE","SYSTEM","Browse Library","TRUE","FALSE","$browse"
"$BROWSE_DATE",,"Browse Library","TRUE","FALSE","$browse Date"
"$BROWSE_FIELD",,"Browse Library","TRUE","FALSE","$browse Field"
"$BROWSE_FORM","SYSTEM","Browse Library","TRUE","FALSE","$browse Form"
"$BROWSE_PHRASE","SYSTEM","Browse Library","TRUE","FALSE","$browse Phrase"
"$BSMP_LIB",,"Background SMP library routines","TRUE","FALSE","$bsmp Lib"
"$BSMP_LSCH","SYSTEM","Background Sample Login","TRUE","FALSE","$bsmp Lsch"
"$BSMP_REPT","SYSTEM","Background Sample Manager Report Generation","TRUE","FALSE","$bsmp Rept"
"$BSMP_TIMER_SCHEDULE","SYSTEM","Background Sample Manager Interval handling routines","TRUE","FALSE","$bsmp Timer Schedule"
"$BSMPLOGIN",,"Collection of routines for background sample login","TRUE","FALSE","$bsmplogin"
"$CALC_BUILD",,"Calculation builder","TRUE","FALSE","$calc Build"
"$CALC_FORMULA",,"Calculation LTE Formula Backpage","TRUE","FALSE","$calc Formula"
"$CALC_FUNCTION",,"Calculation Function LTE Backpage","TRUE","FALSE","$calc Function"
"$CALC_MATH",,,"TRUE","FALSE","$calc Math"
"$CALCSYNT",,"Compile and Debug Syntaxes and Calculations","TRUE","FALSE","$calcsynt"
"$CALCULATOR",,"Numeric Calculator","TRUE","FALSE","$calculator"
"$CALENDAR_SETUP",,"Calendar / Non - working period setup utility","TRUE","FALSE","$calendar Setup"
"$CALIBCHCK",,"List all Instruments Requiring Calibration","TRUE","FALSE","$calibchck"
"$CALIBINST",,"Instrument Calibration Report","TRUE","FALSE","$calibinst"
"$CERT_DATA",,"Generation of Certificate Data Section Entries","TRUE","FALSE","$cert Data"
"$CERT_ECSMLP","SYSTEM","Certificate Spec Checking","TRUE","FALSE","$Cert Ecsmlp"
"$CERT_PROMPT",,"Generation of Certificate Prompt Section Entries","TRUE","FALSE","$cert Prompt"
"$CERT_RESULT",,"Generation of Certificate Result Section Entries","TRUE","FALSE","$cert Result"
"$CERT_SECTION",,"Certificate Section Definition","TRUE","FALSE","$cert Section"
"$CERT_TEMPLATE",,"Generation of Certificate Template Entries","TRUE","FALSE","$cert Template"
"$CERTIFICATE",,"Main Certificate Creation","TRUE","FALSE","$certificate"
"$CERTIFICATE_FILTER",,"Place for custom filter routines","TRUE","FALSE","$certificate Filter"
"$CERTIFICATE_LIB",,"Certificate Library","TRUE","FALSE","$certificate Lib"
"$CGI_LABSYSTEMS",,"HTML CGI scripts","TRUE","FALSE","$cgi Labsystems"
"$CGI_LIB",,"HTTP CGI script interface for VGL Web Server","TRUE","FALSE","$cgi Lib"
"$CGI_SCRIPTS",,"HTTP CGI scripts (routines) for VGL Web Server","TRUE","FALSE","$cgi Scripts"
"$CGI_SM_DATA",,"SampleManager Data HTML CGI scripts","TRUE","FALSE","$cgi Sm Data"
"$CHARGE",,"Main Charge Report","TRUE","FALSE","$charge"
"$CHROM_INSTALL",,"Chromeleon Link Install Utility","TRUE","FALSE","$Chrom Install"
"$CHROM_LIB",,"Chromeleon Link VGL Support Library","TRUE","FALSE","$Chrom Lib"
"$CHROM_LIB_USER",,"Chromeleon Link VGL Support Library - End user customizations","TRUE","FALSE","$Chromeleon Lib User"
"$CHSTAT",,"Change status report","TRUE","FALSE","$chstat"
"$COA_CRITERIA",,"LTE Certificate Template Criteria Control","TRUE","FALSE","$coa Criteria"
"$COA_DATA",,"LTE Certificate Template Data Control","TRUE","FALSE","$coa Data"
"$COA_DESTINATION",,"LTE Certificate Template Destination Control","TRUE","FALSE","$coa Destination"
"$COA_PROMPT",,"LTE Certificate Template Prompt Control","TRUE","FALSE","$coa Prompt"
"$COA_RESULT",,"LTE Certificate Template Result Control","TRUE","FALSE","$coa Result"
"$COA_SECTION",,"LTE Certificate Template Section Control","TRUE","FALSE","$coa Section"
"$COLUMN_SET",,,"TRUE","FALSE","$column Set"
"$COLUMN_SET_ENTRY",,"2nd page LTE for column set definition","TRUE","FALSE","$column Set Entry"
"$COM",,"Report to switch between using committed and active tables","TRUE","FALSE","$com"
"$COMMIT",,"Library containing Commit routines and screens","TRUE","FALSE","$commit"
"$COMMIT_USER",,"Commit record callback routine","TRUE","FALSE","$commit User"
"$COMP_EDIT",,"Component Editor","TRUE","FALSE","$comp Edit"
"$COMP_LIST",,"Component List Editor","TRUE","FALSE","$comp List"
"$COMP_MATRIX",,"Matrix Component Main Editor","TRUE","FALSE","$comp Matrix"
"$COMP_MATRIX_GRID",,"Matrix Component Editor","TRUE","FALSE","$comp Matrix Grid"
"$COMPILE","SYSTEM","Compile All Reports","TRUE","FALSE","$compile"
"$COMPL_CHECKLIST",,,"TRUE","FALSE","$compl Checklist"
"$CONFIG",,"Configuration calling program","TRUE","FALSE","$config"
"$CONFIG_CALLS","SYSTEM","Configuration handling","TRUE","FALSE","$config Calls"
"$CONFIG_EDITOR","SYSTEM","Configuration handling","TRUE","FALSE","$config Editor"
"$CONFIG_ITEM","SYSTEM","Configuration handling","TRUE","FALSE","$config Item"
"$CONFIG_LOAD",,"Tool to load CNF files into configuration tables","TRUE","FALSE","$config Load"
"$CONFIG_PROMPT",,"Prompt objects for configuration screens","TRUE","FALSE","$config Prompt"
"$CONVERT_CRITERIA","SYSTEM","Load criteria squirrel files into database tables","TRUE","FALSE","$convert Criteria"
"$CONVERT_INSTTYPE","SYSTEM","Convert INSTTYPE phrase entries into Instrument Templates","TRUE","FALSE","$convert Insttype"
"$CONVERT_MESSAGES","SYSTEM","Convert MESSAGES.PRN to PRN_MESSAGES.TXT for v3.0","TRUE","FALSE","$convert Messages"
"$CONVERT_SELECT","SYSTEM","Convert selection criteria files to v3.0 compatible","TRUE","FALSE","$convert Select"
"$COW",,"Displays memory information","TRUE","FALSE","$cow"
"$COW_SQL_TRACE",,"Wraps Oracle SQL Trace functionality","TRUE","FALSE","$cow Sql Trace"
"$CREATE_ENTITIES",,"Creates Entity Definitions based on the current database structure","TRUE","FALSE","$create Entities"
"$CREATE_MENU",,"Menu creation facility","TRUE","FALSE","$create Menu"
"$CRITERIA_BUILD",,"Criteria Builder","TRUE","FALSE","$criteria Build"
"$CRITERIA_CACHE",,"Report to cache information about criteria screens","TRUE","FALSE","$criteria Cache"
"$CRITERIA_EDIT",,"Criteria editing screen","TRUE","FALSE","$criteria Edit"
"$CRITERIA_FIELD",,"Prompt class for criteria screens","TRUE","FALSE","$criteria Field"
"$CRITERIA_FIELDS",,"Criteria Fields Class","TRUE","FALSE","$criteria Fields"
"$CRITERIA_GRID",,"Criteria Grid Class","TRUE","FALSE","$criteria Grid"
"$CRITERIA_LIB",,"Library of routines for handling the criteria key","TRUE","FALSE","$criteria Lib"
"$CRITERIA_LTE",,"Column Definitions table editor main program","TRUE","FALSE","$criteria Lte"
"$CRITERIA_LTE_PAGE2",,"Editor for tables page of Column Definitions","TRUE","FALSE","$criteria Lte Page2"
"$CRITERIA_LTE_PAGE3",,"Editor for fields page of Column Definitions","TRUE","FALSE","$criteria Lte Page3"
"$CRITERIA_SAVED",,"Library of routines to load and save Selection Criteria","TRUE","FALSE","$criteria Saved"
"$CRITERIA_VALUE",,"Criteria Value Class","TRUE","FALSE","$criteria Value"
"$CRITERIA_VALUE_LIB",,,"TRUE","FALSE","$criteria Value Lib"
"$CSM_CONF",,"Configuration for CSMLP","TRUE","FALSE","$csm Conf"
"$CSM_USER",,"Configurable user routines for CSMLP","TRUE","FALSE","$csm User"
"$CSMLP",,"Compare sample with MLP","TRUE","FALSE","$csmlp"
"$CSMLP_LOG",,"Create/view log file created by CSMLP","TRUE","FALSE","$csmlp Log"
"$CUSTOMER","SYSTEM","Samples Assigned to a Customer","TRUE","FALSE","$customer"
"$DATABASE_BROWSE",,"Database Browse Class","TRUE","FALSE","$database Browse"
"$DATATREE",,"Tree Display for Samples, Tests and Results","TRUE","FALSE","$datatree"
"$DATE_INV_TO_NULL",,"Convert invalid blank dates to database NULLs","TRUE","FALSE","$date Inv To Null"
"$DBTAB",,"Database version of SuperTAB","TRUE","FALSE","$dbtab"
"$DESKTOP",,"Active Desktop functions and procedures","TRUE","FALSE","$desktop"
"$DESKTOP_SUMMARY",,"Active Workbench support","TRUE","FALSE","$desktop Summary"
"$DESTINATION_CLASS",,"New version of $literal","TRUE","FALSE","$destination Class"
"$DESTINATION_MAIN",,"New version of $literal","TRUE","FALSE","$destination Main"
"$DESTINATION_STAN",,"Standard output destinations","TRUE","FALSE","$destination Stan"
"$DESTINATION_USER",,"User defined output destinations","TRUE","FALSE","$destination User"
"$DEVELOP","SYSTEM","Report Development","TRUE","FALSE","$develop"
"$DEVELOP_GUI","SYSTEM","Report Development for GUI","TRUE","FALSE","$develop Gui"
"$DISTRIBUTION",,"Add distribution lists","TRUE","FALSE","$distribution"
"$DM_INSTALL","SYSTEM","Data Manager Install Utility","TRUE","FALSE","$DM Install"
"$EFM_INSTALL","SYSTEM","EFM Installation Utility","TRUE","FALSE","$efm Install"
"$EMLP_COMP",,"EMLP Comparison Screen","TRUE","FALSE","$emlp Comp"
"$EMLP_INV",,"EMLP Investigation Screen","TRUE","FALSE","$emlp Inv"
"$EMLP_LIB",,"EMLP Utility Library","TRUE","FALSE","$emlp Lib"
"$EMLP_USER",,"EMLP User Callback Routines","TRUE","FALSE","$emlp User"
"$ENTITY_NAMES",,"Populates blank name fields with a value derived from ID","TRUE","FALSE","$entity Names"
"$ENVIRON_VALUE_LIB",,,"TRUE","FALSE","$environ Value Lib"
"$ESIG_ACCESS_LOG","SYSTEM","Viewer for the access log table","TRUE","FALSE","$esig Access Log"
"$ESIG_EXPLORER","SYSTEM","Electronic Signature helper routines for explorer","TRUE","FALSE","$esig Explorer"
"$ESIG_SETUP","SYSTEM","Define the current ESIG settings","TRUE","FALSE","$esig Setup"
"$ESIG_SIGNING_LOG","SYSTEM","View Electronic Signature Log","TRUE","FALSE","$esig Signing Log"
"$EVE",,"Calls the current text editor","TRUE","FALSE","$eve"
"$EWS_SETUP",,"Enhanced worksheets phrase setup routine","TRUE","FALSE","$ews Setup"
"$EXPANDING_TREE",,,"TRUE","FALSE","$expanding Tree"
"$EXPLORER",,"LIMS explorer","TRUE","FALSE","$explorer"
"$EXPLORER_AUX","SYSTEM","Table Driven Aux Report for the Explorer","TRUE","FALSE","$explorer Aux"
"$EXPLORER_AUX_LTE",,"Auxillary Support Table for the Explorer","TRUE","FALSE","$explorer Aux Lte"
"$EXPLORER_CAB_LTE","SYSTEM","Cabinet Support Table for the Explorer","TRUE","FALSE","$explorer Cab Lte"
"$EXPLORER_EDIT_TREE",,"Explorer Support Library","TRUE","FALSE","$explorer Edit Tree"
"$EXPLORER_GROUP",,"Explorer Support Library","TRUE","FALSE","$explorer Group"
"$EXPLORER_HIER_LTE",,"Library for Explorer Hier LTE Editing","TRUE","FALSE","$explorer Hier Lte"
"$EXPLORER_LIB","SYSTEM","Explorer Support Library","TRUE","FALSE","$explorer Lib"
"$EXPLORER_MENU",,,"TRUE","FALSE","$explorer Menu"
"$EXPLORER_MIGRATE","SYSTEM","Explorer Migration Utilities","TRUE","FALSE","$explorer Migrate"
"$EXPLORER_PLUG_TREE","SYSTEM","Explorer Plugin Tree","TRUE","FALSE","$explorer Plug Tree"
"$EXPLORER_RMB",,"Explorer RMB Support","TRUE","FALSE","$explorer Rmb"
"$EXPLORER_ROLE","SYSTEM","Explorer Support Library","TRUE","FALSE","$explorer Role"
"$EXPLORER_SETUP",,"Explorer Support Library","TRUE","FALSE","$explorer Setup"
"$EXPLORER_TREE",,"Tree support for explorer","TRUE","FALSE","$explorer Tree"
"$EXPLORER_UTILS",,"Explorer Support Library","TRUE","FALSE","$explorer Utils"
"$FAVOURITES","SYSTEM","Library of favourite handling routines","TRUE","FALSE","$favourites"
"$FAVOURITES_RMB","SYSTEM","Library of RMB options for favourites","TRUE","FALSE","$favourites Rmb"
"$FORMULA_SCRIPT",,"Formula script for validation","TRUE","FALSE","$formula Script"
"$FORMULA_TEST",,"Formula test report","TRUE","FALSE","$formula Test"
"$GEN_APPR",,"Generic Approval Library","TRUE","FALSE","$gen Appr"
"$GEN_APPR_USER",,"User callbacks for Generic Approval Library","TRUE","FALSE","$gen Appr User"
"$GEN_CONF","SYSTEM","Job Worksheet Constants","TRUE","FALSE","$gen Conf"
"$GENCOMP",,"Generate or Compile a VGL Report","TRUE","FALSE","$gencomp"
"$GENRESLIS",,"Sample Results Report","TRUE","FALSE","$genreslis"
"$GR_OUTPUT","SYSTEM","Routines to send graphics to an Output","TRUE","FALSE","$gr Output"
"$GRAFIX","SYSTEM","Graphics Demonstration","TRUE","FALSE","$grafix"
"$GRANT",,"Produce grant SQL script","TRUE","FALSE","$grant"
"$GRAPH",,"Main program to handle VGL graphics","TRUE","FALSE","$graph"
"$GRAPH_CONSTANTS","SYSTEM","Graphics routine constants","TRUE","FALSE","$graph Constants"
"$GRAPH_DEVICE","SYSTEM","Graphics devices class definition","TRUE","FALSE","$graph Device"
"$GRAPH_UTLS","SYSTEM","Graphics library","TRUE","FALSE","$graph Utls"
"$GRAPHWSHT","SYSTEM","Graphical Display for Analysis Worksheet","TRUE","FALSE","$graphwsht"
"$GROUP_PROMPT",,"Browse for group identity using the hierarchical grouping","TRUE","FALSE","$group Prompt"
"$GROUP_TREE",,"Provides hierarchical group manipulation and display","TRUE","FALSE","$group Tree"
"$GROUPLINK","SYSTEM","Personnel group access editor","TRUE","FALSE","$grouplink"
"$GROUPS","SYSTEM","Populate LIMS_TABLE with group definitions from structure","TRUE","FALSE","$groups"
"$GUI_BL_DATA_BROWSER","SYSTEM","GUI front end for the business logic objects","TRUE","FALSE","$gui Bl Data Browser"
"$GUI_BL_LIB","SYSTEM","Library of GUI routines to output info on business logic","TRUE","FALSE","$gui Bl Lib"
"$GUI_EXPIRE_VERS","SYSTEM","Routines to expire/reactivate standard versions","TRUE","FALSE","$gui Expire Vers"
"$HANGMAN","SYSTEM","Hangman Game","TRUE","FALSE","$hangman"
"$HANOI","SYSTEM","Hanoi Game","TRUE","FALSE","$hanoi"
"$HANOI_NOPIC","SYSTEM","Example of VGL - Hanoi demo (no picture)","TRUE","FALSE","$hanoi Nopic"
"$HELP",,,"TRUE","FALSE","$help"
"$HELP_CHAPTERS",,"Maintenance of Help Chapters and their Contents","TRUE","FALSE","$help Chapters"
"$HELP_CONTENTS","SYSTEM","Reports to provide HELP key response","TRUE","FALSE","$help Contents"
"$HELP_CUSTOM","SYSTEM","Reports to call custom help","TRUE","FALSE","$help Custom"
"$HELP_DATAMANAGER","SYSTEM","Reports to call custom help","TRUE","FALSE","$help DataManager"
"$HELP_GAML_CVT","SYSTEM","Call GAML Converters help","TRUE","FALSE","$help Gaml Converters"
"$HELP_HISTORY","SYSTEM","Reports to provide HELP history","TRUE","FALSE","$help History"
"$HELP_READ",,"Parsing routines for HELP screens","TRUE","FALSE","$help Read"
"$HELP_SECTIONS",,"HELP context links handling","TRUE","FALSE","$help Sections"
"$HOT_EGC","SYSTEM","Hot Keys Edit Global Configuration","TRUE","FALSE","$hot Egc"
"$HOT_KEY","SYSTEM","Hot Keys Report","TRUE","FALSE","$hot Key"
"$HOT_STT","SYSTEM","Hot Keys Selected Sample Status","TRUE","FALSE","$hot Stt"
"$HPGL",,"Device library for HPGL graphics","TRUE","FALSE","$hpgl"
"$HPGL_SIZE",,"HPGL printing","TRUE","FALSE","$hpgl Size"
"$HPGL_TO_PS",,"HPGL converter","TRUE","FALSE","$hpgl To Ps"
"$HTML_LIB",,"HTML Library for VGL WebServer","TRUE","FALSE","$html Lib"
"$HTTP_LIB",,"HTTP Library for VGL Web Server","TRUE","FALSE","$http Lib"
"$IMPRINT_HEADINGS",,"Library of constants for use with InfoMaker","TRUE","FALSE","$imprint Headings"
"$INCIDENT_ACTIONS",,,"TRUE","FALSE","$incident Actions"
"$INCIDENT_LOGIN",,,"TRUE","FALSE","$incident Login"
"$INCREMENT_LOADER","SYSTEM","Increment loader report for upgrade","TRUE","FALSE","$increment Loader"
"$INFOMAKER_PARAMS",,"Infomaker LTE secondary window routines","TRUE","FALSE","$infomaker Params"
"$INFOMAKER_REPORT",,"Infomaker report run routines","TRUE","FALSE","$infomaker Report"
"$INFOMAKER_TEMP",,"Example code to run report","TRUE","FALSE","$infomaker Temp"
"$INSPECT",,"Sample Inspection handling","TRUE","FALSE","$inspect"
"$INSPECTION_HISTORY",,"View inspection records for Sample","TRUE","FALSE","$inspection History"
"$INSTALL_WINDOW","SYSTEM","Percentage bar objects","TRUE","FALSE","$install Window"
"$INSTASSN","SYSTEM","Samples Assigned to an Instrument","TRUE","FALSE","$instassn"
"$INSTRUMENT_COMM",,"Instrument Communication Class Library","TRUE","FALSE","$instrument Comm"
"$INTCOMM","SYSTEM","Interactive Sample Commit","TRUE","FALSE","$intcomm"
"$INTEGRATION_MANAGER",,"Run Sequence File Generation","FALSE","FALSE","$Vglvm Integration Manager"
"$JOBCREATE","SYSTEM","Job Creation Routines","TRUE","FALSE","$jobcreate"
"$JOBHEADER",,"List job headers","TRUE","FALSE","$jobheader"
"$JOBLIST",,"List jobs","TRUE","FALSE","$joblist"
"$JOBSTAT","SYSTEM","Job status update report","TRUE","FALSE","$jobstat"
"$JOBSUM","SYSTEM","Summary of Samples in a Job","TRUE","FALSE","$jobsum"
"$JOBWKSHBK",,"Background job Worksheet generation","TRUE","FALSE","$jobwkshbk"
"$JOBWRKSHT","SYSTEM","Generate Sample Worksheets for a job","TRUE","FALSE","$jobwrksht"
"$JOURNAL","SYSTEM","Journalling on/off - script writer","TRUE","FALSE","$journal"
"$KEYS",,"Display the interpretation of keyboard keys","TRUE","FALSE","$keys"
"$LAB",,"Laboratory Tables Report","TRUE","FALSE","$lab"
"$LAB_ASSISTANT",,"Lab Assistant","TRUE","FALSE","$lab Assistant"
"$LAB_DEL","SYSTEM","Laboratory Tables Record Deleter","TRUE","FALSE","$lab Del"
"$LAB_USER","SYSTEM","User configuration of 2nd page LTE's","TRUE","FALSE","$lab User"
"$LABSETUP","SYSTEM","Table Editor Setup","TRUE","FALSE","$labsetup"
"$LABTAB_IMPRINT","SYSTEM","SMReporter labtable list","TRUE","FALSE","$labtab Imprint"
"$LABTABLE_DB",,,"TRUE","FALSE","$labtable Db"
"$LABTABLE_DB_DEF",,,"TRUE","FALSE","$labtable Db Def"
"$LABTABLE_DB_EDIT",,,"TRUE","FALSE","$labtable Db Edit"
"$LABTABLIB","SYSTEM","Table Editor Library","TRUE","FALSE","$labtablib"
"$LE_INSTRUMENT_COMM","SYSTEM","Lab Execution Instrument Comms Support","FALSE","FALSE","$LE Instrument Comm"
"$LEVEL_MOD","SYSTEM","MLP Levels modification screen","TRUE","FALSE","$level Mod"
"$LIB_ADORECORDSET","SYSTEM","ADO Recordset Support","TRUE","FALSE","$lib Adorecordset"
"$LIB_APPR","SYSTEM","Library of Operator Approval routines","TRUE","FALSE","$lib Appr"
"$LIB_ARSEL","SYSTEM","Array selection criteria routines","TRUE","FALSE","$lib Arsel"
"$LIB_BACKGROUND",,"Generic Class for Dedicated Background VGL Processes","TRUE","FALSE","$lib Background"
"$LIB_BROWSER_MULTI","SYSTEM","Multi select browse library","TRUE","FALSE","$lib Browser Multi"
"$LIB_CALC_WINDOWS",,"Library Routines to Display the Calculator","TRUE","FALSE","$lib Calc Windows"
"$LIB_CALCULATOR",,"Library Routines for Numeric Calculator","TRUE","FALSE","$lib Calculator"
"$LIB_CALLBACK","SYSTEM","Library to support callbacks","TRUE","FALSE","$lib Callback"
"$LIB_CHARG","SYSTEM","Library Routines to calculate Charges","TRUE","FALSE","$lib Charg"
"$LIB_CHOOSE_ARRAY",,,"TRUE","FALSE","$lib Choose Array"
"$LIB_COMM","SYSTEM","Commit routines","TRUE","FALSE","$lib Comm"
"$LIB_COMP","SYSTEM","Component Utility routines","TRUE","FALSE","$lib Comp"
"$LIB_CSMLP","SYSTEM","Result entry report","TRUE","FALSE","$lib Csmlp"
"$LIB_CSMLP_GEN","SYSTEM","General database and error logging routines","TRUE","FALSE","$lib Csmlp Gen"
"$LIB_DB",,"Database manipulation routines","TRUE","FALSE","$lib Db"
"$LIB_DYNAMIC_SQL",,,"TRUE","FALSE","$lib Dynamic Sql"
"$LIB_ECSMLP",,"Implements Extended Interface to $LIB_CSMLP","TRUE","FALSE","$lib Ecsmlp"
"$LIB_EGC","SYSTEM","Library of Global Editing routines","TRUE","FALSE","$lib Egc"
"$LIB_ENTITYLINK_VIEW","SYSTEM","Library of Entity relationships","TRUE","FALSE","$lib Entitylink View"
"$LIB_EXPORT","SYSTEM","Export Library","TRUE","FALSE","$lib Export"
"$LIB_FILTR","SYSTEM","Sig figs Library","TRUE","FALSE","$lib Filtr"
"$LIB_FLAGS","SYSTEM","Flags Library","TRUE","FALSE","$lib Flags"
"$LIB_FORMULATION","SYSTEM","Sample / Sub-sample formulation Library","TRUE","FALSE","$lib Formulation"
"$LIB_GRID","SYSTEM","Utility routines for Grid handling","TRUE","FALSE","$lib Grid"
"$LIB_IMPRINT","SYSTEM","Library of Imprint related routines","TRUE","FALSE","$lib Imprint"
"$LIB_INSPECT",,"Sample Inspection handling","TRUE","FALSE","$lib Inspect"
"$LIB_INSTRUMENT","SYSTEM","Instrument state handling","TRUE","FALSE","$lib Instrument"
"$LIB_JOB","SYSTEM","Library of Job login routines","TRUE","FALSE","$lib Job"
"$LIB_JOB_VAL_USER","SYSTEM",,"TRUE","FALSE","$lib Job Val User"
"$LIB_JOB_VALIDATE","SYSTEM",,"TRUE","FALSE","$lib Job Validate"
"$LIB_LEVEL","SYSTEM","Library of MLP level routines","TRUE","FALSE","$lib Level"
"$LIB_LIMIT","SYSTEM","Library of MLP limit routines","TRUE","FALSE","$lib Limit"
"$LIB_LIST_BROWSER","SYSTEM","Library to support browsing via a List Control","TRUE","FALSE","$lib List Browser"
"$LIB_LIST_CHOOSER",,"List Chooser Class","TRUE","FALSE","$lib List Chooser"
"$LIB_LIST_RESULT",,"List result code","TRUE","FALSE","$lib List Result"
"$LIB_LIST_VIEWER","SYSTEM","List Viewer Class","TRUE","FALSE","$lib List Viewer"
"$LIB_LOG_VIEWER","SYSTEM","Log Viewer Class","TRUE","FALSE","$lib Log Viewer"
"$LIB_LTE_APPROVE","SYSTEM","LTE Approval Support","TRUE","FALSE","$lib Lte Approve"
"$LIB_MATH","SYSTEM","Maths routines for unit conversion","TRUE","FALSE","$lib Math"
"$LIB_MENU",,"Bar menu library functions","TRUE","FALSE","$lib Menu"
"$LIB_MLPS","SYSTEM","Multi Level Product Specification Library routines","TRUE","FALSE","$lib Mlps"
"$LIB_OA",,"Operator Approval Checking Code","TRUE","FALSE","$lib Oa"
"$LIB_OBJECT_BROWSER","SYSTEM","Object Browsing Support","TRUE","FALSE","$lib Object Browser"
"$LIB_PARSE",,"Generic parsing and cache classes","TRUE","FALSE","$lib Parse"
"$LIB_POPUP_MENU","SYSTEM","Popup Menu Support","TRUE","FALSE","$lib Popup Menu"
"$LIB_POSTSCRIPT",,"Postscript converter code","TRUE","FALSE","$lib Postscript"
"$LIB_PROMPT","SYSTEM","Message routines for prompt validation failures","TRUE","FALSE","$lib Prompt"
"$LIB_PROMPT_ARRAY","SYSTEM","Routines for manipulating prompt details","TRUE","FALSE","$lib Prompt Array"
"$LIB_PROPERTY_SHEET","SYSTEM","Property Sheet Support","TRUE","FALSE","$lib Property Sheet"
"$LIB_RE_AD_HOC","SYSTEM","Result entry report","TRUE","FALSE","$lib Re Ad Hoc"
"$LIB_RE_AUDIT","SYSTEM","Result entry report","TRUE","FALSE","$lib Re Audit"
"$LIB_RE_BOOLEAN","SYSTEM","Result entry report","TRUE","FALSE","$lib Re Boolean"
"$LIB_RE_CALCULATED","SYSTEM","Result entry report","TRUE","FALSE","$lib Re Calculated"
"$LIB_RE_CHAR","SYSTEM","Result entry report","TRUE","FALSE","$lib Re Char"
"$LIB_RE_COLLECTION","SYSTEM","Result entry report","TRUE","FALSE","$lib Re Collection"
"$LIB_RE_COLUMNS","SYSTEM","Result Entry screen layout handling","TRUE","FALSE","$lib Re Columns"
"$LIB_RE_COMMANDS","SYSTEM","Result commands entry point","TRUE","FALSE","$lib Re Commands"
"$LIB_RE_CONTEXT","SYSTEM","Result entry report","TRUE","FALSE","$lib Re Context"
"$LIB_RE_CRITERIA",,"Result entry by criteria","TRUE","FALSE","$lib Re Criteria"
"$LIB_RE_DATE","SYSTEM","Result entry report","TRUE","FALSE","$lib Re Date"
"$LIB_RE_ENTITY","SYSTEM","Result entry report","TRUE","FALSE","$lib Re Entity"
"$LIB_RE_EWS","SYSTEM","Result entry report","TRUE","FALSE","$lib Re Ews"
"$LIB_RE_EWS_FILE","SYSTEM","Result entry report","TRUE","FALSE","$lib Re Ews File"
"$LIB_RE_FILE","SYSTEM","Result entry report","TRUE","FALSE","$lib Re File"
"$LIB_RE_FILE_BROWSE","SYSTEM","Result entry report for file results","TRUE","FALSE","$lib Re File Browse"
"$LIB_RE_FORMULA",,"Calculation formulas","TRUE","FALSE","$lib Re Formula"
"$LIB_RE_GLOBALS","SYSTEM","Result entry report","TRUE","FALSE","$lib Re Globals"
"$LIB_RE_GRAPH","SYSTEM","Result entry report","TRUE","FALSE","$lib Re Graph"
"$LIB_RE_GRAPH_USER","SYSTEM","User extension point for RE graph","TRUE","FALSE","$lib Re Graph User"
"$LIB_RE_INCIDENT",,,"TRUE","FALSE","$lib Re Incident"
"$LIB_RE_INTERFACE",,"Result entry interface","TRUE","FALSE","$lib Re Interface"
"$LIB_RE_INTERVAL","SYSTEM","Result entry report","TRUE","FALSE","$lib Re Interval"
"$LIB_RE_LIST","SYSTEM","Result entry report","TRUE","FALSE","$lib Re List"
"$LIB_RE_LIST_RESULT",,"List Result handling","TRUE","FALSE","$lib Re List Result"
"$LIB_RE_MATRIX","SYSTEM","Result entry report","TRUE","FALSE","$lib Re Matrix"
"$LIB_RE_MLP","SYSTEM","Result entry report","TRUE","FALSE","$lib Re Mlp"
"$LIB_RE_NUMERIC","SYSTEM","Result entry report","TRUE","FALSE","$lib Re Numeric"
"$LIB_RE_OPTION","SYSTEM","Result entry report","TRUE","FALSE","$lib Re Option"
"$LIB_RE_PROMPT","SYSTEM","Result entry report","TRUE","FALSE","$lib Re Prompt"
"$LIB_RE_PUT_TEST","SYSTEM","Result entry report","TRUE","FALSE","$lib Re Put Test"
"$LIB_RE_RESULT","SYSTEM","Result entry report","TRUE","FALSE","$lib Re Result"
"$LIB_RE_SAMPLE","SYSTEM","Result entry report","TRUE","FALSE","$lib Re Sample"
"$LIB_RE_TEST","SYSTEM","Result entry report","TRUE","FALSE","$lib Re Test"
"$LIB_RE_TEXT","SYSTEM","Result entry report","TRUE","FALSE","$lib Re Text"
"$LIB_RE_TREE","SYSTEM","Result entry tree","TRUE","FALSE","$lib Re Tree"
"$LIB_RE_UNKNOWN","SYSTEM","Result entry report","TRUE","FALSE","$lib Re Unknown"
"$LIB_RE_WORKSHEET","SYSTEM","Result entry report","TRUE","FALSE","$lib Re Worksheet"
"$LIB_RECORD_BROWSER","SYSTEM","Record Select browse","TRUE","FALSE","$lib Record Browser"
"$LIB_RESLT","SYSTEM","Result entry report","TRUE","FALSE","$lib Reslt"
"$LIB_SAMP","SYSTEM","Library of Sample login routines","TRUE","FALSE","$lib Samp"
"$LIB_SAMP_VAL_USER","SYSTEM",,"TRUE","FALSE","$lib Samp Val User"
"$LIB_SAMP_VALIDATE","SYSTEM",,"TRUE","FALSE","$lib Samp Validate"
"$LIB_SBR","SYSTEM","SBR library routines","TRUE","FALSE","$lib Sbr"
"$LIB_SEL","SYSTEM","Selection criteria routines","TRUE","FALSE","$lib Sel"
"$LIB_SELECT","SYSTEM","Swapper grid control","TRUE","FALSE","$lib Select"
"$LIB_STAN","SYSTEM","Standards Library","TRUE","FALSE","$lib Stan"
"$LIB_STATUS_WINDOW","SYSTEM","Information Window Control","TRUE","FALSE","$lib Status Window"
"$LIB_STOCK","SYSTEM","Stock handling library","TRUE","FALSE","$lib Stock"
"$LIB_SYNTAX",,"Syntax Generation Routines","TRUE","FALSE","$lib Syntax"
"$LIB_TEMP","SYSTEM","Library of Sample template routines","TRUE","FALSE","$lib Temp"
"$LIB_TEST","SYSTEM","Library of Test login routines","TRUE","FALSE","$lib Test"
"$LIB_TEST_VAL_USER","SYSTEM",,"TRUE","FALSE","$lib Test Val User"
"$LIB_TEST_VALIDATE","SYSTEM",,"TRUE","FALSE","$lib Test Validate"
"$LIB_TEXT","SYSTEM","Library of Text processing routines","TRUE","FALSE","$lib Text"
"$LIB_TIME","SYSTEM","Library of WDT Scheduler support routines","TRUE","FALSE","$lib Time"
"$LIB_TMR_FORM","SYSTEM","Matrix result entry report","TRUE","FALSE","$lib Tmr Form"
"$LIB_TMR_GRID","SYSTEM","Matrix result entry report","TRUE","FALSE","$lib Tmr Grid"
"$LIB_TMR_SELECT","SYSTEM","Matrix result entry report","TRUE","FALSE","$lib Tmr Select"
"$LIB_TMR_TOOLBOX","SYSTEM","Toolbox report for Matrix Result Entry","TRUE","FALSE","$lib Tmr Toolbox"
"$LIB_TMR_USER","SYSTEM","Matrix Result Entry customisation report","TRUE","FALSE","$lib Tmr User"
"$LIB_TRAINING_RECORD","SYSTEM","Training Record handling library","TRUE","FALSE","$lib Training Record"
"$LIB_TRANSLATE","SYSTEM","Translation handling library","TRUE","FALSE","$lib Translate"
"$LIB_TSR_FORM","SYSTEM","Result entry report","TRUE","FALSE","$lib Tsr Form"
"$LIB_TSR_GRID","SYSTEM","Result entry report","TRUE","FALSE","$lib Tsr Grid"
"$LIB_TSR_SELECT","SYSTEM","Result entry report","TRUE","FALSE","$lib Tsr Select"
"$LIB_TSR_TOOLBOX","SYSTEM","Toolbox report for TSR","TRUE","FALSE","$lib Tsr Toolbox"
"$LIB_TSR_USER","SYSTEM","TSR customisation report","TRUE","FALSE","$lib Tsr User"
"$LIB_TWR_FORM","SYSTEM","Result entry report","TRUE","FALSE","$lib Twr Form"
"$LIB_TWR_GRID","SYSTEM","Result entry report","TRUE","FALSE","$lib Twr Grid"
"$LIB_TWR_SELECT","SYSTEM","Result entry report","TRUE","FALSE","$lib Twr Select"
"$LIB_TWR_TOOLBOX","SYSTEM","Toolbox report for TWR","TRUE","FALSE","$lib Twr Toolbox"
"$LIB_TWR_USER",,"Customisation Routines for TWR","TRUE","FALSE","$lib Twr User"
"$LIB_UNIT","SYSTEM","Unit conversion/validation Library","TRUE","FALSE","$lib Unit"
"$LIB_UTILS","SYSTEM","Utilities Library","TRUE","FALSE","$lib Utils"
"$LIB_WORKFLOW","SYSTEM","Workflow handling routines","TRUE","FALSE","$lib Workflow"
"$LIB_XML_VIEW",,,"TRUE","FALSE","$lib Xml View"
"$LICE_LOAD","SYSTEM","License Registration Routine","TRUE","FALSE","$lice Load"
"$LIMIT_MOD","SYSTEM","Limit Modification Screens","TRUE","FALSE","$limit Mod"
"$LIMIT_PHRASE","SYSTEM","Phrase Limit Modification Screens","TRUE","FALSE","$limit Phrase"
"$LIMSDRV_SETUP","SYSTEM","Populate LIMS_TABLE with table details","TRUE","FALSE","$limsdrv Setup"
"$LIMSML_ANALYSIS","SYSTEM","Analysis-specific LIMSML actions","TRUE","FALSE","$limsml Analysis"
"$LIMSML_BDS_BUILDER","SYSTEM","LIMSML Browse Dataset Builder","TRUE","FALSE","$limsml Bds Builder"
"$LIMSML_CDS_BUILDER","SYSTEM","LIMSML Column Dataset Builder","TRUE","FALSE","$limsml Cds Builder"
"$LIMSML_CHROM",,"Chromeleon Link LIMSML Support","TRUE","FALSE","$LIMSML Chromeleon"
"$LIMSML_COLUMN_DT","SYSTEM","LIMSML Column DataTable Builder","TRUE","FALSE","$limsml Column Dt"
"$LIMSML_CRITERIA","SYSTEM","Criteria-specific LIMSML actions","TRUE","FALSE","$limsml Criteria"
"$LIMSML_ENTITYACTION","SYSTEM","Entity Action-specific LIMSML actions","TRUE","FALSE","$limsml Entityaction"
"$LIMSML_EXPLORER","SYSTEM","Explorer-specific LIMSML actions","TRUE","FALSE","$limsml Explorer"
"$LIMSML_GENERIC","SYSTEM","Generic LIMSML actions","TRUE","FALSE","$limsml Generic"
"$LIMSML_HELPER","SYSTEM","Wrapper for Thermo.SM.LIMSML.Helper assembly","TRUE","FALSE","$limsml Helper"
"$LIMSML_JOB","SYSTEM","Job-specific LIMSML actions","TRUE","FALSE","$limsml Job"
"$LIMSML_JOB_TMPL","SYSTEM","Job Template-specific LIMSML actions","TRUE","FALSE","$limsml Job Tmpl"
"$LIMSML_LIB","SYSTEM","LIMSML Utility library","TRUE","FALSE","$limsml Lib"
"$LIMSML_PROCESS","SYSTEM","LIMSML processor entry points","TRUE","FALSE","$limsml Process"
"$LIMSML_REPORT","SYSTEM","Reporting-specific LIMSML actions","TRUE","FALSE","$limsml Report"
"$LIMSML_RESULT","SYSTEM","Result LIMSML actions","TRUE","FALSE","$limsml Result"
"$LIMSML_SAMPLE","SYSTEM","Sample-specific LIMSML actions","TRUE","FALSE","$limsml Sample"
"$LIMSML_SAMPLE_TMPL","SYSTEM","Sample Template-specific LIMSML actions","TRUE","FALSE","$limsml Sample Tmpl"
"$LIMSML_SAMPLE_USER","SYSTEM","Sample specific LIMSML actions - end user customization","TRUE","FALSE","$limsml Sample User"
"$LIMSML_SMADO","SYSTEM","ADO.NET utilities for LIMSML processing","TRUE","FALSE","$limsml Smado"
"$LIMSML_SYSTEM","SYSTEM","System utility LIMSML actions","TRUE","FALSE","$limsml System"
"$LIMSML_TEST","SYSTEM","Test utility for LIMSML processor","TRUE","FALSE","$limsml Test"
"$LIMSML_TEST_SCHED","SYSTEM","Test schedule-specific LIMSML actions","TRUE","FALSE","$limsml Test Sched"
"$LIMSML_TESTER","SYSTEM","Utility library used for LIMSML testing","TRUE","FALSE","$limsml Tester"
"$LIMSML_UI","SYSTEM","Interface-specific LIMSML actions","TRUE","FALSE","$limsml Ui"
"$LIMSML_USER","SYSTEM","User-specific LIMSML actions","TRUE","FALSE","$limsml User"
"$LINE_EDITOR","SYSTEM","Line Editor Routines","TRUE","FALSE","$line Editor"
"$LINE_EDITOR_FORM","SYSTEM","Line Editor Routines","TRUE","FALSE","$line Editor Form"
"$LINES",,"Displays line drawing characters","TRUE","FALSE","$lines"
"$LIST_BOX","SYSTEM","List selection objects","TRUE","FALSE","$list Box"
"$LIST_BROWSE_ARRAY","SYSTEM","Array Browser Class","TRUE","FALSE","$list Browse Array"
"$LIST_EDITOR","SYSTEM","List Editor Routines","TRUE","FALSE","$list Editor"
"$LIST_GRID","SYSTEM","List Box setup Routines","TRUE","FALSE","$list Grid"
"$LOAD_ENTITY_TEMP","SYSTEM","Library used to load default entity templates","TRUE","FALSE","$load Entity Template"
"$LOAD_MISSING_WF","SYSTEM","Library used to load missing standard workflows","TRUE","FALSE","$load Missing Workflows"
"$LOAD_TABLE_DEFAULTS","SYSTEM","Library used as part of the upgrade process","TRUE","FALSE","$load Table Defaults"
"$LOAD_WORKFLOW","SYSTEM","Library used as part of the upgrade process","TRUE","FALSE","$load Workflow"
"$LOCATE","SYSTEM","Samples at a Specified Location","TRUE","FALSE","$locate"
"$LOG_SCHED",,"Login Schedule Entry Editor","TRUE","FALSE","$log Sched"
"$LOGIN",,"Login objects and collection for defining login entities for future login","TRUE","FALSE","$login"
"$LOGIN_INTERFACE",,"Sample Job login interface","TRUE","FALSE","$login Interface"
"$LOT_LOGIN",,"Lot Login Report","TRUE","FALSE","$lot Login"
"$LOT_REVIEW",,"Lot Review","TRUE","FALSE","$lot Review"
"$LOT_USER",,"Lot User Report","TRUE","FALSE","$lot User"
"$LR_DEBUG_TEST",,"List Result test and debug","TRUE","FALSE","$lr Debug Test"
"$LTE_ANAL","SYSTEM","Analysis LTE report","TRUE","FALSE","$lte Anal"
"$LTE_BATCH",,"Processing batch handling","TRUE","FALSE","$lte Batch"
"$LTE_BATCH_SQC",,"Processing batch SQC handling","TRUE","FALSE","$lte Batch Sqc"
"$LTE_CALC","SYSTEM","Calculations LTE report","TRUE","FALSE","$lte Calc"
"$LTE_CALC_FUNCTION",,"Calculation Function LTE","TRUE","FALSE","$lte Calc Function"
"$LTE_CALENDAR","SYSTEM","Non-Working Periods LTE report","TRUE","FALSE","$lte Calendar"
"$LTE_CERT",,"Certificate LTE Support","TRUE","FALSE","$LTE Cert"
"$LTE_CGI_SCRIPT","SYSTEM","CGI Script Table Editor","TRUE","FALSE","$lte Cgi Script"
"$LTE_CHARG","SYSTEM","The Charge Editor","TRUE","FALSE","$lte Charg"
"$LTE_COA",,,"TRUE","FALSE","$lte Coa"
"$LTE_COL_SET_HEAD",,"Column set header LTE","TRUE","FALSE","$lte Col Set Head"
"$LTE_CONFIG","SYSTEM","Configuration Table Support Module","TRUE","FALSE","$lte Config"
"$LTE_CRITERIA_SAVED","SYSTEM","Saved Criteria LTE report","TRUE","FALSE","$lte Criteria Saved"
"$LTE_CUS","SYSTEM","Customer Table Support Module","TRUE","FALSE","$lte Cus"
"$LTE_DEST","SYSTEM","Data Pipe Destination Table Support Module","TRUE","FALSE","$lte Dest"
"$LTE_ETEMPLATE",,"Entity Template LTE Support","TRUE","FALSE","$lte Etemplate"
"$LTE_GROUP","SYSTEM","Groups table editor","TRUE","FALSE","$lte Group"
"$LTE_HAZ","SYSTEM","Hazard Table Support Module","TRUE","FALSE","$lte Haz"
"$LTE_HELP","SYSTEM","Help table editor","TRUE","FALSE","$lte Help"
"$LTE_ICON",,"Icon LTE Report","TRUE","FALSE","$lte Icon"
"$LTE_INC_CHECKLIST",,,"TRUE","FALSE","$lte Inc Checklist"
"$LTE_INCIDENT_TMP",,,"TRUE","FALSE","$lte Incident Tmp"
"$LTE_INFOMAKER",,"Labtable for Infomaker Link Table","TRUE","FALSE","$lte Infomaker"
"$LTE_INSPECT",,"Sample Inspection handling","TRUE","FALSE","$lte Inspect"
"$LTE_INST","SYSTEM","Labtable for Instrument Table","TRUE","FALSE","$lte Inst"
"$LTE_JOBT","SYSTEM","Job Templates Support Module","TRUE","FALSE","$lte Jobt"
"$LTE_LAB_EXECUTION",,"Lab Execution LTE Support","FALSE","FALSE","$LTE Lab Execution"
"$LTE_LIMIT_CALC","SYSTEM","Calculated Limits","TRUE","FALSE","$lte Limit Calc"
"$LTE_LIMIT_PHRASE","SYSTEM","Phrase Limits","TRUE","FALSE","$lte Limit Phrase"
"$LTE_LIST_RES",,"LTE for List Result","TRUE","FALSE","$lte List Res"
"$LTE_LOC","SYSTEM","Location Table Support Module","TRUE","FALSE","$lte Loc"
"$LTE_LOT",,"Lot Template LTE Support","TRUE","FALSE","$lte Lot"
"$LTE_LSCH","SYSTEM","LTE screen for login schedules","TRUE","FALSE","$lte Lsch"
"$LTE_LVLS","SYSTEM","MLP Level definition routines","TRUE","FALSE","$lte Lvls"
"$LTE_MLP","SYSTEM","MLP definition routines","TRUE","FALSE","$lte Mlp"
"$LTE_MOD_REPORT",,,"TRUE","FALSE","$lte Mod Report"
"$LTE_PERS","SYSTEM","Personnel table editor","TRUE","FALSE","$lte Pers"
"$LTE_PHRSE","SYSTEM","The phrase editor","TRUE","FALSE","$lte Phrse"
"$LTE_PLATES","SYSTEM","Plate support","TRUE","FALSE","$lte Plate"
"$LTE_PREP","SYSTEM","Preparation Table Support Module","TRUE","FALSE","$lte Prep"
"$LTE_PRINT","SYSTEM","Printer table editor","TRUE","FALSE","$lte Print"
"$LTE_PROJ","SYSTEM","Project Lab Table","TRUE","FALSE","$lte Proj"
"$LTE_REP","SYSTEM","Report Table Support Module","TRUE","FALSE","$lte Rep"
"$LTE_REP_TEMPLATE",,,"TRUE","FALSE","$lte Rep Template"
"$LTE_RETAIN",,"Retain LTE Support","TRUE","FALSE","$lte Retain"
"$LTE_RSF","SYSTEM","RSF File Maintenance","TRUE","FALSE","$lte Rsf"
"$LTE_RULE",,"Rule LTE","TRUE","FALSE","$lte Rule"
"$LTE_RULE_COUNT",,"Rule Count LTE","TRUE","FALSE","$lte Rule Count"
"$LTE_SAMP","SYSTEM","Sampling Point Table Support Module","TRUE","FALSE","$lte Samp"
"$LTE_SAMPLING_PROC",,"Sampling Procedure LTE","TRUE","FALSE","$lte Sampling Proc"
"$LTE_SCHEMA","SYSTEM","Schema LTE","TRUE","FALSE","$lte schema"
"$LTE_SFIGS","SYSTEM","Significant Figure table editor","TRUE","FALSE","$lte Sfigs"
"$LTE_STD_VERS","SYSTEM","Standard Versions Support Module","TRUE","FALSE","$lte Std Vers"
"$LTE_STDS","SYSTEM","Standards Support Module","TRUE","FALSE","$lte Stds"
"$LTE_SYNT","SYSTEM","Syntax Table Support Module","TRUE","FALSE","$lte Synt"
"$LTE_TAB","SYSTEM","Tabular Report","TRUE","FALSE","$lte Tab"
"$LTE_TEM","SYSTEM","Labtable Template","TRUE","FALSE","$lte Tem"
"$LTE_TEMPL","SYSTEM","Sample Template Support Module","TRUE","FALSE","$lte Templ"
"$LTE_TIMER_SCHEDULE","SYSTEM","Background Sample Manager Interval handling support Module","TRUE","FALSE","$lte Timer Schedule"
"$LTE_TSTSC","SYSTEM","Test Schedule Header LTE editor","TRUE","FALSE","$lte Tstsc"
"$LTE_UNIT","SYSTEM","Units Laboratory Table","TRUE","FALSE","$lte Unit"
"$LTE_WORK_PROFILE",,"LTE for Work Profiles","TRUE","FALSE","$lte Work Profile"
"$LTE_WORKFLOW",,"Workflow LTE Support","TRUE","FALSE","$lte Workflow"
"$LTE_WORKT",,"Worksheet Template Laboratory Table","TRUE","FALSE","$lte Workt"
"$MAIL",,"VGSM Mail utility","TRUE","FALSE","$mail"
"$MATRIX_EDITOR",,"Class for manipulating 3 tables in a matrix format (row, col, contents)","TRUE","FALSE","$matrix Editor"
"$MC_PIPE","SYSTEM","Mutichrom Pipe","TRUE","FALSE","$mc Pipe"
"$MCHROMRSF",,"Create Mulichrom Run Sequence Files from Tests","TRUE","FALSE","$mchromrsf"
"$MCRSF_WSA","SYSTEM","Create Multichrom RSF from Analysis Worksheet","TRUE","FALSE","$mcrsf Wsa"
"$MENU",,"Sample manager menu main report","TRUE","FALSE","$menu"
"$MENU_CONVERT",,"Routines for converting SMW menus into toolbar menus","TRUE","FALSE","$menu Convert"
"$MENU_CONVERT_GUI",,"Front end for converting SMW menus into toolbar menus","TRUE","FALSE","$menu Convert Gui"
"$MENU_EDIT",,"Provides GUI bar menu manipulation","TRUE","FALSE","$menu Edit"
"$MENU_GRID",,"Sample manager menu screen setup","TRUE","FALSE","$menu Grid"
"$MENU_MASTER_LTE","SYSTEM","Master Menu LTE Report","TRUE","FALSE","$menu Master Lte"
"$MENU_MASTER_PROMPT","SYSTEM","Master Menu Prompt Object Report","TRUE","FALSE","$menu Master Prompt"
"$MENU_PROMPT",,"Special prompt code for sample manager menu","TRUE","FALSE","$menu Prompt"
"$MENU_ROLE_ASSIGN","SYSTEM","Role Assignment Library","TRUE","FALSE","$menu Role Assign"
"$MESSAGE_VIEWER","SYSTEM","View a user's messages","TRUE","FALSE","$message Viewer"
"$MINE","SYSTEM","Minefield Game","TRUE","FALSE","$mine"
"$MLP_FAMILY","SYSTEM","Allows the display of the MLP descriptions within the MLP_Family screen","TRUE","FALSE","$mlp Family"
"$MLP_TO_TEST","SYSTEM","Multi Level Product Specifications","TRUE","FALSE","$mlp To Test"
"$MLPS","SYSTEM","Multi Level Product Specifications","TRUE","FALSE","$mlps"
"$MLPS_CALC","SYSTEM","MLP Calculations","TRUE","FALSE","$mlps Calc"
"$MLPS_CONST","SYSTEM","MLP Constants","TRUE","FALSE","$mlps Const"
"$MLPS_USER","SYSTEM","MLP User Configuration","TRUE","FALSE","$mlps User"
"$MOBILE_MLP","SYSTEM","Enter results and check if results are in mlp spec limits","TRUE","FALSE","$mobile MLP"
"$MOBILE_RESULT","SYSTEM","Authorise individual results","TRUE","FALSE","$mobile Result"
"$MODES","SYSTEM","Demonstrate terminal display modes","TRUE","FALSE","$modes"
"$MODWSHT",,"Modify Analysis Worksheet","TRUE","FALSE","$modwsht"
"$MRU_LIST",,"Most Recently Used List Class","TRUE","FALSE","$mru List"
"$MRU_LIST_COMMAND",,,"TRUE","FALSE","$mru List Command"
"$MRU_LIST_FIELD",,"Most Recently Used List Fields Class","TRUE","FALSE","$mru List Field"
"$MRU_LIST_ITEMS",,"Most Recently Used List Items Class","TRUE","FALSE","$mru List Items"
"$MT_FIELDS","SYSTEM","Master Template Fields Editor","TRUE","FALSE","$mt Fields"
"$NMC",,"Change menu file","TRUE","FALSE","$nmc"
"$NORMAL",,"Graphics Example - Normal Distribution Curve","TRUE","FALSE","$normal"
"$NOTONWSHT","SYSTEM","Sample and Tests not on a Worksheet","TRUE","FALSE","$notonwsht"
"$OPTION_CONFIG","SYSTEM","Library routines for ESig setup","TRUE","FALSE","$option Config"
"$OPTIONAL_MESSAGE","SYSTEM","Optional Message Class - Provides a flash message that can be prevened from reappearing","TRUE","FALSE","$optional Message"
"$OUTSTANDG","SYSTEM","Summary of all Outstanding Samples","TRUE","FALSE","$outstandg"
"$OVERDUE","SYSTEM","Summary of all Overdue Samples","TRUE","FALSE","$overdue"
"$PERFORM",,"Performance / Coverage Analysis Tool","TRUE","FALSE","$perform"
"$PERFORM_TREE",,"Library for Performance / Coverage Tool","TRUE","FALSE","$perform Tree"
"$PHONE",,"VGSM Phone Utility","TRUE","FALSE","$phone"
"$PHRASE",,"Main Phrase report","TRUE","FALSE","$phrase"
"$PLATE_RE",,"Processing plate handling","TRUE","FALSE","$plate re"
"$PLOTS",,"Demonstrate inclusion of DEC SIXEL files using LITERAL","TRUE","FALSE","$plots"
"$POSTSCRIPT_DEMO",,"PostScript PrinterCodes demonstration program","TRUE","FALSE","$postscript Demo"
"$PRANALWKS","SYSTEM","Output Analysis Worksheet","TRUE","FALSE","$pranalwks"
"$PRINT_LTE","SYSTEM","Print routines for LTE's when using InfoMaker","TRUE","FALSE","$print Lte"
"$PROMPT_BATCH",,"Processing batch handling","TRUE","FALSE","$prompt Batch"
"$PROMPT_DB",,"Database Prompt","TRUE","FALSE","$prompt Db"
"$PROMPT_DETAILS",,"Class for creating/manipulating prompt_details arrays","TRUE","FALSE","$prompt Details"
"$PROMPT_FILE","SYSTEM","Prompt Library","TRUE","FALSE","$prompt File"
"$PROMPT_FOR_TEXT",,"New","TRUE","FALSE","$prompt For Text"
"$PROMPT_FORM_MENU","SYSTEM","Prompt Control for SMW","TRUE","FALSE","$prompt Form Menu"
"$PROMPT_GRAPH","SYSTEM","Prompt Control for SMW","TRUE","FALSE","$prompt Graph"
"$PROMPT_GRID","SYSTEM","Prompt Control for SMW","TRUE","FALSE","$prompt Grid"
"$PROMPT_HTML","SYSTEM","Prompt Control for SMW","TRUE","FALSE","$prompt Html"
"$PROMPT_ICON",,"Prompt for Icon Support","TRUE","FALSE","$prompt Icon"
"$PROMPT_IMPRINT","SYSTEM","Prompt Control for SMReporter interface","TRUE","FALSE","$prompt Imprint"
"$PROMPT_JOB","SYSTEM","Prompt Library","TRUE","FALSE","$prompt Job"
"$PROMPT_LIST","SYSTEM","Prompt Control for SMW","TRUE","FALSE","$prompt List"
"$PROMPT_PICTURE","SYSTEM","Prompt Control for SMW","TRUE","FALSE","$prompt Picture"
"$PROMPT_PRINTER","SYSTEM","Library to provide VGL access to OLE PringDlg object","TRUE","FALSE","$prompt Printer"
"$PROMPT_ROUTINE","SYSTEM","Prompt Control for Routine name where table contains a Report field","TRUE","FALSE","$prompt Routine"
"$PROMPT_SAMPLE",,"Sample prompt code","TRUE","FALSE","$prompt Sample"
"$PROMPT_SAMPLE_TESTS","SYSTEM","Tests on a sample prompt code","TRUE","FALSE","$prompt Sample Tests"
"$PROMPT_SPLIT","SYSTEM","Prompt Control for SMW","TRUE","FALSE","$prompt Split"
"$PROMPT_TAB","SYSTEM","Prompt Control for SMW","TRUE","FALSE","$prompt Tab"
"$PROMPT_TEST_SAMPLES",,"List all samples with given test","TRUE","FALSE","$prompt Test Samples"
"$PROMPT_TOOLBAR",,"Prompt Control for SMW","TRUE","FALSE","$prompt Toolbar"
"$PROMPT_TREE","SYSTEM","Prompt Control for SMW","TRUE","FALSE","$prompt Tree"
"$PROMPT_WINDOW",,"Prompt for an identity on its own form","TRUE","FALSE","$prompt Window"
"$PROPERTY_SHEET",,"Allows the property sheet for an entity to be called outside explorer. For SM900","TRUE","FALSE","$property Sheet"
"$PRPWKS","SYSTEM","Output Sample Preparation Worksheet","TRUE","FALSE","$prpwks"
"$PRSAMPWS","SYSTEM","Output Sample Worksheet","TRUE","FALSE","$prsampws"
"$PRSAMPWS_IMPRINT",,"Output Sample Worksheet","TRUE","FALSE","$prsampws Imprint"
"$PRTCOD_TO_PS",,"Include postscript into literal","TRUE","FALSE","$prtcod To Ps"
"$PRTCODDEM",,"VGL printer codes demonstration program","TRUE","FALSE","$prtcoddem"
"$PRTWKS","SYSTEM","Output Test Preparation Worksheet","TRUE","FALSE","$prtwks"
"$PRUDWSHT","SYSTEM","Output General Worksheet","TRUE","FALSE","$prudwsht"
"$Q_BROWSE","SYSTEM","Browse for logical name field of printer table","TRUE","FALSE","$q Browse"
"$QT_TREE","SYSTEM","Quality Tree - audit and Esig viewer","TRUE","FALSE","$qt Tree"
"$QUERY",,"Criteria Results","TRUE","FALSE","$query"
"$RANDOM_HANOI","SYSTEM","Example of VGL - Hanoi demo (random)","TRUE","FALSE","$random Hanoi"
"$RBT",,"Front end report to call result entry for enhanced worksheets","TRUE","FALSE","$rbt"
"$RDB_NULL","SYSTEM","RDB Null script writer","TRUE","FALSE","$rdb Null"
"$RDB_SETUP","SYSTEM","RDB database setup script writer","TRUE","FALSE","$rdb Setup"
"$RECEIPT",,"Sample Receipt","TRUE","FALSE","$receipt"
"$RECEIPT_IMPRINT",,"Sample Receipt","TRUE","FALSE","$receipt Imprint"
"$RECURSIVE_PERFORM",,"Class for performing actions upon records that are recursive in nature","TRUE","FALSE","$recursive Perform"
"$RECURSIVE_TREE",,"Class for manipulating (recursive) records through a tree prompt","TRUE","FALSE","$recursive Tree"
"$REGIS",,"Device library for Regis graphics","TRUE","FALSE","$regis"
"$REPORTER",,"Client ad-hoc reporting tool","TRUE","FALSE","$reporter"
"$REPORTER_CLASS",,"Client ad-hoc reporting tool","TRUE","FALSE","$reporter Class"
"$REPORTER_EDIT",,"Client ad-hoc reporting tool","TRUE","FALSE","$reporter Edit"
"$REPORTER_FIELDS",,"Client ad-hoc reporting tool","TRUE","FALSE","$reporter Fields"
"$REPORTER_SS_DDE",,"Template reporter","TRUE","FALSE","$reporter Ss Dde"
"$REPORTER_STAN",,"Client ad-hoc reporting tool","TRUE","FALSE","$reporter Stan"
"$REPORTER_TEXT_DDE",,"Template reporter","TRUE","FALSE","$reporter Text Dde"
"$REPORTER_TMPL",,"Template reporter","TRUE","FALSE","$reporter Tmpl"
"$REPORTER_TMPL_CLASS",,"Template reporter","TRUE","FALSE","$reporter Tmpl Class"
"$REPORTER_TMPL_CONST",,"Template reporter","TRUE","FALSE","$reporter Tmpl Const"
"$REPORTER_TMPL_DB",,"Template reporter","TRUE","FALSE","$reporter Tmpl Db"
"$REPORTER_TMPL_DDE",,"Template reporter","TRUE","FALSE","$reporter Tmpl Dde"
"$REPORTER_TMPL_EDIT",,"Template reporter","TRUE","FALSE","$reporter Tmpl Edit"
"$REPORTER_TMPL_FIELD",,"Template reporter","TRUE","FALSE","$reporter Tmpl Field"
"$REPORTER_TMPL_LIB",,"Template reporter","TRUE","FALSE","$reporter Tmpl Lib"
"$REPORTER_TMPL_SS",,"Template reporter","TRUE","FALSE","$reporter Tmpl Ss"
"$REPORTER_TMPL_STAN",,"Template reporter","TRUE","FALSE","$reporter Tmpl Stan"
"$REPORTER_TMPL_TEXT",,"Template reporter","TRUE","FALSE","$reporter Tmpl Text"
"$REPORTER_TMPL_USER",,"Template reporter","TRUE","FALSE","$reporter Tmpl User"
"$REPORTER_TMPL_WP",,"Template reporter","TRUE","FALSE","$reporter Tmpl Wp"
"$REPORTER_USER",,"Client ad-hoc reporting tool","TRUE","FALSE","$reporter User"
"$REPORTER_WP_DDE",,"Template reporter","TRUE","FALSE","$reporter Wp Dde"
"$RES_ENTRY",,"Result Entry Calling Library","TRUE","FALSE","$res Entry"
"$RESL_USER",,"Initialise Result information","TRUE","FALSE","$resl User"
"$RESLSTAT","SYSTEM","Result status update report","TRUE","FALSE","$reslstat"
"$RESTXT_DL","SYSTEM","Report for deleting result text files","TRUE","FALSE","$restxt Dl"
"$RESTXT_V2",,"Result text program","TRUE","FALSE","$restxt V2"
"$RESTXT_VW","SYSTEM","Report to display result logs","TRUE","FALSE","$restxt Vw"
"$RESULT_LIST",,"Result entry report","TRUE","FALSE","$result List"
"$RESULT_MATRIX",,"Result entry report","TRUE","FALSE","$result Matrix"
"$RESULT_SPREADSHEET",,"Result entry report","TRUE","FALSE","$result Spreadsheet"
"$ROLE_LIB",,"General Role Library","TRUE","FALSE","$role Lib"
"$ROLE_LTE","SYSTEM","Role Header LTE Report","TRUE","FALSE","$role Lte"
"$ROLE_LTE_MENU","SYSTEM","Second Page for Role Header LTE","TRUE","FALSE","$role Lte Menu"
"$ROLE_PERSONNEL","SYSTEM","Role Assignment for Personnel LTE","TRUE","FALSE","$role Personnel"
"$RP_TO_MBX",,"Result Pipe Destination Routine to output to Pipe","TRUE","FALSE","$rp To Mbx"
"$RP_TO_TXT",,"Result Pipe Destination Routine to output to Text File","TRUE","FALSE","$rp To Txt"
"$RPT_FILES",,"Routines for MRL, DRL and PRL","TRUE","FALSE","$rpt Files"
"$RQR",,"Request Resample","TRUE","FALSE","$rqr"
"$RSLT_PIPE",,"Data Pipe Functionality","TRUE","FALSE","$rslt Pipe"
"$RT_LIB",,"Data Pipe Library","TRUE","FALSE","$rt Lib"
"$RULE_COUNT",,"Library of rule counter manipulation routines","TRUE","FALSE","$rule Count"
"$RULE_COUNTER_LIST",,"2nd Page LTE to display/modify the rule counters associated with a rule","TRUE","FALSE","$rule Counter List"
"$SAMP_CONF","SYSTEM","Sample Configuration File","TRUE","FALSE","$samp Conf"
"$SAMP_EGC",,"Sample EGC screen","TRUE","FALSE","$samp Egc"
"$SAMP_INSPECT",,"Sample Inspection handling","TRUE","FALSE","$samp Inspect"
"$SAMP_JOB",,"Sample Job login screens","TRUE","FALSE","$samp Job"
"$SAMP_SYN",,"Setup Sample Syntax program","TRUE","FALSE","$samp Syn"
"$SAMP_USER","SYSTEM","Sample Login user defined routines","TRUE","FALSE","$samp User"
"$SAMPLABEL",,"Sample Label","TRUE","FALSE","$samplabel"
"$SAMPLABEL_IMPRINT",,"Sample Label generated by Infomaker","TRUE","FALSE","$samplabel Imprint"
"$SAMPSTAT","SYSTEM","Sample status update report","TRUE","FALSE","$sampstat"
"$SAMPWSHT","SYSTEM","Sample Worksheet","TRUE","FALSE","$sampwsht"
"$SCHED_MANAGER","SYSTEM","Schedule Manager for Watch Dog Timer","TRUE","FALSE","$sched Manager"
"$SERVER_MANAGER","SYSTEM","System Maintenance from SMW client","TRUE","FALSE","$server Manager"
"$SERVICCHK",,"Produce a list of all instruments requiring servicing","TRUE","FALSE","$servicchk"
"$SETCOM",,"Change Global table set","TRUE","FALSE","$setcom"
"$SETUP","SYSTEM","Initial DB V3.0 Setup Utilities","TRUE","FALSE","$setup"
"$SETUPTEMP","SYSTEM","Initialise the V2 template file","TRUE","FALSE","$setuptemp"
"$SF_TEST","SYSTEM","Significant Figure debug and testing routines","TRUE","FALSE","$sf Test"
"$SJ_BROWSE",,"Reads sbr files for TAB","TRUE","FALSE","$sj Browse"
"$SORT_COLLECTION",,"Sort object database","TRUE","FALSE","$sort Collection"
"$SP_CALLBACK_USER",,"User library for entering sample plan setup callback code","TRUE","FALSE","$sp Callback User"
"$SP_CONFIG_FORM",,"Sample plan configuration main form","TRUE","FALSE","$sp Config Form"
"$SP_DECISION_TREE",,"Sample plan decision tree","TRUE","FALSE","$sp Decision Tree"
"$SP_EDITOR_PROMPTS",,"Sample plan configuration's non standard prompt handlers","TRUE","FALSE","$sp Editor Prompts"
"$SP_LIB",,"Sample plan library","TRUE","FALSE","$sp Lib"
"$SP_LOGIN",,"Sample plan login class","TRUE","FALSE","$sp Login"
"$SP_LOGIN_JOB",,"Sample plan job login routines","TRUE","FALSE","$sp Login Job"
"$SP_LOGIN_SAMPLE",,"Sample plan job login routines","TRUE","FALSE","$sp Login Sample"
"$SP_MAIN",,"Sample plan configuration routine entry point","TRUE","FALSE","$sp Main"
"$SP_MENU_USER",,"User library for controlling sample plan configuration's right mouse menus, actions and security","TRUE","FALSE","$sp Menu User"
"$SP_NODE",,"Sample plan configuration node","TRUE","FALSE","$sp Node"
"$SP_NODE_ANALYSES",,"Sample plan configuration node analysis tab","TRUE","FALSE","$sp Node Analyses"
"$SP_NODE_RULES",,"Sample plan configuration node analysis rules tab","TRUE","FALSE","$sp Node Rules"
"$SP_PROMPTS_USER",,"User library for sample plan setup prompts' details","TRUE","FALSE","$sp Prompts User"
"$SP_RULES_USER",,"User library containing sample plan example rules","TRUE","FALSE","$sp Rules User"
"$SP_TREE_LIB",,"Sample plan decision tree library","TRUE","FALSE","$sp Tree Lib"
"$SP_TRIGGER_PATH",,"Sample plan trigger path parsing and display routines","TRUE","FALSE","$sp Trigger Path"
"$SPL_CALLBACK_USER",,"User library for entering sample plan login callback code","TRUE","FALSE","$spl Callback User"
"$SPL_OUTPUT_USER",,"User library for displaying sample plan login information","TRUE","FALSE","$spl Output User"
"$SQL_OBJ",,"Objects for sql_perf","TRUE","FALSE","$sql Obj"
"$SQL_PERF",,"SQL operation performance","TRUE","FALSE","$sql Perf"
"$SSE_LIB",,"Library or routines for the Auxiliary Spreadsheet Editor","TRUE","FALSE","$sse Lib"
"$SSE_RVP",,"Example Auxiliary Spreadsheet Editor report - Receive all samples for a Job.","TRUE","FALSE","$sse Rvp"
"$SSE_TEM",,"Auxiliary Spreadsheet Editor Template","TRUE","FALSE","$sse Tem"
"$SSESETUP",,"Auxiliary Spreadsheet Editor Setup Program","TRUE","FALSE","$ssesetup"
"$STACK_CLASS",,"Stack class","TRUE","FALSE","$stack Class"
"$STAND_USER",,"Standards user defined routines","TRUE","FALSE","$stand User"
"$STANVERS",,"All samples assigned to a particular version","TRUE","FALSE","$stanvers"
"$STATUS",,"Sample Status Report","TRUE","FALSE","$status"
"$STD_CONC",,"Standard Limits/Concentrations Support Module","TRUE","FALSE","$std Conc"
"$STD_VERS",,"Standard Versions Support Module","TRUE","FALSE","$std Vers"
"$STORE_IND",,"Produces SQL scripts for handling RDB storage indices","TRUE","FALSE","$store Ind"
"$STORE_MAP",,"Produces SQL scripts for RDB store maps","TRUE","FALSE","$store Map"
"$STT","SYSTEM","Selected Sample Status","TRUE","FALSE","$stt"
"$SUSPEND","SYSTEM","Summary Suspended Samples","TRUE","FALSE","$suspend"
"$SYNTAX","SYSTEM","Syntax Routine Generator","TRUE","FALSE","$syntax"
"$TAB_GUI",,"Main Tabular Report","TRUE","FALSE","$tab Gui"
"$TAB_GUI_ASCII",,"Tabular Report output code","TRUE","FALSE","$tab Gui Ascii"
"$TAB_GUI_COMPS",,"Tabular Report component tab","TRUE","FALSE","$tab Gui Comps"
"$TAB_GUI_CSV",,"Tabular Report output code","TRUE","FALSE","$tab Gui Csv"
"$TAB_GUI_GRID",,"Tabular Report grid tab","TRUE","FALSE","$tab Gui Grid"
"$TAB_GUI_HTML",,"Tabular Report output code","TRUE","FALSE","$tab Gui Html"
"$TAB_GUI_REP_COL",,"Tabular Report column tab","TRUE","FALSE","$tab Gui Rep Col"
"$TAB_GUI_REP_OUT",,"Tabular Report options tab","TRUE","FALSE","$tab Gui Rep Out"
"$TAB_GUI_SAMPLE",,"Tabular Report sample tab","TRUE","FALSE","$tab Gui Sample"
"$TAB_GUI_TEST",,"Tabular Report test tab","TRUE","FALSE","$tab Gui Test"
"$TABCONVRT",,"Conversion routines for v2.5 -DB TAB files","TRUE","FALSE","$tabconvrt"
"$TABLE_LOAD_SAVE_LIB","SYSTEM","Routines for table loader/saver","TRUE","FALSE","$table Load Save Lib"
"$TABLE_LOAD_SAVE_PAR","SYSTEM","Class library for processing MCSV parameters","TRUE","FALSE","$Table Load Save Parameters"
"$TABLE_LOADER",,"Generic database table loader","TRUE","FALSE","$table Loader"
"$TABLE_SAVER",,"Generic database table saver","TRUE","FALSE","$table Saver"
"$TABLE_SAVER_ALL","SYSTEM","Saves all data from all tables into csv files in a subdirectory of data","TRUE","FALSE","$Table Saver All"
"$TASK","SYSTEM","WDT Scheduler entry processing routines","TRUE","FALSE","$task"
"$TEST_ASSN","SYSTEM","Test Assignment Editor","TRUE","FALSE","$test Assn"
"$TEST_SCH",,"Main Test Schedule Report","TRUE","FALSE","$test Sch"
"$TESTSTAT","SYSTEM","Test status update report","TRUE","FALSE","$teststat"
"$TEXTEDITOR",,"Client text editing routine","TRUE","FALSE","$texteditor"
"$TMPLFIELD","SYSTEM","Sample Template Fields Editor","TRUE","FALSE","$tmplfield"
"$TMPLOGIN","SYSTEM","Sample Login Modules","TRUE","FALSE","$tmplogin"
"$TOOLBOX",,"Client tool bar setup report","TRUE","FALSE","$toolbox"
"$UDWSHT","SYSTEM","General Worksheet","TRUE","FALSE","$udwsht"
"$UNCOMPLTD",,"Uncompleted Sample Report","TRUE","FALSE","$uncompltd"
"$UNIT_ALIAS","SYSTEM","Unit alias list editor","TRUE","FALSE","$unit Alias"
"$UPGRADE",,"Upgrade report","TRUE","FALSE","$upgrade"
"$UPGRADE_DATA",,"Correct text fields by trimming trailing spaces where necessary; this report could take a long time to run","TRUE","FALSE","$upgrade Data"
"$UPGRADE_STRUCTURE",,"Check if structure contains tables / fields added to SampleManager version 10","TRUE","FALSE","$upgrade Structure"
"$USER_CONTROL","SYSTEM","Report to provide USM and SSM menu options","TRUE","FALSE","$user Control"
"$USER_ENVIRONMENT","SYSTEM","Library of routines to manipulate user environment","TRUE","FALSE","$user Environment"
"$USER_IMAGE_LIST",,,"TRUE","FALSE","$user Image List"
"$USER_SETTING","SYSTEM","Library of routines to manipulate user settings","TRUE","FALSE","$user Setting"
"$USERS",,"Lists current Oracle users for SampleManager products","TRUE","FALSE","$users"
"$VARIABLE_COLLECTION",,"A collection of variables - name, value","TRUE","FALSE","$variable Collection"
"$VGL_UNIT_TESTER",,,"TRUE","FALSE","$vgl Unit Tester"
"$VGLVM_CRITERIA",,"Helper functions for C# explorer","TRUE","FALSE","$vglvm Criteria"
"$VGLVM_HELPER",,"Helper functions for C# client","TRUE","FALSE","$vglvm Helper"
"$VGLVM_INSPECTION",,"Helper functions for C# Inspections","TRUE","FALSE","$vglvm Inspection"
"$VGLVM_RESULT",,"Helper functions for C# PUT_TEST_RESULTS","FALSE","FALSE","$Vglvm Result"
"$VGLVM_STANDARD",,"Helper functions for Standards","FALSE","FALSE","$Vglvm Standard"
"$VGLVM_USER",,"Helper functions for Users","FALSE","FALSE","$Vglvm User"
"$VGLVM_WORKFLOW",,"Helper functions for C# Workflow client","TRUE","FALSE","$vglvm Workflow"
"$VGSM_HELP",,"Old help system for use by EFMs","TRUE","FALSE","$vgsm Help"
"$VIEW_TABLE",,"Table Viewer","TRUE","FALSE","$view Table"
"$VMS",,"Spawns an operation system process","TRUE","FALSE","$vms"
"$VSN",,"Display information about the Sample Manager version","TRUE","FALSE","$vsn"
"$VT240",,"Device library for VT240","TRUE","FALSE","$vt240"
"$WAITAUTH",,"All Samples Awaiting Authorisation","TRUE","FALSE","$waitauth"
"$WEB_LINK",,,"TRUE","FALSE","$web Link"
"$WEB_MENU",,,"TRUE","FALSE","$web Menu"
"$WEB_SERVER",,"VGL Web Server","TRUE","FALSE","$web Server"
"$WEEKLYRPT",,"All Samples Received in the last week.","TRUE","FALSE","$weeklyrpt"
"$WKS_MAINT",,"Worksheet template maintenance","TRUE","FALSE","$wks Maint"
"$WKS_REBLD",,"Worksheet template rebuilder","TRUE","FALSE","$wks Rebld"
"$WKSBROWSE",,"Worksheet browsing routines","TRUE","FALSE","$wksbrowse"
"$WORK_FLD",,"Enhanced worksheets search field criteria","TRUE","FALSE","$work Fld"
"$WORK_LIB",,"Worksheets Library","TRUE","FALSE","$work Lib"
"$WORK_MOD",,"Modify Template worksheet","TRUE","FALSE","$work Mod"
"$WORK_PRNT",,"Print Template worksheet","TRUE","FALSE","$work Prnt"
"$WORK_PROFILE",,"Work Profile handling code","TRUE","FALSE","$work Profile"
"$WORK_SESS",,"Enhanced worksheets session defintions","TRUE","FALSE","$work Sess"
"$WORK_TEMP",,"Enhanced worksheets sequence definitions","TRUE","FALSE","$work Temp"
"$WORKREV",,"Review template worksheets","TRUE","FALSE","$workrev"
"$WORKSHEET",,"Worksheet report","TRUE","FALSE","$worksheet"
"$WORKT_GEN",,"Template worksheet generator","TRUE","FALSE","$workt Gen"
"$WSACTIVE",,"Report Active Worksheets","TRUE","FALSE","$wsactive"
"$XCL_ACQ",,"Xchrom Result storage report","TRUE","FALSE","$xcl Acq"
"$XCL_CLIENT_BROWSE",,"Xchrom client browse","TRUE","FALSE","$xcl Client Browse"
"$XCL_RSF",,"Xchrom analysis generation","TRUE","FALSE","$xcl Rsf"
"$ZOMBIE","SYSTEM","Zombie Game","TRUE","FALSE","$zombie"
"LEVEL_GRADE",,"template prompt routine for grades based on MLP levels","TRUE","FALSE","Level Grade"
"LEVEL_ROUTINES",,"MLP Level pass/fail routines","TRUE","FALSE","Level Routines"
"LIT_CALC_FUNCTIONS",,,"TRUE","FALSE","Lit Calc Functions"
"LIT_PROMPT_ROUTINE",,,"TRUE","FALSE","Lit Prompt Routine"
"LIT_RE_BUTTON",,,"TRUE","FALSE","Lit Re Button"
"STUB",,,"TRUE","FALSE","Stub"
"TASK_MONITOR",,,"TRUE","FALSE","Task Monitor"
