﻿SAMP_TMPL_HEADER
IDENTITY,DESCRIPTION,MODIFIABLE,REMOVEFLAG,GROUP_ID,LOGIN_TITLE,SAMPLE_STATUS,SYNTAX_ID,EDIT_TESTS,TEST_ASSIGNMENT,RECEIPT_ACTION,LABEL_ACTION,WSHT_ACTION,LABEL_ID,RECEIPT_ID,WSHT_ID,LABEL_PRINTER,RECEIPT_PRINTER,WSHT_PRINTER,AUTO_WKS,ACTION_TYPE,SUPERTEMPLATE,LABEL_TEMPLATE,NAME,WORKFLOW
10,80,1,1,10,80,1,10,1,1,1,1,1,20,20,20,10,10,10,1,10,1,10,100,36
                       2
"BLANK","SampleManager blank template","TRUE","FALSE",,"Full Sample Screen","V","DEFAULT","TRUE","FALSE","N","N","N","$SAMPLABEL","$RECEIPT","$PRSAMPWS",,,,"FALSE","NONE","FALSE",,"Blank","4A588308-8A1C-4727-A97D-CAC90F68F86D"
"NOINPUT",,"TRUE","FALSE",,,"U",,"FALSE","FALSE","N","N","N","$SAMPLABEL","$RECEIPT","$PRSAMPWS",,,,"FALSE","NONE","FALSE",,"Noinput","4A588308-8A1C-4727-A97D-CAC90F68F86D"
