﻿SAMPLE_POINT
IDENTITY,GROUP_ID,POINT_LOCATION,SAMPLE_TYPE,DESCRIPTION,MODIFIABLE,REMOVEFLAG,NAME,RACETRACK_TYPE,CUSTOMER
10,10,50,10,234,1,1,100,1,10
                      17
"HP",,"HARRAHS_PA",,"Harrah's Philadelphia
Chester, PA","TRUE","FALSE","Harrah's Philadelphia PA","H","HP"
"HP_FAIR1",,"HP_FAIR1",,"Example Fair reported from Harrah's Philadelphia
Chester, PA","TRUE","TRUE","HP Fair1",,
"LN1_PRT1",,,,"Line 1, Access Port 1","TRUE","TRUE","Line 1, Access Port 1",,
"LN1_PRT2",,,,"Line 1, Access Port 2","TRUE","TRUE","Line 1, Access Port 2",,
"LN1_PRT3",,,,"Line 1, Access Port 3","TRUE","TRUE","Line 1, Access Port 3",,
"LN1_PRT4",,,,"Line 1, Access Port 4","TRUE","TRUE","Line 1, Access Port 4",,
"MD",,"MEADOWS_MD_PA",,"Meadows Racetrack Washington, PA","TRUE","FALSE","Meadows Race Track","H","MD"
"MP",,"MEADOWS_PA",,"Meadows Racetrack Washington, PA","TRUE","FALSE","Meadows Racetrack PA","H","MP"
"NJRC",,,,"New Jersey Racing Commission","TRUE","FALSE","NJRC",,"NJRC"
"PD",,"POCONO_DOWNS_PA",,"Pocono Downs PA","TRUE","FALSE","Pocono Downs PA","H","PD"
"PI",,"PRESQUE_ISLE_DOWNS_PA",,"Presque Isle Downs Erie, PA","TRUE","FALSE","Presque Isle Downs","T","PID"
"PN",,"PENN_NATIONAL_PA",,"Penn National Racetrack PA","TRUE","FALSE","Penn National Racetrack","T","PENN"
"PX",,"PARX_PA",,"Parx","TRUE","FALSE","Parx","T","PARX"
"SP01",,,,"Sample Point 01","TRUE","TRUE","SP 01",,
"SP02",,,,"Sample Point 02","TRUE","TRUE","SP 02",,
"SP03",,,,"Sample Point 03","TRUE","TRUE","SP 03",,
"SP04",,,,"Sample Point 04","TRUE","TRUE","SP 04",,
