﻿SCHEMA_VIEW
SCHEMA_GUID,SCHEMA_VERSION,IDENTITY,ACTIVE,ACTIVE_FROM,ACTIVE_TO,MODIFIABLE,ORDER_NUMBER,COMMENTS,READ_ONLY,UNMANAGED,NO_INDEX,NO_BUFFER,FULL_DESCRIPTION,ALIASES,PHYSICAL_NAME,DATA_SOURCE,TABLE_SET,RENAMED_TABLE,PROMPT_DESCRIPTION,SELECT_CLAUSE_A,SELECT_CLAUSE_B,SELECT_CLAUSE_C,SELECT_CLAUSE_D,SELECT_CLAUSE_E,SELECT_CLAUSE_F,SELECT_CLAUSE_G,SELECT_CLAUSE_H,SELECT_CLAUSE_I,SELECT_CLAUSE_J,ORACLE_SELECT_CLAUSE_A,ORACLE_SELECT_CLAUSE_B,ORACLE_SELECT_CLAUSE_C,ORACLE_SELECT_CLAUSE_D,ORACLE_SELECT_CLAUSE_E,ORACLE_SELECT_CLAUSE_F,ORACLE_SELECT_CLAUSE_G,ORACLE_SELECT_CLAUSE_H,ORACLE_SELECT_CLAUSE_I,ORACLE_SELECT_CLAUSE_J,SQL_SERVER_SELECT_CLAUSE_A,SQL_SERVER_SELECT_CLAUSE_B,SQL_SERVER_SELECT_CLAUSE_C,SQL_SERVER_SELECT_CLAUSE_D,SQL_SERVER_SELECT_CLAUSE_E,SQL_SERVER_SELECT_CLAUSE_F,SQL_SERVER_SELECT_CLAUSE_G,SQL_SERVER_SELECT_CLAUSE_H,SQL_SERVER_SELECT_CLAUSE_I,SQL_SERVER_SELECT_CLAUSE_J,PARENT_TABLE_GUID,PARENT_TABLE_VERSION,PARENT_TABLE_ID
36,10,40,1,32,32,1,10,512,1,1,1,1,256,256,100,100,100,100,100,4000,4000,4000,4000,4000,4000,4000,4000,4000,4000,4000,4000,4000,4000,4000,4000,4000,4000,4000,4000,4000,4000,4000,4000,4000,4000,4000,4000,4000,4000,36,10,40
                      61
"4195E9A3-AF94-4969-A16E-6FCF9F252858","1","MLP_VERSIONS_VIEW","TRUE", , ,"TRUE","1",,"TRUE","FALSE","FALSE","FALSE",,"MLP_VERSIONS","MLP_VERSIONS_VIEW","MLP_VERSIONS_VIEW",,,,"SELECT
		mlp_header . [identity]      ,
		mlp_header . product_version ,
		mlp_header . version_comment ,
		mlp_header . product_status  ,
		mlp_header . created_date    ,
                mlp_header . name

      FROM
		mlp_header",,,,,,,,,,,,,,,,,,,,,,,,,,,,,,,"0",
"4195E9A3-AF94-4969-A16E-6FCF9F252858","1","MLP_LATEST_VERSION_VIEW","TRUE", , ,"TRUE","2","{MLP_HEADER view which gets the latest version of a product}","TRUE","FALSE","FALSE","FALSE",,"PRODUCTS_VIEW","MLP_LATEST_VERSION_VIEW","MLP_LATEST_VERSION_VIEW",,,,"SELECT
		m . [identity]      ,
		m . product_version ,
		m . version_comment ,
		m . product_status  ,
		m . created_date    ,
		m . description     ,
                m . name

      FROM
		mlp_header m
		
      WHERE
		m . product_version = ( SELECT MAX ( product_version )
                          		FROM mlp_header m2
                          		WHERE m2 . [identity] = m . [identity] )",,,,,,,,,,,,,,,,,,,,,,,,,,,,,,,"0",
"4195E9A3-AF94-4969-A16E-6FCF9F252858","1","WORK_PROFILE","TRUE", , ,"TRUE","3",,"TRUE","FALSE","FALSE","FALSE",,,"WORK_PROFILE","WORK_PROFILE",,,,"SELECT
		m . [identity]       ,
		m . product_version  ,
		m . product_code     ,
		m . entry_code       ,
		m . product_group    ,
		m . description      ,
		m . test_schedule    ,
		m . product_status   ,
		m . modified_on      ,
		m . modified_by      ,
		m . modifiable       ,
		m . removeflag       ,
		m . group_id         ,
		m . version_comment  ,
		m . version_status   ,
		m . created_date     ,
                m . name

	FROM
		mlp_header m
	WHERE
		m . [identity] IN ( SELECT DISTINCT m2 . [identity]
		                         FROM mlp_header m2 ,
		                              test_sched_entry tse ,
		                              versioned_c_l_entry vcle
		                         WHERE m2   . [identity] = tse . [identity] AND
		                               m    . [identity] = m2  . [identity] AND
		                               vcle . comp_list  = tse . [identity] AND
		                               vcle . analysis  = tse  . analysis_id ) AND
 		m . product_version = ( SELECT MAX ( product_version )
                                        FROM mlp_header m2
                                        WHERE m2 . [identity] = m . [identity] )",,,,,,,,,,,,,,,,,,,,,,,,,,,,,,,"0",
"4195E9A3-AF94-4969-A16E-6FCF9F252858","1","SAMPLE_WORKSHEET","TRUE", , ,"TRUE","4",,"TRUE","FALSE","FALSE","FALSE",,,"SAMPLE_WORKSHEET","SAMPLE_WORKSHEET",,,,"SELECT
              SAMPLE . ID_NUMERIC ,
              SAMPLE . ID_TEXT ,
              WORKSHEET . ASSIGNED_OPERATOR ,
              WORKSHEET . GENERATOR_OPERATOR ,
              WORKSHEET . STATUS ,
              WORKSHEET . LINK_NUMBER ,
              WORKSHEET . DATE_GENERATED
      FROM
              WORKSHEET , SAMPLE
      WHERE
              WORKSHEET . WORKSHEET_TYPE = 'SMPWKS' AND
              SAMPLE . ID_NUMERIC = WORKSHEET . [IDENTITY]",,,,,,,,,,,,,,,,,,,,,,,,,,,,,,,"0",
"4195E9A3-AF94-4969-A16E-6FCF9F252858","1","ANALYSIS_WORKSHEET","TRUE", , ,"TRUE","5",,"TRUE","FALSE","FALSE","FALSE",,,"ANALYSIS_WORKSHEET","ANALYSIS_WORKSHEET",,,,"SELECT
              WORKSHEET . [IDENTITY] ,
              WORKSHEET . ASSIGNED_OPERATOR ,
              WORKSHEET . GENERATOR_OPERATOR ,
              WORKSHEET . STATUS ,
              WORKSHEET . LINK_NUMBER ,
              WORKSHEET . DATE_GENERATED
      FROM
              WORKSHEET
      WHERE
              WORKSHEET . WORKSHEET_TYPE = 'TESTWKS'",,,,,,,,,,,,,,,,,,,,,,,,,,,,,,,"0",
"4195E9A3-AF94-4969-A16E-6FCF9F252858","1","SAMPLE_PREP_WORKSHEET","TRUE", , ,"TRUE","6",,"TRUE","FALSE","FALSE","FALSE",,,"SAMPLE_PREP_WORKSHEET","SAMPLE_PREP_WORKSHEET",,,,"SELECT
              WORKSHEET . [IDENTITY] ,
              WORKSHEET . ASSIGNED_OPERATOR ,
              WORKSHEET . GENERATOR_OPERATOR ,
              WORKSHEET . STATUS ,
              WORKSHEET . LINK_NUMBER ,
              WORKSHEET . DATE_GENERATED
      FROM
              WORKSHEET
      WHERE
              WORKSHEET . WORKSHEET_TYPE = 'SMPREPWKS'",,,,,,,,,,,,,,,,,,,,,,,,,,,,,,,"0",
"4195E9A3-AF94-4969-A16E-6FCF9F252858","1","TEST_PREP_WORKSHEET","TRUE", , ,"TRUE","7",,"TRUE","FALSE","FALSE","FALSE",,,"TEST_PREP_WORKSHEET","TEST_PREP_WORKSHEET",,,,"SELECT
              WORKSHEET . [IDENTITY] ,
              WORKSHEET . ASSIGNED_OPERATOR ,
              WORKSHEET . GENERATOR_OPERATOR ,
              WORKSHEET . STATUS ,
              WORKSHEET . LINK_NUMBER ,
              WORKSHEET . DATE_GENERATED
      FROM
              WORKSHEET
      WHERE
              WORKSHEET . WORKSHEET_TYPE = 'TESTPREP'",,,,,,,,,,,,,,,,,,,,,,,,,,,,,,,"0",
"4195E9A3-AF94-4969-A16E-6FCF9F252858","1","USER_WORKSHEET","TRUE", , ,"TRUE","8",,"TRUE","FALSE","FALSE","FALSE",,,"USER_WORKSHEET","USER_WORKSHEET",,,,"SELECT
              WORKSHEET . [IDENTITY] ,
              WORKSHEET . ASSIGNED_OPERATOR ,
              WORKSHEET . GENERATOR_OPERATOR ,
              WORKSHEET . STATUS ,
              WORKSHEET . LINK_NUMBER ,
              WORKSHEET . DATE_GENERATED
      FROM
              WORKSHEET
      WHERE
              WORKSHEET . WORKSHEET_TYPE = 'UDWKS'",,,,,,,,,,,,,,,,,,,,,,,,,,,,,,,"0",
"4195E9A3-AF94-4969-A16E-6FCF9F252858","1","AUDIT_VALUES","TRUE", , ,"TRUE","9",,"TRUE","FALSE","FALSE","FALSE",,,"AUDIT_VALUES","AUDIT_VALUES",,,,,,,,,,,,,,,,,,,,,,,,,,,,,,,,,,,"0",
"4195E9A3-AF94-4969-A16E-6FCF9F252858","1","AUDIT_VIEW","TRUE", , ,"TRUE","10",,"TRUE","FALSE","FALSE","FALSE",,,"AUDIT_VIEW","AUDIT_VIEW",,,,"select
                e . event,
                e . [transaction],
                e . record_key0,
                e . table_name,
                e . event_action,
                e . event_reason,
                t . transaction_date,
                t . user_id,
                t . transaction_name
        from
                audit_event e,
                audit_transaction t
        where
                e . [transaction] = t . [transaction]",,,,,,,,,,,,,,,,,,,,,,,,,,,,,,,"0",
"4195E9A3-AF94-4969-A16E-6FCF9F252858","1","C_AUDIT_VALUES","TRUE", , ,"TRUE","11",,"TRUE","FALSE","FALSE","FALSE",,,"C_AUDIT_VALUES","C_AUDIT_VALUES","DEFAULT_TABLE_SET",,,,,,,,,,,,,,,,,,,,,,,,,,,,,,,,,"3447F0FA-9ED5-4B50-ABED-A68D666C5FEE","1","AUDIT_VALUES"
"4195E9A3-AF94-4969-A16E-6FCF9F252858","1","C_AUDIT_VIEW","TRUE", , ,"TRUE","12",,"TRUE","FALSE","FALSE","FALSE",,,"C_AUDIT_VIEW","C_AUDIT_VIEW","DEFAULT_TABLE_SET",,,"select
                e . event,
                e . [transaction],
                e . record_key0,
                e . table_name,
                e . event_action,
                e . event_reason,
                t . transaction_date,
                t . user_id,
                t . transaction_name
        from
                c_audit_event e,
                c_audit_transaction t
        where
                e . [transaction] = t . [transaction]",,,,,,,,,,,,,,,,,,,,,,,,,,,,,,"3909A7E9-47BC-42A1-9508-DE9A84874FCF","1","AUDIT_VIEW"
"4195E9A3-AF94-4969-A16E-6FCF9F252858","1","SAMP_JOB_VIEW","TRUE", , ,"TRUE","13",,"TRUE","FALSE","FALSE","FALSE",,,"SAMP_JOB_VIEW","SAMP_JOB_VIEW",,,,,,,,,,,,,,,,,,,,,,,,,,,,,,,,,,,"0",
"4195E9A3-AF94-4969-A16E-6FCF9F252858","1","C_SAMP_JOB_VIEW","TRUE", , ,"TRUE","14",,"TRUE","FALSE","FALSE","FALSE",,,"C_SAMP_JOB_VIEW","C_SAMP_JOB_VIEW","DEFAULT_TABLE_SET",,,,,,,,,,,,,,,,,,,,,,,,,,,,,,,,,"1A2CDBEB-E228-48BE-A7CA-B59D22A0DC3F","1","SAMP_JOB_VIEW"
"4195E9A3-AF94-4969-A16E-6FCF9F252858","1","ARCHIVE_SJ_VIEW","TRUE", , ,"TRUE","15",,"TRUE","FALSE","FALSE","FALSE",,,"ARCHIVE_SJ_VIEW","ARCHIVE_SJ_VIEW","ARCHIVE_TABLE_SET",,,,,,,,,,,,,,,,,,,,,,,,,,,,,,,,,"1A2CDBEB-E228-48BE-A7CA-B59D22A0DC3F","1","SAMP_JOB_VIEW"
"4195E9A3-AF94-4969-A16E-6FCF9F252858","1","SAMP_TEST_VIEW","TRUE", , ,"TRUE","16",,"TRUE","FALSE","FALSE","FALSE",,,"SAMP_TEST_VIEW","SAMP_TEST_VIEW",,,,,,,,,,,,,,,,,,,,,,,,,,,,,,,,,,,"0",
"4195E9A3-AF94-4969-A16E-6FCF9F252858","1","C_SAMP_TEST_VIEW","TRUE", , ,"TRUE","17",,"TRUE","FALSE","FALSE","FALSE",,,"C_SAMP_TEST_VIEW","C_SAMP_TEST_VIEW","DEFAULT_TABLE_SET",,,,,,,,,,,,,,,,,,,,,,,,,,,,,,,,,"CACF6047-302B-458E-A360-72A233F3262F","1","SAMP_TEST_VIEW"
"4195E9A3-AF94-4969-A16E-6FCF9F252858","1","ARCHIVE_ST_VIEW","TRUE", , ,"TRUE","18",,"TRUE","FALSE","FALSE","FALSE",,,"ARCHIVE_ST_VIEW","ARCHIVE_ST_VIEW","ARCHIVE_TABLE_SET",,,,,,,,,,,,,,,,,,,,,,,,,,,,,,,,,"CACF6047-302B-458E-A360-72A233F3262F","1","SAMP_TEST_VIEW"
"4195E9A3-AF94-4969-A16E-6FCF9F252858","1","MLP_VIEW","TRUE", , ,"TRUE","19",,"TRUE","FALSE","FALSE","FALSE",,,"MLP_VIEW","MLP_VIEW",,,,"SELECT
                MC  . PRODUCT_ID,
                MC  . PRODUCT_VERSION,
                MC  . ANALYSIS_ID,
                MC  . COMPONENT_NAME,
                MC  . COMPONENT_TYPE,
                ML  . LEVEL_ID,
                MHV . MIN_LIMIT,
                MHV . TEXT_SPEC,
                ML  . MESSAGE_ACTION,
                ML  . REPORT_ACTION,
                ML  . RESULT_ACTION,
                ML  . DISPLAY_MESSAGE,
                ML  . REPORT_NAME,
                ML  . ROUTINE_NAME,
                MCV . MIN_LIMIT,
                MCV . MAX_LIMIT,
                MCV . TEXT_SPEC,
                MCV . TEXT_PHRASE,
                MCV . BOOLEAN_PASS,
                MH  . NAME
        FROM
                MLP_HEADER MH,
                MLP_VALUES MHV,
                MLP_LEVEL ML,
                MLP_COMPONENTS MC,
                MLP_VALUES MCV
        WHERE
                MH . ENTRY_CODE      = MHV . ENTRY_CODE      AND
                ML . LEVEL_ID        = MHV . LEVEL_ID        AND
                ML . LEVEL_ID        = MCV . LEVEL_ID        AND
                MC . PRODUCT_ID      = MH  . [IDENTITY]      AND
                MC . PRODUCT_VERSION = MH  . PRODUCT_VERSION AND
                MC . ENTRY_CODE      = MCV . ENTRY_CODE",,,,,,,,,,,,,,,,,,,,,,,,,,,,,,,"0",
"4195E9A3-AF94-4969-A16E-6FCF9F252858","1","SAMP_JOB_TEST_RESULT","TRUE", , ,"TRUE","20",,"TRUE","FALSE","FALSE","FALSE",,,"SAMP_JOB_TEST_RESULT","SAMP_JOB_TEST_RESULT",,,,,,,,,,,,,,,,,,,,,,,,,,,,,,,,,,,"0",
"4195E9A3-AF94-4969-A16E-6FCF9F252858","1","SAMP_TEST_RESULT","TRUE", , ,"TRUE","21",,"TRUE","FALSE","FALSE","FALSE",,,"SAMP_TEST_RESULT","SAMP_TEST_RESULT",,,,,,,,,,,,,,,,,,,,,,,,,,,,,,,,,,,"0",
"4195E9A3-AF94-4969-A16E-6FCF9F252858","1","LIMIT_VIEW","TRUE", , ,"TRUE","22",,"TRUE","FALSE","FALSE","FALSE",,,"LIMIT_VIEW","LIMIT_VIEW",,,,"SELECT
                MHV . ENTRY_CODE,
                MHV . LEVEL_ID,
                MHV . MIN_LIMIT,
                MHV . TEXT_SPEC,
                MCV . ENTRY_CODE,
                MCV . MIN_LIMIT,
                MCV . MAX_LIMIT,
                MCV . TEXT_SPEC,
                MCV . CALCULATION,
                MCV . TEXT_PHRASE,
                MCV . BOOLEAN_PASS,
                MCC . PLACES

        FROM
                MLP_VALUES MHV,
                MLP_VALUES MCV,
                MLP_COMPONENTS MCC

        WHERE
                MCV . LEVEL_ID = MHV . LEVEL_ID AND
                MCV . ENTRY_CODE = MCC .ENTRY_CODE",,,,,,,,,,,,,,,,,,,,,,,,,,,,,,,"0",
"4195E9A3-AF94-4969-A16E-6FCF9F252858","1","ANALYSIS_VIEW","TRUE", , ,"TRUE","23","{ Views to implement select on the non versioned tables. }
{ The select statement for the next four views should    }
{ have the same predicates for the versioned_analysis    }
{ table.                                                 }","TRUE","FALSE","FALSE","FALSE",,"ANALYSIS","ANALYSIS_VIEW","ANALYSIS_VIEW",,,,"SELECT
                A1 . [IDENTITY]             ,
                A1 . ANALYSIS_VERSION       ,
                A1 . GROUP_ID               ,
                A1 . ANALYSIS_TYPE          ,
                A1 . DESCRIPTION            ,
                A1 . INSTTYPE_ID            ,
                A1 . INSTCAT_ID             ,
                A1 . PREPARATION_ID         ,
                A1 . EXPECTED_TIME          ,
                A1 . CHARGECODE             ,
                A1 . RESULT_SCREEN          ,
                A1 . MODIFIED_ON            ,
                A1 . MODIFIED_BY            ,
                A1 . MODIFIABLE             ,
                A1 . REMOVEFLAG             ,
                A1 . CALCULATION            ,
                A1 . REPLICATES             ,
                A1 . ACCESS_FLAGS           ,
                A1 . COMP_REPLICATES        ,
                A1 . GENERIC_ANALYSIS       ,
                A1 . APPROVAL_REQD          ,
                A1 . ALLOW_CATEGORY         ,
                A1 . APPROVAL_STATUS        ,
                A1 . INSPECTION_PLAN        ,
                A1 . SAMPLING_PLAN_TYPE     ,
                A1 . AUTO_VALIDATE          ,
                A1 . INSTRUMENT_REQUIRED    ,
                A1 . NAME                   ,
                A1 . ACTIVE                 ,
                A1 . ACTIVE_FROM            ,
                A1 . ACTIVE_TO              ,
                A1 . WORKFLOW_ID            ,
                A1 . ENTITY_TEMPLATE_ID     
                

        FROM
                VERSIONED_ANALYSIS A1

        WHERE
                ANALYSIS_VERSION = ( SELECT MAX ( ANALYSIS_VERSION )
                                     FROM VERSIONED_ANALYSIS A2
                                     WHERE A2.[IDENTITY] = A1.[IDENTITY]  AND
                                           A2 . APPROVAL_STATUS = 'A' AND
                                           A2 . ACTIVE          = 'T' AND
                                           A2 . REMOVEFLAG      = 'F' )",,,,,,,,,,,,,,,,,,,,,,,,,,,,,,,"0",
"4195E9A3-AF94-4969-A16E-6FCF9F252858","1","COMPONENT_VIEW","TRUE", , ,"TRUE","24",,"TRUE","FALSE","FALSE","FALSE",,"COMPONENT","COMPONENT_VIEW","COMPONENT_VIEW",,,,"SELECT
                C . ANALYSIS,
                C . ANALYSIS_VERSION,
                C . NAME,
                C . ORDER_NUMBER,
                C . RESULT_TYPE,
                C . UNITS,
                C . MINIMUM,
                C . MAXIMUM,
                C . TRUE_WORD,
                C . FALSE_WORD,
                C . ALLOWED_CHARACTERS,
                C . CALCULATION,
                C . PLACES,
                C . REP_CONTROL,
                C . REPLICATES,
                C . SIG_FIGS_NUMBER,
                C . SIG_FIGS_ROUNDING,
                C . SIG_FIGS_FILTER,
                C . MINIMUM_PQL,
                C . MAXIMUM_PQL,
                C . PQL_CALCULATION,
                C . FORMULA,
                C . MATRIX_NO,
                C . MATRIX_NAME,
                C . COLUMN_NO,
                C . COLUMN_NAME,
                C . ROW_NO,
                C . ROW_NAME,
                C . UNCERTAINTY_TEXT,
                C . ENTITY_CRITERIA

        FROM
                VERSIONED_COMPONENT C

        WHERE
                ANALYSIS_VERSION = ( SELECT MAX ( ANALYSIS_VERSION )
                                     FROM VERSIONED_ANALYSIS A2
                                     WHERE A2 . [IDENTITY] = C . ANALYSIS  AND
                                           A2 . APPROVAL_STATUS = 'A' AND
                                           A2 . ACTIVE          = 'T' AND
                                           A2 . REMOVEFLAG      = 'F' )",,,,,,,,,,,,,,,,,,,,,,,,,,,,,,,"0",
"4195E9A3-AF94-4969-A16E-6FCF9F252858","1","COMPLIST_HEADER_VIEW","TRUE", , ,"TRUE","25",,"TRUE","FALSE","FALSE","FALSE",,"COMP_LIST_HEADER","COMPLIST_HEADER_VIEW","COMPLIST_HEADER_VIEW",,,,"SELECT
                CLH . ANALYSIS,
                CLH . ANALYSIS_VERSION,
                CLH . COMP_LIST,
                CLH . DESCRIPTION,
                CLH . GROUP_ID

        FROM
                VERSIONED_C_L_HEADER CLH

        WHERE
                ANALYSIS_VERSION = ( SELECT MAX ( ANALYSIS_VERSION )
                                     FROM VERSIONED_ANALYSIS A2
                                     WHERE A2 . [IDENTITY] = CLH . ANALYSIS  AND
                                           A2 . APPROVAL_STATUS = 'A' AND
                                           A2 . ACTIVE          = 'T' AND
                                           A2 . REMOVEFLAG      = 'F' )",,,,,,,,,,,,,,,,,,,,,,,,,,,,,,,"0",
"4195E9A3-AF94-4969-A16E-6FCF9F252858","1","COMPLIST_ENTRY_VIEW","TRUE", , ,"TRUE","26",,"TRUE","FALSE","FALSE","FALSE",,"COMP_LIST_ENTRY","COMPLIST_ENTRY_VIEW","COMPLIST_ENTRY_VIEW",,,,"SELECT
                CLE . ANALYSIS ,
                CLE . ANALYSIS_VERSION ,
                CLE . COMP_LIST ,
                CLE . NAME ,
                CLE . ORDER_NUMBER ,
                CLE . DEFAULT_VALUE ,
                CLE . REPLICATE_COUNT,
                CLE . RESULT_ENTRY,
                CLE . CREATE_ALWAYS,
                CLE . SPIKE_VALUE,
                CLE . SURROGATE_MLP

        FROM
                VERSIONED_C_L_ENTRY CLE

        WHERE
                ANALYSIS_VERSION = ( SELECT MAX ( ANALYSIS_VERSION )
                                     FROM VERSIONED_ANALYSIS A2
                                     WHERE A2 . [IDENTITY] = CLE . ANALYSIS  AND
                                           A2 . APPROVAL_STATUS = 'A' AND
                                           A2 . ACTIVE          = 'T' AND
                                           A2 . REMOVEFLAG      = 'F' )",,,,,,,,,,,,,,,,,,,,,,,,,,,,,,,"0",
"4195E9A3-AF94-4969-A16E-6FCF9F252858","1","ARCHIVE_AUDIT_VALUES","TRUE", , ,"TRUE","27",,"TRUE","FALSE","FALSE","FALSE",,,"ARCHIVE_AUDIT_VALUES","ARCHIVE_AUDIT_VALUES","ARCHIVE_TABLE_SET",,,,,,,,,,,,,,,,,,,,,,,,,,,,,,,,,"3447F0FA-9ED5-4B50-ABED-A68D666C5FEE","1","AUDIT_VALUES"
"4195E9A3-AF94-4969-A16E-6FCF9F252858","1","ARCHIVE_AUDIT_VIEW","TRUE", , ,"TRUE","28",,"TRUE","FALSE","FALSE","FALSE",,,"ARCHIVE_AUDIT_VIEW","ARCHIVE_AUDIT_VIEW","ARCHIVE_TABLE_SET",,,"select
                e . event,
                e . [transaction],
                e . record_key0,
                e . table_name,
                e . event_action,
                e . event_reason,
                t . transaction_date,
                t . user_id,
                t . transaction_name
        from
                archive_audit_event e,
                archive_audit_trans t
        where
                e . [transaction] = t . [transaction]",,,,,,,,,,,,,,,,,,,,,,,,,,,,,,"3909A7E9-47BC-42A1-9508-DE9A84874FCF","1","AUDIT_VIEW"
"4195E9A3-AF94-4969-A16E-6FCF9F252858","1","SAMPLE_INSPECT_VIEW","TRUE", , ,"TRUE","29",,"TRUE","FALSE","FALSE","FALSE",,,"SAMPLE_INSPECT_VIEW","SAMPLE_INSPECT_VIEW",,,,"SELECT
                S . ID_NUMERIC,
                S . ID_TEXT,
                S . STATUS,
                I . VERSION,
                I . ORDER_NUM,
                I . INSPECTION_USER_TYPE,
                I . PERSONNEL_ID,
                I . ROLE_ID,
                I . INSPECTION_IDENTITY,
                I . STATUS,
                I . INSPECTION_TEXT,
                I . INSPECTION_PRESENTER,
                R . OPERATOR_ID,
                R . GROUP_ID

        FROM
                SAMPLE S,
                INSPECTOR I
                LEFT OUTER JOIN ROLE_ASSIGNMENT R ON R.ROLE_ID = I.ROLE_ID 

        WHERE
                I . RECORD_KEY0 = S . ID_NUMERIC AND
                I . TABLE_NAME  ='SAMPLE'",,,,,,,,,,,,,,,,,,,,,,,,,,,,,,,"0",
"4195E9A3-AF94-4969-A16E-6FCF9F252858","1","TEST_INSPECT_VIEW","TRUE", , ,"TRUE","30",,"TRUE","FALSE","FALSE","FALSE",,,"TEST_INSPECT_VIEW","TEST_INSPECT_VIEW",,,,"SELECT

                T . TEST_NUMBER,
                T . STATUS,
                I . VERSION,
                I . INSPECTION_USER_TYPE,
                I . PERSONNEL_ID,
                I . ROLE_ID,
                I . STATUS,
                I . INSPECTION_TEXT,
                R . OPERATOR_ID

        FROM
                TEST T,
                INSPECTOR I
                LEFT OUTER JOIN ROLE_ASSIGNMENT R ON R.ROLE_ID = I.ROLE_ID 

        WHERE
                I . RECORD_KEY0 = T . TEST_NUMBER AND
                I . TABLE_NAME  = 'TEST'",,,,,,,,,,,,,,,,,,,,,,,,,,,,,,,"0",
"4195E9A3-AF94-4969-A16E-6FCF9F252858","1","JOB_INSPECT_VIEW","TRUE", , ,"TRUE","31",,"TRUE","FALSE","FALSE","FALSE",,,"JOB_INSPECT_VIEW","JOB_INSPECT_VIEW",,,,"SELECT

                J . JOB_NAME,
                J . JOB_STATUS,
                I . VERSION,
                I . INSPECTION_USER_TYPE,
                I . PERSONNEL_ID,
                I . ROLE_ID,
                I . STATUS,
                I . INSPECTION_TEXT,
                R . OPERATOR_ID

        FROM
                JOB_HEADER J,
                INSPECTOR I
                LEFT OUTER JOIN ROLE_ASSIGNMENT R ON R.ROLE_ID = I.ROLE_ID 

        WHERE
                I . RECORD_KEY0 = J . JOB_NAME AND
                I . TABLE_NAME  = 'JOB_HEADER'",,,,,,,,,,,,,,,,,,,,,,,,,,,,,,,"0",
"4195E9A3-AF94-4969-A16E-6FCF9F252858","1","INSPECT_HISTORY_VIEW","TRUE", , ,"TRUE","32",,"TRUE","FALSE","FALSE","FALSE",,,"INSPECT_HISTORY_VIEW","INSPECT_HISTORY_VIEW",,,,"SELECT DISTINCT
                S . ID_NUMERIC,
                S . ID_TEXT,
                S . STATUS,
                S . LOGIN_DATE

        FROM
                SAMPLE S,
                INSPECTOR I

        WHERE
                I . RECORD_KEY0 = S . ID_NUMERIC AND
                I . TABLE_NAME  ='SAMPLE'",,,,,,,,,,,,,,,,,,,,,,,,,,,,,,,"0",
"4195E9A3-AF94-4969-A16E-6FCF9F252858","1","BATCH_SQC_ACTIVE_VIEW","TRUE", , ,"TRUE","33","{ Batch SQC on Active Batch and Active Data }","TRUE","FALSE","FALSE","FALSE",,,"BATCH_SQC_ACTIVE_VIEW","BATCH_SQC_ACTIVE_VIEW",,,,"SELECT
   h . [identity]            ,
   h . template_id           ,
   t . analysis              ,
   t . instrument            ,
   s . product               ,
   s . product_version       ,
   s . standard_type         ,
   s . id_numeric            ,
   s . id_text               ,
   r . test_number           ,
   r . name                  ,
   r . text                  ,
   r . units                 ,
   r . entered_on            ,
   r . surrogate_mlp         ,
   r . surrogate_mlp_version
FROM
  batch_header h ,
  batch_entry  e ,
  test         t ,
  sample       s ,
  result       r
WHERE
  ( h . status      <> 'X'            ) AND
  ( e . [identity]  = h . [identity]  ) AND
  ( t . test_number = e . test        ) AND
  ( s . id_numeric  = t . sample      ) AND
  ( r . test_number = e . test        ) AND
  ( r . status IN ( 'A' , 'E' , 'M' ) )",,,,,,,,,,,,,,,,,,,,,,,,,,,,,,,"0",
"4195E9A3-AF94-4969-A16E-6FCF9F252858","1","BATCH_SQC_COMMITTED_VIEW","TRUE", , ,"TRUE","34","{ Batch SQC on Commeitted Batch and Active Data }","TRUE","FALSE","FALSE","FALSE",,,"BATCH_SQC_COMMITTED_VIEW","BATCH_SQC_COMMITTED_VIEW",,,,"SELECT
   h . [identity]            ,
   h . template_id           ,
   t . analysis              ,
   t . instrument            ,
   s . product               ,
   s . product_version       ,
   s . standard_type         ,
   s . id_numeric            ,
   s . id_text               ,
   r . test_number           ,
   r . name                  ,
   r . text                  ,
   r . units                 ,
   r . entered_on            ,
   r . surrogate_mlp         ,
   r . surrogate_mlp_version
FROM
  c_batch_header h ,
  c_batch_entry  e ,
  c_test         t ,
  c_sample       s ,
  c_result       r
WHERE
  ( h . status      <> 'X'            ) AND
  ( e . [identity]  = h . [identity]  ) AND
  ( t . test_number = e . test        ) AND
  ( s . id_numeric  = t . sample      ) AND
  ( r . test_number = e . test        ) AND
  ( r . status IN ( 'A' , 'E' , 'M' ))",,,,,,,,,,,,,,,,,,,,,,,,,,,,,,,"0",
"4195E9A3-AF94-4969-A16E-6FCF9F252858","1","ESIG_MENU_LEVEL_VIEW","TRUE", , ,"TRUE","35",,"TRUE","FALSE","FALSE","FALSE",,"ESIG_MENU_LEVEL","ESIG_MENU_LEVEL_VIEW","ESIG_MENU_LEVEL_VIEW",,,,"SELECT
		master_menu . procedure_num ,
		master_menu . esig_level    ,
		master_menu . esig_reason
      FROM
		master_menu",,,,,,,,,,,,,,,,,,,,,,,,,,,,,,,"0",
"4195E9A3-AF94-4969-A16E-6FCF9F252858","1","ROLE_MENU","TRUE", , ,"TRUE","36",,"TRUE","FALSE","FALSE","FALSE",,,"ROLE_MENU","ROLE_MENU",,,,"SELECT
              ROLE_ASSIGNMENT . OPERATOR_ID ,
              ROLE_ASSIGNMENT . ROLE_ID ,
              ROLE_ASSIGNMENT . GROUP_ID ,
              ROLE_ENTRY      . PROCEDURE_NUM ,
              MASTER_MENU     . COMMITTED,
              MASTER_MENU     . WEB_ENABLED

      FROM
              ROLE_ASSIGNMENT,
              ROLE_HEADER,
              ROLE_ENTRY,
              MASTER_MENU

      WHERE
              ROLE_ASSIGNMENT . ROLE_ID       = ROLE_ENTRY .  ROLE_ID       AND
              ROLE_ENTRY .      PROCEDURE_NUM = MASTER_MENU . PROCEDURE_NUM AND
              ROLE_HEADER .     [IDENTITY]    = ROLE_ENTRY .  ROLE_ID       AND
              ROLE_HEADER .     REMOVEFLAG    = 'F'",,,,,,,,,,,,,,,,,,,,,,,,,,,,,,,"0",
"4195E9A3-AF94-4969-A16E-6FCF9F252858","1","ROLE_ENTRY_DETAILS","TRUE", , ,"TRUE","37",,"TRUE","FALSE","FALSE","FALSE",,,"ROLE_ENTRY_DETAILS","ROLE_ENTRY_DETAILS",,,,"SELECT

              ROLE_ENTRY  . ROLE_ID       ,
              ROLE_ENTRY  . PROCEDURE_NUM ,
              MASTER_MENU . DESCRIPTION   ,
              MASTER_MENU . DATA_TYPE     ,
              MASTER_MENU . ACTION_TYPE   ,
              MASTER_MENU . TYPE          ,
              MASTER_MENU . ICON

      FROM
              ROLE_ENTRY ,
              MASTER_MENU

      WHERE

              ROLE_ENTRY . PROCEDURE_NUM = MASTER_MENU . PROCEDURE_NUM",,,,,,,,,,,,,,,,,,,,,,,,,,,,,,,"0",
"4195E9A3-AF94-4969-A16E-6FCF9F252858","1","MENU_IE_VIEW","TRUE", , ,"TRUE","38","{*************************}
{ Menu import/export view }
{*************************}","TRUE","FALSE","FALSE","FALSE",,,"MENU_IE_VIEW","MENU_IE_VIEW",,,,"SELECT

		master_menu . procedure_num ,
		master_menu . description   ,
		master_menu . short_text    ,
		master_menu . mnemonic      ,
		master_menu . library       ,
		master_menu . routine       ,
		master_menu . type          ,
		smw_menu    . menu_name     ,
		smw_menu    . entry_number  ,
		smw_menu    . menu_number   ,
		smw_menu    . order_number  ,
		smw_menu    . option_number ,
		smw_menu    . option_name

	FROM

		master_menu
		right outer join smw_menu on smw_menu . option_number = master_menu . procedure_num",,,,,,,,,,,,,,,,,,,,,,,,,,,,,,,"0",
"4195E9A3-AF94-4969-A16E-6FCF9F252858","1","ESIG_DATA_VIEW","TRUE", , ,"TRUE","39",,"TRUE","FALSE","FALSE","FALSE",,,"ESIG_DATA_VIEW","ESIG_DATA_VIEW",,,,,,,,,,,,,,,,,,,,,,,,,,,,,,,,,,,"0",
"4195E9A3-AF94-4969-A16E-6FCF9F252858","1","C_ESIG_DATA_VIEW","TRUE", , ,"TRUE","40",,"TRUE","FALSE","FALSE","FALSE",,,"C_ESIG_DATA_VIEW","C_ESIG_DATA_VIEW","DEFAULT_TABLE_SET",,,,,,,,,,,,,,,,,,,,,,,,,,,,,,,,,"831EB598-6F5D-4B7A-BBD1-728AE4016F9F","1","ESIG_DATA_VIEW"
"4195E9A3-AF94-4969-A16E-6FCF9F252858","1","ARCHIVE_ESIG_DATA_VIEW","TRUE", , ,"TRUE","41",,"TRUE","FALSE","FALSE","FALSE",,,"ARCHIVE_ESIG_DATA_VIEW","ARCHIVE_ESIG_DATA_VIEW","ARCHIVE_TABLE_SET",,,,,,,,,,,,,,,,,,,,,,,,,,,,,,,,,"831EB598-6F5D-4B7A-BBD1-728AE4016F9F","1","ESIG_DATA_VIEW"
"4195E9A3-AF94-4969-A16E-6FCF9F252858","1","USER_VIEW","TRUE", , ,"TRUE","42",,"TRUE","FALSE","FALSE","FALSE",,,"USER_VIEW","USER_VIEW",,,,"SELECT
		P.[IDENTITY] ,
		P.GROUP_ID ,
		P.DEFAULT_GROUP,
		P.DESCRIPTION ,
		P.AUTHORITY ,
		P.LOCATION_ID ,
		P.COST_CODE ,
		P.MODIFIED_ON ,
		P.MODIFIED_BY ,
		P.MODIFIABLE ,
		P.REMOVEFLAG 

        FROM
                PERSONNEL P, PASSWORD PSW

        WHERE
                P.[IDENTITY] = PSW.[IDENTITY]",,,,,,,,,,,,,,,,,,,,,,,,,,,,,,,"0",
"4195E9A3-AF94-4969-A16E-6FCF9F252858","1","WEB_MENU","TRUE", , ,"TRUE","43",,"TRUE","FALSE","FALSE","FALSE",,,"WEB_MENU","WEB_MENU",,,,"SELECT DISTINCT web_menu_section . [identity]
      FROM web_menu_section",,,,,,,,,,,,,,,,,,,,,,,,,,,,,,,"0",
"4195E9A3-AF94-4969-A16E-6FCF9F252858","1","JOB_LOT_VIEW","TRUE", , ,"TRUE","44",,"TRUE","FALSE","FALSE","FALSE",,,"JOB_LOT_VIEW","JOB_LOT_VIEW",,,,,,,,,,,,,,,,,,,,,,,,,,,,,,,,,,,"0",
"4195E9A3-AF94-4969-A16E-6FCF9F252858","1","R_BATCH_FAILURES","TRUE", , ,"TRUE","45","{*******************************************************************************
* Report View r_batch_failures
*******************************************************************************}","TRUE","FALSE","FALSE","FALSE",,,"R_BATCH_FAILURES","R_BATCH_FAILURES",,,,,,,,,,,,,,"SELECT  DISTINCT 
		  BATCH_HEADER.IDENTITY,
		  BATCH_ENTRY.TEST,
		  BATCH_ENTRY.TYPE,
		  BATCH_ENTRY.REVIEW_STATUS,
		  'XXXXXXXXXX',
		  'XXXXXXXXXX',
		  'XXXXXXXXXX',
		  'XXXXXXXXXX',
		  'XXXXXXXXXX',
		  'XXXXXXXXXX',
		  'Z',
		  SAMPLE.ID_TEXT,
		  TEST.TEST_COUNT
	     FROM BATCH_ENTRY,
		  BATCH_HEADER,
		  TEST,
		  SAMPLE
	    WHERE ( BATCH_ENTRY.IDENTITY = BATCH_HEADER.IDENTITY ) and
		  ( BATCH_ENTRY.REVIEW_STATUS <> 'P' ) and
		  ( TEST.TEST_NUMBER = BATCH_ENTRY.TEST ) AND
		  ( SAMPLE.ID_NUMERIC = TEST.SAMPLE )
	UNION
	  SELECT  DISTINCT 
		  BATCH_HEADER.IDENTITY,
		  BATCH_ENTRY.TEST,
		  BATCH_ENTRY.TYPE,
		  BATCH_ENTRY.REVIEW_STATUS,
		  MLP_COMPONENTS.COMPONENT_NAME,
		  MLP_COMPONENTS.UNITS,
		  MLP_LEVEL.LEVEL_ID,
		  MLP_VALUES.MIN_LIMIT,
		  MLP_VALUES.MAX_LIMIT,
		  RESULT.TEXT,
		  RESULT.STATUS,
		  SAMPLE.ID_TEXT,
		  TEST.TEST_COUNT
	     FROM BATCH_ENTRY,
		  BATCH_HEADER,
		  MLP_COMPONENTS,
		  MLP_HEADER,
		  MLP_LEVEL,
		  MLP_VALUES,
		  TEST,
		  SAMPLE,
		  RESULT
	    WHERE ( BATCH_ENTRY.IDENTITY = BATCH_HEADER.IDENTITY ) and
		  ( BATCH_ENTRY.REVIEW_STATUS <> 'P' ) and
		  ( TEST.TEST_NUMBER = BATCH_ENTRY.TEST ) AND
		  ( SAMPLE.ID_NUMERIC = TEST.SAMPLE ) AND
		  ( MLP_COMPONENTS.PRODUCT_ID = BATCH_HEADER.TEMPLATE_ID ) and
		  ( MLP_COMPONENTS.ANALYSIS_ID = BATCH_HEADER.ANALYSIS ) AND
		  ( MLP_COMPONENTS.ENTRY_CODE <> MLP_HEADER.ENTRY_CODE ) AND
		  ( MLP_VALUES.ENTRY_CODE = MLP_COMPONENTS.ENTRY_CODE ) AND
		  ( MLP_LEVEL.LEVEL_ID = MLP_VALUES.LEVEL_ID ) and
		  ( RESULT.TEST_NUMBER = BATCH_ENTRY.TEST ) AND
		  ( RESULT.NAME = MLP_COMPONENTS.COMPONENT_NAME )
	MINUS
	  SELECT  DISTINCT 
		  BATCH_HEADER.IDENTITY,
		  BATCH_ENTRY.TEST,
		  BATCH_ENTRY.TYPE,
		  BATCH_ENTRY.REVIEW_STATUS,
		  'XXXXXXXXXX',
		  'XXXXXXXXXX',
		  'XXXXXXXXXX',
		  'XXXXXXXXXX',
		  'XXXXXXXXXX',
		  'XXXXXXXXXX',
		  'Z',
		  SAMPLE.ID_TEXT,
		  TEST.TEST_COUNT
	     FROM BATCH_ENTRY,
		  BATCH_HEADER,
		  MLP_COMPONENTS,
		  MLP_HEADER,
		  MLP_LEVEL,
		  MLP_VALUES,
		  TEST,
		  SAMPLE,
		  RESULT
	    WHERE ( BATCH_ENTRY.IDENTITY = BATCH_HEADER.IDENTITY ) and
		  ( BATCH_ENTRY.REVIEW_STATUS <> 'P' ) and
		  ( TEST.TEST_NUMBER = BATCH_ENTRY.TEST ) AND
		  ( SAMPLE.ID_NUMERIC = TEST.SAMPLE ) AND
		  ( MLP_COMPONENTS.PRODUCT_ID = BATCH_HEADER.TEMPLATE_ID ) and
		  ( MLP_COMPONENTS.ANALYSIS_ID = BATCH_HEADER.ANALYSIS ) AND
		  ( MLP_COMPONENTS.ENTRY_CODE <> MLP_HEADER.ENTRY_CODE ) AND
		  ( MLP_VALUES.ENTRY_CODE = MLP_COMPONENTS.ENTRY_CODE ) AND
		  ( MLP_LEVEL.LEVEL_ID = MLP_VALUES.LEVEL_ID ) and
		  ( RESULT.TEST_NUMBER = BATCH_ENTRY.TEST ) AND
		  ( RESULT.NAME = MLP_COMPONENTS.COMPONENT_NAME )",,,,,,,,,,"SELECT  DISTINCT 
		  BATCH_HEADER.[IDENTITY],
		  BATCH_ENTRY.TEST,
		  BATCH_ENTRY.TYPE,
		  BATCH_ENTRY.REVIEW_STATUS,
		  'XXXXXXXXXX',
		  'XXXXXXXXXX',
		  'XXXXXXXXXX',
		  'XXXXXXXXXX',
		  'XXXXXXXXXX',
		  'XXXXXXXXXX',
		  'Z',
		  SAMPLE.ID_TEXT,
		  TEST.TEST_COUNT
	     FROM BATCH_ENTRY,
		  BATCH_HEADER,
		  TEST,
		  SAMPLE
	    WHERE ( BATCH_ENTRY.[IDENTITY] = BATCH_HEADER.[IDENTITY] ) and
		  ( BATCH_ENTRY.REVIEW_STATUS <> 'P' ) and
		  ( TEST.TEST_NUMBER = BATCH_ENTRY.TEST ) AND
		  ( SAMPLE.ID_NUMERIC = TEST.SAMPLE )
	UNION
	  SELECT  DISTINCT 
		  BATCH_HEADER.[IDENTITY],
		  BATCH_ENTRY.TEST,
		  BATCH_ENTRY.TYPE,
		  BATCH_ENTRY.REVIEW_STATUS,
		  MLP_COMPONENTS.COMPONENT_NAME,
		  MLP_COMPONENTS.UNITS,
		  MLP_LEVEL.LEVEL_ID,
		  MLP_VALUES.MIN_LIMIT,
		  MLP_VALUES.MAX_LIMIT,
		  RESULT.TEXT,
		  RESULT.STATUS,
		  SAMPLE.ID_TEXT,
		  TEST.TEST_COUNT
	     FROM BATCH_ENTRY,
		  BATCH_HEADER,
		  MLP_COMPONENTS,
		  MLP_HEADER,
		  MLP_LEVEL,
		  MLP_VALUES,
		  TEST,
		  SAMPLE,
		  RESULT
	    WHERE ( BATCH_ENTRY.[IDENTITY] = BATCH_HEADER.[IDENTITY] ) and
		  ( BATCH_ENTRY.REVIEW_STATUS <> 'P' ) and
		  ( TEST.TEST_NUMBER = BATCH_ENTRY.TEST ) AND
		  ( SAMPLE.ID_NUMERIC = TEST.SAMPLE ) AND
		  ( MLP_COMPONENTS.PRODUCT_ID = BATCH_HEADER.TEMPLATE_ID ) and
		  ( MLP_COMPONENTS.ANALYSIS_ID = BATCH_HEADER.ANALYSIS ) AND
		  ( MLP_COMPONENTS.ENTRY_CODE <> MLP_HEADER.ENTRY_CODE ) AND
		  ( MLP_VALUES.ENTRY_CODE = MLP_COMPONENTS.ENTRY_CODE ) AND
		  ( MLP_LEVEL.LEVEL_ID = MLP_VALUES.LEVEL_ID ) and
		  ( RESULT.TEST_NUMBER = BATCH_ENTRY.TEST ) AND
		  ( RESULT.NAME = MLP_COMPONENTS.COMPONENT_NAME )
	EXCEPT
	  SELECT  DISTINCT 
		  BATCH_HEADER.[IDENTITY],
		  BATCH_ENTRY.TEST,
		  BATCH_ENTRY.TYPE,
		  BATCH_ENTRY.REVIEW_STATUS,
		  'XXXXXXXXXX',
		  'XXXXXXXXXX',
		  'XXXXXXXXXX',
		  'XXXXXXXXXX',
		  'XXXXXXXXXX',
		  'XXXXXXXXXX',
		  'Z',
		  SAMPLE.ID_TEXT,
		  TEST.TEST_COUNT
	     FROM BATCH_ENTRY,
		  BATCH_HEADER,
		  MLP_COMPONENTS,
		  MLP_HEADER,
		  MLP_LEVEL,
		  MLP_VALUES,
		  TEST,
		  SAMPLE,
		  RESULT
	    WHERE ( BATCH_ENTRY.[IDENTITY] = BATCH_HEADER.[IDENTITY] ) and
		  ( BATCH_ENTRY.REVIEW_STATUS <> 'P' ) and
		  ( TEST.TEST_NUMBER = BATCH_ENTRY.TEST ) AND
		  ( SAMPLE.ID_NUMERIC = TEST.SAMPLE ) AND
		  ( MLP_COMPONENTS.PRODUCT_ID = BATCH_HEADER.TEMPLATE_ID ) and
		  ( MLP_COMPONENTS.ANALYSIS_ID = BATCH_HEADER.ANALYSIS ) AND
		  ( MLP_COMPONENTS.ENTRY_CODE <> MLP_HEADER.ENTRY_CODE ) AND
		  ( MLP_VALUES.ENTRY_CODE = MLP_COMPONENTS.ENTRY_CODE ) AND
		  ( MLP_LEVEL.LEVEL_ID = MLP_VALUES.LEVEL_ID ) and
		  ( RESULT.TEST_NUMBER = BATCH_ENTRY.TEST ) AND
		  ( RESULT.NAME = MLP_COMPONENTS.COMPONENT_NAME )",,,,,,,,,,,"0",
"4195E9A3-AF94-4969-A16E-6FCF9F252858","1","R_BATCH_REPORT","TRUE", , ,"TRUE","46","{*******************************************************************************
* Report View r_batch_report
*******************************************************************************}","TRUE","FALSE","FALSE","FALSE",,,"R_BATCH_REPORT","R_BATCH_REPORT",,,,,,,,,,,,,,"SELECT BATCH_HEADER.IDENTITY,
		  BATCH_ENTRY.TEST,
		  BATCH_ENTRY.ORDER_NUMBER,
		  BATCH_ENTRY.TYPE,
		  COMPONENT_VIEW.NAME,
		  COMPONENT_VIEW.UNITS,
		  'XXXXXXXXXX',
		  'XXXXXXXXXX',
		  'XXXXXXXXXX',
		  'XXXXXXXXXX',
		  'X',
		  'X',
		  'XXXXXXXXXX',
		  SAMPLE.ID_TEXT,
		  'X',
		  COMPONENT_VIEW.ORDER_NUMBER
	     FROM BATCH_ENTRY,
		  BATCH_HEADER,
	     COMPONENT_VIEW,
		  TEST,
		  SAMPLE
	    WHERE ( BATCH_ENTRY.IDENTITY = BATCH_HEADER.IDENTITY ) and
		  ( BATCH_ENTRY.TEST = TEST.TEST_NUMBER ) and
		  ( COMPONENT_VIEW.ANALYSIS = TEST.ANALYSIS ) and
		  ( SAMPLE.ID_NUMERIC = TEST.SAMPLE )
	 UNION
	  SELECT BATCH_HEADER.IDENTITY,
			 BATCH_ENTRY.TEST,
		 BATCH_ENTRY.ORDER_NUMBER,
		 BATCH_ENTRY.TYPE,
		 COMPONENT_VIEW.NAME,
		 COMPONENT_VIEW.UNITS,
		 'XXXXXXXXXX',
		 'XXXXXXXXXX',
		 'XXXXXXXXXX',
		 RESULT.TEXT,
		  'X',
		 RESULT.RESULT_TYPE,
		 RESULT.TRUE_WORD,
		 SAMPLE.ID_TEXT,
		 RESULT.STATUS,
		 COMPONENT_VIEW.ORDER_NUMBER
	    FROM BATCH_ENTRY,
		 BATCH_HEADER,
		 TEST,
		 COMPONENT_VIEW,
		 SAMPLE,
		 RESULT
	   WHERE ( BATCH_ENTRY.IDENTITY = BATCH_HEADER.IDENTITY ) and
		 ( BATCH_ENTRY.TEST = TEST.TEST_NUMBER ) and
		 ( SAMPLE.ID_NUMERIC = TEST.SAMPLE ) AND
		 ( COMPONENT_VIEW.ANALYSIS = TEST.ANALYSIS ) AND
		 ( RESULT.TEST_NUMBER = TEST.TEST_NUMBER ) AND
		 ( RESULT.NAME = COMPONENT_VIEW.NAME )
	UNION
	   SELECT BATCH_HEADER.IDENTITY,
			  BATCH_ENTRY.TEST,
		  BATCH_ENTRY.ORDER_NUMBER,
		  BATCH_ENTRY.TYPE,
		  MLP_COMPONENTS.COMPONENT_NAME,
		  MLP_COMPONENTS.UNITS,
		  MLP_LEVEL.LEVEL_ID,
		  MLP_VALUES.MIN_LIMIT,
		  MLP_VALUES.MAX_LIMIT,
		  'XXXXXXXXXX',
		  MLP_VALUES.BOOLEAN_PASS,
		  'X',
		  'XXXXXXXXXX',
		  SAMPLE.ID_TEXT,
		  'X',
		  COMPONENT_VIEW.ORDER_NUMBER
	     FROM BATCH_ENTRY,
		  BATCH_HEADER,
		  MLP_COMPONENTS,
		  MLP_HEADER,
		  MLP_LEVEL,
		  MLP_VALUES,
		  TEST,
		  SAMPLE,
		  COMPONENT_VIEW
	    WHERE ( BATCH_ENTRY.IDENTITY = BATCH_HEADER.IDENTITY ) and
		  ( TEST.TEST_NUMBER = BATCH_ENTRY.TEST ) AND
		  ( SAMPLE.ID_NUMERIC = TEST.SAMPLE ) AND
		  ( MLP_HEADER.IDENTITY = SAMPLE.PRODUCT ) and
		  ( MLP_COMPONENTS.ENTRY_CODE = MLP_VALUES.ENTRY_CODE ) and
		  ( MLP_LEVEL.LEVEL_ID = MLP_VALUES.LEVEL_ID ) and
		  ( MLP_COMPONENTS.ANALYSIS_ID = BATCH_HEADER.ANALYSIS ) AND
	     ( COMPONENT_VIEW.ANALYSIS = TEST.ANALYSIS ) AND
	     ( COMPONENT_VIEW.NAME = MLP_COMPONENTS.COMPONENT_NAME )
	UNION
	   SELECT BATCH_HEADER.IDENTITY,
			  BATCH_ENTRY.TEST,
		  BATCH_ENTRY.ORDER_NUMBER,
		  BATCH_ENTRY.TYPE,
		  MLP_COMPONENTS.COMPONENT_NAME,
		  MLP_COMPONENTS.UNITS,
		  MLP_LEVEL.LEVEL_ID,
		  MLP_VALUES.MIN_LIMIT,
		  MLP_VALUES.MAX_LIMIT,
		  RESULT.TEXT,
		  MLP_VALUES.BOOLEAN_PASS,
		  RESULT.RESULT_TYPE,
		  RESULT.TRUE_WORD,
		  SAMPLE.ID_TEXT,
		  RESULT.STATUS,
		  COMPONENT_VIEW.ORDER_NUMBER
	     FROM BATCH_ENTRY,
		  BATCH_HEADER,
		  MLP_COMPONENTS,
		  MLP_HEADER,
		  MLP_LEVEL,
		  MLP_VALUES,
		  TEST,
		  SAMPLE,
		  RESULT,
		  COMPONENT_VIEW
	    WHERE ( BATCH_ENTRY.IDENTITY = BATCH_HEADER.IDENTITY ) and
		  ( TEST.TEST_NUMBER = BATCH_ENTRY.TEST ) AND
		  ( SAMPLE.ID_NUMERIC = TEST.SAMPLE ) AND
		  ( MLP_HEADER.IDENTITY = SAMPLE.PRODUCT ) and
		  ( MLP_COMPONENTS.ENTRY_CODE = MLP_VALUES.ENTRY_CODE ) and
		  ( MLP_LEVEL.LEVEL_ID = MLP_VALUES.LEVEL_ID ) and
		  ( MLP_COMPONENTS.ANALYSIS_ID = BATCH_HEADER.ANALYSIS ) AND
		  ( RESULT.TEST_NUMBER = BATCH_ENTRY.TEST ) AND
		  ( RESULT.NAME = MLP_COMPONENTS.COMPONENT_NAME ) AND
	     ( COMPONENT_VIEW.ANALYSIS = TEST.ANALYSIS ) AND
	     ( COMPONENT_VIEW.NAME = MLP_COMPONENTS.COMPONENT_NAME )
	MINUS
	   SELECT BATCH_HEADER.IDENTITY,
			  BATCH_ENTRY.TEST,
		  BATCH_ENTRY.ORDER_NUMBER,
		  BATCH_ENTRY.TYPE,
		  COMPONENT_VIEW.NAME,
		  COMPONENT_VIEW.UNITS,
		  'XXXXXXXXXX',
		  'XXXXXXXXXX',
		  'XXXXXXXXXX',
		  'XXXXXXXXXX',
		  'X',
		  'X',
		  'XXXXXXXXXX',
		  SAMPLE.ID_TEXT",",
		  'X',
		  COMPONENT_VIEW.ORDER_NUMBER
	     FROM BATCH_ENTRY,
		  BATCH_HEADER,
		    COMPONENT_VIEW,
		  TEST,
		  SAMPLE,
		  RESULT
	    WHERE ( COMPONENT_VIEW.ANALYSIS = TEST.ANALYSIS ) and
		  ( BATCH_ENTRY.IDENTITY = BATCH_HEADER.IDENTITY ) and
		  ( BATCH_ENTRY.TEST = TEST.TEST_NUMBER ) and
		  ( SAMPLE.ID_NUMERIC = TEST.SAMPLE ) AND
	     ( RESULT.TEST_NUMBER = TEST.TEST_NUMBER ) AND
	     ( RESULT.NAME = COMPONENT_VIEW.NAME )

	MINUS

	   SELECT BATCH_HEADER.IDENTITY,
			  BATCH_ENTRY.TEST,
		  BATCH_ENTRY.ORDER_NUMBER,
		  BATCH_ENTRY.TYPE,
		  MLP_COMPONENTS.COMPONENT_NAME,
		  MLP_COMPONENTS.UNITS,
		  'XXXXXXXXXX',
		  'XXXXXXXXXX',
		  'XXXXXXXXXX',
		  'XXXXXXXXXX',
		  'X',
		  'X',
		  'XXXXXXXXXX',
		  SAMPLE.ID_TEXT,
		  'X',
	     COMPONENT_VIEW.ORDER_NUMBER
	     FROM BATCH_ENTRY,
		  BATCH_HEADER,
		  MLP_COMPONENTS,
		  MLP_HEADER,
		  MLP_LEVEL,
		  MLP_VALUES,
		  TEST,
		  SAMPLE,
		  COMPONENT_VIEW
	    WHERE ( BATCH_ENTRY.IDENTITY = BATCH_HEADER.IDENTITY ) and
		  ( TEST.TEST_NUMBER = BATCH_ENTRY.TEST ) AND
		  ( SAMPLE.ID_NUMERIC = TEST.SAMPLE ) AND
		  ( MLP_HEADER.IDENTITY = SAMPLE.PRODUCT ) and
		  ( MLP_COMPONENTS.ENTRY_CODE = MLP_VALUES.ENTRY_CODE ) and
		  ( MLP_LEVEL.LEVEL_ID = MLP_VALUES.LEVEL_ID ) and
		  ( MLP_COMPONENTS.ANALYSIS_ID = BATCH_HEADER.ANALYSIS ) AND
	     ( COMPONENT_VIEW.ANALYSIS = TEST.ANALYSIS ) AND
	     ( COMPONENT_VIEW.NAME = MLP_COMPONENTS.COMPONENT_NAME )

	MINUS
	   SELECT BATCH_HEADER.IDENTITY,
			  BATCH_ENTRY.TEST,
		  BATCH_ENTRY.ORDER_NUMBER,
		  BATCH_ENTRY.TYPE,
		  MLP_COMPONENTS.COMPONENT_NAME,
		  MLP_COMPONENTS.UNITS,
		  'XXXXXXXXXX',
		  'XXXXXXXXXX',
		  'XXXXXXXXXX',
		  RESULT.TEXT,
		  'X',
		  RESULT.RESULT_TYPE,
		  RESULT.TRUE_WORD,
		  SAMPLE.ID_TEXT,
		  RESULT.STATUS,
		  COMPONENT_VIEW.ORDER_NUMBER
	     FROM BATCH_ENTRY,
		  BATCH_HEADER,
		  MLP_COMPONENTS,
		  MLP_HEADER,
		  MLP_LEVEL,
		  MLP_VALUES,
		  TEST,
		  SAMPLE,
		  RESULT,
		  COMPONENT_VIEW
	    WHERE ( BATCH_ENTRY.IDENTITY = BATCH_HEADER.IDENTITY ) and
		  ( TEST.TEST_NUMBER = BATCH_ENTRY.TEST ) AND
		  ( SAMPLE.ID_NUMERIC = TEST.SAMPLE ) AND
		  ( MLP_HEADER.IDENTITY = SAMPLE.PRODUCT ) and
		  ( MLP_COMPONENTS.ENTRY_CODE = MLP_VALUES.ENTRY_CODE ) and
		  ( MLP_LEVEL.LEVEL_ID = MLP_VALUES.LEVEL_ID ) and
		  ( MLP_COMPONENTS.ANALYSIS_ID = BATCH_HEADER.ANALYSIS ) AND
	     ( RESULT.TEST_NUMBER = BATCH_ENTRY.TEST ) AND
	     ( RESULT.NAME = MLP_COMPONENTS.COMPONENT_NAME ) AND
	     ( COMPONENT_VIEW.ANALYSIS = TEST.ANALYSIS ) AND
	     ( COMPONENT_VIEW.NAME = MLP_COMPONENTS.COMPONENT_NAME )

	MINUS
	   SELECT BATCH_HEADER.IDENTITY,
			  BATCH_ENTRY.TEST,
		  BATCH_ENTRY.ORDER_NUMBER,
		  BATCH_ENTRY.TYPE,
		  MLP_COMPONENTS.COMPONENT_NAME,
		  MLP_COMPONENTS.UNITS,
		  MLP_LEVEL.LEVEL_ID,
		  MLP_VALUES.MIN_LIMIT,
		  MLP_VALUES.MAX_LIMIT,
		  'XXXXXXXXXX',
		  MLP_VALUES.BOOLEAN_PASS,
		  'X',
		  'XXXXXXXXXX',
		  SAMPLE.ID_TEXT,
		  'X',
		  COMPONENT_VIEW.ORDER_NUMBER
	     FROM BATCH_ENTRY,
		  BATCH_HEADER,
		  MLP_COMPONENTS,
		  MLP_HEADER,
		  MLP_LEVEL,
		  MLP_VALUES,
		  TEST,
		  SAMPLE,
		  RESULT,
		  COMPONENT_VIEW
	    WHERE ( BATCH_ENTRY.IDENTITY = BATCH_HEADER.IDENTITY ) and
		  ( TEST.TEST_NUMBER = BATCH_ENTRY.TEST ) AND
		  ( SAMPLE.ID_NUMERIC = TEST.SAMPLE ) AND
		  ( MLP_HEADER.IDENTITY = SAMPLE.PRODUCT ) and
		  ( MLP_COMPONENTS.ENTRY_CODE = MLP_VALUES.ENTRY_CODE ) and
		  ( MLP_LEVEL.LEVEL_ID = MLP_VALUES.LEVEL_ID ) and
		  ( MLP_COMPONENTS.ANALYSIS_ID = BATCH_HEADER.ANALYSIS ) AND
		  ( RESULT.TEST_NUMBER = BATCH_ENTRY.TEST ) AND
	     ( RESULT.NAME = MLP_COMPONENTS.COMPONENT_NAME ) AND
	     ( COMPONENT_VIEW.ANALYSIS = TEST.ANALYSIS ) AND
	     ( COMPONENT_VIEW.NAME = MLP_COMPONENTS.COMPONENT_NAME )",,,,,,,,,"SELECT BATCH_HEADER.[IDENTITY],
		  BATCH_ENTRY.TEST,
		  BATCH_ENTRY.ORDER_NUMBER,
		  BATCH_ENTRY.TYPE,
		  COMPONENT_VIEW.NAME,
		  COMPONENT_VIEW.UNITS,
		  'XXXXXXXXXX',
		  'XXXXXXXXXX',
		  'XXXXXXXXXX',
		  'XXXXXXXXXX',
		  'X',
		  'X',
		  'XXXXXXXXXX',
		  SAMPLE.ID_TEXT,
		  'X',
		  COMPONENT_VIEW.ORDER_NUMBER
	     FROM BATCH_ENTRY,
		  BATCH_HEADER,
	     COMPONENT_VIEW,
		  TEST,
		  SAMPLE
	    WHERE ( BATCH_ENTRY.[IDENTITY] = BATCH_HEADER.[IDENTITY] ) and
		  ( BATCH_ENTRY.TEST = TEST.TEST_NUMBER ) and
		  ( COMPONENT_VIEW.ANALYSIS = TEST.ANALYSIS ) and
		  ( SAMPLE.ID_NUMERIC = TEST.SAMPLE )
	 UNION
	  SELECT BATCH_HEADER.[IDENTITY],
			 BATCH_ENTRY.TEST,
		 BATCH_ENTRY.ORDER_NUMBER,
		 BATCH_ENTRY.TYPE,
		 COMPONENT_VIEW.NAME,
		 COMPONENT_VIEW.UNITS,
		 'XXXXXXXXXX',
		 'XXXXXXXXXX',
		 'XXXXXXXXXX',
		 RESULT.TEXT,
		  'X',
		 RESULT.RESULT_TYPE,
		 RESULT.TRUE_WORD,
		 SAMPLE.ID_TEXT,
		 RESULT.STATUS,
		 COMPONENT_VIEW.ORDER_NUMBER
	    FROM BATCH_ENTRY,
		 BATCH_HEADER,
		 TEST,
		 COMPONENT_VIEW,
		 SAMPLE,
		 RESULT
	   WHERE ( BATCH_ENTRY.[IDENTITY] = BATCH_HEADER.[IDENTITY] ) and
		 ( BATCH_ENTRY.TEST = TEST.TEST_NUMBER ) and
		 ( SAMPLE.ID_NUMERIC = TEST.SAMPLE ) AND
		 ( COMPONENT_VIEW.ANALYSIS = TEST.ANALYSIS ) AND
		 ( RESULT.TEST_NUMBER = TEST.TEST_NUMBER ) AND
		 ( RESULT.NAME = COMPONENT_VIEW.NAME )
	UNION
	   SELECT BATCH_HEADER.[IDENTITY],
			  BATCH_ENTRY.TEST,
		  BATCH_ENTRY.ORDER_NUMBER,
		  BATCH_ENTRY.TYPE,
		  MLP_COMPONENTS.COMPONENT_NAME,
		  MLP_COMPONENTS.UNITS,
		  MLP_LEVEL.LEVEL_ID,
		  MLP_VALUES.MIN_LIMIT,
		  MLP_VALUES.MAX_LIMIT,
		  'XXXXXXXXXX',
		  MLP_VALUES.BOOLEAN_PASS,
		  'X',
		  'XXXXXXXXXX',
		  SAMPLE.ID_TEXT,
		  'X',
		  COMPONENT_VIEW.ORDER_NUMBER
	     FROM BATCH_ENTRY,
		  BATCH_HEADER,
		  MLP_COMPONENTS,
		  MLP_HEADER,
		  MLP_LEVEL,
		  MLP_VALUES,
		  TEST,
		  SAMPLE,
		  COMPONENT_VIEW
	    WHERE ( BATCH_ENTRY.[IDENTITY] = BATCH_HEADER.[IDENTITY] ) and
		  ( TEST.TEST_NUMBER = BATCH_ENTRY.TEST ) AND
		  ( SAMPLE.ID_NUMERIC = TEST.SAMPLE ) AND
		  ( MLP_HEADER.[IDENTITY] = SAMPLE.PRODUCT ) and
		  ( MLP_COMPONENTS.ENTRY_CODE = MLP_VALUES.ENTRY_CODE ) and
		  ( MLP_LEVEL.LEVEL_ID = MLP_VALUES.LEVEL_ID ) and
		  ( MLP_COMPONENTS.ANALYSIS_ID = BATCH_HEADER.ANALYSIS ) AND
	     ( COMPONENT_VIEW.ANALYSIS = TEST.ANALYSIS ) AND
	     ( COMPONENT_VIEW.NAME = MLP_COMPONENTS.COMPONENT_NAME )
	UNION
	   SELECT BATCH_HEADER.[IDENTITY],
			  BATCH_ENTRY.TEST,
		  BATCH_ENTRY.ORDER_NUMBER,
		  BATCH_ENTRY.TYPE,
		  MLP_COMPONENTS.COMPONENT_NAME,
		  MLP_COMPONENTS.UNITS,
		  MLP_LEVEL.LEVEL_ID,
		  MLP_VALUES.MIN_LIMIT,
		  MLP_VALUES.MAX_LIMIT,
		  RESULT.TEXT,
		  MLP_VALUES.BOOLEAN_PASS,
		  RESULT.RESULT_TYPE,
		  RESULT.TRUE_WORD,
		  SAMPLE.ID_TEXT,
		  RESULT.STATUS,
		  COMPONENT_VIEW.ORDER_NUMBER
	     FROM BATCH_ENTRY,
		  BATCH_HEADER,
		  MLP_COMPONENTS,
		  MLP_HEADER,
		  MLP_LEVEL,
		  MLP_VALUES,
		  TEST,
		  SAMPLE,
		  RESULT,
		  COMPONENT_VIEW
	    WHERE ( BATCH_ENTRY.[IDENTITY] = BATCH_HEADER.[IDENTITY] ) and
		  ( TEST.TEST_NUMBER = BATCH_ENTRY.TEST ) AND
		  ( SAMPLE.ID_NUMERIC = TEST.SAMPLE ) AND
		  ( MLP_HEADER.[IDENTITY] = SAMPLE.PRODUCT ) and
		  ( MLP_COMPONENTS.ENTRY_CODE = MLP_VALUES.ENTRY_CODE ) and
		  ( MLP_LEVEL.LEVEL_ID = MLP_VALUES.LEVEL_ID ) and
		  ( MLP_COMPONENTS.ANALYSIS_ID = BATCH_HEADER.ANALYSIS ) AND
		  ( RESULT.TEST_NUMBER = BATCH_ENTRY.TEST ) AND
		  ( RESULT.NAME = MLP_COMPONENTS.COMPONENT_NAME ) AND
	     ( COMPONENT_VIEW.ANALYSIS = TEST.ANALYSIS ) AND
	     ( COMPONENT_VIEW.NAME = MLP_COMPONENTS.COMPONENT_NAME )
	EXCEPT
	   SELECT BATCH_HEADER.[IDENTITY],
			  BATCH_ENTRY.TEST,
		  BATCH_ENTRY.ORDER_NUMBER,
		  BATCH_ENTRY.TYPE,
		  COMPONENT_VIEW.NAME,
		  COMPONENT_VIEW.UNITS,
		  'XXXXXXXXXX',
		  'XXXXXXXXXX',
		  'XXXXXXXXXX',
		  'XXXXXXXXXX',
		  'X',
		  'X',
		  'X","XXXXXXXXX',
		  SAMPLE.ID_TEXT,
		  'X',
		  COMPONENT_VIEW.ORDER_NUMBER
	     FROM BATCH_ENTRY,
		  BATCH_HEADER,
		    COMPONENT_VIEW,
		  TEST,
		  SAMPLE,
		  RESULT
	    WHERE ( COMPONENT_VIEW.ANALYSIS = TEST.ANALYSIS ) and
		  ( BATCH_ENTRY.[IDENTITY] = BATCH_HEADER.[IDENTITY] ) and
		  ( BATCH_ENTRY.TEST = TEST.TEST_NUMBER ) and
		  ( SAMPLE.ID_NUMERIC = TEST.SAMPLE ) AND
	     ( RESULT.TEST_NUMBER = TEST.TEST_NUMBER ) AND
	     ( RESULT.NAME = COMPONENT_VIEW.NAME )

	EXCEPT

	   SELECT BATCH_HEADER.[IDENTITY],
			  BATCH_ENTRY.TEST,
		  BATCH_ENTRY.ORDER_NUMBER,
		  BATCH_ENTRY.TYPE,
		  MLP_COMPONENTS.COMPONENT_NAME,
		  MLP_COMPONENTS.UNITS,
		  'XXXXXXXXXX',
		  'XXXXXXXXXX',
		  'XXXXXXXXXX',
		  'XXXXXXXXXX',
		  'X',
		  'X',
		  'XXXXXXXXXX',
		  SAMPLE.ID_TEXT,
		  'X',
	     COMPONENT_VIEW.ORDER_NUMBER
	     FROM BATCH_ENTRY,
		  BATCH_HEADER,
		  MLP_COMPONENTS,
		  MLP_HEADER,
		  MLP_LEVEL,
		  MLP_VALUES,
		  TEST,
		  SAMPLE,
		  COMPONENT_VIEW
	    WHERE ( BATCH_ENTRY.[IDENTITY] = BATCH_HEADER.[IDENTITY] ) and
		  ( TEST.TEST_NUMBER = BATCH_ENTRY.TEST ) AND
		  ( SAMPLE.ID_NUMERIC = TEST.SAMPLE ) AND
		  ( MLP_HEADER.[IDENTITY] = SAMPLE.PRODUCT ) and
		  ( MLP_COMPONENTS.ENTRY_CODE = MLP_VALUES.ENTRY_CODE ) and
		  ( MLP_LEVEL.LEVEL_ID = MLP_VALUES.LEVEL_ID ) and
		  ( MLP_COMPONENTS.ANALYSIS_ID = BATCH_HEADER.ANALYSIS ) AND
	     ( COMPONENT_VIEW.ANALYSIS = TEST.ANALYSIS ) AND
	     ( COMPONENT_VIEW.NAME = MLP_COMPONENTS.COMPONENT_NAME )

	EXCEPT
	   SELECT BATCH_HEADER.[IDENTITY],
			  BATCH_ENTRY.TEST,
		  BATCH_ENTRY.ORDER_NUMBER,
		  BATCH_ENTRY.TYPE,
		  MLP_COMPONENTS.COMPONENT_NAME,
		  MLP_COMPONENTS.UNITS,
		  'XXXXXXXXXX',
		  'XXXXXXXXXX',
		  'XXXXXXXXXX',
		  RESULT.TEXT,
		  'X',
		  RESULT.RESULT_TYPE,
		  RESULT.TRUE_WORD,
		  SAMPLE.ID_TEXT,
		  RESULT.STATUS,
		  COMPONENT_VIEW.ORDER_NUMBER
	     FROM BATCH_ENTRY,
		  BATCH_HEADER,
		  MLP_COMPONENTS,
		  MLP_HEADER,
		  MLP_LEVEL,
		  MLP_VALUES,
		  TEST,
		  SAMPLE,
		  RESULT,
		  COMPONENT_VIEW
	    WHERE ( BATCH_ENTRY.[IDENTITY] = BATCH_HEADER.[IDENTITY] ) and
		  ( TEST.TEST_NUMBER = BATCH_ENTRY.TEST ) AND
		  ( SAMPLE.ID_NUMERIC = TEST.SAMPLE ) AND
		  ( MLP_HEADER.[IDENTITY] = SAMPLE.PRODUCT ) and
		  ( MLP_COMPONENTS.ENTRY_CODE = MLP_VALUES.ENTRY_CODE ) and
		  ( MLP_LEVEL.LEVEL_ID = MLP_VALUES.LEVEL_ID ) and
		  ( MLP_COMPONENTS.ANALYSIS_ID = BATCH_HEADER.ANALYSIS ) AND
	     ( RESULT.TEST_NUMBER = BATCH_ENTRY.TEST ) AND
	     ( RESULT.NAME = MLP_COMPONENTS.COMPONENT_NAME ) AND
	     ( COMPONENT_VIEW.ANALYSIS = TEST.ANALYSIS ) AND
	     ( COMPONENT_VIEW.NAME = MLP_COMPONENTS.COMPONENT_NAME )

	EXCEPT
	   SELECT BATCH_HEADER.[IDENTITY],
			  BATCH_ENTRY.TEST,
		  BATCH_ENTRY.ORDER_NUMBER,
		  BATCH_ENTRY.TYPE,
		  MLP_COMPONENTS.COMPONENT_NAME,
		  MLP_COMPONENTS.UNITS,
		  MLP_LEVEL.LEVEL_ID,
		  MLP_VALUES.MIN_LIMIT,
		  MLP_VALUES.MAX_LIMIT,
		  'XXXXXXXXXX',
		  MLP_VALUES.BOOLEAN_PASS,
		  'X',
		  'XXXXXXXXXX',
		  SAMPLE.ID_TEXT,
		  'X',
		  COMPONENT_VIEW.ORDER_NUMBER
	     FROM BATCH_ENTRY,
		  BATCH_HEADER,
		  MLP_COMPONENTS,
		  MLP_HEADER,
		  MLP_LEVEL,
		  MLP_VALUES,
		  TEST,
		  SAMPLE,
		  RESULT,
		  COMPONENT_VIEW
	    WHERE ( BATCH_ENTRY.[IDENTITY] = BATCH_HEADER.[IDENTITY] ) and
		  ( TEST.TEST_NUMBER = BATCH_ENTRY.TEST ) AND
		  ( SAMPLE.ID_NUMERIC = TEST.SAMPLE ) AND
		  ( MLP_HEADER.[IDENTITY] = SAMPLE.PRODUCT ) and
		  ( MLP_COMPONENTS.ENTRY_CODE = MLP_VALUES.ENTRY_CODE ) and
		  ( MLP_LEVEL.LEVEL_ID = MLP_VALUES.LEVEL_ID ) and
		  ( MLP_COMPONENTS.ANALYSIS_ID = BATCH_HEADER.ANALYSIS ) AND
		  ( RESULT.TEST_NUMBER = BATCH_ENTRY.TEST ) AND
	     ( RESULT.NAME = MLP_COMPONENTS.COMPONENT_NAME ) AND
	     ( COMPONENT_VIEW.ANALYSIS = TEST.ANALYSIS ) AND
	     ( COMPONENT_VIEW.NAME = MLP_COMPONENTS.COMPONENT_NAME )",,,,,,,,,,"0",
"4195E9A3-AF94-4969-A16E-6FCF9F252858","1","R_BATCH_TMPL_COMPONENTS_LIST","TRUE", , ,"TRUE","47","{*******************************************************************************
* Report View r_batch_tmpl_components_list
*******************************************************************************}","TRUE","FALSE","FALSE","FALSE",,,"R_BATCH_TMPL_COMPONENTS_LIST","R_BATCH_TMPL_COMPONENTS_LIST",,,,,,,,,,,,,,"SELECT 		MLP_HEADER.IDENTITY,
		MLP_VALUES.LEVEL_ID ,
		'XXXXX',
		'XXXXX',
		'X',
		COMPONENT_VIEW.NAME,
		COMPONENT_VIEW.RESULT_TYPE,
		COMPONENT_VIEW.PLACES,
		COMPONENT_VIEW.UNITS,
		VERSIONED_C_L_ENTRY.order_number ,
		VERSIONED_C_L_ENTRY.replicate_count ,
		VERSIONED_C_L_ENTRY.result_entry ,
		VERSIONED_C_L_ENTRY.create_always ,
		VERSIONED_C_L_ENTRY.analysis_version,
		VERSIONED_C_L_ENTRY.spike_value,
		BATCH_TMPL_HEADER.ANALYSIS 
	FROM 		COMPONENT_VIEW , 
		MLP_VALUES , 
		MLP_HEADER,
		VERSIONED_C_L_ENTRY,
		BATCH_TMPL_HEADER
	WHERE 	COMPONENT_VIEW.ANALYSIS = BATCH_TMPL_HEADER.ANALYSIS AND
	      	MLP_VALUES.ENTRY_CODE = MLP_HEADER.ENTRY_CODE AND
		VERSIONED_C_L_ENTRY.ANALYSIS = COMPONENT_VIEW.ANALYSIS and
		VERSIONED_C_L_ENTRY.NAME = COMPONENT_VIEW.NAME AND
		VERSIONED_C_L_ENTRY.COMP_LIST = MLP_HEADER.IDENTITY AND
		BATCH_TMPL_HEADER.IDENTITY = MLP_HEADER.IDENTITY
	UNION
	SELECT		MLP_COMPONENTS.PRODUCT_ID,
		MLP_VALUES.LEVEL_ID ,
		MLP_VALUES.MIN_LIMIT ,
		MLP_VALUES.MAX_LIMIT ,
		MLP_VALUES.BOOLEAN_PASS ,
		MLP_COMPONENTS.COMPONENT_NAME,
		MLP_COMPONENTS.COMPONENT_TYPE,
		MLP_COMPONENTS.PLACES,
		MLP_COMPONENTS.UNITS,
		VERSIONED_C_L_ENTRY.order_number ,
		VERSIONED_C_L_ENTRY.replicate_count ,
		VERSIONED_C_L_ENTRY.result_entry ,
		VERSIONED_C_L_ENTRY.create_always ,
		VERSIONED_C_L_ENTRY.analysis_version,
		VERSIONED_C_L_ENTRY.spike_value,
		BATCH_TMPL_HEADER.ANALYSIS 
	FROM 		MLP_COMPONENTS , 
		MLP_VALUES,
		VERSIONED_C_L_ENTRY,
		BATCH_TMPL_HEADER
	WHERE 	MLP_COMPONENTS.ANALYSIS_ID = BATCH_TMPL_HEADER.ANALYSIS  AND
		MLP_COMPONENTS.PRODUCT_VERSION = ( SELECT MAX ( PRODUCT_VERSION )
		                                     FROM MLP_COMPONENTS
		                                    WHERE ANALYSIS_ID = BATCH_TMPL_HEADER.ANALYSIS  ) AND
      	MLP_VALUES.ENTRY_CODE = MLP_COMPONENTS.ENTRY_CODE AND
		VERSIONED_C_L_ENTRY.ANALYSIS = MLP_COMPONENTS.ANALYSIS_ID and
		VERSIONED_C_L_ENTRY.NAME = MLP_COMPONENTS.COMPONENT_NAME AND
		VERSIONED_C_L_ENTRY.COMP_LIST = MLP_COMPONENTS.PRODUCT_ID AND
		BATCH_TMPL_HEADER.IDENTITY = MLP_COMPONENTS.PRODUCT_ID
	MINUS
	SELECT		MLP_COMPONENTS.PRODUCT_ID,
		MLP_VALUES.LEVEL_ID ,
		'XXXXX',
		'XXXXX',
		'X',
		MLP_COMPONENTS.COMPONENT_NAME,
		MLP_COMPONENTS.COMPONENT_TYPE,
		MLP_COMPONENTS.PLACES,
		MLP_COMPONENTS.UNITS,
		VERSIONED_C_L_ENTRY.order_number ,
		VERSIONED_C_L_ENTRY.replicate_count ,
		VERSIONED_C_L_ENTRY.result_entry ,
		VERSIONED_C_L_ENTRY.create_always ,
		VERSIONED_C_L_ENTRY.analysis_version,
		VERSIONED_C_L_ENTRY.spike_value,
		BATCH_TMPL_HEADER.ANALYSIS 
	FROM 		MLP_COMPONENTS , 
		MLP_VALUES,
		VERSIONED_C_L_ENTRY,
		BATCH_TMPL_HEADER
	WHERE 	MLP_COMPONENTS.ANALYSIS_ID = BATCH_TMPL_HEADER.ANALYSIS AND
		MLP_COMPONENTS.PRODUCT_VERSION = ( SELECT MAX ( PRODUCT_VERSION )
		                                     FROM MLP_COMPONENTS
		                                    WHERE ANALYSIS_ID = BATCH_TMPL_HEADER.ANALYSIS  ) AND
	      	MLP_VALUES.ENTRY_CODE = MLP_COMPONENTS.ENTRY_CODE AND
		VERSIONED_C_L_ENTRY.ANALYSIS = MLP_COMPONENTS.ANALYSIS_ID and
		VERSIONED_C_L_ENTRY.NAME = MLP_COMPONENTS.COMPONENT_NAME AND
		VERSIONED_C_L_ENTRY.COMP_LIST = MLP_COMPONENTS.PRODUCT_ID AND
		BATCH_TMPL_HEADER.IDENTITY = MLP_COMPONENTS.PRODUCT_ID",,,,,,,,,,"SELECT 		MLP_HEADER.[IDENTITY],
		MLP_VALUES.LEVEL_ID ,
		'XXXXX',
		'XXXXX',
		'X',
		COMPONENT_VIEW.NAME,
		COMPONENT_VIEW.RESULT_TYPE,
		COMPONENT_VIEW.PLACES,
		COMPONENT_VIEW.UNITS,
		VERSIONED_C_L_ENTRY.order_number ,
		VERSIONED_C_L_ENTRY.replicate_count ,
		VERSIONED_C_L_ENTRY.result_entry ,
		VERSIONED_C_L_ENTRY.create_always ,
		VERSIONED_C_L_ENTRY.analysis_version,
		VERSIONED_C_L_ENTRY.spike_value,
		BATCH_TMPL_HEADER.ANALYSIS 
	FROM 		COMPONENT_VIEW , 
		MLP_VALUES , 
		MLP_HEADER,
		VERSIONED_C_L_ENTRY,
		BATCH_TMPL_HEADER
	WHERE 	COMPONENT_VIEW.ANALYSIS = BATCH_TMPL_HEADER.ANALYSIS AND
	      	MLP_VALUES.ENTRY_CODE = MLP_HEADER.ENTRY_CODE AND
		VERSIONED_C_L_ENTRY.ANALYSIS = COMPONENT_VIEW.ANALYSIS and
		VERSIONED_C_L_ENTRY.NAME = COMPONENT_VIEW.NAME AND
		VERSIONED_C_L_ENTRY.COMP_LIST = MLP_HEADER.[IDENTITY] AND
		BATCH_TMPL_HEADER.[IDENTITY] = MLP_HEADER.[IDENTITY]
	UNION
	SELECT		MLP_COMPONENTS.PRODUCT_ID,
		MLP_VALUES.LEVEL_ID ,
		MLP_VALUES.MIN_LIMIT ,
		MLP_VALUES.MAX_LIMIT ,
		MLP_VALUES.BOOLEAN_PASS ,
		MLP_COMPONENTS.COMPONENT_NAME,
		MLP_COMPONENTS.COMPONENT_TYPE,
		MLP_COMPONENTS.PLACES,
		MLP_COMPONENTS.UNITS,
		VERSIONED_C_L_ENTRY.order_number ,
		VERSIONED_C_L_ENTRY.replicate_count ,
		VERSIONED_C_L_ENTRY.result_entry ,
		VERSIONED_C_L_ENTRY.create_always ,
		VERSIONED_C_L_ENTRY.analysis_version,
		VERSIONED_C_L_ENTRY.spike_value,
		BATCH_TMPL_HEADER.ANALYSIS 
	FROM 		MLP_COMPONENTS , 
		MLP_VALUES,
		VERSIONED_C_L_ENTRY,
		BATCH_TMPL_HEADER
	WHERE 	MLP_COMPONENTS.ANALYSIS_ID = BATCH_TMPL_HEADER.ANALYSIS  AND
		MLP_COMPONENTS.PRODUCT_VERSION = ( SELECT MAX ( PRODUCT_VERSION )
		                                     FROM MLP_COMPONENTS
		                                    WHERE ANALYSIS_ID = BATCH_TMPL_HEADER.ANALYSIS  ) AND
      	MLP_VALUES.ENTRY_CODE = MLP_COMPONENTS.ENTRY_CODE AND
		VERSIONED_C_L_ENTRY.ANALYSIS = MLP_COMPONENTS.ANALYSIS_ID and
		VERSIONED_C_L_ENTRY.NAME = MLP_COMPONENTS.COMPONENT_NAME AND
		VERSIONED_C_L_ENTRY.COMP_LIST = MLP_COMPONENTS.PRODUCT_ID AND
		BATCH_TMPL_HEADER.[IDENTITY] = MLP_COMPONENTS.PRODUCT_ID
	EXCEPT
	SELECT		MLP_COMPONENTS.PRODUCT_ID,
		MLP_VALUES.LEVEL_ID ,
		'XXXXX',
		'XXXXX',
		'X',
		MLP_COMPONENTS.COMPONENT_NAME,
		MLP_COMPONENTS.COMPONENT_TYPE,
		MLP_COMPONENTS.PLACES,
		MLP_COMPONENTS.UNITS,
		VERSIONED_C_L_ENTRY.order_number ,
		VERSIONED_C_L_ENTRY.replicate_count ,
		VERSIONED_C_L_ENTRY.result_entry ,
		VERSIONED_C_L_ENTRY.create_always ,
		VERSIONED_C_L_ENTRY.analysis_version,
		VERSIONED_C_L_ENTRY.spike_value,
		BATCH_TMPL_HEADER.ANALYSIS 
	FROM 		MLP_COMPONENTS , 
		MLP_VALUES,
		VERSIONED_C_L_ENTRY,
		BATCH_TMPL_HEADER
	WHERE 	MLP_COMPONENTS.ANALYSIS_ID = BATCH_TMPL_HEADER.ANALYSIS AND
		MLP_COMPONENTS.PRODUCT_VERSION = ( SELECT MAX ( PRODUCT_VERSION )
		                                     FROM MLP_COMPONENTS
		                                    WHERE ANALYSIS_ID = BATCH_TMPL_HEADER.ANALYSIS  ) AND
	      	MLP_VALUES.ENTRY_CODE = MLP_COMPONENTS.ENTRY_CODE AND
		VERSIONED_C_L_ENTRY.ANALYSIS = MLP_COMPONENTS.ANALYSIS_ID and
		VERSIONED_C_L_ENTRY.NAME = MLP_COMPONENTS.COMPONENT_NAME AND
		VERSIONED_C_L_ENTRY.COMP_LIST = MLP_COMPONENTS.PRODUCT_ID AND
		BATCH_TMPL_HEADER.[IDENTITY] = MLP_COMPONENTS.PRODUCT_ID",,,,,,,,,,,"0",
"4195E9A3-AF94-4969-A16E-6FCF9F252858","1","R_SAMPLE_WORKSHEET","TRUE", , ,"TRUE","48","{*******************************************************************************
* Report View r_sample_worksheet
*******************************************************************************}","TRUE","FALSE","FALSE","FALSE",,,"R_SAMPLE_WORKSHEET","R_SAMPLE_WORKSHEET",,,,"SELECT 
		WORKSHEET.[IDENTITY],
		TEST.SAMPLE,
		TEST.TEST_NUMBER,
		TEST.ANALYSIS,
		TEST.TEST_COUNT,
		RESULT.NAME,
		RESULT.UNITS,
		RESULT.RESULT_TYPE,
		RESULT.TRUE_WORD,
		RESULT.FALSE_WORD,
		RESULT.ORDER_NUMBER,
		SAMPLE.ID_TEXT,
		WORKSHEET.DATE_GENERATED,
		WORKSHEET.ASSIGNED_OPERATOR,
		RESULT.TEXT
	FROM WORKSHEET , TEST, SAMPLE, RESULT
	WHERE 	TEST.WORKSHEET = WORKSHEET.LINK_NUMBER AND
		TEST.SAMPLE = SAMPLE.ID_NUMERIC AND
		TEST.TEST_NUMBER = RESULT.TEST_NUMBER 

UNION

	SELECT DISTINCT
		W2.[IDENTITY],
		T2.SAMPLE,
		T2.TEST_NUMBER,
		T2.ANALYSIS,
		T2.TEST_COUNT,
		VC2.NAME,
		VC2.UNITS,
		VC2.RESULT_TYPE,
		VC2.TRUE_WORD,
		VC2.FALSE_WORD,
		VC2.ORDER_NUMBER,
		S2.ID_TEXT,
		W2.DATE_GENERATED,
		W2.ASSIGNED_OPERATOR,
		' '
	FROM WORKSHEET W2
	JOIN TEST T2 ON T2.WORKSHEET = W2.LINK_NUMBER
	JOIN SAMPLE S2 ON T2.SAMPLE = S2.ID_NUMERIC 
	JOIN VERSIONED_COMPONENT VC2 ON VC2.ANALYSIS = T2.ANALYSIS AND
				     VC2.ANALYSIS_VERSION = T2.ANALYSIS_VERSION
  	 WHERE 	VC2.NAME NOT IN ( SELECT NAME FROM RESULT R2 WHERE R2.TEST_NUMBER = T2.TEST_NUMBER ) AND
		T2.HAS_RESULT_LIST = 'F'",,,,,,,,,,,,,,,,,,,,,,,,,,,,,,,"0",
"4195E9A3-AF94-4969-A16E-6FCF9F252858","1","R_WORK_PROFILE_COMPONENTS_LIST","TRUE", , ,"TRUE","49","{*******************************************************************************
* Report View r_work_profile_components_list
*******************************************************************************}","TRUE","FALSE","FALSE","FALSE",,,"R_WORK_PROFILE_COMPONENTS_LIST","R_WORK_PROFILE_COMPONENTS_LIST",,,,,,,,,,,,,,"SELECT TEST_SCHED_ENTRY.IDENTITY,
	       VERSIONED_C_L_HEADER.ANALYSIS,
	       VERSIONED_C_L_HEADER.ANALYSIS_VERSION,
	       'XXXXX',
	       'XXXXX',
	       'XXXXX',
	       999,
	       'X',
	       'XXXXX',
	       'XXXXX',
	       'XXXXX',
	       'X',
	       TEST_SCHED_ENTRY.INSTRUMENT_ID
	FROM  VERSIONED_C_L_HEADER , TEST_SCHED_ENTRY
	WHERE VERSIONED_C_L_HEADER.COMP_LIST = TEST_SCHED_ENTRY.COMPONENT_LIST
	UNION
	SELECT TEST_SCHED_ENTRY.IDENTITY,
	       VERSIONED_C_L_HEADER.ANALYSIS,
	       VERSIONED_C_L_HEADER.ANALYSIS_VERSION,
	       VERSIONED_C_L_ENTRY.NAME,
	       VERSIONED_C_L_ENTRY.ORDER_NUMBER,
	       VERSIONED_COMPONENT.UNITS,
	       VERSIONED_COMPONENT.PLACES,
	       VERSIONED_COMPONENT.RESULT_TYPE,
	       'XXXXX',
	       'XXXXX',
	       'XXXXX',
	       'X',
	       TEST_SCHED_ENTRY.INSTRUMENT_ID
	FROM  VERSIONED_C_L_ENTRY,VERSIONED_C_L_HEADER,VERSIONED_COMPONENT ,TEST_SCHED_ENTRY
	WHERE VERSIONED_C_L_ENTRY.ANALYSIS = VERSIONED_C_L_HEADER.ANALYSIS AND
	      VERSIONED_C_L_ENTRY.ANALYSIS_VERSION = VERSIONED_C_L_HEADER.ANALYSIS_VERSION AND
	      VERSIONED_C_L_HEADER.COMP_LIST = TEST_SCHED_ENTRY.COMPONENT_LIST AND
	      VERSIONED_C_L_ENTRY.COMP_LIST = TEST_SCHED_ENTRY.COMPONENT_LIST AND
	      VERSIONED_COMPONENT.ANALYSIS = VERSIONED_C_L_HEADER.ANALYSIS AND
	      VERSIONED_COMPONENT.ANALYSIS_VERSION = VERSIONED_C_L_HEADER.ANALYSIS_VERSION AND
	      VERSIONED_COMPONENT.NAME = VERSIONED_C_L_ENTRY.NAME 
	UNION
	SELECT TEST_SCHED_ENTRY.IDENTITY,
	       VERSIONED_C_L_HEADER.ANALYSIS,
	       VERSIONED_C_L_HEADER.ANALYSIS_VERSION,
	       VERSIONED_C_L_ENTRY.NAME,
	       VERSIONED_C_L_ENTRY.ORDER_NUMBER,
	       VERSIONED_COMPONENT.UNITS,
	       VERSIONED_COMPONENT.PLACES,
	       VERSIONED_COMPONENT.RESULT_TYPE,
	       MLP_VALUES.LEVEL_ID ,
	       MLP_VALUES.MIN_LIMIT ,
	       MLP_VALUES.MAX_LIMIT,
	       MLP_VALUES.BOOLEAN_PASS,
	       TEST_SCHED_ENTRY.INSTRUMENT_ID
	FROM  VERSIONED_C_L_ENTRY,VERSIONED_C_L_HEADER, MLP_COMPONENTS , MLP_VALUES ,VERSIONED_COMPONENT,
	      TEST_SCHED_ENTRY
	WHERE VERSIONED_C_L_ENTRY.ANALYSIS = VERSIONED_C_L_HEADER.ANALYSIS AND
	      VERSIONED_C_L_ENTRY.ANALYSIS_VERSION = VERSIONED_C_L_HEADER.ANALYSIS_VERSION AND
	      VERSIONED_C_L_HEADER.COMP_LIST = TEST_SCHED_ENTRY.COMPONENT_LIST AND
	      VERSIONED_C_L_ENTRY.COMP_LIST = TEST_SCHED_ENTRY.COMPONENT_LIST AND
	      MLP_COMPONENTS.ANALYSIS_ID = VERSIONED_C_L_HEADER.ANALYSIS AND
	      MLP_COMPONENTS.PRODUCT_ID = TEST_SCHED_ENTRY.COMPONENT_LIST AND
	      MLP_COMPONENTS.COMPONENT_NAME = VERSIONED_C_L_ENTRY.NAME AND
	      MLP_VALUES.ENTRY_CODE = MLP_COMPONENTS.ENTRY_CODE AND
	      VERSIONED_COMPONENT.ANALYSIS = VERSIONED_C_L_HEADER.ANALYSIS AND
	      VERSIONED_COMPONENT.ANALYSIS_VERSION = VERSIONED_C_L_HEADER.ANALYSIS_VERSION AND
	      VERSIONED_COMPONENT.NAME = VERSIONED_C_L_ENTRY.NAME
	MINUS
	SELECT TEST_SCHED_ENTRY.IDENTITY,
	       VERSIONED_C_L_HEADER.ANALYSIS,
	       VERSIONED_C_L_HEADER.ANALYSIS_VERSION,
	       'XXXXX',
	       'XXXXX',
	       'XXXXX',
	       999,
	       'X',
	       'XXXXX',
	       'XXXXX',
	       'XXXXX',
	       'X',
	       TEST_SCHED_ENTRY.INSTRUMENT_ID
	FROM  VERSIONED_C_L_ENTRY,VERSIONED_C_L_HEADER, MLP_COMPONENTS , MLP_VALUES,VERSIONED_COMPONENT,
	      TEST_SCHED_ENTRY
	WHERE VERSIONED_C_L_ENTRY.ANALYSIS = VERSIONED_C_L_HEADER.ANALYSIS AND
	      VERSIONED_C_L_ENTRY.ANALYSIS_VERSION = VERSIONED_C_L_HEADER.ANALYSIS_VERSION AND
	      VERSIONED_C_L_HEADER.COMP_LIST = TEST_SCHED_ENTRY.COMPONENT_LIST AND
	      VERSIONED_C_L_ENTRY.COMP_LIST = TEST_SCHED_ENTRY.COMPONENT_LIST AND
	      MLP_COMPONENTS.ANALYSIS_ID = VERSIONED_C_L_HEADER.ANALYSIS AND
	      MLP_COMPONENTS.PRODUCT_ID = TEST_SCHED_ENTRY.COMPONENT_LIST AND
	      MLP_COMPONENTS.COMPONENT_NAME = VERSIONED_C_L_ENTRY.NAME AND
	      MLP_VALUES.ENTRY_CODE = MLP_COMPONENTS.ENTRY_CODE AND
	      VERSIONED_COMPONENT.ANALYSIS = VERSIO","NED_C_L_HEADER.ANALYSIS AND
	      VERSIONED_COMPONENT.ANALYSIS_VERSION = VERSIONED_C_L_HEADER.ANALYSIS_VERSION AND
	      VERSIONED_COMPONENT.NAME = VERSIONED_C_L_ENTRY.NAME
	MINUS
	SELECT TEST_SCHED_ENTRY.IDENTITY,
	       VERSIONED_C_L_HEADER.ANALYSIS,
	       VERSIONED_C_L_HEADER.ANALYSIS_VERSION,
	       'XXXXX',
	       'XXXXX',
	       'XXXXX',
	       999,
	       'X',
	       'XXXXX',
	       'XXXXX',
	       'XXXXX',
	       'X',
	       TEST_SCHED_ENTRY.INSTRUMENT_ID
	FROM  VERSIONED_C_L_ENTRY,VERSIONED_C_L_HEADER,VERSIONED_COMPONENT , TEST_SCHED_ENTRY
	WHERE VERSIONED_C_L_ENTRY.ANALYSIS = VERSIONED_C_L_HEADER.ANALYSIS AND
	      VERSIONED_C_L_ENTRY.ANALYSIS_VERSION = VERSIONED_C_L_HEADER.ANALYSIS_VERSION AND
	      VERSIONED_C_L_HEADER.COMP_LIST = TEST_SCHED_ENTRY.COMPONENT_LIST AND
	      VERSIONED_C_L_ENTRY.COMP_LIST = TEST_SCHED_ENTRY.COMPONENT_LIST
	MINUS
	SELECT TEST_SCHED_ENTRY.IDENTITY,
	       VERSIONED_C_L_HEADER.ANALYSIS,
	       VERSIONED_C_L_HEADER.ANALYSIS_VERSION,
	       VERSIONED_C_L_ENTRY.NAME,
	       VERSIONED_C_L_ENTRY.ORDER_NUMBER,
	       VERSIONED_COMPONENT.UNITS,
	       VERSIONED_COMPONENT.PLACES,
	       VERSIONED_COMPONENT.RESULT_TYPE,
	       'XXXXX',
	       'XXXXX',
	       'XXXXX',
	       'X',
	       TEST_SCHED_ENTRY.INSTRUMENT_ID
	FROM  VERSIONED_C_L_ENTRY,VERSIONED_C_L_HEADER, MLP_COMPONENTS , MLP_VALUES,VERSIONED_COMPONENT,
	      TEST_SCHED_ENTRY
	WHERE VERSIONED_C_L_ENTRY.ANALYSIS = VERSIONED_C_L_HEADER.ANALYSIS AND
	      VERSIONED_C_L_ENTRY.ANALYSIS_VERSION = VERSIONED_C_L_HEADER.ANALYSIS_VERSION AND
	      VERSIONED_C_L_HEADER.COMP_LIST = TEST_SCHED_ENTRY.COMPONENT_LIST AND
	      VERSIONED_C_L_ENTRY.COMP_LIST = TEST_SCHED_ENTRY.COMPONENT_LIST AND
	      MLP_COMPONENTS.ANALYSIS_ID = VERSIONED_C_L_HEADER.ANALYSIS AND
	      MLP_COMPONENTS.PRODUCT_ID = TEST_SCHED_ENTRY.COMPONENT_LIST AND
	      MLP_COMPONENTS.COMPONENT_NAME = VERSIONED_C_L_ENTRY.NAME AND
	      MLP_VALUES.ENTRY_CODE = MLP_COMPONENTS.ENTRY_CODE AND
	      MLP_VALUES.ENTRY_CODE = MLP_COMPONENTS.ENTRY_CODE AND
	      VERSIONED_COMPONENT.ANALYSIS = VERSIONED_C_L_HEADER.ANALYSIS AND
	      VERSIONED_COMPONENT.ANALYSIS_VERSION = VERSIONED_C_L_HEADER.ANALYSIS_VERSION AND
	      VERSIONED_COMPONENT.NAME = VERSIONED_C_L_ENTRY.NAME",,,,,,,,,"SELECT TEST_SCHED_ENTRY.[IDENTITY],
	       VERSIONED_C_L_HEADER.ANALYSIS,
	       VERSIONED_C_L_HEADER.ANALYSIS_VERSION,
	       'XXXXX',
	       'XXXXX',
	       'XXXXX',
	       999,
	       'X',
	       'XXXXX',
	       'XXXXX',
	       'XXXXX',
	       'X',
	       TEST_SCHED_ENTRY.INSTRUMENT_ID
	FROM  VERSIONED_C_L_HEADER , TEST_SCHED_ENTRY
	WHERE VERSIONED_C_L_HEADER.COMP_LIST = TEST_SCHED_ENTRY.COMPONENT_LIST
	UNION
	SELECT TEST_SCHED_ENTRY.[IDENTITY],
	       VERSIONED_C_L_HEADER.ANALYSIS,
	       VERSIONED_C_L_HEADER.ANALYSIS_VERSION,
	       VERSIONED_C_L_ENTRY.NAME,
	       VERSIONED_C_L_ENTRY.ORDER_NUMBER,
	       VERSIONED_COMPONENT.UNITS,
	       VERSIONED_COMPONENT.PLACES,
	       VERSIONED_COMPONENT.RESULT_TYPE,
	       'XXXXX',
	       'XXXXX',
	       'XXXXX',
	       'X',
	       TEST_SCHED_ENTRY.INSTRUMENT_ID
	FROM  VERSIONED_C_L_ENTRY,VERSIONED_C_L_HEADER,VERSIONED_COMPONENT ,TEST_SCHED_ENTRY
	WHERE VERSIONED_C_L_ENTRY.ANALYSIS = VERSIONED_C_L_HEADER.ANALYSIS AND
	      VERSIONED_C_L_ENTRY.ANALYSIS_VERSION = VERSIONED_C_L_HEADER.ANALYSIS_VERSION AND
	      VERSIONED_C_L_HEADER.COMP_LIST = TEST_SCHED_ENTRY.COMPONENT_LIST AND
	      VERSIONED_C_L_ENTRY.COMP_LIST = TEST_SCHED_ENTRY.COMPONENT_LIST AND
	      VERSIONED_COMPONENT.ANALYSIS = VERSIONED_C_L_HEADER.ANALYSIS AND
	      VERSIONED_COMPONENT.ANALYSIS_VERSION = VERSIONED_C_L_HEADER.ANALYSIS_VERSION AND
	      VERSIONED_COMPONENT.NAME = VERSIONED_C_L_ENTRY.NAME 
	UNION
	SELECT TEST_SCHED_ENTRY.[IDENTITY],
	       VERSIONED_C_L_HEADER.ANALYSIS,
	       VERSIONED_C_L_HEADER.ANALYSIS_VERSION,
	       VERSIONED_C_L_ENTRY.NAME,
	       VERSIONED_C_L_ENTRY.ORDER_NUMBER,
	       VERSIONED_COMPONENT.UNITS,
	       VERSIONED_COMPONENT.PLACES,
	       VERSIONED_COMPONENT.RESULT_TYPE,
	       MLP_VALUES.LEVEL_ID ,
	       MLP_VALUES.MIN_LIMIT ,
	       MLP_VALUES.MAX_LIMIT,
	       MLP_VALUES.BOOLEAN_PASS,
	       TEST_SCHED_ENTRY.INSTRUMENT_ID
	FROM  VERSIONED_C_L_ENTRY,VERSIONED_C_L_HEADER, MLP_COMPONENTS , MLP_VALUES ,VERSIONED_COMPONENT,
	      TEST_SCHED_ENTRY
	WHERE VERSIONED_C_L_ENTRY.ANALYSIS = VERSIONED_C_L_HEADER.ANALYSIS AND
	      VERSIONED_C_L_ENTRY.ANALYSIS_VERSION = VERSIONED_C_L_HEADER.ANALYSIS_VERSION AND
	      VERSIONED_C_L_HEADER.COMP_LIST = TEST_SCHED_ENTRY.COMPONENT_LIST AND
	      VERSIONED_C_L_ENTRY.COMP_LIST = TEST_SCHED_ENTRY.COMPONENT_LIST AND
	      MLP_COMPONENTS.ANALYSIS_ID = VERSIONED_C_L_HEADER.ANALYSIS AND
	      MLP_COMPONENTS.PRODUCT_ID = TEST_SCHED_ENTRY.COMPONENT_LIST AND
	      MLP_COMPONENTS.COMPONENT_NAME = VERSIONED_C_L_ENTRY.NAME AND
	      MLP_VALUES.ENTRY_CODE = MLP_COMPONENTS.ENTRY_CODE AND
	      VERSIONED_COMPONENT.ANALYSIS = VERSIONED_C_L_HEADER.ANALYSIS AND
	      VERSIONED_COMPONENT.ANALYSIS_VERSION = VERSIONED_C_L_HEADER.ANALYSIS_VERSION AND
	      VERSIONED_COMPONENT.NAME = VERSIONED_C_L_ENTRY.NAME
	EXCEPT
	SELECT TEST_SCHED_ENTRY.[IDENTITY],
	       VERSIONED_C_L_HEADER.ANALYSIS,
	       VERSIONED_C_L_HEADER.ANALYSIS_VERSION,
	       'XXXXX',
	       'XXXXX',
	       'XXXXX',
	       999,
	       'X',
	       'XXXXX',
	       'XXXXX',
	       'XXXXX',
	       'X',
	       TEST_SCHED_ENTRY.INSTRUMENT_ID
	FROM  VERSIONED_C_L_ENTRY,VERSIONED_C_L_HEADER, MLP_COMPONENTS , MLP_VALUES,VERSIONED_COMPONENT,
	      TEST_SCHED_ENTRY
	WHERE VERSIONED_C_L_ENTRY.ANALYSIS = VERSIONED_C_L_HEADER.ANALYSIS AND
	      VERSIONED_C_L_ENTRY.ANALYSIS_VERSION = VERSIONED_C_L_HEADER.ANALYSIS_VERSION AND
	      VERSIONED_C_L_HEADER.COMP_LIST = TEST_SCHED_ENTRY.COMPONENT_LIST AND
	      VERSIONED_C_L_ENTRY.COMP_LIST = TEST_SCHED_ENTRY.COMPONENT_LIST AND
	      MLP_COMPONENTS.ANALYSIS_ID = VERSIONED_C_L_HEADER.ANALYSIS AND
	      MLP_COMPONENTS.PRODUCT_ID = TEST_SCHED_ENTRY.COMPONENT_LIST AND
	      MLP_COMPONENTS.COMPONENT_NAME = VERSIONED_C_L_ENTRY.NAME AND
	      MLP_VALUES.ENTRY_CODE = MLP_COMPONENTS.ENTRY_CODE AND
	      VERSIONED_COMPONENT.ANALYSIS"," = VERSIONED_C_L_HEADER.ANALYSIS AND
	      VERSIONED_COMPONENT.ANALYSIS_VERSION = VERSIONED_C_L_HEADER.ANALYSIS_VERSION AND
	      VERSIONED_COMPONENT.NAME = VERSIONED_C_L_ENTRY.NAME
	EXCEPT
	SELECT TEST_SCHED_ENTRY.[IDENTITY],
	       VERSIONED_C_L_HEADER.ANALYSIS,
	       VERSIONED_C_L_HEADER.ANALYSIS_VERSION,
	       'XXXXX',
	       'XXXXX',
	       'XXXXX',
	       999,
	       'X',
	       'XXXXX',
	       'XXXXX',
	       'XXXXX',
	       'X',
	       TEST_SCHED_ENTRY.INSTRUMENT_ID
	FROM  VERSIONED_C_L_ENTRY,VERSIONED_C_L_HEADER,VERSIONED_COMPONENT , TEST_SCHED_ENTRY
	WHERE VERSIONED_C_L_ENTRY.ANALYSIS = VERSIONED_C_L_HEADER.ANALYSIS AND
	      VERSIONED_C_L_ENTRY.ANALYSIS_VERSION = VERSIONED_C_L_HEADER.ANALYSIS_VERSION AND
	      VERSIONED_C_L_HEADER.COMP_LIST = TEST_SCHED_ENTRY.COMPONENT_LIST AND
	      VERSIONED_C_L_ENTRY.COMP_LIST = TEST_SCHED_ENTRY.COMPONENT_LIST
	EXCEPT
	SELECT TEST_SCHED_ENTRY.[IDENTITY],
	       VERSIONED_C_L_HEADER.ANALYSIS,
	       VERSIONED_C_L_HEADER.ANALYSIS_VERSION,
	       VERSIONED_C_L_ENTRY.NAME,
	       VERSIONED_C_L_ENTRY.ORDER_NUMBER,
	       VERSIONED_COMPONENT.UNITS,
	       VERSIONED_COMPONENT.PLACES,
	       VERSIONED_COMPONENT.RESULT_TYPE,
	       'XXXXX',
	       'XXXXX',
	       'XXXXX',
	       'X',
	       TEST_SCHED_ENTRY.INSTRUMENT_ID
	FROM  VERSIONED_C_L_ENTRY,VERSIONED_C_L_HEADER, MLP_COMPONENTS , MLP_VALUES,VERSIONED_COMPONENT,
	      TEST_SCHED_ENTRY
	WHERE VERSIONED_C_L_ENTRY.ANALYSIS = VERSIONED_C_L_HEADER.ANALYSIS AND
	      VERSIONED_C_L_ENTRY.ANALYSIS_VERSION = VERSIONED_C_L_HEADER.ANALYSIS_VERSION AND
	      VERSIONED_C_L_HEADER.COMP_LIST = TEST_SCHED_ENTRY.COMPONENT_LIST AND
	      VERSIONED_C_L_ENTRY.COMP_LIST = TEST_SCHED_ENTRY.COMPONENT_LIST AND
	      MLP_COMPONENTS.ANALYSIS_ID = VERSIONED_C_L_HEADER.ANALYSIS AND
	      MLP_COMPONENTS.PRODUCT_ID = TEST_SCHED_ENTRY.COMPONENT_LIST AND
	      MLP_COMPONENTS.COMPONENT_NAME = VERSIONED_C_L_ENTRY.NAME AND
	      MLP_VALUES.ENTRY_CODE = MLP_COMPONENTS.ENTRY_CODE AND
	      MLP_VALUES.ENTRY_CODE = MLP_COMPONENTS.ENTRY_CODE AND
	      VERSIONED_COMPONENT.ANALYSIS = VERSIONED_C_L_HEADER.ANALYSIS AND
	      VERSIONED_COMPONENT.ANALYSIS_VERSION = VERSIONED_C_L_HEADER.ANALYSIS_VERSION AND
	      VERSIONED_COMPONENT.NAME = VERSIONED_C_L_ENTRY.NAME",,,,,,,,,,"0",
"4195E9A3-AF94-4969-A16E-6FCF9F252858","1","R_WORKSHEET","TRUE", , ,"TRUE","50","{*******************************************************************************
* Report View r_worksheet
*******************************************************************************}","TRUE","FALSE","FALSE","FALSE",,,"R_WORKSHEET","R_WORKSHEET",,,,,,,,,,,,,,"SELECT WORKSHEET.IDENTITY,
		VERSIONED_ANALYSIS.DESCRIPTION,
		99999999.9,
		99999999.9,
		'XXXXXXXXXX',
		'XXXXXXXXXX',
		VERSIONED_ANALYSIS.CALCULATION,
		VERSIONED_ANALYSIS.IDENTITY,
		'X',
		'XXXXXXXXXX',
		'XXXXXXXXXX',
		WORKSHEET.ASSIGNED_OPERATOR,
		WORKSHEET.DATE_GENERATED,
		PERSONNEL.DESCRIPTION,
		'XXXXXXXXXX'
	   FROM VERSIONED_ANALYSIS,
		WORKSHEET
	   LEFT OUTER JOIN PERSONNEL ON PERSONNEL.IDENTITY = WORKSHEET.ASSIGNED_OPERATOR 
	  WHERE ( VERSIONED_ANALYSIS.ANALYSIS_VERSION = '         1' ) 

	UNION

	 SELECT WORKSHEET.IDENTITY,
		VERSIONED_ANALYSIS.DESCRIPTION,
		VERSIONED_COMPONENT.MINIMUM,
		VERSIONED_COMPONENT.MAXIMUM,
		VERSIONED_COMPONENT.UNITS,
		VERSIONED_COMPONENT.NAME,
		VERSIONED_ANALYSIS.CALCULATION,
		VERSIONED_ANALYSIS.IDENTITY,
		VERSIONED_COMPONENT.RESULT_TYPE,
		VERSIONED_COMPONENT.TRUE_WORD,
		VERSIONED_COMPONENT.FALSE_WORD,
		WORKSHEET.ASSIGNED_OPERATOR,
		WORKSHEET.DATE_GENERATED,
		PERSONNEL.DESCRIPTION,
		VERSIONED_COMPONENT.ORDER_NUMBER
	   FROM VERSIONED_ANALYSIS,
		VERSIONED_COMPONENT,
		WORKSHEET
	 LEFT OUTER JOIN PERSONNEL ON PERSONNEL.IDENTITY = WORKSHEET.ASSIGNED_OPERATOR
	  WHERE ( VERSIONED_COMPONENT.ANALYSIS = VERSIONED_ANALYSIS.IDENTITY ) AND
		( VERSIONED_ANALYSIS.ANALYSIS_VERSION = '         1' ) AND
		( VERSIONED_COMPONENT.ANALYSIS_VERSION = '         1' )

	MINUS

	 SELECT WORKSHEET.IDENTITY,
		VERSIONED_ANALYSIS.DESCRIPTION,
		99999999.9,
		99999999.9,
		'XXXXXXXXXX',
		'XXXXXXXXXX',
		VERSIONED_ANALYSIS.CALCULATION,
		VERSIONED_ANALYSIS.IDENTITY,
		'X',
		'XXXXXXXXXX',
		'XXXXXXXXXX',
		WORKSHEET.ASSIGNED_OPERATOR,
		WORKSHEET.DATE_GENERATED,
		PERSONNEL.DESCRIPTION,
		'XXXXXXXXXX'
	   FROM VERSIONED_ANALYSIS,
		VERSIONED_COMPONENT,
		WORKSHEET
	LEFT OUTER JOIN PERSONNEL ON PERSONNEL.IDENTITY = WORKSHEET.ASSIGNED_OPERATOR
	  WHERE ( VERSIONED_COMPONENT.ANALYSIS = VERSIONED_ANALYSIS.IDENTITY ) AND
		( VERSIONED_ANALYSIS.ANALYSIS_VERSION = '         1' ) AND
		( VERSIONED_COMPONENT.ANALYSIS_VERSION = '         1' )",,,,,,,,,,"SELECT WORKSHEET.[IDENTITY],
		VERSIONED_ANALYSIS.DESCRIPTION,
		99999999.9,
		99999999.9,
		'XXXXXXXXXX',
		'XXXXXXXXXX',
		VERSIONED_ANALYSIS.CALCULATION,
		VERSIONED_ANALYSIS.[IDENTITY],
		'X',
		'XXXXXXXXXX',
		'XXXXXXXXXX',
		WORKSHEET.ASSIGNED_OPERATOR,
		WORKSHEET.DATE_GENERATED,
		PERSONNEL.DESCRIPTION,
		'XXXXXXXXXX'
	   FROM VERSIONED_ANALYSIS,
		WORKSHEET
	   LEFT OUTER JOIN PERSONNEL ON PERSONNEL.[IDENTITY] = WORKSHEET.ASSIGNED_OPERATOR 
	  WHERE ( VERSIONED_ANALYSIS.ANALYSIS_VERSION = '         1' ) 

	UNION

	 SELECT WORKSHEET.[IDENTITY],
		VERSIONED_ANALYSIS.DESCRIPTION,
		VERSIONED_COMPONENT.MINIMUM,
		VERSIONED_COMPONENT.MAXIMUM,
		VERSIONED_COMPONENT.UNITS,
		VERSIONED_COMPONENT.NAME,
		VERSIONED_ANALYSIS.CALCULATION,
		VERSIONED_ANALYSIS.[IDENTITY],
		VERSIONED_COMPONENT.RESULT_TYPE,
		VERSIONED_COMPONENT.TRUE_WORD,
		VERSIONED_COMPONENT.FALSE_WORD,
		WORKSHEET.ASSIGNED_OPERATOR,
		WORKSHEET.DATE_GENERATED,
		PERSONNEL.DESCRIPTION,
		VERSIONED_COMPONENT.ORDER_NUMBER
	   FROM VERSIONED_ANALYSIS,
		VERSIONED_COMPONENT,
		WORKSHEET
	 LEFT OUTER JOIN PERSONNEL ON PERSONNEL.[IDENTITY] = WORKSHEET.ASSIGNED_OPERATOR
	  WHERE ( VERSIONED_COMPONENT.ANALYSIS = VERSIONED_ANALYSIS.[IDENTITY] ) AND
		( VERSIONED_ANALYSIS.ANALYSIS_VERSION = '         1' ) AND
		( VERSIONED_COMPONENT.ANALYSIS_VERSION = '         1' )

	EXCEPT

	 SELECT WORKSHEET.[IDENTITY],
		VERSIONED_ANALYSIS.DESCRIPTION,
		99999999.9,
		99999999.9,
		'XXXXXXXXXX',
		'XXXXXXXXXX',
		VERSIONED_ANALYSIS.CALCULATION,
		VERSIONED_ANALYSIS.[IDENTITY],
		'X',
		'XXXXXXXXXX',
		'XXXXXXXXXX',
		WORKSHEET.ASSIGNED_OPERATOR,
		WORKSHEET.DATE_GENERATED,
		PERSONNEL.DESCRIPTION,
		'XXXXXXXXXX'
	   FROM VERSIONED_ANALYSIS,
		VERSIONED_COMPONENT,
		WORKSHEET
	LEFT OUTER JOIN PERSONNEL ON PERSONNEL.[IDENTITY] = WORKSHEET.ASSIGNED_OPERATOR
	  WHERE ( VERSIONED_COMPONENT.ANALYSIS = VERSIONED_ANALYSIS.[IDENTITY] ) AND
		( VERSIONED_ANALYSIS.ANALYSIS_VERSION = '         1' ) AND
		( VERSIONED_COMPONENT.ANALYSIS_VERSION = '         1' )",,,,,,,,,,,"0",
"4195E9A3-AF94-4969-A16E-6FCF9F252858","1","R_WORKSHEET_BODY","TRUE", , ,"TRUE","51","{*******************************************************************************
* Report View r_worksheet_body
*******************************************************************************}","TRUE","FALSE","FALSE","FALSE",,,"R_WORKSHEET_BODY","R_WORKSHEET_BODY",,,,,,,,,,,,,,"SELECT WORKSHEET.IDENTITY,
		TEST.SAMPLE,   
		TEST.TEST_COUNT,
		TEST.TEST_NUMBER,   
		SAMPLE.ID_TEXT,
		VERSIONED_COMPONENT.NAME,
		VERSIONED_COMPONENT.ORDER_NUMBER,
		VERSIONED_COMPONENT.RESULT_TYPE,
		VERSIONED_COMPONENT.TRUE_WORD,
		VERSIONED_COMPONENT.FALSE_WORD,
		VERSIONED_COMPONENT.UNITS,
		'XXXXXXXXXX'
	    FROM WORKSHEET,
		 TEST, 
		 SAMPLE,   
		 VERSIONED_COMPONENT
	   WHERE ( TEST.WORKSHEET = WORKSHEET.LINK_NUMBER ) AND
		 ( SAMPLE.ID_NUMERIC = TEST.SAMPLE ) AND
		 ( VERSIONED_COMPONENT.ANALYSIS = TEST.ANALYSIS ) AND
		 ( VERSIONED_COMPONENT.ANALYSIS_VERSION = TEST.ANALYSIS_VERSION )

	UNION

	  SELECT WORKSHEET.IDENTITY,
		 TEST.SAMPLE,   
		 TEST.TEST_COUNT,
		TEST.TEST_NUMBER,   
		 SAMPLE.ID_TEXT,
		VERSIONED_COMPONENT.NAME,
		VERSIONED_COMPONENT.ORDER_NUMBER,
		VERSIONED_COMPONENT.RESULT_TYPE,
		VERSIONED_COMPONENT.TRUE_WORD,
		VERSIONED_COMPONENT.FALSE_WORD,
		VERSIONED_COMPONENT.UNITS,
		RESULT.TEXT
	    FROM WORKSHEET,
		 TEST, 
		 SAMPLE,   
		 VERSIONED_COMPONENT,
		RESULT
	   WHERE ( TEST.WORKSHEET = WORKSHEET.LINK_NUMBER ) AND
		 ( SAMPLE.ID_NUMERIC = TEST.SAMPLE ) AND
		 ( VERSIONED_COMPONENT.ANALYSIS = TEST.ANALYSIS ) AND
		 ( VERSIONED_COMPONENT.ANALYSIS_VERSION = TEST.ANALYSIS_VERSION ) AND
		( RESULT.TEST_NUMBER = TEST.TEST_NUMBER ) AND
		( RESULT.NAME = VERSIONED_COMPONENT.NAME)

	MINUS

	  SELECT WORKSHEET.IDENTITY,
		 TEST.SAMPLE,   
		 TEST.TEST_COUNT,
		TEST.TEST_NUMBER,   
		 SAMPLE.ID_TEXT,
		VERSIONED_COMPONENT.NAME,
		VERSIONED_COMPONENT.ORDER_NUMBER,
		VERSIONED_COMPONENT.RESULT_TYPE,
		VERSIONED_COMPONENT.TRUE_WORD,
		VERSIONED_COMPONENT.FALSE_WORD,
		VERSIONED_COMPONENT.UNITS,
		'XXXXXXXXXX'
	    FROM WORKSHEET,
		 TEST, 
		 SAMPLE,   
		 VERSIONED_COMPONENT,
		RESULT
	   WHERE ( TEST.WORKSHEET = WORKSHEET.LINK_NUMBER ) AND 
		 ( SAMPLE.ID_NUMERIC = TEST.SAMPLE ) AND
		 ( VERSIONED_COMPONENT.ANALYSIS = TEST.ANALYSIS ) AND
		 ( VERSIONED_COMPONENT.ANALYSIS_VERSION = TEST.ANALYSIS_VERSION ) AND
		( RESULT.TEST_NUMBER = TEST.TEST_NUMBER ) AND
		( RESULT.NAME = VERSIONED_COMPONENT.NAME)",,,,,,,,,,"SELECT WORKSHEET.[IDENTITY],
		TEST.SAMPLE,   
		TEST.TEST_COUNT,
		TEST.TEST_NUMBER,   
		SAMPLE.ID_TEXT,
		VERSIONED_COMPONENT.NAME,
		VERSIONED_COMPONENT.ORDER_NUMBER,
		VERSIONED_COMPONENT.RESULT_TYPE,
		VERSIONED_COMPONENT.TRUE_WORD,
		VERSIONED_COMPONENT.FALSE_WORD,
		VERSIONED_COMPONENT.UNITS,
		'XXXXXXXXXX'
	    FROM WORKSHEET,
		 TEST, 
		 SAMPLE,   
		 VERSIONED_COMPONENT
	   WHERE ( TEST.WORKSHEET = WORKSHEET.LINK_NUMBER ) AND
		 ( SAMPLE.ID_NUMERIC = TEST.SAMPLE ) AND
		 ( VERSIONED_COMPONENT.ANALYSIS = TEST.ANALYSIS ) AND
		 ( VERSIONED_COMPONENT.ANALYSIS_VERSION = TEST.ANALYSIS_VERSION )

	UNION

	  SELECT WORKSHEET.[IDENTITY],
		 TEST.SAMPLE,   
		 TEST.TEST_COUNT,
		TEST.TEST_NUMBER,   
		 SAMPLE.ID_TEXT,
		VERSIONED_COMPONENT.NAME,
		VERSIONED_COMPONENT.ORDER_NUMBER,
		VERSIONED_COMPONENT.RESULT_TYPE,
		VERSIONED_COMPONENT.TRUE_WORD,
		VERSIONED_COMPONENT.FALSE_WORD,
		VERSIONED_COMPONENT.UNITS,
		RESULT.TEXT
	    FROM WORKSHEET,
		 TEST, 
		 SAMPLE,   
		 VERSIONED_COMPONENT,
		RESULT
	   WHERE ( TEST.WORKSHEET = WORKSHEET.LINK_NUMBER ) AND
		 ( SAMPLE.ID_NUMERIC = TEST.SAMPLE ) AND
		 ( VERSIONED_COMPONENT.ANALYSIS = TEST.ANALYSIS ) AND
		 ( VERSIONED_COMPONENT.ANALYSIS_VERSION = TEST.ANALYSIS_VERSION ) AND
		( RESULT.TEST_NUMBER = TEST.TEST_NUMBER ) AND
		( RESULT.NAME = VERSIONED_COMPONENT.NAME)

	EXCEPT

	  SELECT WORKSHEET.[IDENTITY],
		 TEST.SAMPLE,   
		 TEST.TEST_COUNT,
		TEST.TEST_NUMBER,   
		 SAMPLE.ID_TEXT,
		VERSIONED_COMPONENT.NAME,
		VERSIONED_COMPONENT.ORDER_NUMBER,
		VERSIONED_COMPONENT.RESULT_TYPE,
		VERSIONED_COMPONENT.TRUE_WORD,
		VERSIONED_COMPONENT.FALSE_WORD,
		VERSIONED_COMPONENT.UNITS,
		'XXXXXXXXXX'
	    FROM WORKSHEET,
		 TEST, 
		 SAMPLE,   
		 VERSIONED_COMPONENT,
		RESULT
	   WHERE ( TEST.WORKSHEET = WORKSHEET.LINK_NUMBER ) AND 
		 ( SAMPLE.ID_NUMERIC = TEST.SAMPLE ) AND
		 ( VERSIONED_COMPONENT.ANALYSIS = TEST.ANALYSIS ) AND
		 ( VERSIONED_COMPONENT.ANALYSIS_VERSION = TEST.ANALYSIS_VERSION ) AND
		( RESULT.TEST_NUMBER = TEST.TEST_NUMBER ) AND
		( RESULT.NAME = VERSIONED_COMPONENT.NAME)",,,,,,,,,,,"0",
"4195E9A3-AF94-4969-A16E-6FCF9F252858","1","P_UNIQUE_CONTAINER_SHIPMENT_SPECIMENS","TRUE", , ,"TRUE","52","{CHG 10.28.2020}","TRUE","FALSE","FALSE","FALSE",,,"P_UNIQUE_CONTAINER_SHIPMENT_SPECIMENS","P_UNIQUE_CONTAINER_SHIPMENT_SPECIMENS",,,,"SELECT 
  DISTINCT  PCS2.CONTAINER_SHIPMENT, PCS2.SPECIMEN ,
   STUFF((SELECT ', ' + PCS.SPECIMEN_TYPE 
          FROM P_CONTAINER_SHIPMENT_SPECIMENS PCS
          WHERE PCS.SPECIMEN = PCS2.SPECIMEN and PCS.CONTAINER_SHIPMENT = PCS2.CONTAINER_SHIPMENT
          FOR XML PATH('')), 1, 1, '') [SPECIMEN/SPECIMEN_TYPE],
   STUFF((SELECT DISTINCT ', ' + PCS.SUFFIX 
          FROM P_CONTAINER_SHIPMENT_SPECIMENS PCS
          WHERE PCS.SPECIMEN = PCS2.SPECIMEN and PCS.CONTAINER_SHIPMENT = PCS2.CONTAINER_SHIPMENT
          FOR XML PATH('')), 1, 1, '') [SPECIMEN/SUFFIX],
	PCS2.PRE_LASIX
FROM P_CONTAINER_SHIPMENT_SPECIMENS  PCS2  
GROUP BY   PCS2.CONTAINER_SHIPMENT, PCS2.SPECIMEN , PCS2.SPECIMEN_TYPE ,PCS2.PRE_LASIX",,,,,,,,,,,,,,,,,,,,,,,,,,,,,,,"0",
"4195E9A3-AF94-4969-A16E-6FCF9F252858","1","P_CONTAINER_VIEW","TRUE", , ,"TRUE","53",,"TRUE","FALSE","FALSE","FALSE",,,"P_CONTAINER_VIEW","P_CONTAINER_VIEW",,,,"select distinct s.ID_NUMERIC , s.p_specimen_type  from sample s
	WHERE s.standard = 'F' and s.p_specimen_type <> ''",,,,,,,,,,,,,,,,,,,,,,,,,,,,,,,"0",
"4195E9A3-AF94-4969-A16E-6FCF9F252858","1","RECD_MONTH_TESTS","TRUE", , ,"TRUE","54","{management report views }","TRUE","FALSE","FALSE","FALSE",,,"RECD_MONTH_TESTS","RECD_MONTH_TESTS",,,,"select t.test_number, t.analysis, t.test_count ,s.RECD_DATE, t.date_completed,
concat ( format(s.RECD_DATE,'yyyy') , '-' , format(s.RECD_DATE,'MM')  )as MonYr
  from test t
  inner join sample s on s.id_numeric = t.sample
 where s.RECD_DATE is not null",,,,,,,,,,,,,,,,,,,,,,,,,,,,,,,"0",
"4195E9A3-AF94-4969-A16E-6FCF9F252858","1","COMPLETED_MONTH_TESTS","TRUE", , ,"TRUE","55",,"TRUE","FALSE","FALSE","FALSE",,,"COMPLETED_MONTH_TESTS","COMPLETED_MONTH_TESTS",,,,"select t.test_number, t.sample, t.analysis, t.test_count,
	s.standard, s.standard_type, s.RECD_DATE, t.DATE_STARTED, t.DATE_COMPLETED, t.DATE_AUTHORISED,
      CASE WHEN (RTRIM(t.DATE_COMPLETED) IS NOT NULL) THEN (  ( datediff (minute,t.date_started, t.date_completed)/CAST (1440 AS float)))
        ELSE null END    start_Comp,
      CASE WHEN (RTRIM(t.DATE_AUTHORISED) IS NOT NULL) THEN (  ( datediff (minute,t.date_started, t.date_authorised)/CAST (1440 AS float)))
        ELSE null END    Comp_Auth,
      CASE WHEN ( RTRIM(t.p_analyst) IS NOT NULL ) then t.p_analyst
  
        ELSE t.completer 
        END analyst,
         av.ANALYSIS_TYPE,
      CASE WHEN (RTRIM(S.RECD_DATE) IS NOT NULL) then 
      concat( format(S.RECD_DATE,'yyyy') , '-' , format(S.RECD_DATE,'MM')  )
       ELSE NULL END YR_MON
  from test t
  inner join sample s on s.id_numeric = t.sample

   inner join analysis_view av on av.[IDENTITY] = t.ANALYSIS and av.ANALYSIS_VERSION = t.ANALYSIS_VERSION
 where 

 s.RECD_DATE is not null
 and t.status NOT IN ('U','X','R')",,,,,,,,,,,,,,,,,,,,,,,,,,,,,,,"0",
"4195E9A3-AF94-4969-A16E-6FCF9F252858","1","RECD_MONTH_COUNT","TRUE", , ,"TRUE","56","{
    select t.test_number, t.sample, t.analysis, t.test_count,
	s.standard, s.standard_type, s.RECD_DATE, t.DATE_STARTED, t.DATE_COMPLETED, t.DATE_AUTHORISED,
      CASE WHEN (RTRIM(t.DATE_COMPLETED) IS NOT NULL) THEN (  ( datediff (minute,t.date_started, t.date_completed)/CAST (1440 AS float)))
        ELSE null END    start_Comp,
      CASE WHEN (RTRIM(t.DATE_AUTHORISED) IS NOT NULL) THEN (  ( datediff (minute,t.date_started, t.date_authorised)/CAST (1440 AS float)))
        ELSE null END    Comp_A","TRUE","FALSE","FALSE","FALSE",,,"RECD_MONTH_COUNT","RECD_MONTH_COUNT",,,,"select count(*) as RECD_COUNT, ANALYSIS,  YR_MON from RECD_MONTH_TESTS
 group by  ANALYSIS, YR_MON",,,,,,,,,,,,,,,,,,,,,,,,,,,,,,,"0",
"4195E9A3-AF94-4969-A16E-6FCF9F252858","1","COMPLETED_MONTH_COUNT","TRUE", , ,"TRUE","57",,"TRUE","FALSE","FALSE","FALSE",,,"COMPLETED_MONTH_COUNT","COMPLETED_MONTH_COUNT",,,,"select count(*) as COMPLETED_COUNT, ANALYSIS,  YR_MON from COMPLETED_MONTH_TESTS
 group by  ANALYSIS, YR_MON",,,,,,,,,,,,,,,,,,,,,,,,,,,,,,,"0",
"4195E9A3-AF94-4969-A16E-6FCF9F252858","1","LOGIN_COUNT","TRUE", , ,"TRUE","58",,"TRUE","FALSE","FALSE","FALSE",,,"LOGIN_COUNT","LOGIN_COUNT",,,,"Select format(CONVERT(DATE,ACCESS_LOG.CLIENT_DATE, 105),'yyyy-MM-dd') AS LOGIN_DATE, COUNT(ACCESS_LOG.OPERATOR) as LOGIN_COUNT, ACCESS_LOG.ACTION, PERSONNEL.NAME
from ACCESS_LOG
inner join PERSONNEL
on ACCESS_LOG.OPERATOR = PERSONNEL.[IDENTITY]
WHERE ACTION = 'Client login'
group by format(CONVERT(DATE,ACCESS_LOG.CLIENT_DATE,105),'yyyy-MM-dd'), ACCESS_LOG.ACTION, PERSONNEL.NAME",,,,,,,,,,,,,,,,,,,,,,,,,,,,,,,"0",
"4195E9A3-AF94-4969-A16E-6FCF9F252858","1","P_LF_SAMP_JOB_TEST_RESULT","TRUE", , ,"TRUE","59","{09.05.2021  view p_lf_samp_job_test_Result}
{PEtrl base view for  lab findings view}","TRUE","FALSE","FALSE","FALSE",,,"P_LF_SAMP_JOB_TEST_RESULT","P_LF_SAMP_JOB_TEST_RESULT",,,,,,,,,,,,,,,,,,,,,,,,,,,,,,,,,,,"0",
"4195E9A3-AF94-4969-A16E-6FCF9F252858","1","P_LAB_FINDINGS","TRUE", , ,"TRUE","60",,"TRUE","FALSE","FALSE","FALSE",,,"P_LAB_FINDINGS","P_LAB_FINDINGS",,,,"SELECT DISTINCT 
s.project,
s.job_name,

s.SAMPLING_POINT, 

s.ID_NUMERIC, 
s.specimen_id,
s.commission_no,
s.COMPONENT_NAME,
s2.component_name,

 s.RESULT_TEXT, 
  S2.RESULT_TEXT as DRUG_NAME ,
  S3.Result_text as MEAN,
  S4.Result_text as STD_DEV,
 s5.result_text as UNITS,

s.ANALYSIS,
s.chemist,

s.status,
s.test_number,
s2.test_number

FROM p_lf_samp_job_test_Result s
INNER JOIN SAMP_TEST_RESULT S2 ON s.ID_NUMERIC = S2.ID_NUMERIC 
and s.TEST_NUMBER = s2.TEST_NUMBER
 and s2.component_name like 'Drug1 Name' 
and    s.result_text = 'Laboratory Finding' 
and s.component_name = 'Drug1 Confirmation Result'
INNER JOIN SAMP_TEST_RESULT S3 ON s.ID_NUMERIC = S3.ID_NUMERIC 
and s.TEST_NUMBER = s3.TEST_NUMBER
and s3.component_name like 'Drug1 Confirmation Mean'
INNER JOIN SAMP_TEST_RESULT S4 ON s.ID_NUMERIC = S4.ID_NUMERIC 
and s.TEST_NUMBER = s4.TEST_NUMBER
and s4.component_name like 'Drug1 Confirmation Std Dev'
INNER JOIN SAMP_TEST_RESULT S5 ON s.ID_NUMERIC = S5.ID_NUMERIC 
and s.TEST_NUMBER = s5.TEST_NUMBER
and s5.component_name like 'Drug1 Units'

WHERE 

s.result_status in ('A')

AND S2.result_status in ('A')
AND s.ID_NUMERIC IN
  (  select distinct id_numeric  from p_lf_samp_job_test_Result s where 

   s.result_text = 'Laboratory Finding'  
   )

   UNION
 
	 SELECT DISTINCT

s.project,
s.job_name,

s.SAMPLING_POINT, 

s.ID_NUMERIC, 
s.specimen_id,
s.commission_no,
s.COMPONENT_NAME,
s2.component_name,

 s.RESULT_TEXT, 
  S2.RESULT_TEXT as DRUG_NAME ,
  S3.Result_text as MEAN,
  S4.Result_text as STD_DEV,
 s5.result_text as UNITS,

s.ANALYSIS,
s.chemist,

s.status,
s.test_number,
s2.test_number


FROM p_lf_samp_job_test_Result s
INNER JOIN SAMP_TEST_RESULT S2 ON s.ID_NUMERIC = S2.ID_NUMERIC 
and s.TEST_NUMBER = s2.TEST_NUMBER
 and s2.component_name like 'Drug2 Name' 
and    s.result_text = 'Laboratory Finding' 
and s.component_name = 'Drug2 Confirmation Result'
INNER JOIN SAMP_TEST_RESULT S3 ON s.ID_NUMERIC = S3.ID_NUMERIC 
and s.TEST_NUMBER = s3.TEST_NUMBER
and s3.component_name like 'Drug2 Confirmation Mean'
INNER JOIN SAMP_TEST_RESULT S4 ON s.ID_NUMERIC = S4.ID_NUMERIC 
and s.TEST_NUMBER = s4.TEST_NUMBER
and s4.component_name like 'Drug2 Confirmation Std Dev'
INNER JOIN SAMP_TEST_RESULT S5 ON s.ID_NUMERIC = S5.ID_NUMERIC 
and s.TEST_NUMBER = s5.TEST_NUMBER
and s5.component_name like 'Drug2 Units'

WHERE s.result_status in ('A')

AND S2.result_status in ('A')
AND s.ID_NUMERIC IN
  (  select distinct id_numeric  from p_lf_samp_job_test_Result s where 
   s.result_text = 'Laboratory Finding'  
   )",,,,,,,,,,,,,,,,,,,,,,,,,,,,,,,"0",
"4195E9A3-AF94-4969-A16E-6FCF9F252858","1","RACE_JOB_HEADER","TRUE", , ,"TRUE","61","{ custom job view for race tracks 12/11/2021}","TRUE","FALSE","FALSE","FALSE",,,"RACE_JOB_HEADER","RACE_JOB_HEADER",,,,,,,,,,,,,,,,,,,,,,,,,,,,,,,,,,,"0",
