﻿SCHEDULE_POINT_ANALYSIS
SCHEDULE,SCHEDULE_POINT,ORDER_NUMBER,NAME,ANALYSIS,COMPONENT_LIST,REPLICATE_COUNT,RUN_WINDOW,FREQUENCY,INSTRUMENT,ACTIVE,COLLECT_PUBLIC_HOLIDAY,COLLECT_DOWNTIME
10,10,10,100,10,10,10,16,500,10,1,1,1
                       3
"HP_TEST_SC","HP","1","Total Cobalt Screen","TC_SCREEN","SAMPLE","1",,"TIME=(6:00)",,"FALSE","FALSE","FALSE"
"HP_TEST_SC","HP","2","ELISA All Drugs","ELISA_ALL","SAMPLE","1",,"TIME=(6:00)",,"FALSE","FALSE","FALSE"
"HP_TEST_SC","HP","3","NSAID","NSAID",,"1",,"TIME=(6:00)",,"FALSE","FALSE","FALSE"
