﻿SCHEMA_TABLE_INDEX
SCHEMA_GUID,SCHEMA_VERSION,TABLE_ID,IDENTITY,MODIFIABLE,FIELDS,IS_UNIQUE,ORDER_NUMBER,COMMENTS,SQLSERVER_SPECIFIC,ORACLE_SPECIFIC,SQLSERVER_LOCATION,ORACLE_LOCATION
36,10,40,40,1,512,1,10,512,500,500,500,500
                      57
"4195E9A3-AF94-4969-A16E-6FCF9F252858","1","ARCHIVE_AUDIT_DATA","ARC_AUDIT_FIELD_INDEX","TRUE","FIELD","FALSE","1",,,,"PRIMARY","VGSM_DB"
"4195E9A3-AF94-4969-A16E-6FCF9F252858","1","ARCHIVE_AUDIT_EVENT","ARC_AUDIT_TABLE_NO_INDEX","TRUE","TABLE_NAME,RECORD_KEY0","FALSE","1",,,,"PRIMARY","VGSM_DB"
"4195E9A3-AF94-4969-A16E-6FCF9F252858","1","ARCHIVE_ESIG_DATA","ARCHIVE_ESIG_DATA_ESIG_EVENT","TRUE","ESIG_EVENT_ID,ESIG_DATA_ID","FALSE","1",,,,"PRIMARY","VGSM_DB"
"4195E9A3-AF94-4969-A16E-6FCF9F252858","1","ARCHIVE_ESIG_DATA","ARCHIVE_ESIG_DATA_TABLE_KEY0","TRUE","TABLE_NAME,RECORD_KEY0,ESIG_DATA_ID","FALSE","2",,,,"PRIMARY","VGSM_DB"
"4195E9A3-AF94-4969-A16E-6FCF9F252858","1","ARCHIVE_ESIG_EVENT","ARCHIVE_ESIG_SERVER_DATE","TRUE","SERVER_DATE","FALSE","1",,,,"PRIMARY","VGSM_DB"
"4195E9A3-AF94-4969-A16E-6FCF9F252858","1","ARCHIVE_SAMPLE","ARC_SAMPLE_ID_TEXT_INDEX","TRUE","ID_TEXT","TRUE","1",,,,"PRIMARY","VGSM_DB"
"4195E9A3-AF94-4969-A16E-6FCF9F252858","1","ARCHIVE_SAMPLE","ARC_SAMPLE_JOB_NAME_INDEX","TRUE","JOB_NAME","FALSE","2",,,,"PRIMARY","VGSM_DB"
"4195E9A3-AF94-4969-A16E-6FCF9F252858","1","ARCHIVE_SAMPLE","ARC_SAMPLE_STATUS_INDEX","TRUE","ID_NUMERIC,STATUS","TRUE","3",,,,"PRIMARY","VGSM_DB"
"4195E9A3-AF94-4969-A16E-6FCF9F252858","1","ARCHIVE_TEST","ARC_SAMP_ANAL_INDEX","TRUE","SAMPLE,ANALYSIS","FALSE","1",,,,"PRIMARY","VGSM_DB"
"4195E9A3-AF94-4969-A16E-6FCF9F252858","1","ARCHIVE_TEST","ARC_TEST_ANALYSIS_INDEX","TRUE","ANALYSIS","FALSE","2",,,,"PRIMARY","VGSM_DB"
"4195E9A3-AF94-4969-A16E-6FCF9F252858","1","AUDIT_DATA","AUDIT_FIELD_INDEX","TRUE","EVENT,FIELD","FALSE","1",,,,"PRIMARY","VGSM_DB"
"4195E9A3-AF94-4969-A16E-6FCF9F252858","1","AUDIT_EVENT","AUDIT_TABLE_NO_INDEX","TRUE","TABLE_NAME,RECORD_KEY0","FALSE","1",,,,"PRIMARY","VGSM_DB"
"4195E9A3-AF94-4969-A16E-6FCF9F252858","1","AUDIT_TRANSACTION","AUDIT_SESSION_ID","TRUE","SESSION_ID","FALSE","1",,,,"PRIMARY","VGSM_DB"
"4195E9A3-AF94-4969-A16E-6FCF9F252858","1","BL_RELATIONSHIP","BL_REL_SRCE_TYPE_INDEX","TRUE","SOURCE_TYPE_ID","FALSE","1",,,,"PRIMARY","VGSM_DB"
"4195E9A3-AF94-4969-A16E-6FCF9F252858","1","BL_RELATIONSHIP","BL_REL_DEST_TYPE_INDEX","TRUE","DESTINATION_TYPE_ID","FALSE","2",,,,"PRIMARY","VGSM_DB"
"4195E9A3-AF94-4969-A16E-6FCF9F252858","1","C_AUDIT_DATA","C_AUDIT_FIELD_INDEX","TRUE","EVENT,FIELD","FALSE","1",,,,"PRIMARY","VGSM_DB"
"4195E9A3-AF94-4969-A16E-6FCF9F252858","1","C_AUDIT_EVENT","C_AUDIT_TABLE_NO_INDEX","TRUE","TABLE_NAME,RECORD_KEY0","FALSE","1",,,,"PRIMARY","VGSM_DB"
"4195E9A3-AF94-4969-A16E-6FCF9F252858","1","C_ESIG_DATA","C_ESIG_DATA_ESIG_EVENT_ID","TRUE","ESIG_EVENT_ID,ESIG_DATA_ID","FALSE","1",,,,"PRIMARY","VGSM_DB"
"4195E9A3-AF94-4969-A16E-6FCF9F252858","1","C_ESIG_DATA","C_ESIG_DATA_TABLE_KEY0","TRUE","TABLE_NAME,RECORD_KEY0,ESIG_DATA_ID","FALSE","2",,,,"PRIMARY","VGSM_DB"
"4195E9A3-AF94-4969-A16E-6FCF9F252858","1","C_ESIG_EVENT","C_ESIG_SERVER_DATE","TRUE","SERVER_DATE","FALSE","1",,,,"PRIMARY","VGSM_DB"
"4195E9A3-AF94-4969-A16E-6FCF9F252858","1","C_SAMPLE","C_SAMPLE_ID_TEXT_INDEX","TRUE","ID_TEXT","TRUE","1",,,,"PRIMARY","VGSM_DB"
"4195E9A3-AF94-4969-A16E-6FCF9F252858","1","C_SAMPLE","C_SAMPLE_JOB_NAME_INDEX","TRUE","JOB_NAME","FALSE","2",,,,"PRIMARY","VGSM_DB"
"4195E9A3-AF94-4969-A16E-6FCF9F252858","1","C_SAMPLE","C_SAMPLE_STATUS_INDEX","TRUE","ID_NUMERIC,STATUS","TRUE","3",,,,"PRIMARY","VGSM_DB"
"4195E9A3-AF94-4969-A16E-6FCF9F252858","1","C_TEST","C_SAMP_ANAL_INDEX","TRUE","SAMPLE,ANALYSIS","FALSE","1",,,,"PRIMARY","VGSM_DB"
"4195E9A3-AF94-4969-A16E-6FCF9F252858","1","C_TEST","C_TEST_ANALYSIS_INDEX","TRUE","ANALYSIS","FALSE","2",,,,"PRIMARY","VGSM_DB"
"4195E9A3-AF94-4969-A16E-6FCF9F252858","1","CHROMELEON_SEQUENCE_ENTRY","CHROM_SEQ_ENTRY_TEST_INDEX","TRUE","TEST_NUMBER","FALSE","1",,,,"PRIMARY","VGSM_DB"
"4195E9A3-AF94-4969-A16E-6FCF9F252858","1","ESIG_DATA","ESIG_DATA_ESIG_EVENT_ID","TRUE","ESIG_EVENT_ID,ESIG_DATA_ID","FALSE","1",,,,"PRIMARY","VGSM_DB"
"4195E9A3-AF94-4969-A16E-6FCF9F252858","1","ESIG_DATA","ESIG_DATA_TABLE_KEY0","TRUE","TABLE_NAME,RECORD_KEY0,ESIG_DATA_ID","FALSE","2",,,,"PRIMARY","VGSM_DB"
"4195E9A3-AF94-4969-A16E-6FCF9F252858","1","ESIG_EVENT","ESIG_SERVER_DATE","TRUE","SERVER_DATE","FALSE","1",,,,"PRIMARY","VGSM_DB"
"4195E9A3-AF94-4969-A16E-6FCF9F252858","1","INSTRUMENT_PART_LINK","INST_PART_LINK_INST","TRUE","INSTRUMENT,INSTRUMENT_PART","FALSE","1",,,,"PRIMARY","VGSM_DB"
"4195E9A3-AF94-4969-A16E-6FCF9F252858","1","INSTRUMENT_PART_LINK","INST_PART_LINK_PART","TRUE","INSTRUMENT_PART,INSTRUMENT","FALSE","2",,,,"PRIMARY","VGSM_DB"
"4195E9A3-AF94-4969-A16E-6FCF9F252858","1","INSTRUMENT_PART_LINK_TEMPLATE","INST_PART_LINK_TEMP_INST","TRUE","INSTRUMENT_TEMPLATE,INSTRUMENT_PART_TEMPLATE","FALSE","1",,,,"PRIMARY","VGSM_DB"
"4195E9A3-AF94-4969-A16E-6FCF9F252858","1","INSTRUMENT_PART_LINK_TEMPLATE","INST_PART_LINK_TEMP_PART","TRUE","INSTRUMENT_PART_TEMPLATE,INSTRUMENT_TEMPLATE","FALSE","2",,,,"PRIMARY","VGSM_DB"
"4195E9A3-AF94-4969-A16E-6FCF9F252858","1","INSTRUMENT_TRAINING","INSTRUMENT_TC_INDEX","TRUE","TRAINING_COURSE","FALSE","1",,,,"PRIMARY","VGSM_DB"
"4195E9A3-AF94-4969-A16E-6FCF9F252858","1","MASTER_MENU","MASTER_MENU_MNEMONIC","TRUE","MNEMONIC","FALSE","1",,,,"PRIMARY","VGSM_DB"
"4195E9A3-AF94-4969-A16E-6FCF9F252858","1","MASTER_MENU","MASTER_MENU_TABLE","TRUE","TABLE_NAME","FALSE","2",,,,"PRIMARY","VGSM_DB"
"4195E9A3-AF94-4969-A16E-6FCF9F252858","1","MENU","MENU_MENU_NUMERIC_INDEX","TRUE","OWNER_MENU,MENU_NUMERIC","FALSE","1",,,,"PRIMARY","VGSM_DB"
"4195E9A3-AF94-4969-A16E-6FCF9F252858","1","MENU","MENU_PROCEDURE_NUMBER","TRUE","OWNER_MENU,PROCEDURE_NUM","FALSE","2",,,,"PRIMARY","VGSM_DB"
"4195E9A3-AF94-4969-A16E-6FCF9F252858","1","MENU","MENU_MNEMONIC","TRUE","OWNER_MENU,MNEMONIC","FALSE","3",,,,"PRIMARY","VGSM_DB"
"4195E9A3-AF94-4969-A16E-6FCF9F252858","1","MESSAGING","MESSAGING_OPERATOR_ID","TRUE","OPERATOR_ID,READ,REMOVEFLAG","FALSE","1",,,,"PRIMARY","VGSM_DB"
"4195E9A3-AF94-4969-A16E-6FCF9F252858","1","PERSONNEL_TRAINING","PERSONNEL_TC_INDEX","TRUE","TRAINING_COURSE","FALSE","1",,,,"PRIMARY","VGSM_DB"
"4195E9A3-AF94-4969-A16E-6FCF9F252858","1","PREPARATION_TRAINING","PREPARATION_TC_INDEX","TRUE","TRAINING_COURSE","FALSE","1",,,,"PRIMARY","VGSM_DB"
"4195E9A3-AF94-4969-A16E-6FCF9F252858","1","SAMPLE","SAMPLE_ID_TEXT_INDEX","TRUE","ID_TEXT","TRUE","3",,,,"PRIMARY","VGSM_DB"
"4195E9A3-AF94-4969-A16E-6FCF9F252858","1","SAMPLE","SAMPLE_JOB_NAME_INDEX","TRUE","JOB_NAME","FALSE","4",,,,"PRIMARY","VGSM_DB"
"4195E9A3-AF94-4969-A16E-6FCF9F252858","1","SMW_MENU","SMW_MENU_NUMBER_INDEX","TRUE","MENU_NAME,MENU_NUMBER,ORDER_NUMBER","FALSE","1",,,,"PRIMARY","VGSM_DB"
"4195E9A3-AF94-4969-A16E-6FCF9F252858","1","STOCK_BATCH","STOCK_BATCH_STOCK_LOC_BATCH","TRUE","STOCK,LOCATION,BATCH","FALSE","1",,,,"PRIMARY","VGSM_DB"
"4195E9A3-AF94-4969-A16E-6FCF9F252858","1","STOCK_BATCH","STOCK_BATCH_BATCH","TRUE","BATCH,STOCK","FALSE","2",,,,"PRIMARY","VGSM_DB"
"4195E9A3-AF94-4969-A16E-6FCF9F252858","1","STOCK_BATCH","STOCK_BATCH_SBI","TRUE","STOCK_BATCH_ID","TRUE","3",,,,"PRIMARY","VGSM_DB"
"4195E9A3-AF94-4969-A16E-6FCF9F252858","1","STOCK_INVENTORY","STOCK_INVENTORY_TEST_STOCK","TRUE","TEST,STOCK","FALSE","1",,,,"PRIMARY","VGSM_DB"
"4195E9A3-AF94-4969-A16E-6FCF9F252858","1","STOCK_INVENTORY","STOCK_INVENTORY_STOCK_BATCH","TRUE","STOCK,STOCK_BATCH","FALSE","2",,,,"PRIMARY","VGSM_DB"
"4195E9A3-AF94-4969-A16E-6FCF9F252858","1","TEST","SAMP_ANAL_INDEX","TRUE","SAMPLE,ANALYSIS","FALSE","1",,,,"PRIMARY","VGSM_DB"
"4195E9A3-AF94-4969-A16E-6FCF9F252858","1","TEST","TEST_ANALYSIS_INDEX","TRUE","ANALYSIS","FALSE","2",,,,"PRIMARY","VGSM_DB"
"4195E9A3-AF94-4969-A16E-6FCF9F252858","1","TEST","TEST_INSTRUMENT_INDEX","TRUE","INSTRUMENT","FALSE","3",,,,"PRIMARY","VGSM_DB"
"4195E9A3-AF94-4969-A16E-6FCF9F252858","1","VERSIONED_ANALYSIS_TRAINING","VERSIONED_ANAL_TC_INDEX","TRUE","TRAINING_COURSE","FALSE","1",,,,"PRIMARY","VGSM_DB"
"4195E9A3-AF94-4969-A16E-6FCF9F252858","1","VERSIONED_COMPONENT","V_COMPONENT_ORDER_INDEX","TRUE","ANALYSIS,ANALYSIS_VERSION,ORDER_NUMBER","FALSE","1",,,,"PRIMARY","VGSM_DB"
"4195E9A3-AF94-4969-A16E-6FCF9F252858","1","WORKFLOW_NODE","WORKFLOW_NODE_WORKFLOW","TRUE","WORKFLOW_ID,WORKFLOW_VERSION,ORDER_NUMBER","FALSE","1",,,,"PRIMARY","VGSM_DB"
"4195E9A3-AF94-4969-A16E-6FCF9F252858","1","WORKFLOW_NODE","WORKFLOW_NODE_PARENT","TRUE","PARENT_NODE,ORDER_NUMBER","FALSE","2",,,,"PRIMARY","VGSM_DB"
