﻿STAT_ATRIB_DOUBLE
SAMP_PLAN_CODE,INSP_LEVEL,AQL_VALUE,USE_CODE,SAMPLE,ACCEPT_NUMBER,REJECT_NUMBER,REPEAT_ACCEPT_NUMBER,REPEAT_REJECT_NUMBER
1,10,10,1,10,10,10,10,10
                    1249
"A","NORMAL","1.0000000000000000E-02","Q",<NULL>,<NULL>,<NULL>,<NULL>,<NULL>
"A","NORMAL","1.5000000000000000E-02","P",<NULL>,<NULL>,<NULL>,<NULL>,<NULL>
"A","NORMAL","2.5000000000000000E-02","N",<NULL>,<NULL>,<NULL>,<NULL>,<NULL>
"A","NORMAL","4.0000000000000000E-02","M",<NULL>,<NULL>,<NULL>,<NULL>,<NULL>
"A","NORMAL","6.5000000000000000E-02","L",<NULL>,<NULL>,<NULL>,<NULL>,<NULL>
"A","NORMAL","1.0000000000000000E-01","K",<NULL>,<NULL>,<NULL>,<NULL>,<NULL>
"A","NORMAL","1.5000000000000000E-01","J",<NULL>,<NULL>,<NULL>,<NULL>,<NULL>
"A","NORMAL","2.5000000000000000E-01","H",<NULL>,<NULL>,<NULL>,<NULL>,<NULL>
"A","NORMAL","4.0000000000000000E-01","G",<NULL>,<NULL>,<NULL>,<NULL>,<NULL>
"A","NORMAL","6.5000000000000000E-01","F",<NULL>,<NULL>,<NULL>,<NULL>,<NULL>
"A","NORMAL","1.0000000000000000E+00","E",<NULL>,<NULL>,<NULL>,<NULL>,<NULL>
"A","NORMAL","1.5000000000000000E+00","D",<NULL>,<NULL>,<NULL>,<NULL>,<NULL>
"A","NORMAL","2.5000000000000000E+00","C",<NULL>,<NULL>,<NULL>,<NULL>,<NULL>
"A","NORMAL","4.0000000000000000E+00","B",<NULL>,<NULL>,<NULL>,<NULL>,<NULL>
"A","NORMAL","6.5000000000000000E+00",<NULL>,"2","0","1",<NULL>,<NULL>
"A","NORMAL","1.0000000000000000E+01","C",<NULL>,<NULL>,<NULL>,<NULL>,<NULL>
"A","NORMAL","1.5000000000000000E+01","B",<NULL>,<NULL>,<NULL>,<NULL>,<NULL>
"A","NORMAL","2.5000000000000000E+01",<NULL>,"2","1","2",<NULL>,<NULL>
"A","NORMAL","4.0000000000000000E+01",<NULL>,"2","2","3",<NULL>,<NULL>
"A","NORMAL","6.5000000000000000E+01",<NULL>,"2","3","4",<NULL>,<NULL>
"A","NORMAL","1.0000000000000000E+02",<NULL>,"2","5","6",<NULL>,<NULL>
"A","NORMAL","1.5000000000000000E+02",<NULL>,"2","7","8",<NULL>,<NULL>
"A","NORMAL","2.5000000000000000E+02",<NULL>,"2","10","11",<NULL>,<NULL>
"A","NORMAL","4.0000000000000000E+02",<NULL>,"2","14","15",<NULL>,<NULL>
"A","NORMAL","6.5000000000000000E+02",<NULL>,"2","21","22",<NULL>,<NULL>
"A","NORMAL","1.0000000000000000E+03",<NULL>,"2","30","31",<NULL>,<NULL>
"A","REDUCED","1.0000000000000000E-02","Q",<NULL>,<NULL>,<NULL>,<NULL>,<NULL>
"A","REDUCED","1.5000000000000000E-02","P",<NULL>,<NULL>,<NULL>,<NULL>,<NULL>
"A","REDUCED","2.5000000000000000E-02","N",<NULL>,<NULL>,<NULL>,<NULL>,<NULL>
"A","REDUCED","4.0000000000000000E-02","M",<NULL>,<NULL>,<NULL>,<NULL>,<NULL>
"A","REDUCED","6.5000000000000000E-02","L",<NULL>,<NULL>,<NULL>,<NULL>,<NULL>
"A","REDUCED","1.0000000000000000E-01","K",<NULL>,<NULL>,<NULL>,<NULL>,<NULL>
"A","REDUCED","1.5000000000000000E-01","J",<NULL>,<NULL>,<NULL>,<NULL>,<NULL>
"A","REDUCED","2.5000000000000000E-01","H",<NULL>,<NULL>,<NULL>,<NULL>,<NULL>
"A","REDUCED","4.0000000000000000E-01","G",<NULL>,<NULL>,<NULL>,<NULL>,<NULL>
"A","REDUCED","6.5000000000000000E-01","F",<NULL>,<NULL>,<NULL>,<NULL>,<NULL>
"A","REDUCED","1.0000000000000000E+00","E",<NULL>,<NULL>,<NULL>,<NULL>,<NULL>
"A","REDUCED","1.5000000000000000E+00","D",<NULL>,<NULL>,<NULL>,<NULL>,<NULL>
"A","REDUCED","2.5000000000000000E+00","C",<NULL>,<NULL>,<NULL>,<NULL>,<NULL>
"A","REDUCED","4.0000000000000000E+00","B",<NULL>,<NULL>,<NULL>,<NULL>,<NULL>
"A","REDUCED","6.5000000000000000E+00",<NULL>,"2","0","1",<NULL>,<NULL>
"A","REDUCED","1.0000000000000000E+01","C",<NULL>,<NULL>,<NULL>,<NULL>,<NULL>
"A","REDUCED","1.5000000000000000E+01","B",<NULL>,<NULL>,<NULL>,<NULL>,<NULL>
"A","REDUCED","2.5000000000000000E+01",<NULL>,"2","1","2",<NULL>,<NULL>
"A","REDUCED","4.0000000000000000E+01",<NULL>,"2","2","3",<NULL>,<NULL>
"A","REDUCED","6.5000000000000000E+01",<NULL>,"2","3","4",<NULL>,<NULL>
"A","REDUCED","1.0000000000000000E+02",<NULL>,"2","5","6",<NULL>,<NULL>
"A","REDUCED","1.5000000000000000E+02",<NULL>,"2","7","8",<NULL>,<NULL>
"A","REDUCED","2.5000000000000000E+02",<NULL>,"2","10","11",<NULL>,<NULL>
"A","REDUCED","4.0000000000000000E+02",<NULL>,"2","14","15",<NULL>,<NULL>
"A","REDUCED","6.5000000000000000E+02",<NULL>,"2","21","22",<NULL>,<NULL>
"A","REDUCED","1.0000000000000000E+03",<NULL>,"2","30","31",<NULL>,<NULL>
"A","TIGHTENED","1.0000000000000000E-02","R",<NULL>,<NULL>,<NULL>,<NULL>,<NULL>
"A","TIGHTENED","1.5000000000000000E-02","Q",<NULL>,<NULL>,<NULL>,<NULL>,<NULL>
"A","TIGHTENED","2.5000000000000000E-02","P",<NULL>,<NULL>,<NULL>,<NULL>,<NULL>
"A","TIGHTENED","4.0000000000000000E-02","N",<NULL>,<NULL>,<NULL>,<NULL>,<NULL>
"A","TIGHTENED","6.5000000000000000E-02","M",<NULL>,<NULL>,<NULL>,<NULL>,<NULL>
"A","TIGHTENED","1.0000000000000000E-01","L",<NULL>,<NULL>,<NULL>,<NULL>,<NULL>
"A","TIGHTENED","1.5000000000000000E-01","K",<NULL>,<NULL>,<NULL>,<NULL>,<NULL>
"A","TIGHTENED","2.5000000000000000E-01","J",<NULL>,<NULL>,<NULL>,<NULL>,<NULL>
"A","TIGHTENED","4.0000000000000000E-01","H",<NULL>,<NULL>,<NULL>,<NULL>,<NULL>
"A","TIGHTENED","6.5000000000000000E-01","G",<NULL>,<NULL>,<NULL>,<NULL>,<NULL>
"A","TIGHTENED","1.0000000000000000E+00","F",<NULL>,<NULL>,<NULL>,<NULL>,<NULL>
"A","TIGHTENED","1.5000000000000000E+00","E",<NULL>,<NULL>,<NULL>,<NULL>,<NULL>
"A","TIGHTENED","2.5000000000000000E+00","D",<NULL>,<NULL>,<NULL>,<NULL>,<NULL>
"A","TIGHTENED","4.0000000000000000E+00","C",<NULL>,<NULL>,<NULL>,<NULL>,<NULL>
"A","TIGHTENED","6.5000000000000000E+00","B",<NULL>,<NULL>,<NULL>,<NULL>,<NULL>
"A","TIGHTENED","1.0000000000000000E+01","D",<NULL>,<NULL>,<NULL>,<NULL>,<NULL>
"A","TIGHTENED","1.5000000000000000E+01","C",<NULL>,<NULL>,<NULL>,<NULL>,<NULL>
"A","TIGHTENED","2.5000000000000000E+01","B",<NULL>,<NULL>,<NULL>,<NULL>,<NULL>
"A","TIGHTENED","4.0000000000000000E+01",<NULL>,"2","1","2",<NULL>,<NULL>
"A","TIGHTENED","6.5000000000000000E+01",<NULL>,"2","2","3",<NULL>,<NULL>
"A","TIGHTENED","1.0000000000000000E+02",<NULL>,"2","3","4",<NULL>,<NULL>
"A","TIGHTENED","1.5000000000000000E+02",<NULL>,"2","5","6",<NULL>,<NULL>
"A","TIGHTENED","2.5000000000000000E+02",<NULL>,"2","8","9",<NULL>,<NULL>
"A","TIGHTENED","4.0000000000000000E+02",<NULL>,"2","12","13",<NULL>,<NULL>
"A","TIGHTENED","6.5000000000000000E+02",<NULL>,"2","18","19",<NULL>,<NULL>
"A","TIGHTENED","1.0000000000000000E+03",<NULL>,"2","27","28",<NULL>,<NULL>
"B","NORMAL","1.0000000000000000E-02","Q",<NULL>,<NULL>,<NULL>,<NULL>,<NULL>
"B","NORMAL","1.5000000000000000E-02","P",<NULL>,<NULL>,<NULL>,<NULL>,<NULL>
"B","NORMAL","2.5000000000000000E-02","N",<NULL>,<NULL>,<NULL>,<NULL>,<NULL>
"B","NORMAL","4.0000000000000000E-02","M",<NULL>,<NULL>,<NULL>,<NULL>,<NULL>
"B","NORMAL","6.5000000000000000E-02","L",<NULL>,<NULL>,<NULL>,<NULL>,<NULL>
"B","NORMAL","1.0000000000000000E-01","K",<NULL>,<NULL>,<NULL>,<NULL>,<NULL>
"B","NORMAL","1.5000000000000000E-01","J",<NULL>,<NULL>,<NULL>,<NULL>,<NULL>
"B","NORMAL","2.5000000000000000E-01","H",<NULL>,<NULL>,<NULL>,<NULL>,<NULL>
"B","NORMAL","4.0000000000000000E-01","G",<NULL>,<NULL>,<NULL>,<NULL>,<NULL>
"B","NORMAL","6.5000000000000000E-01","F",<NULL>,<NULL>,<NULL>,<NULL>,<NULL>
"B","NORMAL","1.0000000000000000E+00","E",<NULL>,<NULL>,<NULL>,<NULL>,<NULL>
"B","NORMAL","1.5000000000000000E+00","D",<NULL>,<NULL>,<NULL>,<NULL>,<NULL>
"B","NORMAL","2.5000000000000000E+00","C",<NULL>,<NULL>,<NULL>,<NULL>,<NULL>
"B","NORMAL","4.0000000000000000E+00",<NULL>,"3","0","1",<NULL>,<NULL>
"B","NORMAL","6.5000000000000000E+00","A",<NULL>,<NULL>,<NULL>,<NULL>,<NULL>
"B","NORMAL","1.0000000000000000E+01","C",<NULL>,<NULL>,<NULL>,<NULL>,<NULL>
"B","NORMAL","1.5000000000000000E+01",<NULL>,"2","0","2","1","2"
"B","NORMAL","2.5000000000000000E+01",<NULL>,"2","0","3","3","4"
"B","NORMAL","4.0000000000000000E+01",<NULL>,"2","1","4","4","5"
"B","NORMAL","6.5000000000000000E+01",<NULL>,"2","2","5","6","7"
"B","NORMAL","1.0000000000000000E+02",<NULL>,"2","3","7","8","9"
"B","NORMAL","1.5000000000000000E+02",<NULL>,"2","5","9","12","13"
"B","NORMAL","2.5000000000000000E+02",<NULL>,"2","7","11","18","19"
"B","NORMAL","4.0000000000000000E+02",<NULL>,"2","11","16","26","27"
"B","NORMAL","6.5000000000000000E+02",<NULL>,"2","17","22","37","38"
"B","NORMAL","1.0000000000000000E+03",<NULL>,"2","25","31","56","57"
"B","REDUCED","1.0000000000000000E-02","Q",<NULL>,<NULL>,<NULL>,<NULL>,<NULL>
"B","REDUCED","1.5000000000000000E-02","P",<NULL>,<NULL>,<NULL>,<NULL>,<NULL>
"B","REDUCED","2.5000000000000000E-02","N",<NULL>,<NULL>,<NULL>,<NULL>,<NULL>
"B","REDUCED","4.0000000000000000E-02","M",<NULL>,<NULL>,<NULL>,<NULL>,<NULL>
"B","REDUCED","6.5000000000000000E-02","L",<NULL>,<NULL>,<NULL>,<NULL>,<NULL>
"B","REDUCED","1.0000000000000000E-01","K",<NULL>,<NULL>,<NULL>,<NULL>,<NULL>
"B","REDUCED","1.5000000000000000E-01","J",<NULL>,<NULL>,<NULL>,<NULL>,<NULL>
"B","REDUCED","2.5000000000000000E-01","H",<NULL>,<NULL>,<NULL>,<NULL>,<NULL>
"B","REDUCED","4.0000000000000000E-01","G",<NULL>,<NULL>,<NULL>,<NULL>,<NULL>
"B","REDUCED","6.5000000000000000E-01","F",<NULL>,<NULL>,<NULL>,<NULL>,<NULL>
"B","REDUCED","1.0000000000000000E+00","E",<NULL>,<NULL>,<NULL>,<NULL>,<NULL>
"B","REDUCED","1.5000000000000000E+00","D",<NULL>,<NULL>,<NULL>,<NULL>,<NULL>
"B","REDUCED","2.5000000000000000E+00","C",<NULL>,<NULL>,<NULL>,<NULL>,<NULL>
"B","REDUCED","4.0000000000000000E+00",<NULL>,"2","0","1",<NULL>,<NULL>
"B","REDUCED","6.5000000000000000E+00","A",<NULL>,<NULL>,<NULL>,<NULL>,<NULL>
"B","REDUCED","1.0000000000000000E+01","C",<NULL>,<NULL>,<NULL>,<NULL>,<NULL>
"B","REDUCED","1.5000000000000000E+01",<NULL>,"2","0","2",<NULL>,<NULL>
"B","REDUCED","2.5000000000000000E+01",<NULL>,"2","1","3",<NULL>,<NULL>
"B","REDUCED","4.0000000000000000E+01",<NULL>,"2","2","4",<NULL>,<NULL>
"B","REDUCED","6.5000000000000000E+01",<NULL>,"2","3","5",<NULL>,<NULL>
"B","REDUCED","1.0000000000000000E+02",<NULL>,"2","5","6",<NULL>,<NULL>
"B","REDUCED","1.5000000000000000E+02",<NULL>,"2","7","8",<NULL>,<NULL>
"B","REDUCED","2.5000000000000000E+02",<NULL>,"2","10","11",<NULL>,<NULL>
"B","REDUCED","4.0000000000000000E+02",<NULL>,"2","14","15",<NULL>,<NULL>
"B","REDUCED","6.5000000000000000E+02",<NULL>,"2","21","22",<NULL>,<NULL>
"B","REDUCED","1.0000000000000000E+03",<NULL>,"2","30","31",<NULL>,<NULL>
"B","TIGHTENED","1.0000000000000000E-02","R",<NULL>,<NULL>,<NULL>,<NULL>,<NULL>
"B","TIGHTENED","1.5000000000000000E-02","Q",<NULL>,<NULL>,<NULL>,<NULL>,<NULL>
"B","TIGHTENED","2.5000000000000000E-02","P",<NULL>,<NULL>,<NULL>,<NULL>,<NULL>
"B","TIGHTENED","4.0000000000000000E-02","N",<NULL>,<NULL>,<NULL>,<NULL>,<NULL>
"B","TIGHTENED","6.5000000000000000E-02","M",<NULL>,<NULL>,<NULL>,<NULL>,<NULL>
"B","TIGHTENED","1.0000000000000000E-01","L",<NULL>,<NULL>,<NULL>,<NULL>,<NULL>
"B","TIGHTENED","1.5000000000000000E-01","K",<NULL>,<NULL>,<NULL>,<NULL>,<NULL>
"B","TIGHTENED","2.5000000000000000E-01","J",<NULL>,<NULL>,<NULL>,<NULL>,<NULL>
"B","TIGHTENED","4.0000000000000000E-01","H",<NULL>,<NULL>,<NULL>,<NULL>,<NULL>
"B","TIGHTENED","6.5000000000000000E-01","G",<NULL>,<NULL>,<NULL>,<NULL>,<NULL>
"B","TIGHTENED","1.0000000000000000E+00","F",<NULL>,<NULL>,<NULL>,<NULL>,<NULL>
"B","TIGHTENED","1.5000000000000000E+00","E",<NULL>,<NULL>,<NULL>,<NULL>,<NULL>
"B","TIGHTENED","2.5000000000000000E+00","D",<NULL>,<NULL>,<NULL>,<NULL>,<NULL>
"B","TIGHTENED","4.0000000000000000E+00","C",<NULL>,<NULL>,<NULL>,<NULL>,<NULL>
"B","TIGHTENED","6.5000000000000000E+00",<NULL>,"3","0","1",<NULL>,<NULL>
"B","TIGHTENED","1.0000000000000000E+01","D",<NULL>,<NULL>,<NULL>,<NULL>,<NULL>
"B","TIGHTENED","1.5000000000000000E+01","C",<NULL>,<NULL>,<NULL>,<NULL>,<NULL>
"B","TIGHTENED","2.5000000000000000E+01",<NULL>,"2","0","2","1","2"
"B","TIGHTENED","4.0000000000000000E+01",<NULL>,"2","0","3","3","4"
"B","TIGHTENED","6.5000000000000000E+01",<NULL>,"2","1","4","4","5"
"B","TIGHTENED","1.0000000000000000E+02",<NULL>,"2","2","5","6","7"
"B","TIGHTENED","1.5000000000000000E+02",<NULL>,"2","3","7","11","12"
"B","TIGHTENED","2.5000000000000000E+02",<NULL>,"2","6","10","15","16"
"B","TIGHTENED","4.0000000000000000E+02",<NULL>,"2","9","14","23","24"
"B","TIGHTENED","6.5000000000000000E+02",<NULL>,"2","15","20","34","35"
"B","TIGHTENED","1.0000000000000000E+03",<NULL>,"2","23","29","52","53"
"C","NORMAL","1.0000000000000000E-02","Q",<NULL>,<NULL>,<NULL>,<NULL>,<NULL>
"C","NORMAL","1.5000000000000000E-02","P",<NULL>,<NULL>,<NULL>,<NULL>,<NULL>
"C","NORMAL","2.5000000000000000E-02","N",<NULL>,<NULL>,<NULL>,<NULL>,<NULL>
"C","NORMAL","4.0000000000000000E-02","M",<NULL>,<NULL>,<NULL>,<NULL>,<NULL>
"C","NORMAL","6.5000000000000000E-02","L",<NULL>,<NULL>,<NULL>,<NULL>,<NULL>
"C","NORMAL","1.0000000000000000E-01","K",<NULL>,<NULL>,<NULL>,<NULL>,<NULL>
"C","NORMAL","1.5000000000000000E-01","J",<NULL>,<NULL>,<NULL>,<NULL>,<NULL>
"C","NORMAL","2.5000000000000000E-01","H",<NULL>,<NULL>,<NULL>,<NULL>,<NULL>
"C","NORMAL","4.0000000000000000E-01","G",<NULL>,<NULL>,<NULL>,<NULL>,<NULL>
"C","NORMAL","6.5000000000000000E-01","F",<NULL>,<NULL>,<NULL>,<NULL>,<NULL>
"C","NORMAL","1.0000000000000000E+00","E",<NULL>,<NULL>,<NULL>,<NULL>,<NULL>
"C","NORMAL","1.5000000000000000E+00","D",<NULL>,<NULL>,<NULL>,<NULL>,<NULL>
"C","NORMAL","2.5000000000000000E+00",<NULL>,"5","0","1",<NULL>,<NULL>
"C","NORMAL","4.0000000000000000E+00","B",<NULL>,<NULL>,<NULL>,<NULL>,<NULL>
"C","NORMAL","6.5000000000000000E+00","D",<NULL>,<NULL>,<NULL>,<NULL>,<NULL>
"C","NORMAL","1.0000000000000000E+01",<NULL>,"3","0","2","1","2"
"C","NORMAL","1.5000000000000000E+01",<NULL>,"3","0","3","3","4"
"C","NORMAL","2.5000000000000000E+01",<NULL>,"3","1","4","4","5"
"C","NORMAL","4.0000000000000000E+01",<NULL>,"3","2","5","6","7"
"C","NORMAL","6.5000000000000000E+01",<NULL>,"3","3","7","8","9"
"C","NORMAL","1.0000000000000000E+02",<NULL>,"3","5","9","12","13"
"C","NORMAL","1.5000000000000000E+02",<NULL>,"3","7","11","18","19"
"C","NORMAL","2.5000000000000000E+02",<NULL>,"3","11","16","26","27"
"C","NORMAL","4.0000000000000000E+02",<NULL>,"3","17","22","37","38"
"C","NORMAL","6.5000000000000000E+02",<NULL>,"3","25","31","56","57"
"C","NORMAL","1.0000000000000000E+03","B",<NULL>,<NULL>,<NULL>,<NULL>,<NULL>
"C","REDUCED","1.0000000000000000E-02","Q",<NULL>,<NULL>,<NULL>,<NULL>,<NULL>
"C","REDUCED","1.5000000000000000E-02","P",<NULL>,<NULL>,<NULL>,<NULL>,<NULL>
"C","REDUCED","2.5000000000000000E-02","N",<NULL>,<NULL>,<NULL>,<NULL>,<NULL>
"C","REDUCED","4.0000000000000000E-02","M",<NULL>,<NULL>,<NULL>,<NULL>,<NULL>
"C","REDUCED","6.5000000000000000E-02","L",<NULL>,<NULL>,<NULL>,<NULL>,<NULL>
"C","REDUCED","1.0000000000000000E-01","K",<NULL>,<NULL>,<NULL>,<NULL>,<NULL>
"C","REDUCED","1.5000000000000000E-01","J",<NULL>,<NULL>,<NULL>,<NULL>,<NULL>
"C","REDUCED","2.5000000000000000E-01","H",<NULL>,<NULL>,<NULL>,<NULL>,<NULL>
"C","REDUCED","4.0000000000000000E-01","G",<NULL>,<NULL>,<NULL>,<NULL>,<NULL>
"C","REDUCED","6.5000000000000000E-01","F",<NULL>,<NULL>,<NULL>,<NULL>,<NULL>
"C","REDUCED","1.0000000000000000E+00","E",<NULL>,<NULL>,<NULL>,<NULL>,<NULL>
"C","REDUCED","1.5000000000000000E+00","D",<NULL>,<NULL>,<NULL>,<NULL>,<NULL>
"C","REDUCED","2.5000000000000000E+00",<NULL>,"2","0","1",<NULL>,<NULL>
"C","REDUCED","4.0000000000000000E+00","B",<NULL>,<NULL>,<NULL>,<NULL>,<NULL>
"C","REDUCED","6.5000000000000000E+00","D",<NULL>,<NULL>,<NULL>,<NULL>,<NULL>
"C","REDUCED","1.0000000000000000E+01",<NULL>,"2","0","2",<NULL>,<NULL>
"C","REDUCED","1.5000000000000000E+01",<NULL>,"2","1","3",<NULL>,<NULL>
"C","REDUCED","2.5000000000000000E+01",<NULL>,"2","1","4",<NULL>,<NULL>
"C","REDUCED","4.0000000000000000E+01",<NULL>,"2","2","5",<NULL>,<NULL>
"C","REDUCED","6.5000000000000000E+01",<NULL>,"2","3","6",<NULL>,<NULL>
"C","REDUCED","1.0000000000000000E+02",<NULL>,"2","5","8",<NULL>,<NULL>
"C","REDUCED","1.5000000000000000E+02",<NULL>,"2","7","10",<NULL>,<NULL>
"C","REDUCED","2.5000000000000000E+02",<NULL>,"2","10","13",<NULL>,<NULL>
"C","REDUCED","4.0000000000000000E+02",<NULL>,"2","14","17",<NULL>,<NULL>
"C","REDUCED","6.5000000000000000E+02",<NULL>,"2","21","24",<NULL>,<NULL>
"C","REDUCED","1.0000000000000000E+03","B",<NULL>,<NULL>,<NULL>,<NULL>,<NULL>
"C","TIGHTENED","1.0000000000000000E-02","R",<NULL>,<NULL>,<NULL>,<NULL>,<NULL>
"C","TIGHTENED","1.5000000000000000E-02","Q",<NULL>,<NULL>,<NULL>,<NULL>,<NULL>
"C","TIGHTENED","2.5000000000000000E-02","P",<NULL>,<NULL>,<NULL>,<NULL>,<NULL>
"C","TIGHTENED","4.0000000000000000E-02","N",<NULL>,<NULL>,<NULL>,<NULL>,<NULL>
"C","TIGHTENED","6.5000000000000000E-02","M",<NULL>,<NULL>,<NULL>,<NULL>,<NULL>
"C","TIGHTENED","1.0000000000000000E-01","L",<NULL>,<NULL>,<NULL>,<NULL>,<NULL>
"C","TIGHTENED","1.5000000000000000E-01","K",<NULL>,<NULL>,<NULL>,<NULL>,<NULL>
"C","TIGHTENED","2.5000000000000000E-01","J",<NULL>,<NULL>,<NULL>,<NULL>,<NULL>
"C","TIGHTENED","4.0000000000000000E-01","H",<NULL>,<NULL>,<NULL>,<NULL>,<NULL>
"C","TIGHTENED","6.5000000000000000E-01","G",<NULL>,<NULL>,<NULL>,<NULL>,<NULL>
"C","TIGHTENED","1.0000000000000000E+00","F",<NULL>,<NULL>,<NULL>,<NULL>,<NULL>
"C","TIGHTENED","1.5000000000000000E+00","E",<NULL>,<NULL>,<NULL>,<NULL>,<NULL>
"C","TIGHTENED","2.5000000000000000E+00","D",<NULL>,<NULL>,<NULL>,<NULL>,<NULL>
"C","TIGHTENED","4.0000000000000000E+00",<NULL>,"5","0","1",<NULL>,<NULL>
"C","TIGHTENED","6.5000000000000000E+00","E",<NULL>,<NULL>,<NULL>,<NULL>,<NULL>
"C","TIGHTENED","1.0000000000000000E+01","D",<NULL>,<NULL>,<NULL>,<NULL>,<NULL>
"C","TIGHTENED","1.5000000000000000E+01",<NULL>,"3","0","2","1","2"
"C","TIGHTENED","2.5000000000000000E+01",<NULL>,"3","0","3","3","4"
"C","TIGHTENED","4.0000000000000000E+01",<NULL>,"3","1","4","4","5"
"C","TIGHTENED","6.5000000000000000E+01",<NULL>,"3","2","5","6","7"
"C","TIGHTENED","1.0000000000000000E+02",<NULL>,"3","3","7","11","12"
"C","TIGHTENED","1.5000000000000000E+02",<NULL>,"3","6","10","15","16"
"C","TIGHTENED","2.5000000000000000E+02",<NULL>,"3","9","14","23","24"
"C","TIGHTENED","4.0000000000000000E+02",<NULL>,"3","15","20","34","35"
"C","TIGHTENED","6.5000000000000000E+02",<NULL>,"3","23","29","52","53"
"C","TIGHTENED","1.0000000000000000E+03","B",<NULL>,<NULL>,<NULL>,<NULL>,<NULL>
"D","NORMAL","1.0000000000000000E-02","Q",<NULL>,<NULL>,<NULL>,<NULL>,<NULL>
"D","NORMAL","1.5000000000000000E-02","P",<NULL>,<NULL>,<NULL>,<NULL>,<NULL>
"D","NORMAL","2.5000000000000000E-02","N",<NULL>,<NULL>,<NULL>,<NULL>,<NULL>
"D","NORMAL","4.0000000000000000E-02","M",<NULL>,<NULL>,<NULL>,<NULL>,<NULL>
"D","NORMAL","6.5000000000000000E-02","L",<NULL>,<NULL>,<NULL>,<NULL>,<NULL>
"D","NORMAL","1.0000000000000000E-01","K",<NULL>,<NULL>,<NULL>,<NULL>,<NULL>
"D","NORMAL","1.5000000000000000E-01","J",<NULL>,<NULL>,<NULL>,<NULL>,<NULL>
"D","NORMAL","2.5000000000000000E-01","H",<NULL>,<NULL>,<NULL>,<NULL>,<NULL>
"D","NORMAL","4.0000000000000000E-01","G",<NULL>,<NULL>,<NULL>,<NULL>,<NULL>
"D","NORMAL","6.5000000000000000E-01","F",<NULL>,<NULL>,<NULL>,<NULL>,<NULL>
"D","NORMAL","1.0000000000000000E+00","E",<NULL>,<NULL>,<NULL>,<NULL>,<NULL>
"D","NORMAL","1.5000000000000000E+00",<NULL>,"8","0","1",<NULL>,<NULL>
"D","NORMAL","2.5000000000000000E+00","C",<NULL>,<NULL>,<NULL>,<NULL>,<NULL>
"D","NORMAL","4.0000000000000000E+00","E",<NULL>,<NULL>,<NULL>,<NULL>,<NULL>
"D","NORMAL","6.5000000000000000E+00",<NULL>,"5","0","2","1","2"
"D","NORMAL","1.0000000000000000E+01",<NULL>,"5","0","3","3","4"
"D","NORMAL","1.5000000000000000E+01",<NULL>,"5","1","4","4","5"
"D","NORMAL","2.5000000000000000E+01",<NULL>,"5","2","5","6","7"
"D","NORMAL","4.0000000000000000E+01",<NULL>,"5","3","7","8","9"
"D","NORMAL","6.5000000000000000E+01",<NULL>,"5","5","9","12","13"
"D","NORMAL","1.0000000000000000E+02",<NULL>,"5","7","11","18","19"
"D","NORMAL","1.5000000000000000E+02",<NULL>,"5","11","16","26","27"
"D","NORMAL","2.5000000000000000E+02",<NULL>,"5","17","22","37","38"
"D","NORMAL","4.0000000000000000E+02",<NULL>,"5","25","31","56","57"
"D","NORMAL","6.5000000000000000E+02","C",<NULL>,<NULL>,<NULL>,<NULL>,<NULL>
"D","NORMAL","1.0000000000000000E+03","B",<NULL>,<NULL>,<NULL>,<NULL>,<NULL>
"D","REDUCED","1.0000000000000000E-02","Q",<NULL>,<NULL>,<NULL>,<NULL>,<NULL>
"D","REDUCED","1.5000000000000000E-02","P",<NULL>,<NULL>,<NULL>,<NULL>,<NULL>
"D","REDUCED","2.5000000000000000E-02","N",<NULL>,<NULL>,<NULL>,<NULL>,<NULL>
"D","REDUCED","4.0000000000000000E-02","M",<NULL>,<NULL>,<NULL>,<NULL>,<NULL>
"D","REDUCED","6.5000000000000000E-02","L",<NULL>,<NULL>,<NULL>,<NULL>,<NULL>
"D","REDUCED","1.0000000000000000E-01","K",<NULL>,<NULL>,<NULL>,<NULL>,<NULL>
"D","REDUCED","1.5000000000000000E-01","J",<NULL>,<NULL>,<NULL>,<NULL>,<NULL>
"D","REDUCED","2.5000000000000000E-01","H",<NULL>,<NULL>,<NULL>,<NULL>,<NULL>
"D","REDUCED","4.0000000000000000E-01","G",<NULL>,<NULL>,<NULL>,<NULL>,<NULL>
"D","REDUCED","6.5000000000000000E-01","F",<NULL>,<NULL>,<NULL>,<NULL>,<NULL>
"D","REDUCED","1.0000000000000000E+00","E",<NULL>,<NULL>,<NULL>,<NULL>,<NULL>
"D","REDUCED","1.5000000000000000E+00",<NULL>,"3","0","1",<NULL>,<NULL>
"D","REDUCED","2.5000000000000000E+00","C",<NULL>,<NULL>,<NULL>,<NULL>,<NULL>
"D","REDUCED","4.0000000000000000E+00","E",<NULL>,<NULL>,<NULL>,<NULL>,<NULL>
"D","REDUCED","6.5000000000000000E+00",<NULL>,"2","0","2","0","2"
"D","REDUCED","1.0000000000000000E+01",<NULL>,"2","0","3","0","4"
"D","REDUCED","1.5000000000000000E+01",<NULL>,"2","0","4","1","5"
"D","REDUCED","2.5000000000000000E+01",<NULL>,"2","0","4","3","6"
"D","REDUCED","4.0000000000000000E+01",<NULL>,"2","1","5","4","7"
"D","REDUCED","6.5000000000000000E+01",<NULL>,"2","2","7","6","9"
"D","REDUCED","1.0000000000000000E+02",<NULL>,"3","3","8","8","12"
"D","REDUCED","1.5000000000000000E+02",<NULL>,"2","5","10","12","16"
"D","REDUCED","2.5000000000000000E+02",<NULL>,"2","7","12","18","22"
"D","REDUCED","4.0000000000000000E+02",<NULL>,"2","11","17","26","30"
"D","REDUCED","6.5000000000000000E+02","C",<NULL>,<NULL>,<NULL>,<NULL>,<NULL>
"D","REDUCED","1.0000000000000000E+03","B",<NULL>,<NULL>,<NULL>,<NULL>,<NULL>
"D","TIGHTENED","1.0000000000000000E-02","R",<NULL>,<NULL>,<NULL>,<NULL>,<NULL>
"D","TIGHTENED","1.5000000000000000E-02","Q",<NULL>,<NULL>,<NULL>,<NULL>,<NULL>
"D","TIGHTENED","2.5000000000000000E-02","P",<NULL>,<NULL>,<NULL>,<NULL>,<NULL>
"D","TIGHTENED","4.0000000000000000E-02","N",<NULL>,<NULL>,<NULL>,<NULL>,<NULL>
"D","TIGHTENED","6.5000000000000000E-02","M",<NULL>,<NULL>,<NULL>,<NULL>,<NULL>
"D","TIGHTENED","1.0000000000000000E-01","L",<NULL>,<NULL>,<NULL>,<NULL>,<NULL>
"D","TIGHTENED","1.5000000000000000E-01","K",<NULL>,<NULL>,<NULL>,<NULL>,<NULL>
"D","TIGHTENED","2.5000000000000000E-01","J",<NULL>,<NULL>,<NULL>,<NULL>,<NULL>
"D","TIGHTENED","4.0000000000000000E-01","H",<NULL>,<NULL>,<NULL>,<NULL>,<NULL>
"D","TIGHTENED","6.5000000000000000E-01","G",<NULL>,<NULL>,<NULL>,<NULL>,<NULL>
"D","TIGHTENED","1.0000000000000000E+00","F",<NULL>,<NULL>,<NULL>,<NULL>,<NULL>
"D","TIGHTENED","1.5000000000000000E+00","E",<NULL>,<NULL>,<NULL>,<NULL>,<NULL>
"D","TIGHTENED","2.5000000000000000E+00",<NULL>,"8","0","1",<NULL>,<NULL>
"D","TIGHTENED","4.0000000000000000E+00","F",<NULL>,<NULL>,<NULL>,<NULL>,<NULL>
"D","TIGHTENED","6.5000000000000000E+00","E",<NULL>,<NULL>,<NULL>,<NULL>,<NULL>
"D","TIGHTENED","1.0000000000000000E+01",<NULL>,"5","0","2","1","2"
"D","TIGHTENED","1.5000000000000000E+01",<NULL>,"5","0","3","3","4"
"D","TIGHTENED","2.5000000000000000E+01",<NULL>,"5","1","4","4","5"
"D","TIGHTENED","4.0000000000000000E+01",<NULL>,"5","2","5","6","7"
"D","TIGHTENED","6.5000000000000000E+01",<NULL>,"5","3","7","11","12"
"D","TIGHTENED","1.0000000000000000E+02",<NULL>,"5","6","10","15","16"
"D","TIGHTENED","1.5000000000000000E+02",<NULL>,"5","9","14","23","24"
"D","TIGHTENED","2.5000000000000000E+02",<NULL>,"5","15","20","34","35"
"D","TIGHTENED","4.0000000000000000E+02",<NULL>,"5","23","29","52","53"
"D","TIGHTENED","6.5000000000000000E+02","C",<NULL>,<NULL>,<NULL>,<NULL>,<NULL>
"D","TIGHTENED","1.0000000000000000E+03","B",<NULL>,<NULL>,<NULL>,<NULL>,<NULL>
"E","NORMAL","1.0000000000000000E-02","Q",<NULL>,<NULL>,<NULL>,<NULL>,<NULL>
"E","NORMAL","1.5000000000000000E-02","P",<NULL>,<NULL>,<NULL>,<NULL>,<NULL>
"E","NORMAL","2.5000000000000000E-02","N",<NULL>,<NULL>,<NULL>,<NULL>,<NULL>
"E","NORMAL","4.0000000000000000E-02","M",<NULL>,<NULL>,<NULL>,<NULL>,<NULL>
"E","NORMAL","6.5000000000000000E-02","L",<NULL>,<NULL>,<NULL>,<NULL>,<NULL>
"E","NORMAL","1.0000000000000000E-01","K",<NULL>,<NULL>,<NULL>,<NULL>,<NULL>
"E","NORMAL","1.5000000000000000E-01","J",<NULL>,<NULL>,<NULL>,<NULL>,<NULL>
"E","NORMAL","2.5000000000000000E-01","H",<NULL>,<NULL>,<NULL>,<NULL>,<NULL>
"E","NORMAL","4.0000000000000000E-01","G",<NULL>,<NULL>,<NULL>,<NULL>,<NULL>
"E","NORMAL","6.5000000000000000E-01","F",<NULL>,<NULL>,<NULL>,<NULL>,<NULL>
"E","NORMAL","1.0000000000000000E+00",<NULL>,"13","0","1",<NULL>,<NULL>
"E","NORMAL","1.5000000000000000E+00","D",<NULL>,<NULL>,<NULL>,<NULL>,<NULL>
"E","NORMAL","2.5000000000000000E+00","F",<NULL>,<NULL>,<NULL>,<NULL>,<NULL>
"E","NORMAL","4.0000000000000000E+00",<NULL>,"8","0","2","1","2"
"E","NORMAL","6.5000000000000000E+00",<NULL>,"8","0","3","3","4"
"E","NORMAL","1.0000000000000000E+01",<NULL>,"8","1","4","4","5"
"E","NORMAL","1.5000000000000000E+01",<NULL>,"8","2","5","6","7"
"E","NORMAL","2.5000000000000000E+01",<NULL>,"8","3","7","8","9"
"E","NORMAL","4.0000000000000000E+01",<NULL>,"8","5","9","12","13"
"E","NORMAL","6.5000000000000000E+01",<NULL>,"8","7","11","18","19"
"E","NORMAL","1.0000000000000000E+02",<NULL>,"8","11","16","26","27"
"E","NORMAL","1.5000000000000000E+02",<NULL>,"8","17","22","37","38"
"E","NORMAL","2.5000000000000000E+02",<NULL>,"8","25","31","56","57"
"E","NORMAL","4.0000000000000000E+02","D",<NULL>,<NULL>,<NULL>,<NULL>,<NULL>
"E","NORMAL","6.5000000000000000E+02","C",<NULL>,<NULL>,<NULL>,<NULL>,<NULL>
"E","NORMAL","1.0000000000000000E+03","B",<NULL>,<NULL>,<NULL>,<NULL>,<NULL>
"E","REDUCED","1.0000000000000000E-02","Q",<NULL>,<NULL>,<NULL>,<NULL>,<NULL>
"E","REDUCED","1.5000000000000000E-02","P",<NULL>,<NULL>,<NULL>,<NULL>,<NULL>
"E","REDUCED","2.5000000000000000E-02","N",<NULL>,<NULL>,<NULL>,<NULL>,<NULL>
"E","REDUCED","4.0000000000000000E-02","M",<NULL>,<NULL>,<NULL>,<NULL>,<NULL>
"E","REDUCED","6.5000000000000000E-02","L",<NULL>,<NULL>,<NULL>,<NULL>,<NULL>
"E","REDUCED","1.0000000000000000E-01","K",<NULL>,<NULL>,<NULL>,<NULL>,<NULL>
"E","REDUCED","1.5000000000000000E-01","J",<NULL>,<NULL>,<NULL>,<NULL>,<NULL>
"E","REDUCED","2.5000000000000000E-01","H",<NULL>,<NULL>,<NULL>,<NULL>,<NULL>
"E","REDUCED","4.0000000000000000E-01","G",<NULL>,<NULL>,<NULL>,<NULL>,<NULL>
"E","REDUCED","6.5000000000000000E-01","F",<NULL>,<NULL>,<NULL>,<NULL>,<NULL>
"E","REDUCED","1.0000000000000000E+00",<NULL>,"5","0","1",<NULL>,<NULL>
"E","REDUCED","1.5000000000000000E+00","D",<NULL>,<NULL>,<NULL>,<NULL>,<NULL>
"E","REDUCED","2.5000000000000000E+00","F",<NULL>,<NULL>,<NULL>,<NULL>,<NULL>
"E","REDUCED","4.0000000000000000E+00",<NULL>,"3","0","2","0","2"
"E","REDUCED","6.5000000000000000E+00",<NULL>,"3","0","3","0","4"
"E","REDUCED","1.0000000000000000E+01",<NULL>,"3","0","4","1","5"
"E","REDUCED","1.5000000000000000E+01",<NULL>,"3","0","4","3","6"
"E","REDUCED","2.5000000000000000E+01",<NULL>,"3","1","5","4","7"
"E","REDUCED","4.0000000000000000E+01",<NULL>,"3","2","7","6","9"
"E","REDUCED","6.5000000000000000E+01",<NULL>,"3","3","8","8","12"
"E","REDUCED","1.0000000000000000E+02",<NULL>,"2","5","10","12","16"
"E","REDUCED","1.5000000000000000E+02",<NULL>,"3","7","12","18","22"
"E","REDUCED","2.5000000000000000E+02",<NULL>,"3","11","17","26","30"
"E","REDUCED","4.0000000000000000E+02","D",<NULL>,<NULL>,<NULL>,<NULL>,<NULL>
"E","REDUCED","6.5000000000000000E+02","C",<NULL>,<NULL>,<NULL>,<NULL>,<NULL>
"E","REDUCED","1.0000000000000000E+03","B",<NULL>,<NULL>,<NULL>,<NULL>,<NULL>
"E","TIGHTENED","1.0000000000000000E-02","R",<NULL>,<NULL>,<NULL>,<NULL>,<NULL>
"E","TIGHTENED","1.5000000000000000E-02","Q",<NULL>,<NULL>,<NULL>,<NULL>,<NULL>
"E","TIGHTENED","2.5000000000000000E-02","P",<NULL>,<NULL>,<NULL>,<NULL>,<NULL>
"E","TIGHTENED","4.0000000000000000E-02","N",<NULL>,<NULL>,<NULL>,<NULL>,<NULL>
"E","TIGHTENED","6.5000000000000000E-02","M",<NULL>,<NULL>,<NULL>,<NULL>,<NULL>
"E","TIGHTENED","1.0000000000000000E-01","L",<NULL>,<NULL>,<NULL>,<NULL>,<NULL>
"E","TIGHTENED","1.5000000000000000E-01","K",<NULL>,<NULL>,<NULL>,<NULL>,<NULL>
"E","TIGHTENED","2.5000000000000000E-01","J",<NULL>,<NULL>,<NULL>,<NULL>,<NULL>
"E","TIGHTENED","4.0000000000000000E-01","H",<NULL>,<NULL>,<NULL>,<NULL>,<NULL>
"E","TIGHTENED","6.5000000000000000E-01","G",<NULL>,<NULL>,<NULL>,<NULL>,<NULL>
"E","TIGHTENED","1.0000000000000000E+00","F",<NULL>,<NULL>,<NULL>,<NULL>,<NULL>
"E","TIGHTENED","1.5000000000000000E+00",<NULL>,"13","0","1",<NULL>,<NULL>
"E","TIGHTENED","2.5000000000000000E+00","G",<NULL>,<NULL>,<NULL>,<NULL>,<NULL>
"E","TIGHTENED","4.0000000000000000E+00","F",<NULL>,<NULL>,<NULL>,<NULL>,<NULL>
"E","TIGHTENED","6.5000000000000000E+00",<NULL>,"8","0","2","1","2"
"E","TIGHTENED","1.0000000000000000E+01",<NULL>,"8","0","3","3","4"
"E","TIGHTENED","1.5000000000000000E+01",<NULL>,"8","1","4","4","5"
"E","TIGHTENED","2.5000000000000000E+01",<NULL>,"8","2","5","6","7"
"E","TIGHTENED","4.0000000000000000E+01",<NULL>,"8","3","7","11","12"
"E","TIGHTENED","6.5000000000000000E+01",<NULL>,"8","6","10","15","16"
"E","TIGHTENED","1.0000000000000000E+02",<NULL>,"8","9","14","23","24"
"E","TIGHTENED","1.5000000000000000E+02",<NULL>,"8","15","20","34","35"
"E","TIGHTENED","2.5000000000000000E+02",<NULL>,"8","23","29","52","53"
"E","TIGHTENED","4.0000000000000000E+02","D",<NULL>,<NULL>,<NULL>,<NULL>,<NULL>
"E","TIGHTENED","6.5000000000000000E+02","C",<NULL>,<NULL>,<NULL>,<NULL>,<NULL>
"E","TIGHTENED","1.0000000000000000E+03","B",<NULL>,<NULL>,<NULL>,<NULL>,<NULL>
"F","NORMAL","1.0000000000000000E-02","Q",<NULL>,<NULL>,<NULL>,<NULL>,<NULL>
"F","NORMAL","1.5000000000000000E-02","P",<NULL>,<NULL>,<NULL>,<NULL>,<NULL>
"F","NORMAL","2.5000000000000000E-02","N",<NULL>,<NULL>,<NULL>,<NULL>,<NULL>
"F","NORMAL","4.0000000000000000E-02","M",<NULL>,<NULL>,<NULL>,<NULL>,<NULL>
"F","NORMAL","6.5000000000000000E-02","L",<NULL>,<NULL>,<NULL>,<NULL>,<NULL>
"F","NORMAL","1.0000000000000000E-01","K",<NULL>,<NULL>,<NULL>,<NULL>,<NULL>
"F","NORMAL","1.5000000000000000E-01","J",<NULL>,<NULL>,<NULL>,<NULL>,<NULL>
"F","NORMAL","2.5000000000000000E-01","H",<NULL>,<NULL>,<NULL>,<NULL>,<NULL>
"F","NORMAL","4.0000000000000000E-01","G",<NULL>,<NULL>,<NULL>,<NULL>,<NULL>
"F","NORMAL","6.5000000000000000E-01",<NULL>,"20","0","1",<NULL>,<NULL>
"F","NORMAL","1.0000000000000000E+00","E",<NULL>,<NULL>,<NULL>,<NULL>,<NULL>
"F","NORMAL","1.5000000000000000E+00","G",<NULL>,<NULL>,<NULL>,<NULL>,<NULL>
"F","NORMAL","2.5000000000000000E+00",<NULL>,"13","0","2","1","2"
"F","NORMAL","4.0000000000000000E+00",<NULL>,"13","0","3","3","4"
"F","NORMAL","6.5000000000000000E+00",<NULL>,"13","1","4","4","5"
"F","NORMAL","1.0000000000000000E+01",<NULL>,"13","2","5","6","7"
"F","NORMAL","1.5000000000000000E+01",<NULL>,"13","3","7","8","9"
"F","NORMAL","2.5000000000000000E+01",<NULL>,"13","5","9","12","13"
"F","NORMAL","4.0000000000000000E+01",<NULL>,"13","7","11","18","19"
"F","NORMAL","6.5000000000000000E+01",<NULL>,"13","11","16","26","27"
"F","NORMAL","1.0000000000000000E+02","E",<NULL>,<NULL>,<NULL>,<NULL>,<NULL>
"F","NORMAL","1.5000000000000000E+02","E",<NULL>,<NULL>,<NULL>,<NULL>,<NULL>
"F","NORMAL","2.5000000000000000E+02","E",<NULL>,<NULL>,<NULL>,<NULL>,<NULL>
"F","NORMAL","4.0000000000000000E+02","D",<NULL>,<NULL>,<NULL>,<NULL>,<NULL>
"F","NORMAL","6.5000000000000000E+02","C",<NULL>,<NULL>,<NULL>,<NULL>,<NULL>
"F","NORMAL","1.0000000000000000E+03","B",<NULL>,<NULL>,<NULL>,<NULL>,<NULL>
"F","REDUCED","1.0000000000000000E-02","Q",<NULL>,<NULL>,<NULL>,<NULL>,<NULL>
"F","REDUCED","1.5000000000000000E-02","P",<NULL>,<NULL>,<NULL>,<NULL>,<NULL>
"F","REDUCED","2.5000000000000000E-02","N",<NULL>,<NULL>,<NULL>,<NULL>,<NULL>
"F","REDUCED","4.0000000000000000E-02","M",<NULL>,<NULL>,<NULL>,<NULL>,<NULL>
"F","REDUCED","6.5000000000000000E-02","L",<NULL>,<NULL>,<NULL>,<NULL>,<NULL>
"F","REDUCED","1.0000000000000000E-01","K",<NULL>,<NULL>,<NULL>,<NULL>,<NULL>
"F","REDUCED","1.5000000000000000E-01","J",<NULL>,<NULL>,<NULL>,<NULL>,<NULL>
"F","REDUCED","2.5000000000000000E-01","H",<NULL>,<NULL>,<NULL>,<NULL>,<NULL>
"F","REDUCED","4.0000000000000000E-01","G",<NULL>,<NULL>,<NULL>,<NULL>,<NULL>
"F","REDUCED","6.5000000000000000E-01",<NULL>,"8","0","1",<NULL>,<NULL>
"F","REDUCED","1.0000000000000000E+00","E",<NULL>,<NULL>,<NULL>,<NULL>,<NULL>
"F","REDUCED","1.5000000000000000E+00","G",<NULL>,<NULL>,<NULL>,<NULL>,<NULL>
"F","REDUCED","2.5000000000000000E+00",<NULL>,"5","0","2","0","2"
"F","REDUCED","4.0000000000000000E+00",<NULL>,"5","0","3","0","4"
"F","REDUCED","6.5000000000000000E+00",<NULL>,"5","0","4","1","5"
"F","REDUCED","1.0000000000000000E+01",<NULL>,"5","0","4","3","6"
"F","REDUCED","1.5000000000000000E+01",<NULL>,"5","1","5","4","7"
"F","REDUCED","2.5000000000000000E+01",<NULL>,"5","2","7","6","9"
"F","REDUCED","4.0000000000000000E+01",<NULL>,"5","3","8","8","12"
"F","REDUCED","6.5000000000000000E+01",<NULL>,"5","5","10","12","16"
"F","REDUCED","1.0000000000000000E+02","E","3",<NULL>,<NULL>,<NULL>,<NULL>
"F","REDUCED","1.5000000000000000E+02","E",<NULL>,<NULL>,<NULL>,<NULL>,<NULL>
"F","REDUCED","2.5000000000000000E+02","E",<NULL>,<NULL>,<NULL>,<NULL>,<NULL>
"F","REDUCED","4.0000000000000000E+02","D",<NULL>,<NULL>,<NULL>,<NULL>,<NULL>
"F","REDUCED","6.5000000000000000E+02","C",<NULL>,<NULL>,<NULL>,<NULL>,<NULL>
"F","REDUCED","1.0000000000000000E+03","B",<NULL>,<NULL>,<NULL>,<NULL>,<NULL>
"F","TIGHTENED","1.0000000000000000E-02","R",<NULL>,<NULL>,<NULL>,<NULL>,<NULL>
"F","TIGHTENED","1.5000000000000000E-02","Q",<NULL>,<NULL>,<NULL>,<NULL>,<NULL>
"F","TIGHTENED","2.5000000000000000E-02","P",<NULL>,<NULL>,<NULL>,<NULL>,<NULL>
"F","TIGHTENED","4.0000000000000000E-02","N",<NULL>,<NULL>,<NULL>,<NULL>,<NULL>
"F","TIGHTENED","6.5000000000000000E-02","M",<NULL>,<NULL>,<NULL>,<NULL>,<NULL>
"F","TIGHTENED","1.0000000000000000E-01","L",<NULL>,<NULL>,<NULL>,<NULL>,<NULL>
"F","TIGHTENED","1.5000000000000000E-01","K",<NULL>,<NULL>,<NULL>,<NULL>,<NULL>
"F","TIGHTENED","2.5000000000000000E-01","J",<NULL>,<NULL>,<NULL>,<NULL>,<NULL>
"F","TIGHTENED","4.0000000000000000E-01","H",<NULL>,<NULL>,<NULL>,<NULL>,<NULL>
"F","TIGHTENED","6.5000000000000000E-01","G",<NULL>,<NULL>,<NULL>,<NULL>,<NULL>
"F","TIGHTENED","1.0000000000000000E+00",<NULL>,"20","0","1",<NULL>,<NULL>
"F","TIGHTENED","1.5000000000000000E+00","H",<NULL>,<NULL>,<NULL>,<NULL>,<NULL>
"F","TIGHTENED","2.5000000000000000E+00","G",<NULL>,<NULL>,<NULL>,<NULL>,<NULL>
"F","TIGHTENED","4.0000000000000000E+00",<NULL>,"13","0","2","1","2"
"F","TIGHTENED","6.5000000000000000E+00",<NULL>,"13","0","3","3","4"
"F","TIGHTENED","1.0000000000000000E+01",<NULL>,"13","1","4","4","5"
"F","TIGHTENED","1.5000000000000000E+01",<NULL>,"13","2","5","6","7"
"F","TIGHTENED","2.5000000000000000E+01",<NULL>,"13","3","7","11","12"
"F","TIGHTENED","4.0000000000000000E+01",<NULL>,"13","6","10","15","16"
"F","TIGHTENED","6.5000000000000000E+01",<NULL>,"13","9","14","23","24"
"F","TIGHTENED","1.0000000000000000E+02","E",<NULL>,<NULL>,<NULL>,<NULL>,<NULL>
"F","TIGHTENED","1.5000000000000000E+02","E",<NULL>,<NULL>,<NULL>,<NULL>,<NULL>
"F","TIGHTENED","2.5000000000000000E+02","E",<NULL>,<NULL>,<NULL>,<NULL>,<NULL>
"F","TIGHTENED","4.0000000000000000E+02","D",<NULL>,<NULL>,<NULL>,<NULL>,<NULL>
"F","TIGHTENED","6.5000000000000000E+02","C",<NULL>,<NULL>,<NULL>,<NULL>,<NULL>
"F","TIGHTENED","1.0000000000000000E+03","B",<NULL>,<NULL>,<NULL>,<NULL>,<NULL>
"G","NORMAL","1.0000000000000000E-02","Q",<NULL>,<NULL>,<NULL>,<NULL>,<NULL>
"G","NORMAL","1.5000000000000000E-02","P",<NULL>,<NULL>,<NULL>,<NULL>,<NULL>
"G","NORMAL","2.5000000000000000E-02","N",<NULL>,<NULL>,<NULL>,<NULL>,<NULL>
"G","NORMAL","4.0000000000000000E-02","M",<NULL>,<NULL>,<NULL>,<NULL>,<NULL>
"G","NORMAL","6.5000000000000000E-02","L",<NULL>,<NULL>,<NULL>,<NULL>,<NULL>
"G","NORMAL","1.0000000000000000E-01","K",<NULL>,<NULL>,<NULL>,<NULL>,<NULL>
"G","NORMAL","1.5000000000000000E-01","J",<NULL>,<NULL>,<NULL>,<NULL>,<NULL>
"G","NORMAL","2.5000000000000000E-01","H",<NULL>,<NULL>,<NULL>,<NULL>,<NULL>
"G","NORMAL","4.0000000000000000E-01",<NULL>,"32","0","1",<NULL>,<NULL>
"G","NORMAL","6.5000000000000000E-01","F",<NULL>,<NULL>,<NULL>,<NULL>,<NULL>
"G","NORMAL","1.0000000000000000E+00","H",<NULL>,<NULL>,<NULL>,<NULL>,<NULL>
"G","NORMAL","1.5000000000000000E+00",<NULL>,"20","0","2","1","2"
"G","NORMAL","2.5000000000000000E+00",<NULL>,"20","0","3","3","4"
"G","NORMAL","4.0000000000000000E+00",<NULL>,"20","1","4","4","5"
"G","NORMAL","6.5000000000000000E+00",<NULL>,"20","2","5","6","7"
"G","NORMAL","1.0000000000000000E+01",<NULL>,"20","3","7","8","9"
"G","NORMAL","1.5000000000000000E+01",<NULL>,"20","5","9","12","13"
"G","NORMAL","2.5000000000000000E+01",<NULL>,"20","7","11","18","19"
"G","NORMAL","4.0000000000000000E+01",<NULL>,"20","11","16","26","27"
"G","NORMAL","6.5000000000000000E+01","F",<NULL>,<NULL>,<NULL>,<NULL>,<NULL>
"G","NORMAL","1.0000000000000000E+02","E",<NULL>,<NULL>,<NULL>,<NULL>,<NULL>
"G","NORMAL","1.5000000000000000E+02","E",<NULL>,<NULL>,<NULL>,<NULL>,<NULL>
"G","NORMAL","2.5000000000000000E+02","E",<NULL>,<NULL>,<NULL>,<NULL>,<NULL>
"G","NORMAL","4.0000000000000000E+02","D",<NULL>,<NULL>,<NULL>,<NULL>,<NULL>
"G","NORMAL","6.5000000000000000E+02","C",<NULL>,<NULL>,<NULL>,<NULL>,<NULL>
"G","NORMAL","1.0000000000000000E+03","B",<NULL>,<NULL>,<NULL>,<NULL>,<NULL>
"G","REDUCED","1.0000000000000000E-02","Q",<NULL>,<NULL>,<NULL>,<NULL>,<NULL>
"G","REDUCED","1.5000000000000000E-02","P",<NULL>,<NULL>,<NULL>,<NULL>,<NULL>
"G","REDUCED","2.5000000000000000E-02","N",<NULL>,<NULL>,<NULL>,<NULL>,<NULL>
"G","REDUCED","4.0000000000000000E-02","M",<NULL>,<NULL>,<NULL>,<NULL>,<NULL>
"G","REDUCED","6.5000000000000000E-02","L",<NULL>,<NULL>,<NULL>,<NULL>,<NULL>
"G","REDUCED","1.0000000000000000E-01","K",<NULL>,<NULL>,<NULL>,<NULL>,<NULL>
"G","REDUCED","1.5000000000000000E-01","J",<NULL>,<NULL>,<NULL>,<NULL>,<NULL>
"G","REDUCED","2.5000000000000000E-01","H",<NULL>,<NULL>,<NULL>,<NULL>,<NULL>
"G","REDUCED","4.0000000000000000E-01",<NULL>,"13","0","1",<NULL>,<NULL>
"G","REDUCED","6.5000000000000000E-01","F",<NULL>,<NULL>,<NULL>,<NULL>,<NULL>
"G","REDUCED","1.0000000000000000E+00","H",<NULL>,<NULL>,<NULL>,<NULL>,<NULL>
"G","REDUCED","1.5000000000000000E+00",<NULL>,"8","0","2","0","2"
"G","REDUCED","2.5000000000000000E+00",<NULL>,"8","0","3","0","4"
"G","REDUCED","4.0000000000000000E+00",<NULL>,"8","0","4","1","5"
"G","REDUCED","6.5000000000000000E+00",<NULL>,"8","0","4","3","6"
"G","REDUCED","1.0000000000000000E+01",<NULL>,"8","1","5","4","7"
"G","REDUCED","1.5000000000000000E+01",<NULL>,"8","2","7","6","9"
"G","REDUCED","2.5000000000000000E+01",<NULL>,"8","3","8","8","12"
"G","REDUCED","4.0000000000000000E+01",<NULL>,"8","5","10","12","16"
"G","REDUCED","6.5000000000000000E+01","F",<NULL>,<NULL>,<NULL>,<NULL>,<NULL>
"G","REDUCED","1.0000000000000000E+02","E",<NULL>,<NULL>,<NULL>,<NULL>,<NULL>
"G","REDUCED","1.5000000000000000E+02","E",<NULL>,<NULL>,<NULL>,<NULL>,<NULL>
"G","REDUCED","2.5000000000000000E+02","E",<NULL>,<NULL>,<NULL>,<NULL>,<NULL>
"G","REDUCED","4.0000000000000000E+02","D",<NULL>,<NULL>,<NULL>,<NULL>,<NULL>
"G","REDUCED","6.5000000000000000E+02","C",<NULL>,<NULL>,<NULL>,<NULL>,<NULL>
"G","REDUCED","1.0000000000000000E+03","B",<NULL>,<NULL>,<NULL>,<NULL>,<NULL>
"G","TIGHTENED","1.0000000000000000E-02","R",<NULL>,<NULL>,<NULL>,<NULL>,<NULL>
"G","TIGHTENED","1.5000000000000000E-02","Q",<NULL>,<NULL>,<NULL>,<NULL>,<NULL>
"G","TIGHTENED","2.5000000000000000E-02","P",<NULL>,<NULL>,<NULL>,<NULL>,<NULL>
"G","TIGHTENED","4.0000000000000000E-02","N",<NULL>,<NULL>,<NULL>,<NULL>,<NULL>
"G","TIGHTENED","6.5000000000000000E-02","M",<NULL>,<NULL>,<NULL>,<NULL>,<NULL>
"G","TIGHTENED","1.0000000000000000E-01","L",<NULL>,<NULL>,<NULL>,<NULL>,<NULL>
"G","TIGHTENED","1.5000000000000000E-01","K",<NULL>,<NULL>,<NULL>,<NULL>,<NULL>
"G","TIGHTENED","2.5000000000000000E-01","J",<NULL>,<NULL>,<NULL>,<NULL>,<NULL>
"G","TIGHTENED","4.0000000000000000E-01","H",<NULL>,<NULL>,<NULL>,<NULL>,<NULL>
"G","TIGHTENED","6.5000000000000000E-01",<NULL>,"32","0","1",<NULL>,<NULL>
"G","TIGHTENED","1.0000000000000000E+00","J",<NULL>,<NULL>,<NULL>,<NULL>,<NULL>
"G","TIGHTENED","1.5000000000000000E+00","H",<NULL>,<NULL>,<NULL>,<NULL>,<NULL>
"G","TIGHTENED","2.5000000000000000E+00",<NULL>,"20","0","2","1","2"
"G","TIGHTENED","4.0000000000000000E+00",<NULL>,"20","0","3","3","4"
"G","TIGHTENED","6.5000000000000000E+00",<NULL>,"20","1","4","4","5"
"G","TIGHTENED","1.0000000000000000E+01",<NULL>,"20","2","5","6","7"
"G","TIGHTENED","1.5000000000000000E+01",<NULL>,"20","3","7","11","12"
"G","TIGHTENED","2.5000000000000000E+01",<NULL>,"20","6","10","15","16"
"G","TIGHTENED","4.0000000000000000E+01",<NULL>,"20","9","14","23","24"
"G","TIGHTENED","6.5000000000000000E+01","F",<NULL>,<NULL>,<NULL>,<NULL>,<NULL>
"G","TIGHTENED","1.0000000000000000E+02","E",<NULL>,<NULL>,<NULL>,<NULL>,<NULL>
"G","TIGHTENED","1.5000000000000000E+02","E",<NULL>,<NULL>,<NULL>,<NULL>,<NULL>
"G","TIGHTENED","2.5000000000000000E+02","E",<NULL>,<NULL>,<NULL>,<NULL>,<NULL>
"G","TIGHTENED","4.0000000000000000E+02","D",<NULL>,<NULL>,<NULL>,<NULL>,<NULL>
"G","TIGHTENED","6.5000000000000000E+02","C",<NULL>,<NULL>,<NULL>,<NULL>,<NULL>
"G","TIGHTENED","1.0000000000000000E+03","B",<NULL>,<NULL>,<NULL>,<NULL>,<NULL>
"H","NORMAL","1.0000000000000000E-02","Q",<NULL>,<NULL>,<NULL>,<NULL>,<NULL>
"H","NORMAL","1.5000000000000000E-02","P",<NULL>,<NULL>,<NULL>,<NULL>,<NULL>
"H","NORMAL","2.5000000000000000E-02","N",<NULL>,<NULL>,<NULL>,<NULL>,<NULL>
"H","NORMAL","4.0000000000000000E-02","M",<NULL>,<NULL>,<NULL>,<NULL>,<NULL>
"H","NORMAL","6.5000000000000000E-02","L",<NULL>,<NULL>,<NULL>,<NULL>,<NULL>
"H","NORMAL","1.0000000000000000E-01","K",<NULL>,<NULL>,<NULL>,<NULL>,<NULL>
"H","NORMAL","1.5000000000000000E-01","J",<NULL>,<NULL>,<NULL>,<NULL>,<NULL>
"H","NORMAL","2.5000000000000000E-01",<NULL>,"50","0","1",<NULL>,<NULL>
"H","NORMAL","4.0000000000000000E-01","G",<NULL>,<NULL>,<NULL>,<NULL>,<NULL>
"H","NORMAL","6.5000000000000000E-01","J",<NULL>,<NULL>,<NULL>,<NULL>,<NULL>
"H","NORMAL","1.0000000000000000E+00",<NULL>,"32","0","2","1","2"
"H","NORMAL","1.5000000000000000E+00",<NULL>,"32","0","3","3","4"
"H","NORMAL","2.5000000000000000E+00",<NULL>,"32","1","4","4","5"
"H","NORMAL","4.0000000000000000E+00",<NULL>,"32","2","5","6","7"
"H","NORMAL","6.5000000000000000E+00",<NULL>,"32","3","7","8","9"
"H","NORMAL","1.0000000000000000E+01",<NULL>,"32","5","9","12","13"
"H","NORMAL","1.5000000000000000E+01",<NULL>,"32","7","11","18","19"
"H","NORMAL","2.5000000000000000E+01",<NULL>,"32","11","16","26","27"
"H","NORMAL","4.0000000000000000E+01","G",<NULL>,<NULL>,<NULL>,<NULL>,<NULL>
"H","NORMAL","6.5000000000000000E+01","F",<NULL>,<NULL>,<NULL>,<NULL>,<NULL>
"H","NORMAL","1.0000000000000000E+02","E",<NULL>,<NULL>,<NULL>,<NULL>,<NULL>
"H","NORMAL","1.5000000000000000E+02","E",<NULL>,<NULL>,<NULL>,<NULL>,<NULL>
"H","NORMAL","2.5000000000000000E+02","E",<NULL>,<NULL>,<NULL>,<NULL>,<NULL>
"H","NORMAL","4.0000000000000000E+02","D",<NULL>,<NULL>,<NULL>,<NULL>,<NULL>
"H","NORMAL","6.5000000000000000E+02","C",<NULL>,<NULL>,<NULL>,<NULL>,<NULL>
"H","NORMAL","1.0000000000000000E+03","B",<NULL>,<NULL>,<NULL>,<NULL>,<NULL>
"H","REDUCED","1.0000000000000000E-02","Q",<NULL>,<NULL>,<NULL>,<NULL>,<NULL>
"H","REDUCED","1.5000000000000000E-02","P",<NULL>,<NULL>,<NULL>,<NULL>,<NULL>
"H","REDUCED","2.5000000000000000E-02","N",<NULL>,<NULL>,<NULL>,<NULL>,<NULL>
"H","REDUCED","4.0000000000000000E-02","M",<NULL>,<NULL>,<NULL>,<NULL>,<NULL>
"H","REDUCED","6.5000000000000000E-02","L",<NULL>,<NULL>,<NULL>,<NULL>,<NULL>
"H","REDUCED","1.0000000000000000E-01","K",<NULL>,<NULL>,<NULL>,<NULL>,<NULL>
"H","REDUCED","1.5000000000000000E-01","J",<NULL>,<NULL>,<NULL>,<NULL>,<NULL>
"H","REDUCED","2.5000000000000000E-01",<NULL>,"20","0","1",<NULL>,<NULL>
"H","REDUCED","4.0000000000000000E-01","G",<NULL>,<NULL>,<NULL>,<NULL>,<NULL>
"H","REDUCED","6.5000000000000000E-01","J",<NULL>,<NULL>,<NULL>,<NULL>,<NULL>
"H","REDUCED","1.0000000000000000E+00",<NULL>,"13","0","2","0","2"
"H","REDUCED","1.5000000000000000E+00",<NULL>,"13","0","3","0","4"
"H","REDUCED","2.5000000000000000E+00",<NULL>,"13","0","4","1","5"
"H","REDUCED","4.0000000000000000E+00",<NULL>,"13","0","4","3","6"
"H","REDUCED","6.5000000000000000E+00",<NULL>,"13","1","5","4","7"
"H","REDUCED","1.0000000000000000E+01",<NULL>,"13","2","7","6","9"
"H","REDUCED","1.5000000000000000E+01",<NULL>,"13","3","8","8","12"
"H","REDUCED","2.5000000000000000E+01",<NULL>,"13","5","10","12","16"
"H","REDUCED","4.0000000000000000E+01","G",<NULL>,<NULL>,<NULL>,<NULL>,<NULL>
"H","REDUCED","6.5000000000000000E+01","F",<NULL>,<NULL>,<NULL>,<NULL>,<NULL>
"H","REDUCED","1.0000000000000000E+02","E",<NULL>,<NULL>,<NULL>,<NULL>,<NULL>
"H","REDUCED","1.5000000000000000E+02","E",<NULL>,<NULL>,<NULL>,<NULL>,<NULL>
"H","REDUCED","2.5000000000000000E+02","E",<NULL>,<NULL>,<NULL>,<NULL>,<NULL>
"H","REDUCED","4.0000000000000000E+02","D",<NULL>,<NULL>,<NULL>,<NULL>,<NULL>
"H","REDUCED","6.5000000000000000E+02","C",<NULL>,<NULL>,<NULL>,<NULL>,<NULL>
"H","REDUCED","1.0000000000000000E+03","B",<NULL>,<NULL>,<NULL>,<NULL>,<NULL>
"H","TIGHTENED","1.0000000000000000E-02","R",<NULL>,<NULL>,<NULL>,<NULL>,<NULL>
"H","TIGHTENED","1.5000000000000000E-02","Q",<NULL>,<NULL>,<NULL>,<NULL>,<NULL>
"H","TIGHTENED","2.5000000000000000E-02","P",<NULL>,<NULL>,<NULL>,<NULL>,<NULL>
"H","TIGHTENED","4.0000000000000000E-02","N",<NULL>,<NULL>,<NULL>,<NULL>,<NULL>
"H","TIGHTENED","6.5000000000000000E-02","M",<NULL>,<NULL>,<NULL>,<NULL>,<NULL>
"H","TIGHTENED","1.0000000000000000E-01","L",<NULL>,<NULL>,<NULL>,<NULL>,<NULL>
"H","TIGHTENED","1.5000000000000000E-01","K",<NULL>,<NULL>,<NULL>,<NULL>,<NULL>
"H","TIGHTENED","2.5000000000000000E-01","J",<NULL>,<NULL>,<NULL>,<NULL>,<NULL>
"H","TIGHTENED","4.0000000000000000E-01",<NULL>,"50","0","1",<NULL>,<NULL>
"H","TIGHTENED","6.5000000000000000E-01","K",<NULL>,<NULL>,<NULL>,<NULL>,<NULL>
"H","TIGHTENED","1.0000000000000000E+00","J",<NULL>,<NULL>,<NULL>,<NULL>,<NULL>
"H","TIGHTENED","1.5000000000000000E+00",<NULL>,"32","0","2","1","2"
"H","TIGHTENED","2.5000000000000000E+00",<NULL>,"32","0","3","3","4"
"H","TIGHTENED","4.0000000000000000E+00",<NULL>,"32","1","4","4","5"
"H","TIGHTENED","6.5000000000000000E+00",<NULL>,"32","2","5","6","7"
"H","TIGHTENED","1.0000000000000000E+01",<NULL>,"32","3","7","11","12"
"H","TIGHTENED","1.5000000000000000E+01",<NULL>,"32","6","10","15","16"
"H","TIGHTENED","2.5000000000000000E+01",<NULL>,"32","9","14","23","24"
"H","TIGHTENED","4.0000000000000000E+01","G",<NULL>,<NULL>,<NULL>,<NULL>,<NULL>
"H","TIGHTENED","6.5000000000000000E+01","F",<NULL>,<NULL>,<NULL>,<NULL>,<NULL>
"H","TIGHTENED","1.0000000000000000E+02","E",<NULL>,<NULL>,<NULL>,<NULL>,<NULL>
"H","TIGHTENED","1.5000000000000000E+02","E",<NULL>,<NULL>,<NULL>,<NULL>,<NULL>
"H","TIGHTENED","2.5000000000000000E+02","E",<NULL>,<NULL>,<NULL>,<NULL>,<NULL>
"H","TIGHTENED","4.0000000000000000E+02","D",<NULL>,<NULL>,<NULL>,<NULL>,<NULL>
"H","TIGHTENED","6.5000000000000000E+02","C",<NULL>,<NULL>,<NULL>,<NULL>,<NULL>
"H","TIGHTENED","1.0000000000000000E+03","B",<NULL>,<NULL>,<NULL>,<NULL>,<NULL>
"J","NORMAL","1.0000000000000000E-02","Q",<NULL>,<NULL>,<NULL>,<NULL>,<NULL>
"J","NORMAL","1.5000000000000000E-02","P",<NULL>,<NULL>,<NULL>,<NULL>,<NULL>
"J","NORMAL","2.5000000000000000E-02","N",<NULL>,<NULL>,<NULL>,<NULL>,<NULL>
"J","NORMAL","4.0000000000000000E-02","M",<NULL>,<NULL>,<NULL>,<NULL>,<NULL>
"J","NORMAL","6.5000000000000000E-02","L",<NULL>,<NULL>,<NULL>,<NULL>,<NULL>
"J","NORMAL","1.0000000000000000E-01","K",<NULL>,<NULL>,<NULL>,<NULL>,<NULL>
"J","NORMAL","1.5000000000000000E-01",<NULL>,"80","0","1",<NULL>,<NULL>
"J","NORMAL","2.5000000000000000E-01","H",<NULL>,<NULL>,<NULL>,<NULL>,<NULL>
"J","NORMAL","4.0000000000000000E-01","K",<NULL>,<NULL>,<NULL>,<NULL>,<NULL>
"J","NORMAL","6.5000000000000000E-01",<NULL>,"50","0","2","1","2"
"J","NORMAL","1.0000000000000000E+00",<NULL>,"50","0","3","3","4"
"J","NORMAL","1.5000000000000000E+00",<NULL>,"50","1","4","4","5"
"J","NORMAL","2.5000000000000000E+00",<NULL>,"50","2","5","6","7"
"J","NORMAL","4.0000000000000000E+00",<NULL>,"50","3","7","8","9"
"J","NORMAL","6.5000000000000000E+00",<NULL>,"50","5","9","12","13"
"J","NORMAL","1.0000000000000000E+01",<NULL>,"50","7","11","18","19"
"J","NORMAL","1.5000000000000000E+01",<NULL>,"50","11","16","26","27"
"J","NORMAL","2.5000000000000000E+01","H",<NULL>,<NULL>,<NULL>,<NULL>,<NULL>
"J","NORMAL","4.0000000000000000E+01","G",<NULL>,<NULL>,<NULL>,<NULL>,<NULL>
"J","NORMAL","6.5000000000000000E+01","F",<NULL>,<NULL>,<NULL>,<NULL>,<NULL>
"J","NORMAL","1.0000000000000000E+02","E",<NULL>,<NULL>,<NULL>,<NULL>,<NULL>
"J","NORMAL","1.5000000000000000E+02","E",<NULL>,<NULL>,<NULL>,<NULL>,<NULL>
"J","NORMAL","2.5000000000000000E+02","E",<NULL>,<NULL>,<NULL>,<NULL>,<NULL>
"J","NORMAL","4.0000000000000000E+02","D",<NULL>,<NULL>,<NULL>,<NULL>,<NULL>
"J","NORMAL","6.5000000000000000E+02","C",<NULL>,<NULL>,<NULL>,<NULL>,<NULL>
"J","NORMAL","1.0000000000000000E+03","B",<NULL>,<NULL>,<NULL>,<NULL>,<NULL>
"J","REDUCED","1.0000000000000000E-02","Q",<NULL>,<NULL>,<NULL>,<NULL>,<NULL>
"J","REDUCED","1.5000000000000000E-02","P",<NULL>,<NULL>,<NULL>,<NULL>,<NULL>
"J","REDUCED","2.5000000000000000E-02","N",<NULL>,<NULL>,<NULL>,<NULL>,<NULL>
"J","REDUCED","4.0000000000000000E-02","M",<NULL>,<NULL>,<NULL>,<NULL>,<NULL>
"J","REDUCED","6.5000000000000000E-02","L",<NULL>,<NULL>,<NULL>,<NULL>,<NULL>
"J","REDUCED","1.0000000000000000E-01","K",<NULL>,<NULL>,<NULL>,<NULL>,<NULL>
"J","REDUCED","1.5000000000000000E-01",<NULL>,"32","0","1",<NULL>,<NULL>
"J","REDUCED","2.5000000000000000E-01","H",<NULL>,<NULL>,<NULL>,<NULL>,<NULL>
"J","REDUCED","4.0000000000000000E-01","K",<NULL>,<NULL>,<NULL>,<NULL>,<NULL>
"J","REDUCED","6.5000000000000000E-01",<NULL>,"20","0","2","0","2"
"J","REDUCED","1.0000000000000000E+00",<NULL>,"20","0","3","0","4"
"J","REDUCED","1.5000000000000000E+00",<NULL>,"20","0","4","1","5"
"J","REDUCED","2.5000000000000000E+00",<NULL>,"20","0","4","3","6"
"J","REDUCED","4.0000000000000000E+00",<NULL>,"20","1","5","4","7"
"J","REDUCED","6.5000000000000000E+00",<NULL>,"20","2","7","6","9"
"J","REDUCED","1.0000000000000000E+01",<NULL>,"20","3","8","8","12"
"J","REDUCED","1.5000000000000000E+01",<NULL>,"20","5","10","12","16"
"J","REDUCED","2.5000000000000000E+01","H",<NULL>,<NULL>,<NULL>,<NULL>,<NULL>
"J","REDUCED","4.0000000000000000E+01","G",<NULL>,<NULL>,<NULL>,<NULL>,<NULL>
"J","REDUCED","6.5000000000000000E+01","F",<NULL>,<NULL>,<NULL>,<NULL>,<NULL>
"J","REDUCED","1.0000000000000000E+02","E",<NULL>,<NULL>,<NULL>,<NULL>,<NULL>
"J","REDUCED","1.5000000000000000E+02","E",<NULL>,<NULL>,<NULL>,<NULL>,<NULL>
"J","REDUCED","2.5000000000000000E+02","E",<NULL>,<NULL>,<NULL>,<NULL>,<NULL>
"J","REDUCED","4.0000000000000000E+02","D",<NULL>,<NULL>,<NULL>,<NULL>,<NULL>
"J","REDUCED","6.5000000000000000E+02","C",<NULL>,<NULL>,<NULL>,<NULL>,<NULL>
"J","REDUCED","1.0000000000000000E+03","B",<NULL>,<NULL>,<NULL>,<NULL>,<NULL>
"J","TIGHTENED","1.0000000000000000E-02","R",<NULL>,<NULL>,<NULL>,<NULL>,<NULL>
"J","TIGHTENED","1.5000000000000000E-02","Q",<NULL>,<NULL>,<NULL>,<NULL>,<NULL>
"J","TIGHTENED","2.5000000000000000E-02","P",<NULL>,<NULL>,<NULL>,<NULL>,<NULL>
"J","TIGHTENED","4.0000000000000000E-02","N",<NULL>,<NULL>,<NULL>,<NULL>,<NULL>
"J","TIGHTENED","6.5000000000000000E-02","M",<NULL>,<NULL>,<NULL>,<NULL>,<NULL>
"J","TIGHTENED","1.0000000000000000E-01","L",<NULL>,<NULL>,<NULL>,<NULL>,<NULL>
"J","TIGHTENED","1.5000000000000000E-01","K",<NULL>,<NULL>,<NULL>,<NULL>,<NULL>
"J","TIGHTENED","2.5000000000000000E-01",<NULL>,"80","0","1",<NULL>,<NULL>
"J","TIGHTENED","4.0000000000000000E-01","L",<NULL>,<NULL>,<NULL>,<NULL>,<NULL>
"J","TIGHTENED","6.5000000000000000E-01","K",<NULL>,<NULL>,<NULL>,<NULL>,<NULL>
"J","TIGHTENED","1.0000000000000000E+00",<NULL>,"50","0","2","1","2"
"J","TIGHTENED","1.5000000000000000E+00",<NULL>,"50","0","3","3","4"
"J","TIGHTENED","2.5000000000000000E+00",<NULL>,"50","1","4","4","5"
"J","TIGHTENED","4.0000000000000000E+00",<NULL>,"50","2","5","6","7"
"J","TIGHTENED","6.5000000000000000E+00",<NULL>,"50","3","7","11","12"
"J","TIGHTENED","1.0000000000000000E+01",<NULL>,"50","6","10","15","16"
"J","TIGHTENED","1.5000000000000000E+01",<NULL>,"50","9","14","23","24"
"J","TIGHTENED","2.5000000000000000E+01","H",<NULL>,<NULL>,<NULL>,<NULL>,<NULL>
"J","TIGHTENED","4.0000000000000000E+01","G",<NULL>,<NULL>,<NULL>,<NULL>,<NULL>
"J","TIGHTENED","6.5000000000000000E+01","F",<NULL>,<NULL>,<NULL>,<NULL>,<NULL>
"J","TIGHTENED","1.0000000000000000E+02","E",<NULL>,<NULL>,<NULL>,<NULL>,<NULL>
"J","TIGHTENED","1.5000000000000000E+02","E",<NULL>,<NULL>,<NULL>,<NULL>,<NULL>
"J","TIGHTENED","2.5000000000000000E+02","E",<NULL>,<NULL>,<NULL>,<NULL>,<NULL>
"J","TIGHTENED","4.0000000000000000E+02","D",<NULL>,<NULL>,<NULL>,<NULL>,<NULL>
"J","TIGHTENED","6.5000000000000000E+02","C",<NULL>,<NULL>,<NULL>,<NULL>,<NULL>
"J","TIGHTENED","1.0000000000000000E+03","B",<NULL>,<NULL>,<NULL>,<NULL>,<NULL>
"K","NORMAL","1.0000000000000000E-02","Q",<NULL>,<NULL>,<NULL>,<NULL>,<NULL>
"K","NORMAL","1.5000000000000000E-02","P",<NULL>,<NULL>,<NULL>,<NULL>,<NULL>
"K","NORMAL","2.5000000000000000E-02","N",<NULL>,<NULL>,<NULL>,<NULL>,<NULL>
"K","NORMAL","4.0000000000000000E-02","M",<NULL>,<NULL>,<NULL>,<NULL>,<NULL>
"K","NORMAL","6.5000000000000000E-02","L",<NULL>,<NULL>,<NULL>,<NULL>,<NULL>
"K","NORMAL","1.0000000000000000E-01",<NULL>,"125","0","1",<NULL>,<NULL>
"K","NORMAL","1.5000000000000000E-01","J",<NULL>,<NULL>,<NULL>,<NULL>,<NULL>
"K","NORMAL","2.5000000000000000E-01","L",<NULL>,<NULL>,<NULL>,<NULL>,<NULL>
"K","NORMAL","4.0000000000000000E-01",<NULL>,"80","0","2","1","2"
"K","NORMAL","6.5000000000000000E-01",<NULL>,"80","0","3","3","4"
"K","NORMAL","1.0000000000000000E+00",<NULL>,"80","1","4","4","5"
"K","NORMAL","1.5000000000000000E+00",<NULL>,"80","2","5","6","7"
"K","NORMAL","2.5000000000000000E+00",<NULL>,"80","3","7","8","9"
"K","NORMAL","4.0000000000000000E+00",<NULL>,"80","5","9","12","13"
"K","NORMAL","6.5000000000000000E+00",<NULL>,"80","7","11","18","19"
"K","NORMAL","1.0000000000000000E+01",<NULL>,"80","11","16","26","27"
"K","NORMAL","1.5000000000000000E+01","J",<NULL>,<NULL>,<NULL>,<NULL>,<NULL>
"K","NORMAL","2.5000000000000000E+01","H",<NULL>,<NULL>,<NULL>,<NULL>,<NULL>
"K","NORMAL","4.0000000000000000E+01","G",<NULL>,<NULL>,<NULL>,<NULL>,<NULL>
"K","NORMAL","6.5000000000000000E+01","F",<NULL>,<NULL>,<NULL>,<NULL>,<NULL>
"K","NORMAL","1.0000000000000000E+02","E",<NULL>,<NULL>,<NULL>,<NULL>,<NULL>
"K","NORMAL","1.5000000000000000E+02","E",<NULL>,<NULL>,<NULL>,<NULL>,<NULL>
"K","NORMAL","2.5000000000000000E+02","E",<NULL>,<NULL>,<NULL>,<NULL>,<NULL>
"K","NORMAL","4.0000000000000000E+02","D",<NULL>,<NULL>,<NULL>,<NULL>,<NULL>
"K","NORMAL","6.5000000000000000E+02","C",<NULL>,<NULL>,<NULL>,<NULL>,<NULL>
"K","NORMAL","1.0000000000000000E+03","B",<NULL>,<NULL>,<NULL>,<NULL>,<NULL>
"K","REDUCED","1.0000000000000000E-02","Q",<NULL>,<NULL>,<NULL>,<NULL>,<NULL>
"K","REDUCED","1.5000000000000000E-02","P",<NULL>,<NULL>,<NULL>,<NULL>,<NULL>
"K","REDUCED","2.5000000000000000E-02","N",<NULL>,<NULL>,<NULL>,<NULL>,<NULL>
"K","REDUCED","4.0000000000000000E-02","M",<NULL>,<NULL>,<NULL>,<NULL>,<NULL>
"K","REDUCED","6.5000000000000000E-02","L",<NULL>,<NULL>,<NULL>,<NULL>,<NULL>
"K","REDUCED","1.0000000000000000E-01",<NULL>,"50","0","1",<NULL>,<NULL>
"K","REDUCED","1.5000000000000000E-01","J",<NULL>,<NULL>,<NULL>,<NULL>,<NULL>
"K","REDUCED","2.5000000000000000E-01","L",<NULL>,<NULL>,<NULL>,<NULL>,<NULL>
"K","REDUCED","4.0000000000000000E-01",<NULL>,"32","0","2","0","2"
"K","REDUCED","6.5000000000000000E-01",<NULL>,"32","0","3","0","4"
"K","REDUCED","1.0000000000000000E+00",<NULL>,"32","0","4","1","5"
"K","REDUCED","1.5000000000000000E+00",<NULL>,"32","0","4","3","6"
"K","REDUCED","2.5000000000000000E+00",<NULL>,"32","1","5","4","7"
"K","REDUCED","4.0000000000000000E+00",<NULL>,"32","2","7","6","9"
"K","REDUCED","6.5000000000000000E+00",<NULL>,"32","3","8","8","12"
"K","REDUCED","1.0000000000000000E+01",<NULL>,"32","5","10","12","16"
"K","REDUCED","1.5000000000000000E+01","J",<NULL>,<NULL>,<NULL>,<NULL>,<NULL>
"K","REDUCED","2.5000000000000000E+01","H",<NULL>,<NULL>,<NULL>,<NULL>,<NULL>
"K","REDUCED","4.0000000000000000E+01","G",<NULL>,<NULL>,<NULL>,<NULL>,<NULL>
"K","REDUCED","6.5000000000000000E+01","F",<NULL>,<NULL>,<NULL>,<NULL>,<NULL>
"K","REDUCED","1.0000000000000000E+02","E",<NULL>,<NULL>,<NULL>,<NULL>,<NULL>
"K","REDUCED","1.5000000000000000E+02","E",<NULL>,<NULL>,<NULL>,<NULL>,<NULL>
"K","REDUCED","2.5000000000000000E+02","E",<NULL>,<NULL>,<NULL>,<NULL>,<NULL>
"K","REDUCED","4.0000000000000000E+02","D",<NULL>,<NULL>,<NULL>,<NULL>,<NULL>
"K","REDUCED","6.5000000000000000E+02","C",<NULL>,<NULL>,<NULL>,<NULL>,<NULL>
"K","REDUCED","1.0000000000000000E+03","B",<NULL>,<NULL>,<NULL>,<NULL>,<NULL>
"K","TIGHTENED","1.0000000000000000E-02","R",<NULL>,<NULL>,<NULL>,<NULL>,<NULL>
"K","TIGHTENED","1.5000000000000000E-02","Q",<NULL>,<NULL>,<NULL>,<NULL>,<NULL>
"K","TIGHTENED","2.5000000000000000E-02","P",<NULL>,<NULL>,<NULL>,<NULL>,<NULL>
"K","TIGHTENED","4.0000000000000000E-02","N",<NULL>,<NULL>,<NULL>,<NULL>,<NULL>
"K","TIGHTENED","6.5000000000000000E-02","M",<NULL>,<NULL>,<NULL>,<NULL>,<NULL>
"K","TIGHTENED","1.0000000000000000E-01","L",<NULL>,<NULL>,<NULL>,<NULL>,<NULL>
"K","TIGHTENED","1.5000000000000000E-01",<NULL>,"125","0","1",<NULL>,<NULL>
"K","TIGHTENED","2.5000000000000000E-01","M",<NULL>,<NULL>,<NULL>,<NULL>,<NULL>
"K","TIGHTENED","4.0000000000000000E-01","L",<NULL>,<NULL>,<NULL>,<NULL>,<NULL>
"K","TIGHTENED","6.5000000000000000E-01",<NULL>,"80","0","2","1","2"
"K","TIGHTENED","1.0000000000000000E+00",<NULL>,"80","0","3","3","4"
"K","TIGHTENED","1.5000000000000000E+00",<NULL>,"80","1","4","4","5"
"K","TIGHTENED","2.5000000000000000E+00",<NULL>,"80","2","5","6","7"
"K","TIGHTENED","4.0000000000000000E+00",<NULL>,"80","3","7","11","12"
"K","TIGHTENED","6.5000000000000000E+00",<NULL>,"80","6","10","15","16"
"K","TIGHTENED","1.0000000000000000E+01",<NULL>,"80","9","14","23","24"
"K","TIGHTENED","1.5000000000000000E+01","J",<NULL>,<NULL>,<NULL>,<NULL>,<NULL>
"K","TIGHTENED","2.5000000000000000E+01","H",<NULL>,<NULL>,<NULL>,<NULL>,<NULL>
"K","TIGHTENED","4.0000000000000000E+01","G",<NULL>,<NULL>,<NULL>,<NULL>,<NULL>
"K","TIGHTENED","6.5000000000000000E+01","F",<NULL>,<NULL>,<NULL>,<NULL>,<NULL>
"K","TIGHTENED","1.0000000000000000E+02","E",<NULL>,<NULL>,<NULL>,<NULL>,<NULL>
"K","TIGHTENED","1.5000000000000000E+02","E",<NULL>,<NULL>,<NULL>,<NULL>,<NULL>
"K","TIGHTENED","2.5000000000000000E+02","E",<NULL>,<NULL>,<NULL>,<NULL>,<NULL>
"K","TIGHTENED","4.0000000000000000E+02","D",<NULL>,<NULL>,<NULL>,<NULL>,<NULL>
"K","TIGHTENED","6.5000000000000000E+02","C",<NULL>,<NULL>,<NULL>,<NULL>,<NULL>
"K","TIGHTENED","1.0000000000000000E+03","B",<NULL>,<NULL>,<NULL>,<NULL>,<NULL>
"L","NORMAL","1.0000000000000000E-02","Q",<NULL>,<NULL>,<NULL>,<NULL>,<NULL>
"L","NORMAL","1.5000000000000000E-02","P",<NULL>,<NULL>,<NULL>,<NULL>,<NULL>
"L","NORMAL","2.5000000000000000E-02","N",<NULL>,<NULL>,<NULL>,<NULL>,<NULL>
"L","NORMAL","4.0000000000000000E-02","M",<NULL>,<NULL>,<NULL>,<NULL>,<NULL>
"L","NORMAL","6.5000000000000000E-02",<NULL>,"200","0","1",<NULL>,<NULL>
"L","NORMAL","1.0000000000000000E-01","K",<NULL>,<NULL>,<NULL>,<NULL>,<NULL>
"L","NORMAL","1.5000000000000000E-01","M",<NULL>,<NULL>,<NULL>,<NULL>,<NULL>
"L","NORMAL","2.5000000000000000E-01",<NULL>,"125","0","2","1","2"
"L","NORMAL","4.0000000000000000E-01",<NULL>,"125","0","3","3","4"
"L","NORMAL","6.5000000000000000E-01",<NULL>,"125","1","4","4","5"
"L","NORMAL","1.0000000000000000E+00",<NULL>,"125","2","5","6","7"
"L","NORMAL","1.5000000000000000E+00",<NULL>,"125","3","7","8","9"
"L","NORMAL","2.5000000000000000E+00",<NULL>,"125","5","9","12","13"
"L","NORMAL","4.0000000000000000E+00",<NULL>,"125","7","11","18","19"
"L","NORMAL","6.5000000000000000E+00",<NULL>,"125","11","16","26","27"
"L","NORMAL","1.0000000000000000E+01","K",<NULL>,<NULL>,<NULL>,<NULL>,<NULL>
"L","NORMAL","1.5000000000000000E+01","J",<NULL>,<NULL>,<NULL>,<NULL>,<NULL>
"L","NORMAL","2.5000000000000000E+01","H",<NULL>,<NULL>,<NULL>,<NULL>,<NULL>
"L","NORMAL","4.0000000000000000E+01","G",<NULL>,<NULL>,<NULL>,<NULL>,<NULL>
"L","NORMAL","6.5000000000000000E+01","F",<NULL>,<NULL>,<NULL>,<NULL>,<NULL>
"L","NORMAL","1.0000000000000000E+02","E",<NULL>,<NULL>,<NULL>,<NULL>,<NULL>
"L","NORMAL","1.5000000000000000E+02","E",<NULL>,<NULL>,<NULL>,<NULL>,<NULL>
"L","NORMAL","2.5000000000000000E+02","E",<NULL>,<NULL>,<NULL>,<NULL>,<NULL>
"L","NORMAL","4.0000000000000000E+02","D",<NULL>,<NULL>,<NULL>,<NULL>,<NULL>
"L","NORMAL","6.5000000000000000E+02","C",<NULL>,<NULL>,<NULL>,<NULL>,<NULL>
"L","NORMAL","1.0000000000000000E+03","B",<NULL>,<NULL>,<NULL>,<NULL>,<NULL>
"L","REDUCED","1.0000000000000000E-02","Q",<NULL>,<NULL>,<NULL>,<NULL>,<NULL>
"L","REDUCED","1.5000000000000000E-02","P",<NULL>,<NULL>,<NULL>,<NULL>,<NULL>
"L","REDUCED","2.5000000000000000E-02","N",<NULL>,<NULL>,<NULL>,<NULL>,<NULL>
"L","REDUCED","4.0000000000000000E-02","M",<NULL>,<NULL>,<NULL>,<NULL>,<NULL>
"L","REDUCED","6.5000000000000000E-02",<NULL>,"80","0","1",<NULL>,<NULL>
"L","REDUCED","1.0000000000000000E-01","K",<NULL>,<NULL>,<NULL>,<NULL>,<NULL>
"L","REDUCED","1.5000000000000000E-01","M",<NULL>,<NULL>,<NULL>,<NULL>,<NULL>
"L","REDUCED","2.5000000000000000E-01",<NULL>,"50","0","2","0","2"
"L","REDUCED","4.0000000000000000E-01",<NULL>,"50","0","3","0","4"
"L","REDUCED","6.5000000000000000E-01",<NULL>,"50","0","4","1","5"
"L","REDUCED","1.0000000000000000E+00",<NULL>,"50","0","4","3","6"
"L","REDUCED","1.5000000000000000E+00",<NULL>,"50","1","5","4","7"
"L","REDUCED","2.5000000000000000E+00",<NULL>,"50","2","7","6","9"
"L","REDUCED","4.0000000000000000E+00",<NULL>,"50","3","8","8","12"
"L","REDUCED","6.5000000000000000E+00",<NULL>,"50","5","10","12","16"
"L","REDUCED","1.0000000000000000E+01","K",<NULL>,<NULL>,<NULL>,<NULL>,<NULL>
"L","REDUCED","1.5000000000000000E+01","J",<NULL>,<NULL>,<NULL>,<NULL>,<NULL>
"L","REDUCED","2.5000000000000000E+01","H",<NULL>,<NULL>,<NULL>,<NULL>,<NULL>
"L","REDUCED","4.0000000000000000E+01","G",<NULL>,<NULL>,<NULL>,<NULL>,<NULL>
"L","REDUCED","6.5000000000000000E+01","F",<NULL>,<NULL>,<NULL>,<NULL>,<NULL>
"L","REDUCED","1.0000000000000000E+02","E",<NULL>,<NULL>,<NULL>,<NULL>,<NULL>
"L","REDUCED","1.5000000000000000E+02","E",<NULL>,<NULL>,<NULL>,<NULL>,<NULL>
"L","REDUCED","2.5000000000000000E+02","E",<NULL>,<NULL>,<NULL>,<NULL>,<NULL>
"L","REDUCED","4.0000000000000000E+02","D",<NULL>,<NULL>,<NULL>,<NULL>,<NULL>
"L","REDUCED","6.5000000000000000E+02","C",<NULL>,<NULL>,<NULL>,<NULL>,<NULL>
"L","REDUCED","1.0000000000000000E+03","B",<NULL>,<NULL>,<NULL>,<NULL>,<NULL>
"L","TIGHTENED","1.0000000000000000E-02","R",<NULL>,<NULL>,<NULL>,<NULL>,<NULL>
"L","TIGHTENED","1.5000000000000000E-02","Q",<NULL>,<NULL>,<NULL>,<NULL>,<NULL>
"L","TIGHTENED","2.5000000000000000E-02","P",<NULL>,<NULL>,<NULL>,<NULL>,<NULL>
"L","TIGHTENED","4.0000000000000000E-02","N",<NULL>,<NULL>,<NULL>,<NULL>,<NULL>
"L","TIGHTENED","6.5000000000000000E-02","M",<NULL>,<NULL>,<NULL>,<NULL>,<NULL>
"L","TIGHTENED","1.0000000000000000E-01",<NULL>,"200","0","1",<NULL>,<NULL>
"L","TIGHTENED","1.5000000000000000E-01","N",<NULL>,<NULL>,<NULL>,<NULL>,<NULL>
"L","TIGHTENED","2.5000000000000000E-01","M",<NULL>,<NULL>,<NULL>,<NULL>,<NULL>
"L","TIGHTENED","4.0000000000000000E-01",<NULL>,"125","0","2","1","2"
"L","TIGHTENED","6.5000000000000000E-01",<NULL>,"125","0","3","3","4"
"L","TIGHTENED","1.0000000000000000E+00",<NULL>,"125","1","4","4","5"
"L","TIGHTENED","1.5000000000000000E+00",<NULL>,"125","2","5","6","7"
"L","TIGHTENED","2.5000000000000000E+00",<NULL>,"125","3","7","11","12"
"L","TIGHTENED","4.0000000000000000E+00",<NULL>,"125","6","10","15","16"
"L","TIGHTENED","6.5000000000000000E+00",<NULL>,"125","9","14","23","24"
"L","TIGHTENED","1.0000000000000000E+01","K",<NULL>,<NULL>,<NULL>,<NULL>,<NULL>
"L","TIGHTENED","1.5000000000000000E+01","J",<NULL>,<NULL>,<NULL>,<NULL>,<NULL>
"L","TIGHTENED","2.5000000000000000E+01","H",<NULL>,<NULL>,<NULL>,<NULL>,<NULL>
"L","TIGHTENED","4.0000000000000000E+01","G",<NULL>,<NULL>,<NULL>,<NULL>,<NULL>
"L","TIGHTENED","6.5000000000000000E+01","F",<NULL>,<NULL>,<NULL>,<NULL>,<NULL>
"L","TIGHTENED","1.0000000000000000E+02","E",<NULL>,<NULL>,<NULL>,<NULL>,<NULL>
"L","TIGHTENED","1.5000000000000000E+02","E",<NULL>,<NULL>,<NULL>,<NULL>,<NULL>
"L","TIGHTENED","2.5000000000000000E+02","E",<NULL>,<NULL>,<NULL>,<NULL>,<NULL>
"L","TIGHTENED","4.0000000000000000E+02","D",<NULL>,<NULL>,<NULL>,<NULL>,<NULL>
"L","TIGHTENED","6.5000000000000000E+02","C",<NULL>,<NULL>,<NULL>,<NULL>,<NULL>
"L","TIGHTENED","1.0000000000000000E+03","B",<NULL>,<NULL>,<NULL>,<NULL>,<NULL>
"M","NORMAL","1.0000000000000000E-02","Q",<NULL>,<NULL>,<NULL>,<NULL>,<NULL>
"M","NORMAL","1.5000000000000000E-02","P",<NULL>,<NULL>,<NULL>,<NULL>,<NULL>
"M","NORMAL","2.5000000000000000E-02","N",<NULL>,<NULL>,<NULL>,<NULL>,<NULL>
"M","NORMAL","4.0000000000000000E-02",<NULL>,"315","0","1",<NULL>,<NULL>
"M","NORMAL","6.5000000000000000E-02","L",<NULL>,<NULL>,<NULL>,<NULL>,<NULL>
"M","NORMAL","1.0000000000000000E-01","N",<NULL>,<NULL>,<NULL>,<NULL>,<NULL>
"M","NORMAL","1.5000000000000000E-01",<NULL>,"200","0","2","1","2"
"M","NORMAL","2.5000000000000000E-01",<NULL>,"200","0","3","3","4"
"M","NORMAL","4.0000000000000000E-01",<NULL>,"200","1","4","4","5"
"M","NORMAL","6.5000000000000000E-01",<NULL>,"200","2","5","6","7"
"M","NORMAL","1.0000000000000000E+00",<NULL>,"200","3","7","8","9"
"M","NORMAL","1.5000000000000000E+00",<NULL>,"200","5","9","12","13"
"M","NORMAL","2.5000000000000000E+00",<NULL>,"200","7","11","18","19"
"M","NORMAL","4.0000000000000000E+00",<NULL>,"200","11","16","26","27"
"M","NORMAL","6.5000000000000000E+00","L",<NULL>,<NULL>,<NULL>,<NULL>,<NULL>
"M","NORMAL","1.0000000000000000E+01","K",<NULL>,<NULL>,<NULL>,<NULL>,<NULL>
"M","NORMAL","1.5000000000000000E+01","J",<NULL>,<NULL>,<NULL>,<NULL>,<NULL>
"M","NORMAL","2.5000000000000000E+01","H",<NULL>,<NULL>,<NULL>,<NULL>,<NULL>
"M","NORMAL","4.0000000000000000E+01","G",<NULL>,<NULL>,<NULL>,<NULL>,<NULL>
"M","NORMAL","6.5000000000000000E+01","F",<NULL>,<NULL>,<NULL>,<NULL>,<NULL>
"M","NORMAL","1.0000000000000000E+02","E",<NULL>,<NULL>,<NULL>,<NULL>,<NULL>
"M","NORMAL","1.5000000000000000E+02","E",<NULL>,<NULL>,<NULL>,<NULL>,<NULL>
"M","NORMAL","2.5000000000000000E+02","E",<NULL>,<NULL>,<NULL>,<NULL>,<NULL>
"M","NORMAL","4.0000000000000000E+02","D",<NULL>,<NULL>,<NULL>,<NULL>,<NULL>
"M","NORMAL","6.5000000000000000E+02","C",<NULL>,<NULL>,<NULL>,<NULL>,<NULL>
"M","NORMAL","1.0000000000000000E+03","B",<NULL>,<NULL>,<NULL>,<NULL>,<NULL>
"M","REDUCED","1.0000000000000000E-02","Q",<NULL>,<NULL>,<NULL>,<NULL>,<NULL>
"M","REDUCED","1.5000000000000000E-02","P",<NULL>,<NULL>,<NULL>,<NULL>,<NULL>
"M","REDUCED","2.5000000000000000E-02","N",<NULL>,<NULL>,<NULL>,<NULL>,<NULL>
"M","REDUCED","4.0000000000000000E-02",<NULL>,"125","0","1",<NULL>,<NULL>
"M","REDUCED","6.5000000000000000E-02","L",<NULL>,<NULL>,<NULL>,<NULL>,<NULL>
"M","REDUCED","1.0000000000000000E-01","N",<NULL>,<NULL>,<NULL>,<NULL>,<NULL>
"M","REDUCED","1.5000000000000000E-01",<NULL>,"80","0","2","0","2"
"M","REDUCED","2.5000000000000000E-01",<NULL>,"80","0","3","0","4"
"M","REDUCED","4.0000000000000000E-01",<NULL>,"80","0","4","1","5"
"M","REDUCED","6.5000000000000000E-01",<NULL>,"80","0","4","3","6"
"M","REDUCED","1.0000000000000000E+00",<NULL>,"80","1","5","4","7"
"M","REDUCED","1.5000000000000000E+00",<NULL>,"80","2","7","6","9"
"M","REDUCED","2.5000000000000000E+00",<NULL>,"80","3","8","8","12"
"M","REDUCED","4.0000000000000000E+00",<NULL>,"80","5","10","12","16"
"M","REDUCED","6.5000000000000000E+00","L",<NULL>,<NULL>,<NULL>,<NULL>,<NULL>
"M","REDUCED","1.0000000000000000E+01","K",<NULL>,<NULL>,<NULL>,<NULL>,<NULL>
"M","REDUCED","1.5000000000000000E+01","J",<NULL>,<NULL>,<NULL>,<NULL>,<NULL>
"M","REDUCED","2.5000000000000000E+01","H",<NULL>,<NULL>,<NULL>,<NULL>,<NULL>
"M","REDUCED","4.0000000000000000E+01","G",<NULL>,<NULL>,<NULL>,<NULL>,<NULL>
"M","REDUCED","6.5000000000000000E+01","F",<NULL>,<NULL>,<NULL>,<NULL>,<NULL>
"M","REDUCED","1.0000000000000000E+02","E",<NULL>,<NULL>,<NULL>,<NULL>,<NULL>
"M","REDUCED","1.5000000000000000E+02","E",<NULL>,<NULL>,<NULL>,<NULL>,<NULL>
"M","REDUCED","2.5000000000000000E+02","E",<NULL>,<NULL>,<NULL>,<NULL>,<NULL>
"M","REDUCED","4.0000000000000000E+02","D",<NULL>,<NULL>,<NULL>,<NULL>,<NULL>
"M","REDUCED","6.5000000000000000E+02","C",<NULL>,<NULL>,<NULL>,<NULL>,<NULL>
"M","REDUCED","1.0000000000000000E+03","B",<NULL>,<NULL>,<NULL>,<NULL>,<NULL>
"M","TIGHTENED","1.0000000000000000E-02","R",<NULL>,<NULL>,<NULL>,<NULL>,<NULL>
"M","TIGHTENED","1.5000000000000000E-02","Q",<NULL>,<NULL>,<NULL>,<NULL>,<NULL>
"M","TIGHTENED","2.5000000000000000E-02","P",<NULL>,<NULL>,<NULL>,<NULL>,<NULL>
"M","TIGHTENED","4.0000000000000000E-02","N",<NULL>,<NULL>,<NULL>,<NULL>,<NULL>
"M","TIGHTENED","6.5000000000000000E-02",<NULL>,"315","0","1",<NULL>,<NULL>
"M","TIGHTENED","1.0000000000000000E-01","P",<NULL>,<NULL>,<NULL>,<NULL>,<NULL>
"M","TIGHTENED","1.5000000000000000E-01","N",<NULL>,<NULL>,<NULL>,<NULL>,<NULL>
"M","TIGHTENED","2.5000000000000000E-01",<NULL>,"200","0","2","1","2"
"M","TIGHTENED","4.0000000000000000E-01",<NULL>,"200","0","3","3","4"
"M","TIGHTENED","6.5000000000000000E-01",<NULL>,"200","1","4","4","5"
"M","TIGHTENED","1.0000000000000000E+00",<NULL>,"200","2","5","6","7"
"M","TIGHTENED","1.5000000000000000E+00",<NULL>,"200","3","7","11","12"
"M","TIGHTENED","2.5000000000000000E+00",<NULL>,"200","6","10","15","16"
"M","TIGHTENED","4.0000000000000000E+00",<NULL>,"200","9","14","23","24"
"M","TIGHTENED","6.5000000000000000E+00","L",<NULL>,<NULL>,<NULL>,<NULL>,<NULL>
"M","TIGHTENED","1.0000000000000000E+01","K",<NULL>,<NULL>,<NULL>,<NULL>,<NULL>
"M","TIGHTENED","1.5000000000000000E+01","J",<NULL>,<NULL>,<NULL>,<NULL>,<NULL>
"M","TIGHTENED","2.5000000000000000E+01","H",<NULL>,<NULL>,<NULL>,<NULL>,<NULL>
"M","TIGHTENED","4.0000000000000000E+01","G",<NULL>,<NULL>,<NULL>,<NULL>,<NULL>
"M","TIGHTENED","6.5000000000000000E+01","F",<NULL>,<NULL>,<NULL>,<NULL>,<NULL>
"M","TIGHTENED","1.0000000000000000E+02","E",<NULL>,<NULL>,<NULL>,<NULL>,<NULL>
"M","TIGHTENED","1.5000000000000000E+02","E",<NULL>,<NULL>,<NULL>,<NULL>,<NULL>
"M","TIGHTENED","2.5000000000000000E+02","E",<NULL>,<NULL>,<NULL>,<NULL>,<NULL>
"M","TIGHTENED","4.0000000000000000E+02","D",<NULL>,<NULL>,<NULL>,<NULL>,<NULL>
"M","TIGHTENED","6.5000000000000000E+02","C",<NULL>,<NULL>,<NULL>,<NULL>,<NULL>
"M","TIGHTENED","1.0000000000000000E+03","B",<NULL>,<NULL>,<NULL>,<NULL>,<NULL>
"N","NORMAL","1.0000000000000000E-02","Q",<NULL>,<NULL>,<NULL>,<NULL>,<NULL>
"N","NORMAL","1.5000000000000000E-02","P",<NULL>,<NULL>,<NULL>,<NULL>,<NULL>
"N","NORMAL","2.5000000000000000E-02",<NULL>,"500","0","1",<NULL>,<NULL>
"N","NORMAL","4.0000000000000000E-02","M",<NULL>,<NULL>,<NULL>,<NULL>,<NULL>
"N","NORMAL","6.5000000000000000E-02","P",<NULL>,<NULL>,<NULL>,<NULL>,<NULL>
"N","NORMAL","1.0000000000000000E-01",<NULL>,"315","0","2","1","2"
"N","NORMAL","1.5000000000000000E-01",<NULL>,"315","0","3","3","4"
"N","NORMAL","2.5000000000000000E-01",<NULL>,"315","1","4","4","5"
"N","NORMAL","4.0000000000000000E-01",<NULL>,"315","2","5","6","7"
"N","NORMAL","6.5000000000000000E-01",<NULL>,"315","3","7","8","9"
"N","NORMAL","1.0000000000000000E+00",<NULL>,"315","5","9","12","13"
"N","NORMAL","1.5000000000000000E+00",<NULL>,"315","7","11","18","19"
"N","NORMAL","2.5000000000000000E+00",<NULL>,"315","11","16","26","27"
"N","NORMAL","4.0000000000000000E+00","M",<NULL>,<NULL>,<NULL>,<NULL>,<NULL>
"N","NORMAL","6.5000000000000000E+00","L",<NULL>,<NULL>,<NULL>,<NULL>,<NULL>
"N","NORMAL","1.0000000000000000E+01","K",<NULL>,<NULL>,<NULL>,<NULL>,<NULL>
"N","NORMAL","1.5000000000000000E+01","J",<NULL>,<NULL>,<NULL>,<NULL>,<NULL>
"N","NORMAL","2.5000000000000000E+01","H",<NULL>,<NULL>,<NULL>,<NULL>,<NULL>
"N","NORMAL","4.0000000000000000E+01","G",<NULL>,<NULL>,<NULL>,<NULL>,<NULL>
"N","NORMAL","6.5000000000000000E+01","F",<NULL>,<NULL>,<NULL>,<NULL>,<NULL>
"N","NORMAL","1.0000000000000000E+02","E",<NULL>,<NULL>,<NULL>,<NULL>,<NULL>
"N","NORMAL","1.5000000000000000E+02","E",<NULL>,<NULL>,<NULL>,<NULL>,<NULL>
"N","NORMAL","2.5000000000000000E+02","E",<NULL>,<NULL>,<NULL>,<NULL>,<NULL>
"N","NORMAL","4.0000000000000000E+02","D",<NULL>,<NULL>,<NULL>,<NULL>,<NULL>
"N","NORMAL","6.5000000000000000E+02","C",<NULL>,<NULL>,<NULL>,<NULL>,<NULL>
"N","NORMAL","1.0000000000000000E+03","B",<NULL>,<NULL>,<NULL>,<NULL>,<NULL>
"N","REDUCED","1.0000000000000000E-02","Q",<NULL>,<NULL>,<NULL>,<NULL>,<NULL>
"N","REDUCED","1.5000000000000000E-02","P",<NULL>,<NULL>,<NULL>,<NULL>,<NULL>
"N","REDUCED","2.5000000000000000E-02",<NULL>,"200","0","1",<NULL>,<NULL>
"N","REDUCED","4.0000000000000000E-02","M",<NULL>,<NULL>,<NULL>,<NULL>,<NULL>
"N","REDUCED","6.5000000000000000E-02","P",<NULL>,<NULL>,<NULL>,<NULL>,<NULL>
"N","REDUCED","1.0000000000000000E-01",<NULL>,"125","0","2","0","2"
"N","REDUCED","1.5000000000000000E-01",<NULL>,"125","0","3","0","4"
"N","REDUCED","2.5000000000000000E-01",<NULL>,"125","0","4","1","5"
"N","REDUCED","4.0000000000000000E-01",<NULL>,"125","0","4","3","6"
"N","REDUCED","6.5000000000000000E-01",<NULL>,"125","1","5","4","7"
"N","REDUCED","1.0000000000000000E+00",<NULL>,"125","2","7","6","9"
"N","REDUCED","1.5000000000000000E+00",<NULL>,"125","3","8","8","12"
"N","REDUCED","2.5000000000000000E+00",<NULL>,"125","5","10","12","16"
"N","REDUCED","4.0000000000000000E+00","M",<NULL>,<NULL>,<NULL>,<NULL>,<NULL>
"N","REDUCED","6.5000000000000000E+00","L",<NULL>,<NULL>,<NULL>,<NULL>,<NULL>
"N","REDUCED","1.0000000000000000E+01","K",<NULL>,<NULL>,<NULL>,<NULL>,<NULL>
"N","REDUCED","1.5000000000000000E+01","J",<NULL>,<NULL>,<NULL>,<NULL>,<NULL>
"N","REDUCED","2.5000000000000000E+01","H",<NULL>,<NULL>,<NULL>,<NULL>,<NULL>
"N","REDUCED","4.0000000000000000E+01","G",<NULL>,<NULL>,<NULL>,<NULL>,<NULL>
"N","REDUCED","6.5000000000000000E+01","F",<NULL>,<NULL>,<NULL>,<NULL>,<NULL>
"N","REDUCED","1.0000000000000000E+02","E",<NULL>,<NULL>,<NULL>,<NULL>,<NULL>
"N","REDUCED","1.5000000000000000E+02","E",<NULL>,<NULL>,<NULL>,<NULL>,<NULL>
"N","REDUCED","2.5000000000000000E+02","E",<NULL>,<NULL>,<NULL>,<NULL>,<NULL>
"N","REDUCED","4.0000000000000000E+02","D",<NULL>,<NULL>,<NULL>,<NULL>,<NULL>
"N","REDUCED","6.5000000000000000E+02","C",<NULL>,<NULL>,<NULL>,<NULL>,<NULL>
"N","REDUCED","1.0000000000000000E+03","B",<NULL>,<NULL>,<NULL>,<NULL>,<NULL>
"N","TIGHTENED","1.0000000000000000E-02","R",<NULL>,<NULL>,<NULL>,<NULL>,<NULL>
"N","TIGHTENED","1.5000000000000000E-02","Q",<NULL>,<NULL>,<NULL>,<NULL>,<NULL>
"N","TIGHTENED","2.5000000000000000E-02","P",<NULL>,<NULL>,<NULL>,<NULL>,<NULL>
"N","TIGHTENED","4.0000000000000000E-02",<NULL>,"500","0","1",<NULL>,<NULL>
"N","TIGHTENED","6.5000000000000000E-02","Q",<NULL>,<NULL>,<NULL>,<NULL>,<NULL>
"N","TIGHTENED","1.0000000000000000E-01","P",<NULL>,<NULL>,<NULL>,<NULL>,<NULL>
"N","TIGHTENED","1.5000000000000000E-01",<NULL>,"315","0","2","1","2"
"N","TIGHTENED","2.5000000000000000E-01",<NULL>,"315","0","3","3","4"
"N","TIGHTENED","4.0000000000000000E-01",<NULL>,"315","1","4","4","5"
"N","TIGHTENED","6.5000000000000000E-01",<NULL>,"315","2","5","6","7"
"N","TIGHTENED","1.0000000000000000E+00",<NULL>,"315","3","7","11","12"
"N","TIGHTENED","1.5000000000000000E+00",<NULL>,"315","6","10","15","16"
"N","TIGHTENED","2.5000000000000000E+00",<NULL>,"315","9","14","23","24"
"N","TIGHTENED","4.0000000000000000E+00","M",<NULL>,<NULL>,<NULL>,<NULL>,<NULL>
"N","TIGHTENED","6.5000000000000000E+00","L",<NULL>,<NULL>,<NULL>,<NULL>,<NULL>
"N","TIGHTENED","1.0000000000000000E+01","K",<NULL>,<NULL>,<NULL>,<NULL>,<NULL>
"N","TIGHTENED","1.5000000000000000E+01","J",<NULL>,<NULL>,<NULL>,<NULL>,<NULL>
"N","TIGHTENED","2.5000000000000000E+01","H",<NULL>,<NULL>,<NULL>,<NULL>,<NULL>
"N","TIGHTENED","4.0000000000000000E+01","G",<NULL>,<NULL>,<NULL>,<NULL>,<NULL>
"N","TIGHTENED","6.5000000000000000E+01","F",<NULL>,<NULL>,<NULL>,<NULL>,<NULL>
"N","TIGHTENED","1.0000000000000000E+02","E",<NULL>,<NULL>,<NULL>,<NULL>,<NULL>
"N","TIGHTENED","1.5000000000000000E+02","E",<NULL>,<NULL>,<NULL>,<NULL>,<NULL>
"N","TIGHTENED","2.5000000000000000E+02","E",<NULL>,<NULL>,<NULL>,<NULL>,<NULL>
"N","TIGHTENED","4.0000000000000000E+02","D",<NULL>,<NULL>,<NULL>,<NULL>,<NULL>
"N","TIGHTENED","6.5000000000000000E+02","C",<NULL>,<NULL>,<NULL>,<NULL>,<NULL>
"N","TIGHTENED","1.0000000000000000E+03","B",<NULL>,<NULL>,<NULL>,<NULL>,<NULL>
"P","NORMAL","1.0000000000000000E-02","Q",<NULL>,<NULL>,<NULL>,<NULL>,<NULL>
"P","NORMAL","1.5000000000000000E-02",<NULL>,"800","0","1",<NULL>,<NULL>
"P","NORMAL","2.5000000000000000E-02","N",<NULL>,<NULL>,<NULL>,<NULL>,<NULL>
"P","NORMAL","4.0000000000000000E-02","Q",<NULL>,<NULL>,<NULL>,<NULL>,<NULL>
"P","NORMAL","6.5000000000000000E-02",<NULL>,"500","0","2","1","2"
"P","NORMAL","1.0000000000000000E-01",<NULL>,"500","0","3","3","4"
"P","NORMAL","1.5000000000000000E-01",<NULL>,"500","1","4","4","5"
"P","NORMAL","2.5000000000000000E-01",<NULL>,"500","2","5","6","7"
"P","NORMAL","4.0000000000000000E-01",<NULL>,"500","3","7","8","9"
"P","NORMAL","6.5000000000000000E-01",<NULL>,"500","5","9","12","13"
"P","NORMAL","1.0000000000000000E+00",<NULL>,"500","7","11","18","19"
"P","NORMAL","1.5000000000000000E+00",<NULL>,"500","11","16","26","27"
"P","NORMAL","2.5000000000000000E+00","N",<NULL>,<NULL>,<NULL>,<NULL>,<NULL>
"P","NORMAL","4.0000000000000000E+00","M",<NULL>,<NULL>,<NULL>,<NULL>,<NULL>
"P","NORMAL","6.5000000000000000E+00","L",<NULL>,<NULL>,<NULL>,<NULL>,<NULL>
"P","NORMAL","1.0000000000000000E+01","K",<NULL>,<NULL>,<NULL>,<NULL>,<NULL>
"P","NORMAL","1.5000000000000000E+01","J",<NULL>,<NULL>,<NULL>,<NULL>,<NULL>
"P","NORMAL","2.5000000000000000E+01","H",<NULL>,<NULL>,<NULL>,<NULL>,<NULL>
"P","NORMAL","4.0000000000000000E+01","G",<NULL>,<NULL>,<NULL>,<NULL>,<NULL>
"P","NORMAL","6.5000000000000000E+01","F",<NULL>,<NULL>,<NULL>,<NULL>,<NULL>
"P","NORMAL","1.0000000000000000E+02","E",<NULL>,<NULL>,<NULL>,<NULL>,<NULL>
"P","NORMAL","1.5000000000000000E+02","E",<NULL>,<NULL>,<NULL>,<NULL>,<NULL>
"P","NORMAL","2.5000000000000000E+02","E",<NULL>,<NULL>,<NULL>,<NULL>,<NULL>
"P","NORMAL","4.0000000000000000E+02","D",<NULL>,<NULL>,<NULL>,<NULL>,<NULL>
"P","NORMAL","6.5000000000000000E+02","C",<NULL>,<NULL>,<NULL>,<NULL>,<NULL>
"P","NORMAL","1.0000000000000000E+03","B",<NULL>,<NULL>,<NULL>,<NULL>,<NULL>
"P","REDUCED","1.0000000000000000E-02","Q",<NULL>,<NULL>,<NULL>,<NULL>,<NULL>
"P","REDUCED","1.5000000000000000E-02",<NULL>,"315","0","1",<NULL>,<NULL>
"P","REDUCED","2.5000000000000000E-02","N",<NULL>,<NULL>,<NULL>,<NULL>,<NULL>
"P","REDUCED","4.0000000000000000E-02","Q",<NULL>,<NULL>,<NULL>,<NULL>,<NULL>
"P","REDUCED","6.5000000000000000E-02",<NULL>,"200","0","2","0","2"
"P","REDUCED","1.0000000000000000E-01",<NULL>,"200","0","3","0","4"
"P","REDUCED","1.5000000000000000E-01",<NULL>,"200","0","4","1","5"
"P","REDUCED","2.5000000000000000E-01",<NULL>,"200","0","4","3","6"
"P","REDUCED","4.0000000000000000E-01",<NULL>,"200","1","5","4","7"
"P","REDUCED","6.5000000000000000E-01",<NULL>,"200","2","7","6","9"
"P","REDUCED","1.0000000000000000E+00",<NULL>,"200","3","8","8","12"
"P","REDUCED","1.5000000000000000E+00",<NULL>,"200","5","10","12","16"
"P","REDUCED","2.5000000000000000E+00","N",<NULL>,<NULL>,<NULL>,<NULL>,<NULL>
"P","REDUCED","4.0000000000000000E+00","M",<NULL>,<NULL>,<NULL>,<NULL>,<NULL>
"P","REDUCED","6.5000000000000000E+00","L",<NULL>,<NULL>,<NULL>,<NULL>,<NULL>
"P","REDUCED","1.0000000000000000E+01","K",<NULL>,<NULL>,<NULL>,<NULL>,<NULL>
"P","REDUCED","1.5000000000000000E+01","J",<NULL>,<NULL>,<NULL>,<NULL>,<NULL>
"P","REDUCED","2.5000000000000000E+01","H",<NULL>,<NULL>,<NULL>,<NULL>,<NULL>
"P","REDUCED","4.0000000000000000E+01","G",<NULL>,<NULL>,<NULL>,<NULL>,<NULL>
"P","REDUCED","6.5000000000000000E+01","F",<NULL>,<NULL>,<NULL>,<NULL>,<NULL>
"P","REDUCED","1.0000000000000000E+02","E",<NULL>,<NULL>,<NULL>,<NULL>,<NULL>
"P","REDUCED","1.5000000000000000E+02","E",<NULL>,<NULL>,<NULL>,<NULL>,<NULL>
"P","REDUCED","2.5000000000000000E+02","E",<NULL>,<NULL>,<NULL>,<NULL>,<NULL>
"P","REDUCED","4.0000000000000000E+02","D",<NULL>,<NULL>,<NULL>,<NULL>,<NULL>
"P","REDUCED","6.5000000000000000E+02","C",<NULL>,<NULL>,<NULL>,<NULL>,<NULL>
"P","REDUCED","1.0000000000000000E+03","B",<NULL>,<NULL>,<NULL>,<NULL>,<NULL>
"P","TIGHTENED","1.0000000000000000E-02","R",<NULL>,<NULL>,<NULL>,<NULL>,<NULL>
"P","TIGHTENED","1.5000000000000000E-02","Q",<NULL>,<NULL>,<NULL>,<NULL>,<NULL>
"P","TIGHTENED","2.5000000000000000E-02",<NULL>,"800","0","1",<NULL>,<NULL>
"P","TIGHTENED","4.0000000000000000E-02","R",<NULL>,<NULL>,<NULL>,<NULL>,<NULL>
"P","TIGHTENED","6.5000000000000000E-02","Q",<NULL>,<NULL>,<NULL>,<NULL>,<NULL>
"P","TIGHTENED","1.0000000000000000E-01",<NULL>,"500","0","2","1","2"
"P","TIGHTENED","1.5000000000000000E-01",<NULL>,"500","0","3","3","4"
"P","TIGHTENED","2.5000000000000000E-01",<NULL>,"500","1","4","4","5"
"P","TIGHTENED","4.0000000000000000E-01",<NULL>,"500","2","5","6","7"
"P","TIGHTENED","6.5000000000000000E-01",<NULL>,"500","3","7","11","12"
"P","TIGHTENED","1.0000000000000000E+00",<NULL>,"500","6","10","15","16"
"P","TIGHTENED","1.5000000000000000E+00",<NULL>,"500","9","14","23","24"
"P","TIGHTENED","2.5000000000000000E+00","N",<NULL>,<NULL>,<NULL>,<NULL>,<NULL>
"P","TIGHTENED","4.0000000000000000E+00","M",<NULL>,<NULL>,<NULL>,<NULL>,<NULL>
"P","TIGHTENED","6.5000000000000000E+00","L",<NULL>,<NULL>,<NULL>,<NULL>,<NULL>
"P","TIGHTENED","1.0000000000000000E+01","K",<NULL>,<NULL>,<NULL>,<NULL>,<NULL>
"P","TIGHTENED","1.5000000000000000E+01","J",<NULL>,<NULL>,<NULL>,<NULL>,<NULL>
"P","TIGHTENED","2.5000000000000000E+01","H",<NULL>,<NULL>,<NULL>,<NULL>,<NULL>
"P","TIGHTENED","4.0000000000000000E+01","G",<NULL>,<NULL>,<NULL>,<NULL>,<NULL>
"P","TIGHTENED","6.5000000000000000E+01","F",<NULL>,<NULL>,<NULL>,<NULL>,<NULL>
"P","TIGHTENED","1.0000000000000000E+02","E",<NULL>,<NULL>,<NULL>,<NULL>,<NULL>
"P","TIGHTENED","1.5000000000000000E+02","E",<NULL>,<NULL>,<NULL>,<NULL>,<NULL>
"P","TIGHTENED","2.5000000000000000E+02","E",<NULL>,<NULL>,<NULL>,<NULL>,<NULL>
"P","TIGHTENED","4.0000000000000000E+02","D",<NULL>,<NULL>,<NULL>,<NULL>,<NULL>
"P","TIGHTENED","6.5000000000000000E+02","C",<NULL>,<NULL>,<NULL>,<NULL>,<NULL>
"P","TIGHTENED","1.0000000000000000E+03","B",<NULL>,<NULL>,<NULL>,<NULL>,<NULL>
"Q","NORMAL","1.0000000000000000E-02",<NULL>,"1250","0","1",<NULL>,<NULL>
"Q","NORMAL","1.5000000000000000E-02","P",<NULL>,<NULL>,<NULL>,<NULL>,<NULL>
"Q","NORMAL","2.5000000000000000E-02","R",<NULL>,<NULL>,<NULL>,<NULL>,<NULL>
"Q","NORMAL","4.0000000000000000E-02",<NULL>,"800","0","2","1","2"
"Q","NORMAL","6.5000000000000000E-02",<NULL>,"800","0","3","3","4"
"Q","NORMAL","1.0000000000000000E-01",<NULL>,"800","1","4","4","5"
"Q","NORMAL","1.5000000000000000E-01",<NULL>,"800","2","5","6","7"
"Q","NORMAL","2.5000000000000000E-01",<NULL>,"800","3","7","8","9"
"Q","NORMAL","4.0000000000000000E-01",<NULL>,"800","5","9","12","13"
"Q","NORMAL","6.5000000000000000E-01",<NULL>,"800","7","11","18","19"
"Q","NORMAL","1.0000000000000000E+00",<NULL>,"800","11","16","26","27"
"Q","NORMAL","1.5000000000000000E+00","P",<NULL>,<NULL>,<NULL>,<NULL>,<NULL>
"Q","NORMAL","2.5000000000000000E+00","N",<NULL>,<NULL>,<NULL>,<NULL>,<NULL>
"Q","NORMAL","4.0000000000000000E+00","M",<NULL>,<NULL>,<NULL>,<NULL>,<NULL>
"Q","NORMAL","6.5000000000000000E+00","L",<NULL>,<NULL>,<NULL>,<NULL>,<NULL>
"Q","NORMAL","1.0000000000000000E+01","K",<NULL>,<NULL>,<NULL>,<NULL>,<NULL>
"Q","NORMAL","1.5000000000000000E+01","J",<NULL>,<NULL>,<NULL>,<NULL>,<NULL>
"Q","NORMAL","2.5000000000000000E+01","H",<NULL>,<NULL>,<NULL>,<NULL>,<NULL>
"Q","NORMAL","4.0000000000000000E+01","G",<NULL>,<NULL>,<NULL>,<NULL>,<NULL>
"Q","NORMAL","6.5000000000000000E+01","F",<NULL>,<NULL>,<NULL>,<NULL>,<NULL>
"Q","NORMAL","1.0000000000000000E+02","E",<NULL>,<NULL>,<NULL>,<NULL>,<NULL>
"Q","NORMAL","1.5000000000000000E+02","E",<NULL>,<NULL>,<NULL>,<NULL>,<NULL>
"Q","NORMAL","2.5000000000000000E+02","E",<NULL>,<NULL>,<NULL>,<NULL>,<NULL>
"Q","NORMAL","4.0000000000000000E+02","D",<NULL>,<NULL>,<NULL>,<NULL>,<NULL>
"Q","NORMAL","6.5000000000000000E+02","C",<NULL>,<NULL>,<NULL>,<NULL>,<NULL>
"Q","NORMAL","1.0000000000000000E+03","B",<NULL>,<NULL>,<NULL>,<NULL>,<NULL>
"Q","REDUCED","1.0000000000000000E-02",<NULL>,"500","0","1",<NULL>,<NULL>
"Q","REDUCED","1.5000000000000000E-02","P",<NULL>,<NULL>,<NULL>,<NULL>,<NULL>
"Q","REDUCED","2.5000000000000000E-02","R",<NULL>,<NULL>,<NULL>,<NULL>,<NULL>
"Q","REDUCED","4.0000000000000000E-02",<NULL>,"315","0","2","0","2"
"Q","REDUCED","6.5000000000000000E-02",<NULL>,"315","0","3","0","4"
"Q","REDUCED","1.0000000000000000E-01",<NULL>,"315","0","4","1","5"
"Q","REDUCED","1.5000000000000000E-01",<NULL>,"315","0","4","3","6"
"Q","REDUCED","2.5000000000000000E-01",<NULL>,"315","1","5","4","7"
"Q","REDUCED","4.0000000000000000E-01",<NULL>,"315","2","7","6","9"
"Q","REDUCED","6.5000000000000000E-01",<NULL>,"315","3","8","8","12"
"Q","REDUCED","1.0000000000000000E+00",<NULL>,"315","5","10","12","16"
"Q","REDUCED","1.5000000000000000E+00","P",<NULL>,<NULL>,<NULL>,<NULL>,<NULL>
"Q","REDUCED","2.5000000000000000E+00","N",<NULL>,<NULL>,<NULL>,<NULL>,<NULL>
"Q","REDUCED","4.0000000000000000E+00","M",<NULL>,<NULL>,<NULL>,<NULL>,<NULL>
"Q","REDUCED","6.5000000000000000E+00","L",<NULL>,<NULL>,<NULL>,<NULL>,<NULL>
"Q","REDUCED","1.0000000000000000E+01","K",<NULL>,<NULL>,<NULL>,<NULL>,<NULL>
"Q","REDUCED","1.5000000000000000E+01","J",<NULL>,<NULL>,<NULL>,<NULL>,<NULL>
"Q","REDUCED","2.5000000000000000E+01","H",<NULL>,<NULL>,<NULL>,<NULL>,<NULL>
"Q","REDUCED","4.0000000000000000E+01","G",<NULL>,<NULL>,<NULL>,<NULL>,<NULL>
"Q","REDUCED","6.5000000000000000E+01","F",<NULL>,<NULL>,<NULL>,<NULL>,<NULL>
"Q","REDUCED","1.0000000000000000E+02","E",<NULL>,<NULL>,<NULL>,<NULL>,<NULL>
"Q","REDUCED","1.5000000000000000E+02","E",<NULL>,<NULL>,<NULL>,<NULL>,<NULL>
"Q","REDUCED","2.5000000000000000E+02","E",<NULL>,<NULL>,<NULL>,<NULL>,<NULL>
"Q","REDUCED","4.0000000000000000E+02","D",<NULL>,<NULL>,<NULL>,<NULL>,<NULL>
"Q","REDUCED","6.5000000000000000E+02","C",<NULL>,<NULL>,<NULL>,<NULL>,<NULL>
"Q","REDUCED","1.0000000000000000E+03","B",<NULL>,<NULL>,<NULL>,<NULL>,<NULL>
"Q","TIGHTENED","1.0000000000000000E-02","R",<NULL>,<NULL>,<NULL>,<NULL>,<NULL>
"Q","TIGHTENED","1.5000000000000000E-02",<NULL>,"1250","0","1",<NULL>,<NULL>
"Q","TIGHTENED","2.5000000000000000E-02","S",<NULL>,<NULL>,<NULL>,<NULL>,<NULL>
"Q","TIGHTENED","4.0000000000000000E-02","R",<NULL>,<NULL>,<NULL>,<NULL>,<NULL>
"Q","TIGHTENED","6.5000000000000000E-02",<NULL>,"800","0","2","1","2"
"Q","TIGHTENED","1.0000000000000000E-01",<NULL>,"800","0","3","3","4"
"Q","TIGHTENED","1.5000000000000000E-01",<NULL>,"800","1","4","4","5"
"Q","TIGHTENED","2.5000000000000000E-01",<NULL>,"800","2","5","6","7"
"Q","TIGHTENED","4.0000000000000000E-01",<NULL>,"800","3","7","11","12"
"Q","TIGHTENED","6.5000000000000000E-01",<NULL>,"800","6","10","15","16"
"Q","TIGHTENED","1.0000000000000000E+00",<NULL>,"800","9","14","23","24"
"Q","TIGHTENED","1.5000000000000000E+00","P",<NULL>,<NULL>,<NULL>,<NULL>,<NULL>
"Q","TIGHTENED","2.5000000000000000E+00","N",<NULL>,<NULL>,<NULL>,<NULL>,<NULL>
"Q","TIGHTENED","4.0000000000000000E+00","M",<NULL>,<NULL>,<NULL>,<NULL>,<NULL>
"Q","TIGHTENED","6.5000000000000000E+00","L",<NULL>,<NULL>,<NULL>,<NULL>,<NULL>
"Q","TIGHTENED","1.0000000000000000E+01","K",<NULL>,<NULL>,<NULL>,<NULL>,<NULL>
"Q","TIGHTENED","1.5000000000000000E+01","J",<NULL>,<NULL>,<NULL>,<NULL>,<NULL>
"Q","TIGHTENED","2.5000000000000000E+01","H",<NULL>,<NULL>,<NULL>,<NULL>,<NULL>
"Q","TIGHTENED","4.0000000000000000E+01","G",<NULL>,<NULL>,<NULL>,<NULL>,<NULL>
"Q","TIGHTENED","6.5000000000000000E+01","F",<NULL>,<NULL>,<NULL>,<NULL>,<NULL>
"Q","TIGHTENED","1.0000000000000000E+02","E",<NULL>,<NULL>,<NULL>,<NULL>,<NULL>
"Q","TIGHTENED","1.5000000000000000E+02","E",<NULL>,<NULL>,<NULL>,<NULL>,<NULL>
"Q","TIGHTENED","2.5000000000000000E+02","E",<NULL>,<NULL>,<NULL>,<NULL>,<NULL>
"Q","TIGHTENED","4.0000000000000000E+02","D",<NULL>,<NULL>,<NULL>,<NULL>,<NULL>
"Q","TIGHTENED","6.5000000000000000E+02","C",<NULL>,<NULL>,<NULL>,<NULL>,<NULL>
"Q","TIGHTENED","1.0000000000000000E+03","B",<NULL>,<NULL>,<NULL>,<NULL>,<NULL>
"R","NORMAL","1.0000000000000000E-02","Q",<NULL>,<NULL>,<NULL>,<NULL>,<NULL>
"R","NORMAL","1.5000000000000000E-02","P",<NULL>,<NULL>,<NULL>,<NULL>,<NULL>
"R","NORMAL","2.5000000000000000E-02",<NULL>,"1250","0","2","1","2"
"R","NORMAL","4.0000000000000000E-02",<NULL>,"1250","0","3","3","4"
"R","NORMAL","6.5000000000000000E-02",<NULL>,"1250","1","4","4","5"
"R","NORMAL","1.0000000000000000E-01",<NULL>,"1250","2","5","6","7"
"R","NORMAL","1.5000000000000000E-01",<NULL>,"1250","3","7","8","9"
"R","NORMAL","2.5000000000000000E-01",<NULL>,"1250","5","9","12","13"
"R","NORMAL","4.0000000000000000E-01",<NULL>,"1250","7","11","18","19"
"R","NORMAL","6.5000000000000000E-01",<NULL>,"1250","11","16","26","27"
"R","NORMAL","1.0000000000000000E+00","Q",<NULL>,<NULL>,<NULL>,<NULL>,<NULL>
"R","NORMAL","1.5000000000000000E+00","P",<NULL>,<NULL>,<NULL>,<NULL>,<NULL>
"R","NORMAL","2.5000000000000000E+00","N",<NULL>,<NULL>,<NULL>,<NULL>,<NULL>
"R","NORMAL","4.0000000000000000E+00","M",<NULL>,<NULL>,<NULL>,<NULL>,<NULL>
"R","NORMAL","6.5000000000000000E+00","L",<NULL>,<NULL>,<NULL>,<NULL>,<NULL>
"R","NORMAL","1.0000000000000000E+01","K",<NULL>,<NULL>,<NULL>,<NULL>,<NULL>
"R","NORMAL","1.5000000000000000E+01","J",<NULL>,<NULL>,<NULL>,<NULL>,<NULL>
"R","NORMAL","2.5000000000000000E+01","H",<NULL>,<NULL>,<NULL>,<NULL>,<NULL>
"R","NORMAL","4.0000000000000000E+01","G",<NULL>,<NULL>,<NULL>,<NULL>,<NULL>
"R","NORMAL","6.5000000000000000E+01","F",<NULL>,<NULL>,<NULL>,<NULL>,<NULL>
"R","NORMAL","1.0000000000000000E+02","E",<NULL>,<NULL>,<NULL>,<NULL>,<NULL>
"R","NORMAL","1.5000000000000000E+02","E",<NULL>,<NULL>,<NULL>,<NULL>,<NULL>
"R","NORMAL","2.5000000000000000E+02","E",<NULL>,<NULL>,<NULL>,<NULL>,<NULL>
"R","NORMAL","4.0000000000000000E+02","D",<NULL>,<NULL>,<NULL>,<NULL>,<NULL>
"R","NORMAL","6.5000000000000000E+02","C",<NULL>,<NULL>,<NULL>,<NULL>,<NULL>
"R","NORMAL","1.0000000000000000E+03","B",<NULL>,<NULL>,<NULL>,<NULL>,<NULL>
"R","REDUCED","1.0000000000000000E-02","Q",<NULL>,<NULL>,<NULL>,<NULL>,<NULL>
"R","REDUCED","1.5000000000000000E-02","P",<NULL>,<NULL>,<NULL>,<NULL>,<NULL>
"R","REDUCED","2.5000000000000000E-02",<NULL>,"500","0","2","0","2"
"R","REDUCED","4.0000000000000000E-02",<NULL>,"500","0","3","0","4"
"R","REDUCED","6.5000000000000000E-02",<NULL>,"500","0","4","1","5"
"R","REDUCED","1.0000000000000000E-01",<NULL>,"500","0","4","3","6"
"R","REDUCED","1.5000000000000000E-01",<NULL>,"500","1","5","4","7"
"R","REDUCED","2.5000000000000000E-01",<NULL>,"500","2","7","6","9"
"R","REDUCED","4.0000000000000000E-01",<NULL>,"500","3","8","8","12"
"R","REDUCED","6.5000000000000000E-01",<NULL>,"500","5","10","12","16"
"R","REDUCED","1.0000000000000000E+00","Q",<NULL>,<NULL>,<NULL>,<NULL>,<NULL>
"R","REDUCED","1.5000000000000000E+00","P",<NULL>,<NULL>,<NULL>,<NULL>,<NULL>
"R","REDUCED","2.5000000000000000E+00","N",<NULL>,<NULL>,<NULL>,<NULL>,<NULL>
"R","REDUCED","4.0000000000000000E+00","M",<NULL>,<NULL>,<NULL>,<NULL>,<NULL>
"R","REDUCED","6.5000000000000000E+00","L",<NULL>,<NULL>,<NULL>,<NULL>,<NULL>
"R","REDUCED","1.0000000000000000E+01","K",<NULL>,<NULL>,<NULL>,<NULL>,<NULL>
"R","REDUCED","1.5000000000000000E+01","J",<NULL>,<NULL>,<NULL>,<NULL>,<NULL>
"R","REDUCED","2.5000000000000000E+01","H",<NULL>,<NULL>,<NULL>,<NULL>,<NULL>
"R","REDUCED","4.0000000000000000E+01","G",<NULL>,<NULL>,<NULL>,<NULL>,<NULL>
"R","REDUCED","6.5000000000000000E+01","F",<NULL>,<NULL>,<NULL>,<NULL>,<NULL>
"R","REDUCED","1.0000000000000000E+02","E",<NULL>,<NULL>,<NULL>,<NULL>,<NULL>
"R","REDUCED","1.5000000000000000E+02","E",<NULL>,<NULL>,<NULL>,<NULL>,<NULL>
"R","REDUCED","2.5000000000000000E+02","E",<NULL>,<NULL>,<NULL>,<NULL>,<NULL>
"R","REDUCED","4.0000000000000000E+02","D",<NULL>,<NULL>,<NULL>,<NULL>,<NULL>
"R","REDUCED","6.5000000000000000E+02","C",<NULL>,<NULL>,<NULL>,<NULL>,<NULL>
"R","REDUCED","1.0000000000000000E+03","B",<NULL>,<NULL>,<NULL>,<NULL>,<NULL>
"R","TIGHTENED","1.0000000000000000E-02",<NULL>,"2000","0","1",<NULL>,<NULL>
"R","TIGHTENED","1.5000000000000000E-02","Q",<NULL>,<NULL>,<NULL>,<NULL>,<NULL>
"R","TIGHTENED","2.5000000000000000E-02","S",<NULL>,<NULL>,<NULL>,<NULL>,<NULL>
"R","TIGHTENED","4.0000000000000000E-02",<NULL>,"1250","0","2","1","2"
"R","TIGHTENED","6.5000000000000000E-02",<NULL>,"1250","0","3","3","4"
"R","TIGHTENED","1.0000000000000000E-01",<NULL>,"1250","1","4","4","5"
"R","TIGHTENED","1.5000000000000000E-01",<NULL>,"1250","2","5","6","7"
"R","TIGHTENED","2.5000000000000000E-01",<NULL>,"1250","3","7","11","12"
"R","TIGHTENED","4.0000000000000000E-01",<NULL>,"1250","6","10","15","16"
"R","TIGHTENED","6.5000000000000000E-01",<NULL>,"1250","9","14","23","24"
"R","TIGHTENED","1.0000000000000000E+00","Q",<NULL>,<NULL>,<NULL>,<NULL>,<NULL>
"R","TIGHTENED","1.5000000000000000E+00","P",<NULL>,<NULL>,<NULL>,<NULL>,<NULL>
"R","TIGHTENED","2.5000000000000000E+00","N",<NULL>,<NULL>,<NULL>,<NULL>,<NULL>
"R","TIGHTENED","4.0000000000000000E+00","M",<NULL>,<NULL>,<NULL>,<NULL>,<NULL>
"R","TIGHTENED","6.5000000000000000E+00","L",<NULL>,<NULL>,<NULL>,<NULL>,<NULL>
"R","TIGHTENED","1.0000000000000000E+01","K",<NULL>,<NULL>,<NULL>,<NULL>,<NULL>
"R","TIGHTENED","1.5000000000000000E+01","J",<NULL>,<NULL>,<NULL>,<NULL>,<NULL>
"R","TIGHTENED","2.5000000000000000E+01","H",<NULL>,<NULL>,<NULL>,<NULL>,<NULL>
"R","TIGHTENED","4.0000000000000000E+01","G",<NULL>,<NULL>,<NULL>,<NULL>,<NULL>
"R","TIGHTENED","6.5000000000000000E+01","F",<NULL>,<NULL>,<NULL>,<NULL>,<NULL>
"R","TIGHTENED","1.0000000000000000E+02","E",<NULL>,<NULL>,<NULL>,<NULL>,<NULL>
"R","TIGHTENED","1.5000000000000000E+02","E",<NULL>,<NULL>,<NULL>,<NULL>,<NULL>
"R","TIGHTENED","2.5000000000000000E+02","E",<NULL>,<NULL>,<NULL>,<NULL>,<NULL>
"R","TIGHTENED","4.0000000000000000E+02","D",<NULL>,<NULL>,<NULL>,<NULL>,<NULL>
"R","TIGHTENED","6.5000000000000000E+02","C",<NULL>,<NULL>,<NULL>,<NULL>,<NULL>
"R","TIGHTENED","1.0000000000000000E+03","B",<NULL>,<NULL>,<NULL>,<NULL>,<NULL>
"S","TIGHTENED","2.5000000000000000E-02",<NULL>,"2000","0","2","1","2"
