﻿STOCK
IDENTITY,NAME,DESCRIPTION,GROUP_ID,STOCK_TYPE,OPERATOR_ID,DEFAULT_LOCATION,STOCK_BATCH_LABEL_TEMPLATE,SUBSTANCE,TRACK_INVENTORY,TARGET_AMOUNT,INVENTORY_UNIT,PREFERRED_SUPPLIER,PREFERRED_ORDER_AMOUNT,PREFERRED_ORDER_UNIT,SHELF_LIFE,REORDER_ON_SHELF_LIFE,REORDER_AMOUNT,REORDER_ON_AMOUNT,REORDER_PERCENTAGE,REORDER_ON_PERCENTAGE,REORDER_UNIT,MODIFIABLE,REMOVEFLAG,STANDARD
20,100,234,10,10,10,50,10,10,1,10,40,20,10,40,16,1,10,1,10,1,40,1,1,10
                      36
"448269","448269","Clenbuterol hydrochloride",,"C",,,,,"TRUE","0.0000000000000000E+00",,,"0.0000000000000000E+00",,,"FALSE","0.0000000000000000E+00","FALSE","0.0000000000000000E+00","FALSE",,"TRUE","FALSE",
"AEROSIL","Aerosil","Aerosil",,"M","CHRIS","WH_01",,,"FALSE","2.0000000000000000E+02","kg","THERMO","1.2000000000000000E+02","kg",,"FALSE","0.0000000000000000E+00","FALSE","5.0000000000000000E+01","TRUE","kg","TRUE","TRUE",
"ATP","Aluminum dihydrogen tripolyphosphate","Aluminum dihydrogen tripolyphosphate",,"M","CHRIS","WH_02",,,"FALSE","2.0000000000000000E+02","l","THERMO","2.0000000000000000E+01","l","127 00:00:00.00","TRUE","0.0000000000000000E+00","FALSE","0.0000000000000000E+00","FALSE","l","TRUE","TRUE",
"BASO4","Barium sulphate","Barium sulphate",,"M","CHRIS","WH_02",,,"FALSE","4.0000000000000000E+02","l","THERMO","3.0000000000000000E+01","l",,"FALSE","5.0000000000000000E+01","TRUE","0.0000000000000000E+00","FALSE","l","TRUE","TRUE",
"BENZIL","Photo initiator (Benzil)","Photo initiator (Benzil)",,"M","CHRIS","WH_01",,,"FALSE","2.0000000000000000E+02","l","THERMO","1.9000000000000000E+02","l",,"FALSE","0.0000000000000000E+00","FALSE","4.5000000000000000E+00","TRUE","l","TRUE","TRUE",
"C4H2O3","Maleic anhydride","Maleic anhydride",,"M","CHRIS","WH_01",,,"FALSE","2.0000000000000000E+02","kg","THERMO","1.1000000000000000E+02","kg",,"FALSE","0.0000000000000000E+00","FALSE","5.0000000000000000E+01","TRUE","kg","TRUE","TRUE",
"C6H12","Cyclohexane","Cyclohexane",,"R","CHRIS","WH_02",,"C6H12","FALSE","4.0000000000000000E+02","l","THERMO","3.0000000000000000E+01","l","125 00:00:00.00","TRUE","0.0000000000000000E+00","FALSE","0.0000000000000000E+00","FALSE","l","TRUE","FALSE",
"C7H14","Methyl cyclohexane","Methyl cyclohexane",,"M","CHRIS","WH_02",,,"FALSE","9.0000000000000000E+02","l","THERMO","5.0000000000000000E+01","l","127 00:00:00.00","TRUE","0.0000000000000000E+00","FALSE","0.0000000000000000E+00","FALSE","l","TRUE","TRUE",
"C8H16","Ethyl cyclohexane","Ethyl cyclohexane",,"M","CHRIS","WH_02",,,"FALSE","1.0000000000000000E+03","l","THERMO","4.0000000000000000E+01","l","126 00:00:00.00","TRUE","0.0000000000000000E+00","FALSE","0.0000000000000000E+00","FALSE","l","TRUE","TRUE",
"DBE-IB","Dibasic acid ester","Dibasic acid ester",,"M","CHRIS","WH_02",,,"FALSE","9.0000000000000000E+02","l","THERMO","4.0000000000000000E+01","l","127 00:00:00.00","TRUE","0.0000000000000000E+00","FALSE","0.0000000000000000E+00","FALSE","l","TRUE","TRUE",
"DMC","Dimethyl carbonate","Dimethyl carbonate",,"M","CHRIS","WH_02",,,"FALSE","4.0000000000000000E+02","l","THERMO","3.0000000000000000E+01","l","127 00:00:00.00","TRUE","0.0000000000000000E+00","FALSE","0.0000000000000000E+00","FALSE","l","TRUE","TRUE",
"ETHANOL","Ethanol","Ethanol",,"R","BETTY","HOOD_01",,"C2H6O","TRUE","1.0000000000000000E+02","cl","FISHER","1.0000000000000000E+00","l",,"FALSE","2.0000000000000000E+01","TRUE","0.0000000000000000E+00","FALSE","cl","TRUE","FALSE",
"FEO","Iron oxide","Iron oxide",,"M","CHRIS","WH_01",,,"FALSE","2.0000000000000000E+02","l","THERMO","1.6000000000000000E+02","l",,"FALSE","0.0000000000000000E+00","FALSE","4.5000000000000000E+00","TRUE","l","TRUE","TRUE",
"HOMBITAN-R210","Hombitan R210","Hombitan R210",,"M","CHRIS","WH_01",,,"FALSE","2.0000000000000000E+02","kg","THERMO","1.5000000000000000E+02","kg",,"FALSE","0.0000000000000000E+00","FALSE","4.5000000000000000E+00","TRUE","kg","TRUE","FALSE",
"HOMBITAN-R611","Hombitan R611","Hombitan R611",,"M","CHRIS","WH_01",,,"FALSE","2.0000000000000000E+02","kg","THERMO","1.4000000000000000E+02","kg",,"FALSE","0.0000000000000000E+00","FALSE","5.0000000000000000E+01","TRUE","kg","TRUE","FALSE",
"LINSEED","Linseed Oil","Linseed Oil",,"R","CHRIS","WH_01",,,"TRUE","2.0000000000000000E+02","l","FISHER","1.0000000000000000E+00","l",,"FALSE","1.0000000000000000E+00","TRUE","0.0000000000000000E+00","FALSE","l","TRUE","TRUE",
"MELAMINE","Melamine","Melamine",,"M","CHRIS","WH_01",,,"FALSE","2.0000000000000000E+02","kg","THERMO","1.0000000000000000E+02","kg",,"FALSE","4.0000000000000000E+01","TRUE","0.0000000000000000E+00","FALSE","kg","TRUE","TRUE",
"NANOIRON","Transparent iron oxide (nano iron)","Transparent iron oxide (nano iron)",,"M","CHRIS","WH_02",,,"FALSE","6.0000000000000000E+02","kg","THERMO","5.0000000000000000E+01","kg",,"FALSE","4.0000000000000000E+01","TRUE","0.0000000000000000E+00","FALSE","kg","TRUE","TRUE",
"N-C40","n-Tetracontane (n-C40)","n-Tetracontane (n-C40)",,"R","CHRIS","WH_01",,,"FALSE","1.0000000000000000E+03","l","FISHER","5.0000000000000000E+01","l",,"FALSE","0.0000000000000000E+00","FALSE","5.0000000000000000E+01","TRUE","l","TRUE","TRUE",
"N-C7","n-Heptane (n-C7)","n-Heptane (n-C7)",,"R","CHRIS","WH_01",,,"FALSE","1.0000000000000000E+03","l","FISHER","5.0000000000000000E+01","l",,"FALSE","0.0000000000000000E+00","FALSE","5.0000000000000000E+01","TRUE","l","TRUE","TRUE",
"NMP","N - methyl pyrrolidone","N - methyl pyrrolidone",,"M","CHRIS","WH_02",,,"FALSE","9.0000000000000000E+02","l","THERMO","5.0000000000000000E+01","l","127 00:00:00.00","TRUE","0.0000000000000000E+00","FALSE","0.0000000000000000E+00","FALSE","l","TRUE","TRUE",
"N-PENTANE","n-Pentane","n-Pentane",,"R","CHRIS","WH_01",,,"FALSE","1.0000000000000000E+03","l","FISHER","5.0000000000000000E+01","l",,"FALSE","0.0000000000000000E+00","FALSE","5.0000000000000000E+01","TRUE","l","TRUE","TRUE",
"OCTOATE","Calcium Octoate","Calcium Octoate",,"M","CHRIS","WH_01",,,"FALSE","2.0000000000000000E+02","l","THERMO","1.8000000000000000E+02","l",,"FALSE","0.0000000000000000E+00","FALSE","4.5000000000000000E+00","TRUE","l","TRUE","TRUE",
"PENTAERYTHRITOL","Pentaerythritol","Pentaerythritol",,"R","CHRIS","WH_01",,"PENTAERYTH","TRUE","1.0000000000000000E+03","kg","THERMO","8.0000000000000000E+01","kg",,"FALSE","2.6000000000000000E+01","TRUE","0.0000000000000000E+00","FALSE","kg","TRUE","TRUE",
"PETROLEUM","Petroleum","Petroleum",,"R","CHRIS","WH_01",,,"TRUE","4.0000000000000000E+02","l","FISHER","5.0000000000000000E+00",,,"FALSE","5.0000000000000000E+00","TRUE","0.0000000000000000E+00","FALSE","l","TRUE","TRUE",
"PHTHALIC_AN","Phthalic anhydride, grade A, top quality","Phthalic anhydride, grade A, top quality",,"M","CHRIS","WH_01",,,"FALSE","1.0000000000000000E+03","kg","THERMO","9.0000000000000000E+01","kg",,"FALSE","3.0000000000000000E+01","TRUE","0.0000000000000000E+00","FALSE","kg","TRUE","TRUE",
"PROXEL","1,2 Benzisothiazolin-3-one","1,2 Benzisothiazolin-3-one",,"R","CHRIS","WH_01",,"PROXEL","FALSE","2.0000000000000000E+02","l","THERMO","1.7000000000000000E+02","l",,"FALSE","0.0000000000000000E+00","FALSE","4.5000000000000000E+00","TRUE","l","TRUE","TRUE",
"SALT","Industrial grade salt","Industrial grade salt",,"M","CHRIS","WH_01",,,"FALSE","2.0000000000000000E+02","kg","THERMO","1.9000000000000000E+02","kg",,"FALSE","0.0000000000000000E+00","FALSE","4.5000000000000000E+00","TRUE","kg","TRUE","TRUE",
"SILICA","Fumed silica","Fumed silica",,"M","CHRIS","WH_02",,,"FALSE","1.0000000000000000E+03","l","THERMO","4.0000000000000000E+01","l",,"FALSE","3.0000000000000000E+01","TRUE","0.0000000000000000E+00","FALSE","l","TRUE","TRUE",
"SO2","Sulphur Dioxide","Sulphur Dioxide",,"R","CHRIS","WH_01",,,"TRUE","4.0000000000000000E+02","kg","FISHER","5.0000000000000000E+00","kg",,"FALSE","5.0000000000000000E+00","TRUE","0.0000000000000000E+00","FALSE","kg","TRUE","TRUE",
"TC_QC","Total Cobalt QC","Total Cobalt QC standards  25  & 50",,"C",,,,,"TRUE","1.0000000000000000E+02","mL",,"1.0000000000000000E+02","mL","28 00:00:00.00","TRUE","1.0000000000000000E+01","TRUE","0.0000000000000000E+00","FALSE","mL","TRUE","FALSE","TC_QC50"
"TIO2","Titanium dioxide","Titanium dioxide",,"M","CHRIS","WH_01",,,"TRUE","2.0000000000000000E+02","kg","THERMO","1.3000000000000000E+02","kg",,"FALSE","0.0000000000000000E+00","FALSE","5.0000000000000000E+01","TRUE","kg","TRUE","FALSE",
"WATER_DI","De-ionised water","De-ionised water",,"R","CHRIS","WH_01",,,"FALSE","2.0000000000000000E+02","l","THERMO","1.9000000000000000E+02","l",,"FALSE","0.0000000000000000E+00","FALSE","4.5000000000000000E+00","TRUE","l","TRUE","FALSE",
"WATER_TRADE","Standard water","Standard water",,"M","CHRIS","WH_01",,,"FALSE","6.0000000000000000E+02","l","THERMO","5.0000000000000000E+00","l",,"FALSE","0.0000000000000000E+00","FALSE","4.5000000000000000E+00","TRUE","l","TRUE","TRUE",
"ZNO","Zinc oxide","Zinc oxide",,"M","CHRIS","WH_02",,,"FALSE","1.0000000000000000E+03","kg","THERMO","6.0000000000000000E+01","kg",,"FALSE","5.0000000000000000E+01","TRUE","0.0000000000000000E+00","FALSE","kg","TRUE","TRUE",
"ZNPHOS","Zinc phosphate","Zinc phosphate",,"M","CHRIS","WH_02",,,"FALSE","1.2000000000000000E+03","kg","THERMO","7.0000000000000000E+01","kg",,"FALSE","2.0000000000000000E+01","TRUE","0.0000000000000000E+00","FALSE","kg","TRUE","TRUE",
