﻿STOCK_BATCH
STOCK,STOCK_BATCH,STOCK_BATCH_ID,STOCK_ORDER,SOURCE_STOCK_BATCH_ID,STATUS,DESCRIPTION,LOCATION,SUPPLIER,BATCH,EXPIRY_DATE,INITIAL_AMOUNT,UNIT,DATE_CREATED,CREATED_BY,REMOVEFLAG,STANDARD_ID,STANDARD_VERSION
20,10,31,10,31,10,234,50,20,78,32,10,40,32,10,1,10,10
                      54
"AEROSIL","1","AEROSIL/1","0",,"V","Aerosil","WH_01","FISHER","BX0009", ,"1.2000000000000000E+02","kg"," 25-08-2014 10:30:41.00","SYSTEM","TRUE",,"0"
"AEROSIL","2","AEROSIL/2","4",,"V","Aerosil","WH_01","FISHER",, ,"5.0000000000000000E+00","kg"," 25-08-2014 10:36:43.00","SYSTEM","TRUE",,"0"
"ATP","1","ATP/1","23",,"V","Aluminum dihydrogen tripolyphosphate","WH_02","FISHER","BX7447", ,"2.0000000000000000E+01","l"," 25-08-2014 10:43:23.00","SYSTEM","TRUE",,"0"
"BASO4","1","BASO4/1","23",,"V","Barium sulphate","WH_02","FISHER","BX9569", ,"3.0000000000000000E+01","l"," 25-08-2014 10:43:23.00","SYSTEM","TRUE",,"0"
"BASO4","2","BASO4/2","25",,"V","Barium sulphate","WH_02","FISHER",, ,"6.0000000000000000E+01","l"," 25-08-2014 11:06:12.00","SYSTEM","TRUE",,"0"
"BENZIL","1","BENZIL/1","20",,"V","Photo initiator (Benzil)","WH_01",,, ,"1.0000000000000000E+01","l"," 03-05-2014 14:33:43.00","SYSTEM","TRUE",,"0"
"C4H2O3","1","C4H2O3/1","24",,"V","Maleic anhydride","WH_01","FISHER",, ,"1.1000000000000000E+02","kg"," 25-08-2014 10:53:45.00","SYSTEM","TRUE",,"0"
"C6H12","1","C6H12/1","0",,"V","Cyclohexane","WH_02",,"BX 34", ,"3.0000000000000000E+01","l"," 03-05-2014 14:50:49.00","SYSTEM","FALSE",,"0"
"C6H12","2","C6H12/2","15",,"V","Cyclohexane","WH_02",,"BX059", ,"5.0000000000000000E+00","l"," 03-05-2014 15:15:50.00","SYSTEM","TRUE",,"0"
"C6H12","3","C6H12/3","28",,"V","Cyclohexane","WH_02","FISHER",, ,"5.0000000000000000E+02","l"," 15-08-2019 14:04:53.52","KATHLEEN","FALSE",,"0"
"C7H14","1","C7H14/1","25",,"V","Methyl cyclohexane","WH_02","FISHER",, ,"5.0000000000000000E+01","l"," 25-08-2014 11:06:12.00","SYSTEM","TRUE",,"0"
"C8H16","1","C8H16/1","23",,"V","Ethyl cyclohexane","WH_02","FISHER","BXj909", ,"4.0000000000000000E+01","l"," 25-08-2014 10:43:23.00","SYSTEM","TRUE",,"0"
"C8H16","2","C8H16/2","25",,"V","Ethyl cyclohexane","WH_02","FISHER",, ,"4.0000000000000000E+01","l"," 25-08-2014 11:06:12.00","SYSTEM","TRUE",,"0"
"DBE-IB","2","DBE-IB/2","25",,"V","Dibasic acid ester","WH_02","FISHER",, ,"4.0000000000000000E+01","l"," 25-08-2014 11:06:12.00","SYSTEM","TRUE",,"0"
"DBE-IB","1","DBE-IB/1","24",,"V","Dibasic acid ester","WH_02","FISHER",, ,"4.0000000000000000E+01","l"," 25-08-2014 10:53:45.00","SYSTEM","TRUE",,"0"
"DMC","1","DMC/1","25",,"V","Dimethyl carbonate","WH_02","FISHER",, ,"4.0000000000000000E+01","l"," 25-08-2014 11:06:12.00","SYSTEM","TRUE",,"0"
"ETHANOL","5","ETHANOL/5","28",,"V","Ethanol","HOOD_01","FISHER",, ,"1.0000000000000000E+04","cl"," 15-08-2019 14:04:53.52","KATHLEEN","FALSE",,"0"
"ETHANOL","1","ETHANOL/1","0",,"C","Ethanol","HOOD_01","FISHER","1231242132", ,"1.0000000000000000E+00","l"," 15-08-2019 13:46:30.37","HODYT","FALSE",,"0"
"ETHANOL","2","ETHANOL/2","26",,"V","Ethanol","BENCH_01","FISHER",, ,"2.0000000000000000E+02","cl"," 15-08-2019 13:52:22.49","HODYT","FALSE",,"0"
"ETHANOL","3","ETHANOL/3","26",,"V","Ethanol","LAB_01","FISHER",, ,"1.0000000000000000E+02","cl"," 15-08-2019 13:52:22.49","HODYT","FALSE",,"0"
"ETHANOL","4","ETHANOL/4","0","ETHANOL/2","V","Ethanol","HOOD_01","FISHER",, ,"1.0000000000000000E+02","cl"," 15-08-2019 13:55:25.75","HODYT","FALSE",,"0"
"FEO","1","FEO/1","24",,"V","Iron oxide","WH_01","FISHER",, ,"1.6000000000000000E+02","l"," 25-08-2014 10:53:45.00","SYSTEM","TRUE",,"0"
"HOMBITAN-R210","1","HOMBITAN-R210/1","24",,"V","Hombitan R210","WH_01","FISHER",, ,"1.5000000000000000E+02","kg"," 25-08-2014 10:53:45.00","SYSTEM","FALSE",,"0"
"HOMBITAN-R611","1","HOMBITAN-R611/1","25",,"V","Hombitan R611","WH_01","FISHER",, ,"1.4000000000000000E+02","kg"," 25-08-2014 11:06:12.00","SYSTEM","FALSE",,"0"
"HOMBITAN-R611","2","HOMBITAN-R611/2","28",,"V","Hombitan R611","WH_01","FISHER",, ,"4.0000000000000000E+00","kg"," 15-08-2019 14:04:53.52","KATHLEEN","FALSE",,"0"
"LINSEED","1","LINSEED/1","23",,"V","Linseed Oil","WH_01","FISHER","BX00087", ,"0.0000000000000000E+00","l"," 25-08-2014 10:43:24.00","SYSTEM","TRUE",,"0"
"MELAMINE","1","MELAMINE/1","11",,"V","Melamine","WH_01",,, ,"5.0000000000000000E+00","kg"," 03-05-2014 14:33:05.00","SYSTEM","TRUE",,"0"
"MELAMINE","2","MELAMINE/2","25",,"V","Melamine","WH_01","FISHER",, ,"1.0000000000000000E+02","kg"," 25-08-2014 11:06:12.00","SYSTEM","TRUE",,"0"
"NANOIRON","1","NANOIRON/1","25",,"V","Transparent iron oxide (nano iron)","WH_02","FISHER",, ,"5.0000000000000000E+01","kg"," 25-08-2014 11:06:12.00","SYSTEM","TRUE",,"0"
"NMP","1","NMP/1","25",,"V","N - methyl pyrrolidone","WH_02","FISHER",, ,"7.0000000000000000E+01","l"," 25-08-2014 11:06:12.00","SYSTEM","TRUE",,"0"
"OCTOATE","1","OCTOATE/1","24",,"V","Calcium Octoate","WH_01","FISHER",, ,"1.8000000000000000E+02","l"," 25-08-2014 10:53:45.00","SYSTEM","TRUE",,"0"
"PENTAERYTHRITOL","1","PENTAERYTHRITOL/1","23",,"V","Pentaerythritol","WH_01",,"BX858", ,"5.0000000000000000E+00","kg"," 03-05-2014 14:56:21.00","SYSTEM","TRUE",,"0"
"PETROLEUM","1","PETROLEUM/1","24",,"V","Petroleum","WH_01","FISHER",, ,"9.0000000000000000E+01","l"," 25-08-2014 10:53:45.00","SYSTEM","TRUE",,"0"
"PHTHALIC_AN","1","PHTHALIC_AN/1","25",,"V","Phthalic anhydride, grade A, top quality","WH_01","FISHER",, ,"9.0000000000000000E+01","kg"," 25-08-2014 11:06:12.00","SYSTEM","FALSE",,"0"
"PHTHALIC_AN","2","PHTHALIC_AN/2","28",,"V","Phthalic anhydride, grade A, top quality","WH_01","FISHER",, ,"1.0000000000000000E+01","kg"," 15-08-2019 14:04:53.54","KATHLEEN","FALSE",,"0"
"PROXEL","1","PROXEL/1","0",,"V","1,2 Benzisothiazolin-3-one","WH_01","FISHER","BX3478", ,"1.7000000000000000E+02","l"," 25-08-2014 09:21:57.00","SYSTEM","TRUE",,"0"
"SALT","1","SALT/1","24",,"V","Industrial grade salt","WH_01","FISHER",, ,"1.9000000000000000E+02","kg"," 25-08-2014 10:53:45.00","SYSTEM","TRUE",,"0"
"SILICA","2","SILICA/2","25",,"V","Fumed silica","WH_02","FISHER",, ,"1.0000000000000000E+02","l"," 25-08-2014 11:06:12.00","SYSTEM","TRUE",,"0"
"SILICA","1","SILICA/1","24",,"V","Fumed silica","WH_02","FISHER",, ,"4.0000000000000000E+01","l"," 25-08-2014 10:53:45.00","SYSTEM","TRUE",,"0"
"SO2","1","SO2/1","24",,"V","Sulphur Dioxide","WH_01","FISHER",, ,"5.0000000000000000E+01","kg"," 25-08-2014 10:53:45.00","SYSTEM","TRUE",,"0"
"TC_QC","1","TC_QC/1","0",,"V","Total Cobalt QC standards  25  & 50",,,"QNP70"," 26-12-2019 00:00:00.00","1.0000000000000000E+02","mL"," 26-09-2019 16:36:30.64","GARYW","FALSE","TC_QC50","1"
"TIO2","2","TIO2/2","28",,"V","Titanium dioxide","WH_01","FISHER",, ,"4.0000000000000000E+00","kg"," 15-08-2019 14:04:53.52","KATHLEEN","FALSE",,"0"
"TIO2","1","TIO2/1","24",,"V","Titanium dioxide","WH_01","FISHER",, ,"1.3000000000000000E+02","kg"," 25-08-2014 10:53:45.00","SYSTEM","FALSE",,"0"
"WATER_DI","3","WATER_DI/3","22",,"V","De-ionised water","WH_01",,"BX5076", ,"5.0000000000000000E+00","l"," 03-05-2014 14:34:07.00","SYSTEM","FALSE",,"0"
"WATER_DI","1","WATER_DI/1","0",,"V","De-ionised water","WH_01",,"Bx 01122009-01"," 27-06-2014 00:00:00.00","1.9000000000000000E+02","l"," 30-04-2014 10:01:54.00","SYSTEM","FALSE",,"0"
"WATER_DI","2","WATER_DI/2","0",,"C","De-ionised water","WH_01",,"Bx 01122009-02"," 25-07-2014 00:00:00.00","1.9000000000000000E+02","l"," 30-04-2014 10:30:40.00","SYSTEM","FALSE",,"0"
"WATER_TRADE","1","WATER_TRADE/1","0",,"X","Standard water","WH_01",,"Bx 3784589"," 22-08-2014 00:00:00.00","1.9000000000000000E+02","l"," 30-04-2014 10:32:07.00","SYSTEM","TRUE",,"0"
"WATER_TRADE","2","WATER_TRADE/2","1",,"V","Standard water","WH_01",,"7893456", ,"4.0000000000000000E+02","l"," 03-05-2014 10:48:04.00","SYSTEM","TRUE",,"0"
"WATER_TRADE","3","WATER_TRADE/3","21",,"V","Standard water","WH_01",,"BX 4857", ,"1.0000000000000000E+01","l"," 03-05-2014 14:52:32.00","SYSTEM","FALSE",,"0"
"ZNO","1","ZNO/1","14",,"V","Zinc oxide","WH_02",,"BX 967", ,"1.0000000000000000E+01","kg"," 03-05-2014 15:15:32.00","SYSTEM","TRUE",,"0"
"ZNO","2","ZNO/2","24",,"V","Zinc oxide","WH_02","FISHER",, ,"6.0000000000000000E+01","kg"," 25-08-2014 10:53:45.00","SYSTEM","TRUE",,"0"
"ZNO","4","ZNO/4","28",,"V","Zinc oxide","WH_02","FISHER",, ,"1.0000000000000000E+01","kg"," 15-08-2019 14:04:53.54","KATHLEEN","FALSE",,"0"
"ZNO","3","ZNO/3","25",,"V","Zinc oxide","WH_02","FISHER",, ,"6.0000000000000000E+01","kg"," 25-08-2014 11:06:12.00","SYSTEM","TRUE",,"0"
"ZNPHOS","1","ZNPHOS/1","24",,"V","Zinc phosphate","WH_02","FISHER",, ,"7.0000000000000000E+01","kg"," 25-08-2014 10:53:45.00","SYSTEM","TRUE",,"0"
