﻿SUBSTANCE_GHS_PRECAUTIONARY
SUBSTANCE,ORDER_NUMBER,PRECAUTION
10,10,10
                      40
"BLOOD","1","P301+310"
"BLOOD","2","P330"
"BLOOD","3","P313"
"BLOOD","4","P302+352"
"BLOOD","5","P362"
"BLOOD","6","P304+340"
"BLOOD","7","P305+351+3"
"C2H6O","1","P210"
"C2H6O","2","P211"
"C2H6O","3","P233"
"C2H6O","4","P403"
"CAPSAICIN","1","P280"
"CAPSAICIN","2","P211"
"CAPSAICIN","3","P233"
"CAPSAICIN","4","P403"
"PLASMA","1","P301+310"
"PLASMA","2","P330"
"PLASMA","3","P313"
"PLASMA","4","P302+352"
"PLASMA","5","P362"
"PLASMA","6","P304+340"
"PLASMA","7","P305+351+3"
"SERUM","1","P301+310"
"SERUM","2","P330"
"SERUM","3","P313"
"SERUM","4","P302+352"
"SERUM","5","P362"
"SERUM","6","P304+340"
"SERUM","7","P305+351+3"
"STEROID","1","P280"
"STEROID","2","P211"
"STEROID","3","P233"
"STEROID","4","P403"
"URINE","1","P301+310"
"URINE","2","P330"
"URINE","3","P313"
"URINE","4","P302+352"
"URINE","5","P362"
"URINE","6","P304+340"
"URINE","7","P305+351+3"
