﻿TAB_OUTPUT_COLUMNS
IDENTITY,TABLE_NAME,FIELD_NAME,ORDER_NUMBER,USED,COLUMN_TITLE,WIDTH
20,30,30,10,1,20,10
                     114
"DEFAULT","SAMPLE","AUTHORISATION_NOTES","1","FALSE","Authorisation notes","20"
"DEFAULT","SAMPLE","AUTHORISER","2","FALSE","Authoriser","10"
"DEFAULT","SAMPLE","AUTO_VALIDATE","3","FALSE","Auto validate","1"
"DEFAULT","SAMPLE","BATCH_ID","4","FALSE","Batch id","20"
"DEFAULT","SAMPLE","BATCH_NAME","5","FALSE","Batch name","10"
"DEFAULT","SAMPLE","COMP_PROD_GRADE","8","FALSE","Comp prod grade","10"
"DEFAULT","SAMPLE","COMP_PROD_NAME","9","FALSE","Comp prod name","10"
"DEFAULT","SAMPLE","COMP_PROD_VER","10","FALSE","Comp prod ver","10"
"DEFAULT","SAMPLE","COMPARED","6","FALSE","Compared","1"
"DEFAULT","SAMPLE","COMPLETER","7","FALSE","Completer","10"
"DEFAULT","SAMPLE","CUSTOMER_ID","11","FALSE","Customer id","10"
"DEFAULT","SAMPLE","DATE_AUTHORISED","14","FALSE","Date authorised","11"
"DEFAULT","SAMPLE","DATE_COMPLETED","15","FALSE","Date completed","11"
"DEFAULT","SAMPLE","DATE_STARTED","16","FALSE","Date started","11"
"DEFAULT","SAMPLE","DATERESAVAIL","12","FALSE","Dateresavail","11"
"DEFAULT","SAMPLE","DATERESREQ","13","FALSE","Dateresreq","11"
"DEFAULT","SAMPLE","DESCRIPTION","17","FALSE","Description","20"
"DEFAULT","SAMPLE","DYNAMIC_PRODUCT","18","FALSE","Dynamic product","10"
"DEFAULT","SAMPLE","GRADE_CODE","19","FALSE","Grade code","10"
"DEFAULT","SAMPLE","HAS_INCIDENTS","20","FALSE","Has incidents","1"
"DEFAULT","SAMPLE","HAZARD","21","FALSE","Hazard","10"
"DEFAULT","SAMPLE","ID_NUMERIC","22","FALSE","Id numeric","10"
"DEFAULT","SAMPLE","ID_TEXT","23","FALSE","Id text","20"
"DEFAULT","SAMPLE","INSPECTION_HEADER","24","FALSE","Inspection header","10"
"DEFAULT","SAMPLE","INVOICE_NUMBER","25","FALSE","Invoice number","20"
"DEFAULT","SAMPLE","JOB_NAME","26","FALSE","Job name","20"
"DEFAULT","SAMPLE","LINK_NUMBER","27","FALSE","Link number","10"
"DEFAULT","SAMPLE","LOCATION_ID","28","FALSE","Location id","10"
"DEFAULT","SAMPLE","LOGIN_BY","29","FALSE","Login by","10"
"DEFAULT","SAMPLE","LOGIN_DATE","30","FALSE","Login date","11"
"DEFAULT","SAMPLE","OLD_STATUS","31","FALSE","Old status","1"
"DEFAULT","SAMPLE","ON_SPEC","32","FALSE","On spec","1"
"DEFAULT","SAMPLE","ON_WKS","33","FALSE","On wks","1"
"DEFAULT","SAMPLE","ORIGINAL_SAMPLE","34","FALSE","Original sample","10"
"DEFAULT","SAMPLE","PREPARATION","35","FALSE","Preparation","10"
"DEFAULT","SAMPLE","PRIORITY","36","FALSE","Priority","10"
"DEFAULT","SAMPLE","PRODUCT","37","FALSE","Product","10"
"DEFAULT","SAMPLE","PRODUCT_VERSION","38","FALSE","Product version","10"
"DEFAULT","SAMPLE","PROJECT_ID","39","FALSE","Project id","10"
"DEFAULT","SAMPLE","RE_SAMPLED","42","FALSE","Re sampled","1"
"DEFAULT","SAMPLE","RECD_DATE","40","FALSE","Recd date","11"
"DEFAULT","SAMPLE","REPLICATE_LINK_NO","41","FALSE","Replicate link no","10"
"DEFAULT","SAMPLE","SAMPLE_NAME","44","FALSE","Sample name","20"
"DEFAULT","SAMPLE","SAMPLE_TYPE","45","FALSE","Sample type","10"
"DEFAULT","SAMPLE","SAMPLED_DATE","43","FALSE","Sampled date","11"
"DEFAULT","SAMPLE","SAMPLING_POINT","46","FALSE","Sampling point","10"
"DEFAULT","SAMPLE","SAMPLING_PROCEDURE","47","FALSE","Sampling procedure","10"
"DEFAULT","SAMPLE","STANDARD","48","FALSE","Standard","1"
"DEFAULT","SAMPLE","STANDARD_ID","49","FALSE","Standard id","10"
"DEFAULT","SAMPLE","STANDARD_TYPE","50","FALSE","Standard type","10"
"DEFAULT","SAMPLE","STANDARD_VERSION","51","FALSE","Standard version","10"
"DEFAULT","SAMPLE","STARTER","52","FALSE","Starter","10"
"DEFAULT","SAMPLE","STATUS","53","FALSE","Status","1"
"DEFAULT","SAMPLE","TEMPLATE_ID","54","FALSE","Template id","10"
"DEFAULT","SAMPLE","TEST_SCHEDULE","56","FALSE","Test schedule","10"
"DEFAULT","SAMPLE","TESTS_TO_DO","55","FALSE","Tests to do","10"
"DEFAULT","SAMPLE","TOTAL_ELEMENTS","57","FALSE","Total elements","10"
"EXPLORER","SAMPLE","AUTHORISATION_NOTES","1","FALSE","Authorisation notes","20"
"EXPLORER","SAMPLE","AUTHORISER","2","FALSE","Authoriser","10"
"EXPLORER","SAMPLE","AUTO_VALIDATE","3","FALSE","Auto validate","1"
"EXPLORER","SAMPLE","BATCH_ID","4","FALSE","Batch id","20"
"EXPLORER","SAMPLE","BATCH_NAME","5","FALSE","Batch name","10"
"EXPLORER","SAMPLE","COMP_PROD_GRADE","8","FALSE","Comp prod grade","10"
"EXPLORER","SAMPLE","COMP_PROD_NAME","9","FALSE","Comp prod name","10"
"EXPLORER","SAMPLE","COMP_PROD_VER","10","FALSE","Comp prod ver","10"
"EXPLORER","SAMPLE","COMPARED","6","FALSE","Compared","1"
"EXPLORER","SAMPLE","COMPLETER","7","FALSE","Completer","10"
"EXPLORER","SAMPLE","CUSTOMER_ID","11","FALSE","Customer id","10"
"EXPLORER","SAMPLE","DATE_AUTHORISED","14","FALSE","Date authorised","11"
"EXPLORER","SAMPLE","DATE_COMPLETED","15","FALSE","Date completed","11"
"EXPLORER","SAMPLE","DATE_STARTED","16","FALSE","Date started","11"
"EXPLORER","SAMPLE","DATERESAVAIL","12","FALSE","Dateresavail","11"
"EXPLORER","SAMPLE","DATERESREQ","13","FALSE","Dateresreq","11"
"EXPLORER","SAMPLE","DESCRIPTION","17","FALSE","Description","20"
"EXPLORER","SAMPLE","DYNAMIC_PRODUCT","18","FALSE","Dynamic product","10"
"EXPLORER","SAMPLE","GRADE_CODE","19","FALSE","Grade code","10"
"EXPLORER","SAMPLE","HAS_INCIDENTS","20","FALSE","Has incidents","1"
"EXPLORER","SAMPLE","HAZARD","21","FALSE","Hazard","10"
"EXPLORER","SAMPLE","ID_NUMERIC","22","TRUE","Id numeric","10"
"EXPLORER","SAMPLE","ID_TEXT","23","TRUE","Id text","20"
"EXPLORER","SAMPLE","INSPECTION_HEADER","24","FALSE","Inspection header","10"
"EXPLORER","SAMPLE","INVOICE_NUMBER","25","FALSE","Invoice number","20"
"EXPLORER","SAMPLE","JOB_NAME","26","FALSE","Job name","20"
"EXPLORER","SAMPLE","LINK_NUMBER","27","FALSE","Link number","10"
"EXPLORER","SAMPLE","LOCATION_ID","28","FALSE","Location id","10"
"EXPLORER","SAMPLE","LOGIN_BY","29","FALSE","Login by","10"
"EXPLORER","SAMPLE","LOGIN_DATE","30","FALSE","Login date","11"
"EXPLORER","SAMPLE","OLD_STATUS","31","FALSE","Old status","1"
"EXPLORER","SAMPLE","ON_SPEC","32","FALSE","On spec","1"
"EXPLORER","SAMPLE","ON_WKS","33","FALSE","On wks","1"
"EXPLORER","SAMPLE","ORIGINAL_SAMPLE","34","FALSE","Original sample","10"
"EXPLORER","SAMPLE","PREPARATION","35","FALSE","Preparation","10"
"EXPLORER","SAMPLE","PRIORITY","36","FALSE","Priority","10"
"EXPLORER","SAMPLE","PRODUCT","37","FALSE","Product","10"
"EXPLORER","SAMPLE","PRODUCT_VERSION","38","FALSE","Product version","10"
"EXPLORER","SAMPLE","PROJECT_ID","39","FALSE","Project id","10"
"EXPLORER","SAMPLE","RE_SAMPLED","42","FALSE","Re sampled","1"
"EXPLORER","SAMPLE","RECD_DATE","40","FALSE","Recd date","11"
"EXPLORER","SAMPLE","REPLICATE_LINK_NO","41","FALSE","Replicate link no","10"
"EXPLORER","SAMPLE","SAMPLE_NAME","44","FALSE","Sample name","20"
"EXPLORER","SAMPLE","SAMPLE_TYPE","45","FALSE","Sample type","10"
"EXPLORER","SAMPLE","SAMPLED_DATE","43","FALSE","Sampled date","11"
"EXPLORER","SAMPLE","SAMPLING_POINT","46","FALSE","Sampling point","10"
"EXPLORER","SAMPLE","SAMPLING_PROCEDURE","47","FALSE","Sampling procedure","10"
"EXPLORER","SAMPLE","STANDARD","48","FALSE","Standard","1"
"EXPLORER","SAMPLE","STANDARD_ID","49","FALSE","Standard id","10"
"EXPLORER","SAMPLE","STANDARD_TYPE","50","FALSE","Standard type","10"
"EXPLORER","SAMPLE","STANDARD_VERSION","51","FALSE","Standard version","10"
"EXPLORER","SAMPLE","STARTER","52","FALSE","Starter","10"
"EXPLORER","SAMPLE","STATUS","53","FALSE","Status","1"
"EXPLORER","SAMPLE","TEMPLATE_ID","54","FALSE","Template id","10"
"EXPLORER","SAMPLE","TEST_SCHEDULE","56","FALSE","Test schedule","10"
"EXPLORER","SAMPLE","TESTS_TO_DO","55","FALSE","Tests to do","10"
"EXPLORER","SAMPLE","TOTAL_ELEMENTS","57","FALSE","Total elements","10"
