﻿TEMPLATE_FIELDS
TABLE_NAME,TEMPLATE_ID,FIELD_NAME,ORDER_NUMBER,DEFAULT_TYPE,DEFAULT_VALUE,TEXT_PROMPT,LIBRARY_NAME,ROUTINE_NAME,PROMPT_FLAG,COPY_FLAG,DISPLAY_FLAG,MANDATORY_FLAG
30,10,30,10,1,255,30,20,50,1,1,1,1
                      39
"BATCH_HEADER","56654","CDS_METHOD_NAME","1","V","5","Cds method name",,,"TRUE","FALSE","FALSE","FALSE"
"BATCH_HEADER","IA_EPO_SCR","ANALYST","1","V",,"Analyst",,,"TRUE","FALSE","FALSE","FALSE"
"BATCH_HEADER","IA_EPO_SCR","DESCRIPTION","2","V",,"Description",,,"TRUE","FALSE","FALSE","FALSE"
"INCIDENTS","INSTSTOVER","DESCRIPTION","1","V",,"Description",,,"TRUE","TRUE","TRUE","FALSE"
"INCIDENTS","TROVERANAL","DESCRIPTION","1","V",,"Description",,,"TRUE","TRUE","TRUE","FALSE"
"INCIDENTS","TROVERINST","DESCRIPTION","1","V",,"Description",,,"TRUE","TRUE","TRUE","FALSE"
"INCIDENTS","TROVERPSAM","DESCRIPTION","1","V",,"Description",,,"TRUE","TRUE","TRUE","FALSE"
"INCIDENTS","TROVERPTST","DESCRIPTION","1","V",,"Description",,,"TRUE","TRUE","TRUE","FALSE"
"JOB_HEADER","DEFAULT","AUTO_VALIDATE","4","V","FALSE","Auto validate  . . . . . .",,,"TRUE","TRUE","TRUE","FALSE"
"JOB_HEADER","DEFAULT","BROWSE_DESCRIPTION","1","V",,"Browse description . .",,,"TRUE","TRUE","TRUE","FALSE"
"JOB_HEADER","DEFAULT","LOT_ID","2","V",,"Lot Id",,,"TRUE","TRUE","TRUE","FALSE"
"JOB_HEADER","DEFAULT","TOTAL_ELEMENTS","3","V",,"Total Elements",,,"TRUE","TRUE","TRUE","FALSE"
"LOT_DETAILS","DEFAULT","DESCRIPTION","1","V",,"Description",,,"TRUE","TRUE","TRUE","FALSE"
"LOT_DETAILS","DEFAULT","PRODUCT","2","V",,"Product",,,"TRUE","TRUE","TRUE","FALSE"
"LOT_DETAILS","DEFAULT","QUANTITY","3","V","0.000","Quantity",,,"TRUE","TRUE","TRUE","FALSE"
"SAMPLE","BLANK","AUTO_VALIDATE","24","V","FALSE","Auto validate  . . . . . .",,,"TRUE","FALSE","FALSE","FALSE"
"SAMPLE","BLANK","BATCH_ID","22","V",,"Batch ID . . . . . . . . .",,,"TRUE","FALSE","FALSE","FALSE"
"SAMPLE","BLANK","BATCH_NAME","4","V",,"Product Batch Name . . . .",,,"TRUE","FALSE","FALSE","FALSE"
"SAMPLE","BLANK","CUSTOMER_ID","11","V",,"Customer ID  . . . . . . .",,,"TRUE","FALSE","FALSE","FALSE"
"SAMPLE","BLANK","DATERESREQ","18","V","0 00:00:00","Date results required  . .",,,"TRUE","FALSE","FALSE","FALSE"
"SAMPLE","BLANK","DESCRIPTION","6","V",,"Sample description . . . .",,,"TRUE","FALSE","FALSE","FALSE"
"SAMPLE","BLANK","GRADE_NAME","3","V",,"Grade Name . . . . . . . .",,,"TRUE","FALSE","FALSE","FALSE"
"SAMPLE","BLANK","INSPECTION_HEADER","21","V",,"Inspection . . . . . . . .",,,"TRUE","FALSE","FALSE","FALSE"
"SAMPLE","BLANK","INVOICE_NUMBER","12","V",,"Invoice Number . . . . . .",,,"TRUE","FALSE","FALSE","FALSE"
"SAMPLE","BLANK","JOB_NAME","20","V",,"Job Name . . . . . . . . .",,,"TRUE","FALSE","FALSE","FALSE"
"SAMPLE","BLANK","LOCATION_ID","15","V",,"Location ID  . . . . . . .",,,"TRUE","FALSE","FALSE","FALSE"
"SAMPLE","BLANK","PREPARATION_ID","16","V",,"Preparation ID . . . . . .",,,"TRUE","FALSE","FALSE","FALSE"
"SAMPLE","BLANK","PRIORITY","19","V","1","Sample priority  . . . . .",,,"TRUE","FALSE","FALSE","FALSE"
"SAMPLE","BLANK","PRODUCT_NAME","2","V",,"Product Name . . . . . . .",,,"TRUE","FALSE","FALSE","FALSE"
"SAMPLE","BLANK","PROJECT_ID","1","V",,"Project Name . . . . . . .",,,"TRUE","FALSE","FALSE","FALSE"
"SAMPLE","BLANK","RECD_DATE","13","V","0 00:00:00","Date received  . . . . . .",,,"TRUE","FALSE","FALSE","FALSE"
"SAMPLE","BLANK","SAMPLE_NAME","5","V",,"Sample name  . . . . . . .",,,"TRUE","FALSE","FALSE","FALSE"
"SAMPLE","BLANK","SAMPLE_TYPE","9","V",,"Sample type  . . . . . . .",,,"TRUE","FALSE","FALSE","FALSE"
"SAMPLE","BLANK","SAMPLED_DATE","10","V","0 00:00:00","Date sample taken  . . . .",,,"TRUE","FALSE","FALSE","FALSE"
"SAMPLE","BLANK","SAMPLING_POINT","7","V",,"Sampling Point . . . . . .",,,"TRUE","FALSE","FALSE","FALSE"
"SAMPLE","BLANK","SAMPLING_PROCEDURE","8","V",,"Sampling procedure  . . . . .",,,"TRUE","FALSE","FALSE","FALSE"
"SAMPLE","BLANK","SUBSTANCE","14","V",,"Substance ID . . . . . . .",,,"TRUE","FALSE","FALSE","FALSE"
"SAMPLE","BLANK","TEST_SCHEDULE","17","V",,"Test Schedule. . . . . . .",,,"TRUE","FALSE","FALSE","FALSE"
"SAMPLE","BLANK","TOTAL_ELEMENTS","23","B","JOB_NAME.TOTAL_ELEMENTS","Total Elements. . . . . . .",,,"TRUE","FALSE","FALSE","FALSE"
