﻿TIMER_SCHEDULE
IDENTITY,GROUP_ID,DESCRIPTION,LIBRARY,ROUTINE,MODIFIABLE,REMOVEFLAG
10,10,255,20,50,1,1
                       7
"1STMON",,"Return the first Monday of the month","$BSMP_TIMER_SCHEDULE","first_monday_of_month","TRUE","FALSE"
"ANNUALLY",,"Return the 1st of January of the next year","$BSMP_TIMER_SCHEDULE","annually","TRUE","FALSE"
"FIRSTMONTH",,"Returns the 1st of each month","$BSMP_TIMER_SCHEDULE","first_of_month","TRUE","FALSE"
"NOT1STMON",,"Returns each Monday of the month except for the first one","$BSMP_TIMER_SCHEDULE","not_first_monday_of_month","TRUE","FALSE"
"QUARTERLY",,"Return the next quarter 1st of January,April,July or October","$BSMP_TIMER_SCHEDULE","quarterly","TRUE","FALSE"
"SEMIANNUAL",,"Return the next half year 1st of January or July","$BSMP_TIMER_SCHEDULE","semi_annually","TRUE","FALSE"
"WEEKLY",,"Weekly schedule - returns date of each Monday at 00:00","$BSMP_TIMER_SCHEDULE","weekly","TRUE","FALSE"
