﻿UNIT_ALIAS
PARENT_ID,IDENTITY,ORDER_NUMBER
40,40,10
                     895
"%","perc","1"
"%","percent","2"
"%","PERCENT","3"
"%AC","%area_coverage","1"
"%AC","%AREA_COVERAGE","2"
"%IACS","%_IACS","1"
"%IACS","%iacs","2"
"%IACS","%_iacs","3"
"%vol","%volume","1"
"%vol","%VOL","2"
"%vol","%VOLUME","3"
"%vol","%v","4"
"%wt","%weight","1"
"%wt","%wt","2"
"%wt","%WT","3"
"%wt","%WEIGHT","4"
"%wtvol","%weight","1"
"%wtvol","%wt","2"
"%wtvol","%WT","3"
"%wtvol","%WEIGHT","4"
"A","ampere","1"
"A","amps","2"
"A","amp","3"
"A","amperes","4"
"A","AMP","5"
"A","AMPERE","6"
"abampere","abamperes","1"
"abampere","ABAMPERE","2"
"abcoulomb","abcoulombs","1"
"abcoulomb","ABCOULOMB","2"
"abfarad","abfarads","1"
"abfarad","ABFARAD","2"
"abhenry","abhenrys","1"
"abhenry","ABHENRY","2"
"abmho","abmhos","1"
"abmho","ABMHO","2"
"abohm","abohms","1"
"abohm","ABOHM","2"
"abvolt","abvolts","1"
"abvolt","ABVOLT","2"
"acre","ACRE","1"
"acre","acres","2"
"amp_h","ampere_hour","1"
"amp_h","ampere_hr","2"
"amp_h","ampere_h","3"
"amp_h","AMP_H","4"
"amp_h","AMP_HR","5"
"amu","amu","1"
"amu","atomic_mass_unit","2"
"amu","atomic_mass_units","3"
"amu","AMU","4"
"Angs","angstrom_unit","1"
"Angs","angstrom","2"
"Angs","angstroms","3"
"Angs","ANG","4"
"area","AREA","1"
"astro_unit","astronomical_unit","1"
"astro_unit","astro_units","2"
"astro_unit","ASTRO_UNIT","3"
"atm","atmosphere_standard","1"
"atm","atms","2"
"atm","atmospheres","3"
"atm","ATM","4"
"AWG","awg","1"
"AWG","american wire gage","2"
"AWG","American Wire Gage","3"
"AWG","American wire gage","4"
"AWG","AMERICAN WIRE GAGE","5"
"bar","BAR","1"
"bar","bars","2"
"Barcol","BARCOL","1"
"barn","BARN","1"
"barn","barns","2"
"barrel","barrels","1"
"barrel","BARREL","2"
"Baume","degrees_Baume_gravity","1"
"Baume","Baume_scale","2"
"Baume","deg_Baume","3"
"Baume","DEG_BAUME","4"
"board_ft","board_ft","1"
"board_ft","board_feet","2"
"board_ft","board_foot","3"
"board_ft","BOARD_FT","4"
"board_ft","BOARD_FEET","5"
"Bq","BECQUEREL","1"
"Bq","BQ","2"
"Bq","becquerels","3"
"Brinell","BHN","1"
"Brinell","BRINELL","2"
"Btu","British_thermal_unit","1"
"Btu","BTU","2"
"bushel","bushels","1"
"bushel","BUSHEL","2"
"C","coulomb","1"
"C","coul","2"
"C","coulombs","3"
"C","COULOMB","4"
"C","COUL","5"
"C","amp_s","6"
"cal","calorie","1"
"cal","calories","2"
"cal","CAL","3"
"cal","CALORIE","4"
"cal","CALORIES","5"
"cal","GRAM_CAL","6"
"carat","carat_metric","1"
"carat","carats","2"
"carat","CARAT_MET","3"
"carat","CARAT","4"
"cc","cubic_centimeter","1"
"cc","cu_cm","2"
"cd","candela","1"
"cd","candelas","2"
"cd","CANDELA","3"
"cfm","cubic_feet_per_minute","1"
"cfm","CFM","2"
"chain","chain","1"
"chain","chains","2"
"chain","CHAIN","3"
"Ci","curie","1"
"Ci","CURIE","2"
"cir_mil","circular_mil","1"
"cir_mil","CIRCULAR_MIL","2"
"cir_mil","CIR_MIL","3"
"cm","centimeter","1"
"cm","CENTIMETER","2"
"cm_Hg","centimeter_of_mercury","1"
"cm_Hg","cm_Hg","2"
"cm_Hg","CM_HG","3"
"cm_water","centimeter_of_water","1"
"cm_water","CM_WATER","2"
"colonies","col","1"
"colonies","colonies","2"
"colonies","#colonies","3"
"colonies","COLONIES","4"
"count","ct","1"
"count","cnt","2"
"count","counts","3"
"count","count","4"
"count","#counted","5"
"count","COUNT","6"
"cP","centipoise","1"
"cP","CENTIPOISE","2"
"cps","centimeter_per_second","1"
"cps","CPS","2"
"cSt","centistokes","1"
"cSt","cS","2"
"cu_cm","cc","1"
"cu_cm","CC","2"
"cu_cm","CU_CM","3"
"cu_ft","Cft","1"
"cu_ft","cubic_feet","2"
"cu_ft","_cubic_feet","3"
"cu_ft","cubic_foot","4"
"cu_ft","CU_FT","5"
"cu_in","cubic_inch","1"
"cu_in","cubic_inches","2"
"cu_in","CUBIC_INCH","3"
"cu_m","cubic_meter","1"
"cu_m","cu_m","2"
"cu_m","CU_M","3"
"cup","cup","1"
"cup","cups","2"
"cup","CUP","3"
"dalton","daltons","1"
"dalton","DALTON","2"
"darcy","darcy","1"
"darcy","DARCY","2"
"day","day","1"
"day","days","2"
"day","DAY","3"
"deg_angle","deg_angle","1"
"deg_angle","degs_angle","2"
"deg_angle","DEG_ANGLE","3"
"deg_C","degree_Celsius","1"
"deg_C","degrees_C","2"
"deg_C","deg_C","3"
"deg_C","DEG_C","4"
"deg_C","⁰C","5"
"deg_F","degree_Fahrenheit","1"
"deg_F","degrees_F","2"
"deg_F","deg_F","3"
"deg_F","DEG_F","4"
"deg_F","⁰F","5"
"deg_R","degree_Rankin","1"
"deg_R","degrees_R","2"
"deg_R","deg_R","3"
"deg_R","DEG_R","4"
"delta%refl","delta%reflectance","1"
"delta%refl","delta%reflec","2"
"delta%refl","delta_%_reflectance","3"
"delta%refl","delta%REFL","4"
"denier","denier","1"
"denier","DENIER","2"
"disk","Disc","1"
"disk","disc","2"
"disk","DISC","3"
"disk","Disk","4"
"disk","DISK","5"
"dl","deciliter","1"
"dl","100_ml","2"
"dl","dL","3"
"dp","dp","1"
"dp","dewpoint","2"
"dp","dewpt","3"
"dp","DP","4"
"dp","DEWPOINT","5"
"dp","DEWPT","6"
"dyne","dyne","1"
"dyne","dynes","2"
"dyne","DYNE","3"
"EMU_capac","EMU_capacitance","1"
"EMU_capac","EMU_CAPAC","2"
"EMU_curr","EMU_current","1"
"EMU_curr","EMU_CURR","2"
"EMU_curr","EMU_CURRENT","3"
"EMU_induct","EMU_inductance","1"
"EMU_induct","EMU_INDUCT","2"
"EMU_poten","EMU_electric_potential","1"
"EMU_poten","EMU_POTEN","2"
"EMU_resis","EMU_resistance","1"
"EMU_resis","EMU_RESIS","2"
"eq","EQUIVALENT","1"
"eq","Equivalent","2"
"eq","equivalent","3"
"eq","eq.","4"
"eq","EQ","5"
"erg","ergs","1"
"erg","ERG","2"
"ESU_capac","ESU_capacitance","1"
"ESU_capac","ESU_CAPAC","2"
"ESU_curr","ESU_current","1"
"ESU_curr","ESU_CURRENT","2"
"ESU_induct","ESU_inductance","1"
"ESU_induct","ESU_INDUCT","2"
"ESU_poten","ESU_electric_potential","1"
"ESU_poten","ESU_POTEN","2"
"ESU_resis","ESU_resistance","1"
"ESU_resis","ESU_RESIS","2"
"eV","eVolt","1"
"eV","electronvolt","2"
"eV","electronvolts","3"
"eV","ELECTRONVOLT","4"
"F","farad","1"
"F","farads","2"
"F","FARAD","3"
"F","C_per_volt","4"
"farad","Farads","1"
"farad","farads","2"
"faraday","faradays","1"
"faraday","FARADAY","2"
"faraday_ch","faraday_chem","1"
"faraday_ch","FARADAY_CH","2"
"faraday_ph","faraday_physical","1"
"faraday_ph","FARADAY_PH","2"
"fathom","fathom","1"
"fathom","fathoms","2"
"fathom","FATHOM","3"
"fermi","fermi","1"
"fermi","femtometer","2"
"fermi","FERMI","3"
"FILTER","Filter","1"
"FILTER","filter","2"
"FILTER","filt","3"
"floz_us","fl oz","1"
"fpm","foot_per_minute","1"
"fpm","FPM","2"
"fps","foot_per_second","1"
"fps","FPS","2"
"ft","foot","1"
"ft","feet","2"
"ft","FEET","3"
"ft","FT","4"
"ft_lbf","foot_pound_force","1"
"ft_lbf","fpf","2"
"ft_lbf","ft_lbf","3"
"ft_lbf","ft_lb","4"
"ft_lbf","FT_LB","5"
"ft_lbf","FT_LBF","6"
"ftcandle","footcandle","1"
"ftcandle","FOOTCANDLE","2"
"ftlambert","footlambert","1"
"ftlambert","FTLAMBERT","2"
"g","gram","1"
"g","grams","2"
"g","GRAM","3"
"gal","US_liq_gal","1"
"gal","gal_liq","2"
"gal","GAL_LIQ","3"
"gal","LIQ_GAL","4"
"gal","GAL","5"
"gal","GALLON","6"
"gal_accl","gal_acceleration","1"
"gal_accl","GAL_ACCL","2"
"gal_accl","m_per_sq_sec","3"
"gal_dry","US_dry_gal","1"
"gal_dry","gal_dry","2"
"gal_dry","GAL_DRY","3"
"gal_dry","DRY_GAL","4"
"gamma","GAMMA","1"
"gauss","GAUSS","1"
"gilbert","gilberts","1"
"gilbert","GILBERT","2"
"gill","gills","1"
"gill","US_gills","2"
"gill","US_gill","3"
"gill","GILL","4"
"glove","Glove","1"
"glove","Gloves","2"
"glove","GLOVE","3"
"glove","GLOVES","4"
"grade","grade_angle","1"
"grade","GRADE","2"
"grain","grain","1"
"grain","grains","2"
"grain","GRAIN","3"
"Gy","gray","1"
"Gy","GRAY","2"
"Gy","J_per_kg","3"
"H","henry","1"
"H","HENRY","2"
"H","Wb_per_sq_m","3"
"hectare","hectare","1"
"hectare","hectares","2"
"hectare","HECTARE","3"
"hole","Holes","1"
"hole","holes","2"
"hole","HOLES","3"
"hole","HOLE","4"
"Hp","horsepower","1"
"Hp","electric_horsepower","2"
"Hp","hp","3"
"Hp","HP","4"
"hp_metric","horsepower_metric","1"
"hp_metric","hp_metric","2"
"hp_metric","HP_METRIC","3"
"hr","hour","1"
"hr","hrs","2"
"hr","hours","3"
"hr","h","4"
"hr","HR","5"
"hr","HOUR","6"
"hr","HOURS","7"
"hr","HRS","8"
"Hz","hertz","1"
"Hz","HERTZ","2"
"Hz","HZ","3"
"Hz","reciprocal_s","4"
"in","inch","1"
"in","inches","2"
"in","INCH","3"
"in","IN","4"
"in_Hg","inch_of_mercury","1"
"in_Hg","IN_HG","2"
"in_lbf","in_lb","1"
"in_lbf","IN_LB","2"
"in_lbf","inch_lb","3"
"in_lbf","inch_pound","4"
"in_water","inches_of_water","1"
"in_water","in_water","2"
"in_water","IN_WATER","3"
"int",,"1"
"J","joules","1"
"J","JOULE","2"
"J","JOULES","3"
"J","N_x_m","4"
"K","Kelvin","1"
"K","KELVIN","2"
"kft","Kft","1"
"kft","KFT","2"
"kg","kilogram","1"
"kg","kilograms","2"
"kg","KG","3"
"kgf","kilogram_force","1"
"kgf","kg_f","2"
"kgf","kilograms_force","3"
"kgf","kilograms_f","4"
"kilocal","kilogram_calorie","1"
"kilocal","KILOGRAM_CAL","2"
"kilocal","KG_CAL","3"
"kilocal","KILOCAL","4"
"kilocal","KCAL","5"
"kip","KIP","1"
"kN","kilonewton","1"
"kN","kN","2"
"Knoop","Knoop","1"
"Knoop","KNOOP","2"
"Knoop","KHN","3"
"knot","knot_Intnl","1"
"knot","knots","2"
"knot","KNOT","3"
"kp","kilopound","1"
"kp","kilopounds","2"
"kp","KILOPOUND","3"
"kPa","kilopascal","1"
"kPa","kilopascals","2"
"kPa","KPA","3"
"ksi","ksi","1"
"ksi","Ksi","2"
"ksi","KSI","3"
"kW","kilowatt","1"
"kW","kilowatts","2"
"kW","KILOWATT","3"
"kW_h","kilowatt_hour","1"
"kW_h","kW_h","2"
"kW_h","kW_hr","4"
"kW_h","kilowatt_hrs","5"
"l","LITER","1"
"l","liters","2"
"l","L","3"
"lambert","lamberts","1"
"lambert","LAMBERT","2"
"lbf","pound_force","1"
"lbf","lb_f","2"
"lbm","pound_mass","1"
"lbm","lbsm","2"
"lbm","pounds","3"
"lbm","lbs","4"
"lbm","LBM","5"
"lbm_troy","pound_mass_troy","1"
"lbm_troy","lbsm","2"
"lbm_troy","pounds","3"
"lbm_troy","lbs","4"
"lbm_troy","LBM_TROY","5"
"light_yr","light_year","1"
"light_yr","light_years","2"
"light_yr","LIGHT_YR","3"
"lm","lumen","1"
"lm","LUMEN","2"
"lm","cd_x_sr","3"
"lx","lux","1"
"lx","LUX","2"
"lx","lumen_per_sq_m","3"
"m","meter","1"
"m","meters","2"
"m","METER","3"
"mA","milliampere","1"
"mA","milliamps","2"
"mA","milliamp","3"
"mA","MILLIAMP","4"
"mA","MILLIAMPERE","5"
"mA","m-amp","6"
"MagPerm","MagPerm","1"
"MagPerm","MAGPERM","2"
"MagPerm","MAG_PERM","3"
"MagPerm","Mag_Perm","4"
"maxwell","MAXWELL","1"
"maxwell","maxwells","2"
"meq","MEQ","1"
"meq","Milliequivalent","2"
"meq","Meg","3"
"meq","milliequivalent","4"
"mg","milligram","1"
"mg","milligrams","2"
"mg","MILLIGRAM","3"
"mho","MHO","1"
"MHz","megaHertz","1"
"MHz","MHz","2"
"mi","mile","1"
"mi","miles","2"
"mi","mile_US","3"
"mi","MILE","4"
"mi_Intl","mile_Intl","1"
"mi_Intl","MILE_INTL","2"
"mi_naut","nautical_mile","1"
"mi_naut","nautical_miles","2"
"mi_naut","MI_NAUT","3"
"mil","mils","1"
"mil","MIL","2"
"millibar","millibar","1"
"millibar","millibars","2"
"millibar","MILLIBAR","3"
"min","minute_(time)","1"
"min","mins","2"
"min","minutes","3"
"min","MIN","4"
"min","MINUTES","5"
"min_angle","minute_angle","1"
"min_angle","minutes_angle","2"
"min_angle","MIN_ANGLE","3"
"ml","milliliter","1"
"ml","milliliters","2"
"ml","MILLILITER","3"
"ml","mL","4"
"mm","milllimeter","1"
"mm","millimeters","2"
"mm","MILLIMETER","3"
"mm_Hg","millimeter_Hg","1"
"mm_Hg","millimeters_Hg","2"
"mmole","millimole","1"
"mmole","millimoles","2"
"mmole","MILLIMOLE","3"
"mmole","mM","4"
"mohm","uohm","1"
"mohm","microhm","2"
"mohm","uohms","3"
"mohm","MICROHM","4"
"Mohm","megohm","1"
"Mohm","Mohm","2"
"Mohm","Mohms","3"
"Mohm","MOHM","4"
"mole","mole","1"
"mole","moles","2"
"mole","MOLE","3"
"mole","Mole","4"
"mole","M","5"
"mon","month","1"
"mon","mons","2"
"mon","_months","3"
"mon","MON","4"
"mon","MONTH","5"
"MPa","megapascal","1"
"MPa","megapascals","2"
"MPa","MPA","3"
"mph","MPH","1"
"Msi","Msi","1"
"Msi","MSI","2"
"mV","millivolt","1"
"mV","millivolts","2"
"mV","milliV","3"
"mV","MILLIVOLT","4"
"mz","m/z","1"
"N","newton","1"
"N","NEWTON","2"
"N","kg_m_per_sq_s","3"
"ng","nanogram","1"
"ng","ng","2"
"ng","NANOGRAM","3"
"nm","nanometer","1"
"nm","NANOMETER","2"
"oersted","oersteds","1"
"ohm","ohm","1"
"ohm","ohms","2"
"ohm","OHM","3"
"ohm","volt_per_amp","4"
"ohm_cm_pf","OHM_CM_PF","1"
"oz_fl","fl_oz","1"
"oz_fl","fluid_ounce_US","2"
"oz_fl","fl_oz_US","3"
"oz_fl","FL_OZ","4"
"oz_fl","OZ_LIQ","5"
"oz_fl","OZ_FL","6"
"oz_mass","ounce_avdp","1"
"oz_mass","OZ_MASS","2"
"oz_troy","troy_oz","1"
"oz_troy","OZ_TROY","2"
"oz_troy","TROY_OZ","3"
"ozf","ounce_force","1"
"ozf","oz_f","2"
"ozf","OZ_F","3"
"ozf","oz","4"
"ozf","OZ","5"
"P","poise","1"
"P","POISE","2"
"Pa","pascal","1"
"Pa","pascals","2"
"Pa","PASCAL","3"
"Pa","N_per_sq_m","4"
"parsec","PARSEC","1"
"parsec","parsecs","2"
"part","PART","1"
"part","parts","2"
"part","PARTS","3"
"peck","peck_US","1"
"peck","pecks","2"
"peck","PECK","3"
"pennywt","pennyweight","1"
"pennywt","PENNYWT","2"
"perm","perm","1"
"perm","PERM","2"
"perm_inch","perm_inch","1"
"perm_inch","PERM_IN","2"
"pF","p_farad","1"
"pF","pfarad","2"
"pF","pf","3"
"pg","picogram","1"
"pg","PICOGRAM","2"
"pH_unit","pH_UNIT","1"
"pH_unit","PH_UNIT","2"
"pH_unit","pH","3"
"pica","pica_printer","1"
"pica","PICA","2"
"pint_dry","PINT_DRY","1"
"pint_fl","pint_fluid","1"
"pint_fl","pint_liquid","2"
"pint_fl","pint_liq","3"
"pint_fl","PINT_FL","4"
"pits","PITS","1"
"pits","Pits","2"
"pixel","pixel","1"
"pixel","pixels","2"
"pixel","PIXEL","3"
"point","point_printer","1"
"point","POINT","2"
"poundal","poundal","1"
"poundal","poundals","2"
"poundal","POUNDAL","3"
"ppb_vol","ppb_vol","1"
"ppb_vol","ppb_v","2"
"ppb_vol","ppb_v_v","3"
"ppb_vol","PPB_VOL","4"
"ppb_wt","ppb_wt","1"
"ppb_wt","ppb_w","2"
"ppb_wt","ppb_w_w","3"
"ppb_wt","PPB_WT","4"
"ppb_wt_v","ppb_wt_vol_","1"
"ppb_wt_v","ppb_w_v","2"
"ppb_wt_v","PPB_WT_VOL","3"
"ppb_wt_v","PPB_W_V","4"
"pph_vol","pph_vol","1"
"pph_vol","pph_v","2"
"pph_vol","pph_v_v","3"
"pph_vol","PPH_VOL","4"
"pph_wt","pph_wt","1"
"pph_wt","pph_w","2"
"pph_wt","pph_w_w","3"
"pph_wt","PPH_WT","4"
"pph_wt_v","pph_wt_vol_","1"
"pph_wt_v","pph_w_v","2"
"pph_wt_v","PPH_WT_VOL","3"
"pph_wt_v","PPH_W_V","4"
"ppm_vol","ppm_vol","1"
"ppm_vol","ppm_v","2"
"ppm_vol","ppm_v_v","3"
"ppm_vol","PPM_VOL","4"
"ppm_wt","ppm_wt","1"
"ppm_wt","ppm_w","2"
"ppm_wt","ppm_w_w","3"
"ppm_wt","PPM_WT","4"
"ppm_wt_v","ppm_wt_vol_","1"
"ppm_wt_v","ppm_w_v","2"
"ppm_wt_v","PPM_WT_VOL","3"
"ppm_wt_v","PPM_W_V","4"
"ppt_vol","ppt_vol","1"
"ppt_vol","ppt_v","2"
"ppt_vol","ppt_v_v","3"
"ppt_vol","PPT_VOL","4"
"ppt_wt","ppt_wt","1"
"ppt_wt","ppt_w","2"
"ppt_wt","ppt_w_w","3"
"ppt_wt","PPT_WT","4"
"ppt_wt_v","ppt_wt_vol_","1"
"ppt_wt_v","ppt_w_v","2"
"ppt_wt_v","PPT_WT_VOL","3"
"ppt_wt_v","PPT_W_V","4"
"psi","PSI","1"
"qt_liq","quart_US_liq","1"
"qt_liq","QT_USLIQ","2"
"qt_liq","liq_quart","3"
"qt_liq","LIQ_QT","4"
"qt_liq","LIQ_QUART","5"
"qt_USdry","quart_US_dry","1"
"qt_USdry","QT_USDRY","2"
"qt_USdry","dry_quart","3"
"qt_USdry","DRY_QT","4"
"qt_USdry","DRY_QUART","5"
"R","ROENTGEN","1"
"R","roentgens","2"
"radian","radians","1"
"radian","RADIAN","2"
"rd","rad_radiation","1"
"rd","RAD","2"
"rem","REM","1"
"rem","rem_radiation","2"
"rev","revolution","1"
"rev","revs","2"
"rev","REV","3"
"rev","REVS","4"
"RH","RH","1"
"RH","%RH","2"
"RH","%_RH","3"
"rhe","RHE","1"
"RockwellB","Rockwell_B","1"
"RockwellB","RockwellB","2"
"RockwellB","ROCKWELL_B","3"
"RockwellB","HRB","4"
"RockwellC","Rockwell_C","1"
"RockwellC","RockwellC","2"
"RockwellC","ROCKWELL_C","3"
"RockwellC","HRC","4"
"RockwellE","Rockwell_E","1"
"RockwellE","RockwellE","2"
"RockwellE","ROCKWELL_E","3"
"RockwellE","HRE","4"
"rod","rod","1"
"rod","rods","2"
"rod","ROD","3"
"rough_RMS","RMS_roughness","1"
"rough_RMS","Roughness_RMS","2"
"rough_RMS","RMS_Rough","3"
"RPD","rpd","1"
"RPD","REL_%_DIFF","2"
"RPD","Rel%Diff","3"
"RPD","REL%DIFF","4"
"rpm","revolutions_per_minute","1"
"rpm","RPM","2"
"rps","revolutions_per_second","1"
"rps","RPS","2"
"s","second","1"
"s","secs","2"
"s","seconds","3"
"s","SEC","4"
"s","sec","5"
"S","Siemens","1"
"S","SIEMEN","2"
"S","amp_per_volt","3"
"S","siemens","4"
"S","SIEMENS","5"
"SAMPLE","Sample","1"
"SAMPLE","sample","2"
"SAMPLE","SAMPLE","3"
"sec_angle","second_angle","1"
"Shore_A","Shore_A","1"
"Shore_A","SHORE_A","2"
"Shore_D","Shore_D","1"
"Shore_D","SHORE_D","2"
"slug","slug","1"
"slug","slugs","2"
"slug","SLUG","3"
"sq_cm","square_centimeter","1"
"sq_cm","sq_cm","2"
"sq_cm","SQ_CM","3"
"sq_ft","square_foot","1"
"sq_ft","SQ_FT","2"
"sq_in","square_inch","1"
"sq_in","SQ_IN","2"
"sq_m","square_meter","1"
"sq_m","SQ_M","2"
"sq_mi","square_miles","1"
"sq_mi","SQ_MILE","2"
"sq_mi","SQ_MI","3"
"sq_mm","square_millimeter","1"
"sq_mm","SQ_MM","2"
"sq_mm","SQUARE_MILLIMETER","3"
"sq_pixel","SQ_PIXEL","1"
"sq_pixel","sq_pixels","2"
"sq_yd","square_yards","1"
"sq_yd","sq_yards","2"
"sq_yd","square_yard","3"
"sq_yd","sq_yard","4"
"sq_yd","SQ_YD","5"
"St","stokes","1"
"St","STOKE","2"
"statamp","statamperes","1"
"statamp","statampere","2"
"statamp","STATAMP","3"
"statcoul","statcoulombs","1"
"statcoul","statcoulomb","2"
"statcoul","statcoul","3"
"statcoul","STACOULOMB","4"
"statcoul","STATCOUL","5"
"statfarad","statfarads","1"
"statfarad","STATFARAD","2"
"stathenry","stathenrys","1"
"stathenry","STATHENRY","2"
"statmho","statmhos","1"
"statmho","STATMHO","2"
"statvolt","statvolts","1"
"statvolt","STATVOLT","2"
"steradian","steradians","1"
"steradian","STERADIAN","2"
"stere","stere","1"
"stere","steres","2"
"stere","STERE","3"
"Sv","sievert","1"
"Sv","SIEVERT","2"
"Sv","J_per_kg","3"
"T","tesla","1"
"T","teslas","2"
"T","TESLA","3"
"T","weber_per_sq_m","4"
"Tbls","tablespoon","1"
"Tbls","tablespoons","2"
"Tbls","tbls","3"
"Tbls","Tbls","4"
"Tbls","Tbsp","5"
"teas","teaspoon","1"
"teas","teaspoons","2"
"teas","tsp","3"
"tex","TEX","1"
"therm","therms","1"
"therm","THERM","2"
"ton_long","ton_long","1"
"ton_long","tons","2"
"ton_long","long_ton","3"
"ton_long","TON_LONG","4"
"ton_long","LONG_TON","5"
"ton_met","metric_ton","1"
"ton_met","METRIC_TON","2"
"ton_met","ton_metric","3"
"ton_met","TON_METRIC","4"
"ton_short","TON","1"
"ton_short","ton","2"
"ton_short","short_ton","3"
"ton_short","SHORT_TON","4"
"tonf","ton_force","1"
"tonf","ton_f","2"
"tonf","tons_force","3"
"tonf","tons_f","4"
"tonf","TON_FORCE","5"
"torr","Torr","1"
"torr","TORR","2"
"u_henry","uhenry","1"
"uA","uamp","1"
"uA","microampere","2"
"uA","microamps","3"
"uA","nircoamp","4"
"uA","MICROAMP","5"
"uA","MICROAMPERE","6"
"uA","u-amp","7"
"uF","microfarad","1"
"uF","microfarads","2"
"uF","microF","3"
"ug","microgram","1"
"ug","micrograms","2"
"ug","µg","3"
"uHz","microhertz","1"
"uin","microinch(es)","1"
"uin","microinch","2"
"uin","microinches","3"
"uin","uinch","4"
"uin","uinches","5"
"uin","u_in","6"
"uin","micro_in","7"
"uin","MICRO_IN","8"
"ul","microliter","1"
"ul","microliters","2"
"ul","μL","3"
"ul","uL","3"
"um","micrometer","1"
"um","micron","2"
"um","MICRON","3"
"um","MICROMETER","4"
"umho","umho","1"
"umho","micromho","2"
"umho","UMHO","3"
"unit","unit","1"
"unit","units","2"
"unit","UNIT","3"
"unit_pole","unit_pole","1"
"unit_pole","unit_poles","2"
"uS","Microsiemens","1"
"uS","MICROSIEMENS","2"
"uS","microsiemens","3"
"uumho","UUMHO","1"
"V","volt","1"
"V","volts","2"
"V","VOLT","3"
"V","W_per_amp","4"
"Vickers","Vickers","1"
"Vickers","VICKERS","2"
"W","watt","1"
"W","watts","2"
"W","WATT","3"
"W","J_per_s","4"
"W_h","watt_hour","1"
"W_h","watt_hours","2"
"W_h","watt_hrs","3"
"W_h","Whr","4"
"W_h","W_h","5"
"W_h","W_hr","6"
"W_s","watt_second","1"
"W_s","watt_seconds","2"
"W_s","watt_secs","3"
"W_s","Ws","4"
"W_s","W_s","5"
"wafer","Wafer","1"
"wafer","Wafers","2"
"wafer","WAFER","3"
"wafer","WAFERS","4"
"wavelength","Lambda","1"
"Wb","weber","1"
"Wb","webers","2"
"Wb","WEBER","3"
"Wb","volt_s","4"
"WIPE","Wipe","1"
"WIPE","wipe","2"
"WIPE","GAUZE_WIPE","3"
"WIPE","gauze_wipe","4"
"wk","week","1"
"wk","wks","2"
"wk","weeks","3"
"wk","WK","4"
"wk","WEEK","5"
"yd","yard","1"
"yd","yds","2"
"yd","yards","3"
"yd","yd","4"
"yd","YD","5"
"yd","YARD","6"
"yr","year","1"
"yr","YR","2"
"yr","YEAR","3"
"yr","yrs","4"
"yr","YRS","5"
