﻿VERSIONED_ANALYSIS
IDENTITY,ANALYSIS_VERSION,GROUP_ID,ANALYSIS_TYPE,DESCRIPTION,INSTTYPE_ID,INSTCAT_ID,PREPARATION_ID,EXPECTED_TIME,CHARGECODE,RESULT_SCREEN,MODIFIABLE,REMOVEFLAG,CALCULATION,REPLICATES,ACCESS_FLAGS,COMP_REPLICATES,GENERIC_ANALYSIS,APPROVAL_REQD,ALLOW_CATEGORY,APPROVAL_STATUS,INSPECTION_PLAN,SAMPLING_PLAN_TYPE,AUTO_VALIDATE,INSTRUMENT_REQUIRED,SOP_REFERENCE,UNCERTAINTY_TEXT,NAME,ACTIVE,ACTIVE_FROM,ACTIVE_TO,WORKFLOW_ID,ENTITY_TEMPLATE_ID,LAB_METHOD_ID,LAB_METHOD_VERSION
10,10,10,10,255,10,30,10,16,15,20,1,1,1,10,10,10,10,1,1,1,10,10,1,1,100,500,100,1,32,32,36,30,36,10
                      98
"8AAS_LC_SC","1",,"SCR","LCMS 8AAS Daily Screen","LCMS",,,,,,"TRUE","FALSE","FALSE","1","0","0",,"FALSE","TRUE","A",,"FIXED","FALSE","FALSE",,,"LCMS 8AAS Daily Screen","TRUE", , ,"D957A0D2-F475-4DC9-9415-BD2C4C84C302",,,"0"
"8AAS_RETIR","1",,"SCR","LCMS 8AAS Screen",,,,,,,"TRUE","FALSE","FALSE","1","0","0",,"FALSE","FALSE","A",,"FIXED","FALSE","FALSE",,,"8Aas Retir","TRUE", , ,,,,"0"
"BARBIT_RCK","1",,"CHK","ELISA Barbiturates Recheck Test","ELISA",,,,,,"TRUE","FALSE","FALSE","1","0","0",,"FALSE","FALSE","A",,"FIXED","FALSE","FALSE",,,"ELISA Barbiturates Recheck Test","TRUE", , ,"A672D99F-3F88-4000-A3B5-4EDE302D4E6B",,,"0"
"BARBITUR_U","1",,"SCR","ELISA Barbiturates Urine Test","ELISA",,,,,,"TRUE","FALSE","FALSE","1","0","0",,"FALSE","FALSE","A",,"FIXED","FALSE","FALSE",,,"ELISA Barbiturates Urine","TRUE", , ,"2FEB2615-3A80-4282-9CDF-DF52F05B8FCA",,,"0"
"BG_TCO2_SC","1",,"SCR","Blood Gas Analysis for total CO2","BGA",,,,,,"TRUE","FALSE","FALSE","1","0","0",,"FALSE","TRUE","A",,"FIXED","FALSE","FALSE",,,"Blood Gas tCO2 Screen","TRUE", , ,,,,"0"
"BUPREN_RCK","1",,"CHK","ELISA Buprenorphine Recheck Test","ELISA",,,,,,"TRUE","FALSE","FALSE","1","0","0",,"FALSE","FALSE","A",,"FIXED","FALSE","FALSE",,,"ELISA Buprenorphine Recheck Test","TRUE", , ,"A672D99F-3F88-4000-A3B5-4EDE302D4E6B",,,"0"
"BUPRENOR_U","1",,"SCR","ELISA Buprenorphine Urine Test","ELISA",,,,,,"TRUE","FALSE","FALSE","1","0","0",,"FALSE","FALSE","A",,"FIXED","FALSE","FALSE",,,"ELISA Buprenorphine Urine Test","TRUE", , ,"BE02F037-B08B-4D21-B898-F7485DB10976",,,"0"
"CBC","1",,,"Whole Blood - Complete Blood Count",,,,,,,"TRUE","TRUE","FALSE","1","0","0",,"FALSE","FALSE","A",,"FIXED","FALSE","FALSE",,,"Complete Blood Count","TRUE", , ,,,,"0"
"CELL_COUNT","1",,,"Microbiological cell counting.  The simple way.",,,,,,,"TRUE","TRUE","FALSE","1","0","0",,"FALSE","FALSE","A",,"FIXED","FALSE","FALSE",,,"Cell Count","TRUE", , ,,,,"0"
"CELL_CULT","1",,,"Basic microbiological cell culture.",,,,,,,"TRUE","TRUE","FALSE","1","0","0",,"FALSE","FALSE","A",,"FIXED","FALSE","FALSE",,,"Cell Cult","TRUE", , ,,,,"0"
"CMP","1",,,"Human plasma compreshensive metabolic panel",,,,,,,"TRUE","TRUE","FALSE","1","0","0",,"FALSE","FALSE","A",,"FIXED","FALSE","FALSE",,,"Comprehensive metabolic panel","TRUE", , ,,,,"0"
"COCAIN_RCK","1",,"CHK","ELISA Cocaine Recheck Test","ELISA",,,,,,"TRUE","FALSE","FALSE","1","0","0",,"FALSE","FALSE","A",,"FIXED","FALSE","FALSE",,,"ELISA Cocaine Recheck Test","TRUE", , ,"A672D99F-3F88-4000-A3B5-4EDE302D4E6B",,,"0"
"COCAINE_U","1",,"SCR","ELISA Cocaine Urine Test","ELISA",,,,,,"TRUE","FALSE","FALSE","1","0","0",,"FALSE","FALSE","A",,"FIXED","FALSE","FALSE",,,"ELISA Cocaine Urine Test","TRUE", , ,"BE02F037-B08B-4D21-B898-F7485DB10976",,,"0"
"COLOR","1",,,"Color comparison using Hall Numerical scale.",,,,,,,"TRUE","TRUE","FALSE","1","0","0",,"TRUE","FALSE","A",,"FIXED","FALSE","FALSE",,,"Color","TRUE", , ,,,,"0"
"CONTAM","1",,,"Is there a contaminate in the sample",,,,,,,"TRUE","TRUE","FALSE","1","0","0",,"FALSE","FALSE","A",,"FIXED","FALSE","FALSE",,,"Contaminate In Sample","TRUE", , ,,,,"0"
"DMSOMANUAL","1",,"SCR","Manual DMSO PBUTE Analysis",,,,,,,"TRUE","FALSE","FALSE","1","0","0",,"FALSE","TRUE","A",,"FIXED","FALSE","FALSE",,,"Manual DMSO PBUTE Analysis","TRUE", , ,"BE02F037-B08B-4D21-B898-F7485DB10976",,,"0"
"DOXAPRAM_U","1",,"SCR","ELISA Doxapram Urine Test","ELISA",,,,,,"TRUE","FALSE","FALSE","1","0","0",,"FALSE","FALSE","A",,"FIXED","FALSE","FALSE",,,"ELISA Doxapram Urine","TRUE", , ,"BE02F037-B08B-4D21-B898-F7485DB10976",,,"0"
"DOXPRM_RCK","1",,"CHK","ELISA Doxapram Recheck Test","ELISA",,,,,,"TRUE","FALSE","FALSE","1","0","0",,"FALSE","FALSE","A",,"FIXED","FALSE","FALSE",,,"ELISA Doxapram Recheck Test","TRUE", , ,,,,"0"
"DT1TEST","1",,"CHEM","DT sample test",,,,,,,"TRUE","TRUE","FALSE","1","0","0",,"FALSE","FALSE","A",,"FIXED","FALSE","FALSE",,,"DT_BloodGas","TRUE", , ,,,,"0"
"EFF_PH","1",,,"pH analysis of effluent.",,,,,,,"TRUE","TRUE","FALSE","2","0","0",,"FALSE","FALSE","A",,"FIXED","FALSE","FALSE",,,"Eff Ph","TRUE", , ,,,,"0"
"EFF_SOLIDS","1",,,"Inspection of effluent for suspended solids",,,,,,,"TRUE","TRUE","FALSE","1","0","0",,"FALSE","FALSE","A",,"FIXED","FALSE","FALSE",,,"Eff Solids","TRUE", , ,,,,"0"
"ELISA_ALL","1",,"SCR","ELISA All Drugs","ELISA",,,,,,"TRUE","FALSE","FALSE","1","0","0",,"FALSE","FALSE","A",,"FIXED","FALSE","FALSE",,,"ELISA All Drugs","TRUE", , ,"2B0B784C-FD96-4E39-986A-3CD27A5C9DD0",,,"0"
"ELISAU_ALL","1",,"SCR","ELISA Urine All Screen","ELISA",,,,,,"TRUE","FALSE","FALSE","1","0","0",,"FALSE","TRUE","A",,"FIXED","FALSE","FALSE",,,"ELISA Urine All Screen","TRUE", , ,,,,"0"
"ETHANOL","2",,,"GC analysis of ethanol content.",,,,,,,"TRUE","TRUE","FALSE","1","0","0",,"FALSE","FALSE","A",,"FIXED","FALSE","FALSE",,,"Ethanol","TRUE", , ,,,,"0"
"EXACTIV_EX","1",,"SCR","Exactive Example Test",,,,,,,"TRUE","FALSE","FALSE","1","0","0",,"FALSE","FALSE","A",,"FIXED","FALSE","FALSE",,,"Exactive Example Test","TRUE", , ,"52F6556B-12BB-461E-A167-9B595D62982D",,,"0"
"FENGRP_RCK","1",,"CHK","ELISA Fentanil Group Recheck Test","ELISA",,,,,,"TRUE","FALSE","FALSE","1","0","0",,"FALSE","FALSE","A",,"FIXED","FALSE","FALSE",,,"ELISA Fentanil Group Recheck Test","TRUE", , ,,,,"0"
"FENTAGR_U","1",,"SCR","ELISA Fentanil Group Urine Test","ELISA",,,,,,"TRUE","FALSE","FALSE","1","0","0",,"FALSE","FALSE","A",,"FIXED","FALSE","FALSE",,,"ELISA Fentanil Group Urine","TRUE", , ,"BE02F037-B08B-4D21-B898-F7485DB10976",,,"0"
"FENTANYL_U","1",,"SCR","ELISA Fentanyl Urine Test","ELISA",,,,,,"TRUE","FALSE","FALSE","1","0","0",,"FALSE","FALSE","A",,"FIXED","FALSE","FALSE",,,"ELISA Fentanyl Urine","TRUE", , ,"BE02F037-B08B-4D21-B898-F7485DB10976",,,"0"
"FENTYL_RCK","1",,"CHK","ELISA Fentanyl Recheck Test","ELISA",,,,,,"TRUE","FALSE","FALSE","1","0","0",,"FALSE","FALSE","A",,"FIXED","FALSE","FALSE",,,"ELISA Fentanyl Recheck Test","TRUE", , ,,,,"0"
"FG_GCMS_1","1",,"CHEM","GC-MS/MS analysis",,,,,,,"TRUE","TRUE","FALSE","1","0","0",,"FALSE","FALSE","A",,"FIXED","FALSE","FALSE",,,"FGuan GC/MS 1","TRUE", , ,,,,"0"
"FLASH_AVG","1",,,"Average for all Flash Point results on the current sample","FLASHPOINT",,,,,,"TRUE","TRUE","FALSE","1","0","0",,"FALSE","FALSE","A",,"FIXED","FALSE","FALSE","SOP7002-92",,"Flash Point Average","TRUE", , ,,"DEFAULT_TEST",,"0"
"FLASH_PNT","1",,,"Flash Point. BS EN 456, ISO 3679","FLASHPOINT",,,,,,"TRUE","TRUE","FALSE","1","0","0",,"FALSE","FALSE","A",,"FIXED","FALSE","FALSE","SOP7002-92",,"Flash Point","TRUE", , ,,"DEFAULT_TEST",,"0"
"FT4","1",,,"Free T4 (thyroxine) in the blood",,,,,,,"TRUE","TRUE","FALSE","1","0","0",,"FALSE","FALSE","A",,"FIXED","FALSE","FALSE",,,"Free T4 - thyroxine","TRUE", , ,,,,"0"
"GC","1",,"CHEM","VGL Programming Analysis",,,,,,,"TRUE","TRUE","FALSE","1","0","0",,"FALSE","FALSE","A",,"FIXED","FALSE","FALSE",,,"Gc","TRUE", , ,,,,"0"
"GCMS_NSAID","1",,,,,,,,,,"TRUE","FALSE","FALSE","1","0","0",,"FALSE","FALSE","A",,"FIXED","FALSE","FALSE",,,"GCMS NSAID Screening & Steroids","TRUE", , ,,,,"0"
"GLYCOP_RCK","1",,"CHK","ELISA Glycopyrrolate Recheck Test","ELISA",,,,,,"TRUE","FALSE","FALSE","1","0","0",,"FALSE","FALSE","A",,"FIXED","FALSE","FALSE",,,"ELISA Glycopyrrolate Recheck Test","TRUE", , ,"A672D99F-3F88-4000-A3B5-4EDE302D4E6B",,,"0"
"GLYCOPY_U","1",,"SCR","ELISA Glycopyrrolate Urine Test","ELISA",,,,,,"TRUE","FALSE","FALSE","1","0","0",,"FALSE","FALSE","A",,"FIXED","FALSE","FALSE",,,"ELISA Glycopyrrolate Urine","TRUE", , ,"BE02F037-B08B-4D21-B898-F7485DB10976",,,"0"
"HEAVY_MET","2",,"CHEMICAL","Analysis of effluent Cadmium, Lead and Copper.","ICP-MS",,,,,,"TRUE","TRUE","FALSE","1","0","0",,"FALSE","FALSE","A",,"FIXED","FALSE","FALSE",,,"Heavy Met","TRUE", , ,,,,"0"
"HPLC","1",,"CHEMICAL","Analysis of carbohydrates by HPLC.","HPLC",,,,,,"TRUE","TRUE","FALSE","2","0","0",,"TRUE","FALSE","A",,"FIXED","FALSE","FALSE",,,"HPLC","TRUE", , ,,,,"0"
"HYDROM_RCK","1",,"CHK","ELISA Hydromorphone Recheck Test","ELISA",,,,,,"TRUE","FALSE","FALSE","1","0","0",,"FALSE","FALSE","A",,"FIXED","FALSE","FALSE",,,"ELISA Hydromorphone Recheck Test","TRUE", , ,,,,"0"
"HYDROMOR_U","1",,"SCR","ELISA Hydromorphone Urine Test","ELISA",,,,,,"TRUE","FALSE","FALSE","1","0","0",,"FALSE","FALSE","A",,"FIXED","FALSE","FALSE",,,"ELISA Hydromorphone Urine","TRUE", , ,"BE02F037-B08B-4D21-B898-F7485DB10976",,,"0"
"IA_EPO_RCK","1",,"CHK","ELISA EPO Recheck for Blood
","ELISA",,,,,,"TRUE","FALSE","FALSE","1","0","0",,"FALSE","FALSE","A",,"FIXED","FALSE","FALSE",,,"ELISA EPO Recheck","TRUE", , ,"CE8B5782-683E-4C05-9F5A-9A1B99C1B6BB",,,"0"
"IA_EPO_SCR","1",,"SCR","EPO Daily Screen for Blood
","ELISA",,,,,,"TRUE","FALSE","FALSE","1","0","0",,"FALSE","FALSE","A",,"FIXED","FALSE","FALSE",,,"ELISA EPO Screen","TRUE", , ,"CDE51504-763D-469F-9AD2-5DAA9EF3D27B",,,"0"
"IA_FUR_RCK","1",,"CHK","ELISA Furosemide Recheck for Blood
",,,,,,,"TRUE","FALSE","FALSE","1","0","0",,"FALSE","FALSE","A",,"FIXED","FALSE","FALSE",,,"ELISA Furosemide Recheck for Blood","FALSE", ," 21-05-2020 15:06:14.44",,,,"0"
"IA_FUR_RCK","2",,"CHK","ELISA Furosemide Recheck for Blood
","ELISA",,,,,,"TRUE","FALSE","FALSE","1","0","0",,"FALSE","FALSE","A",,"FIXED","FALSE","FALSE",,,"ELISA Furosemide Recheck for Blood","TRUE", , ,"8AEFB29D-03A0-4D66-9E63-DE985C7EB35F",,,"0"
"IA_FUR_SCN","1",,"SCR","ELISA Furosemide Screen for Blood
","ELISA",,,,,,"TRUE","FALSE","FALSE","1","0","0",,"FALSE","FALSE","A",,"FIXED","FALSE","FALSE",,,"ELISA Furosemide Screen","TRUE", , ,"CDE51504-763D-469F-9AD2-5DAA9EF3D27B",,,"0"
"IPATRO_RCK","1",,"CHK","ELISA Ipatropium Recheck Test","ELISA",,,,,,"TRUE","FALSE","FALSE","1","0","0",,"FALSE","FALSE","A",,"FIXED","FALSE","FALSE",,,"ELISA Ipatropium Recheck Test","FALSE", ," 20-07-2020 11:10:20.21",,,,"0"
"IPATRO_RCK","2",,"CHK","ELISA Ipratropium Recheck Test","ELISA",,,,,,"TRUE","FALSE","FALSE","1","0","0",,"FALSE","FALSE","A",,"FIXED","FALSE","FALSE",,,"ELISA Ipratropium Recheck Test","TRUE", , ,,,,"0"
"IPATROP_U","1",,"SCR","ELISA Ipatropium Urine Test","ELISA",,,,,,"TRUE","FALSE","FALSE","1","0","0",,"FALSE","FALSE","A",,"FIXED","FALSE","FALSE",,,"ELISA Ipatropium Urine","TRUE", , ,"BE02F037-B08B-4D21-B898-F7485DB10976",,,"0"
"LC_8AAS_SC","1",,"SCR","LCMS 8AAS Screen",,,,,,,"TRUE","TRUE","FALSE","1","0","0",,"FALSE","FALSE","A",,"FIXED","FALSE","FALSE",,,"LCMS 8AAS Screen for Steroid","TRUE", , ,,,,"0"
"LC_8AAS-SC","1",,"SCR","LCMS 8AAS Screen",,,,,,,"TRUE","TRUE","FALSE","1","0","0",,"FALSE","FALSE","A",,"FIXED","FALSE","FALSE",,,"LCMS 8AAS Screen","TRUE", , ,,,,"0"
"LC_CONFIRM","1",,"CONF","LCMS Confirmation Test","LCMS",,,,,,"TRUE","FALSE","FALSE","1","0","0",,"FALSE","FALSE","A",,"FIXED","FALSE","FALSE",,,"LCMS Confirmation Test","FALSE", ," 07-02-2021 17:25:30.59",,,,"0"
"LC_CONFIRM","2",,"CONF","LCMS Confirmation Test","LCMS",,,,,,"TRUE","FALSE","FALSE","1","0","0",,"FALSE","FALSE","A",,"FIXED","FALSE","FALSE",,,"LCMS Confirmation Test","TRUE", , ,"8FD9A412-80C4-4365-A345-BCD8BE2B7BDD",,,"0"
"LC_DMSOPBT","1",,"SCR","LCMS DMSO Phenylbutazone Screen for Blood","LCMS",,,,,,"TRUE","FALSE","FALSE","1","0","0",,"FALSE","FALSE","A",,"FIXED","FALSE","FALSE",,,"LCMS DMSO Phenylbutazone Screen","FALSE", ," 15-11-2021 11:13:51.18","BE02F037-B08B-4D21-B898-F7485DB10976",,,"0"
"LC_DMSOPBT","2",,"SCR","LCMS DMSO Phenylbutazone Screen for Blood","LCMS",,,,,,"TRUE","FALSE","FALSE","1","0","0",,"FALSE","FALSE","A",,"FIXED","FALSE","FALSE",,,"LCMS DMSO Phenylbutazone Screen","TRUE", , ,"BE02F037-B08B-4D21-B898-F7485DB10976",,,"0"
"LC_RECHECK","1",,"CHK","LCMS Recheck Test","LCMS",,,,,,"TRUE","FALSE","FALSE","1","0","0",,"FALSE","FALSE","A",,"FIXED","FALSE","FALSE",,,"LCMS Recheck Test","TRUE", , ,,,,"0"
"LCMS_CHECK","1",,"CHK","LCMS Recheck Example Test","LCMS",,,,,,"TRUE","FALSE","FALSE","1","0","0",,"FALSE","FALSE","A",,"FIXED","FALSE","FALSE",,,"LCMS Recheck","TRUE", , ,"8F9DBE58-C8A5-4134-B228-112A4492B20F",,,"0"
"LEVALL_RCK","1",,"CHK","ELISA Levallophan Recheck Test","ELISA",,,,,,"TRUE","FALSE","FALSE","1","0","0",,"FALSE","FALSE","A",,"FIXED","FALSE","FALSE",,,"ELISA Levallophan Recheck Test","TRUE", , ,,,,"0"
"LEVALLOR_U","1",,"SCR","ELISA Levallophan Urine Test","ELISA",,,,,,"TRUE","FALSE","FALSE","1","0","0",,"FALSE","FALSE","A",,"FIXED","FALSE","FALSE",,,"ELISA Levallophan Urine","TRUE", , ,"BE02F037-B08B-4D21-B898-F7485DB10976",,,"0"
"LIDOCA_RCK","1",,"CHK","ELISA Lidocaine Recheck Test","ELISA",,,,,,"TRUE","FALSE","FALSE","1","0","0",,"FALSE","FALSE","A",,"FIXED","FALSE","FALSE",,,"ELISA Lidocaine Recheck Test","TRUE", , ,,,,"0"
"LIDOCAIN_U","1",,"SCR","ELISA Lidocaine Urine Test","ELISA",,,,,,"TRUE","FALSE","FALSE","1","0","0",,"FALSE","FALSE","A",,"FIXED","FALSE","FALSE",,,"ELISA Lidocaine Urine","TRUE", , ,"BE02F037-B08B-4D21-B898-F7485DB10976",,,"0"
"LIPID","1",,,"Lipid Panel - Human Serum testing",,,,,,,"TRUE","TRUE","FALSE","1","0","0",,"FALSE","FALSE","A",,"FIXED","FALSE","FALSE",,,"Lipid Panel","TRUE", , ,,,,"0"
"MEPHEN_RCK","1",,"CHK","ELISA Methlyphenidate Recheck Test","ELISA",,,,,,"TRUE","FALSE","FALSE","1","0","0",,"FALSE","FALSE","A",,"FIXED","FALSE","FALSE",,,"ELISA Methlyphenidate Recheck Test","TRUE", , ,,,,"0"
"MEPRED_RCK","1",,"CHK","ELISA Methylprednisolone Recheck Test","ELISA",,,,,,"TRUE","FALSE","FALSE","1","0","0",,"FALSE","FALSE","A",,"FIXED","FALSE","FALSE",,,"ELISA Methylprednisolone Recheck Test","TRUE", , ,,,,"0"
"METHPRED_U","1",,"SCR","ELISA Methylprednisolone Urine Test","ELISA",,,,,,"TRUE","FALSE","FALSE","1","0","0",,"FALSE","FALSE","A",,"FIXED","FALSE","FALSE",,,"ELISA Methylprednisolone Urine","TRUE", , ,"BE02F037-B08B-4D21-B898-F7485DB10976",,,"0"
"METHYLPH_U","1",,"SCR","ELISA Methlyphenidate Urine Test","ELISA",,,,,,"TRUE","FALSE","FALSE","1","0","0",,"FALSE","FALSE","A",,"FIXED","FALSE","FALSE",,,"ELISA Methlyphenidate Urine","TRUE", , ,"BE02F037-B08B-4D21-B898-F7485DB10976",,,"0"
"NSAID","1",,,"Drug Screening",,,,"0 02:30:00.00",,,"TRUE","FALSE","FALSE","1","0","0",,"FALSE","TRUE","A",,"FIXED","FALSE","FALSE",,,"NSAID","TRUE", , ,"E36A5574-4DC2-48C0-9F87-FBD47FABB804",,,"0"
"NSAID_CONF","1",,,"Drug Confirmation",,,,"0 02:30:00.00",,,"TRUE","FALSE","FALSE","1","0","0",,"FALSE","FALSE","A",,"FIXED","FALSE","FALSE",,"Example2","Nsaid Confirmation","TRUE", , ,,,,"0"
"OPIATE_RCK","1",,"CHK","ELISA Opiate Group Recheck Test","ELISA",,,,,,"TRUE","FALSE","FALSE","1","0","0",,"FALSE","FALSE","A",,"FIXED","FALSE","FALSE",,,"ELISA Opiate Group Recheck Test","TRUE", , ,,,,"0"
"OPIATE_U","1",,"SCR","ELISA Opiate Group Urine Test","ELISA",,,,,,"TRUE","FALSE","FALSE","1","0","0",,"FALSE","FALSE","A",,"FIXED","FALSE","FALSE",,,"ELISA Opiate Group Urine","TRUE", , ,"BE02F037-B08B-4D21-B898-F7485DB10976",,,"0"
"OXYMOR_RCK","1",,"CHK","ELISA Oxymorphone Recheck Test","ELISA",,,,,,"TRUE","FALSE","FALSE","1","0","0",,"FALSE","FALSE","A",,"FIXED","FALSE","FALSE",,,"ELISA Oxymorphone Recheck Test","TRUE", , ,,,,"0"
"OXYMORPH_U","1",,"SCR","ELISA Oxymorphone Urine Test","ELISA",,,,,,"TRUE","FALSE","FALSE","1","0","0",,"FALSE","FALSE","A",,"FIXED","FALSE","FALSE",,,"ELISA Oxymorphone Urine","TRUE", , ,"BE02F037-B08B-4D21-B898-F7485DB10976",,,"0"
"PH","1",,,"pH-a measure of acidity.",,,,,,,"TRUE","TRUE","FALSE","1","0","0",,"FALSE","FALSE","A",,"FIXED","FALSE","FALSE",,,"Ph","TRUE", , ,,,,"0"
"PH_2","1",,,"multiple ph tests",,,,,,,"TRUE","TRUE","FALSE","2","0","0",,"FALSE","FALSE","A",,"FIXED","FALSE","FALSE",,,"pH 2","TRUE", , ,,,,"0"
"PROMAZNE_U","1",,"SCR","ELISA Promazine Urine Test","ELISA",,,,,,"TRUE","FALSE","FALSE","1","0","0",,"FALSE","FALSE","A",,"FIXED","FALSE","FALSE",,,"ELISA Promazine Urine Test","TRUE", , ,"BE02F037-B08B-4D21-B898-F7485DB10976",,,"0"
"PROMZ_RCK","1",,"CHK","ELISA Promazine Recheck Test","ELISA",,,,,,"TRUE","FALSE","FALSE","1","0","0",,"FALSE","FALSE","A",,"FIXED","FALSE","FALSE",,,"ELISA Promazine Recheck Test","TRUE", , ,,,,"0"
"PROPRANO_U","1",,"SCR","ELISA Propronolol Urine Test","ELISA",,,,,,"TRUE","FALSE","FALSE","1","0","0",,"FALSE","FALSE","A",,"FIXED","FALSE","FALSE",,,"ELISA Propronolol Urine","TRUE", , ,"BE02F037-B08B-4D21-B898-F7485DB10976",,,"0"
"PROPRO_RCK","1",,"CHK","ELISA Propronolol Recheck Test","ELISA",,,,,,"TRUE","FALSE","FALSE","1","0","0",,"FALSE","FALSE","A",,"FIXED","FALSE","FALSE",,,"ELISA Propronolol Recheck Test","FALSE", ," 20-07-2020 11:13:10.18",,,,"0"
"PROPRO_RCK","2",,"CHK","ELISA Propranolol Recheck Test","ELISA",,,,,,"TRUE","FALSE","FALSE","1","0","0",,"FALSE","FALSE","A",,"FIXED","FALSE","FALSE",,,"ELISA Propranolol Recheck Test","TRUE", , ,,,,"0"
"QESCREEN","1",,"SCR","QE General Screen","LCMS",,,,,,"TRUE","FALSE","FALSE","1","0","0",,"FALSE","FALSE","A",,"FIXED","FALSE","FALSE",,,"QE General Screen","TRUE", , ,"52F6556B-12BB-461E-A167-9B595D62982D",,,"0"
"RAWMAT","3",,,"Raw materials analyses.",,,,,,,"TRUE","TRUE","FALSE","1","0","0",,"FALSE","FALSE","A",,"FIXED","FALSE","FALSE",,,"Rawmat","TRUE", , ,,,,"0"
"SCANNABI_U","1",,"SCR","ELISA Spice Cannabinoids Urine Test","ELISA",,,,,,"TRUE","FALSE","FALSE","1","0","0",,"FALSE","FALSE","A",,"FIXED","FALSE","FALSE",,,"ELISA Spice Cannabinoids Urine","TRUE", , ,"BE02F037-B08B-4D21-B898-F7485DB10976",,,"0"
"SPICEC_RCK","1",,"CHK","ELISA Spice Cannabinoids Recheck Test","ELISA",,,,,,"TRUE","FALSE","FALSE","1","0","0",,"FALSE","FALSE","A",,"FIXED","FALSE","FALSE",,,"ELISA Spice Cannabinoids Recheck Test","TRUE", , ,,,,"0"
"TC_CONFIRM","1",,"CONF","Confirmation test for blood
","ICPMS",,,,,,"TRUE","FALSE","FALSE","1","0","0",,"FALSE","FALSE","A",,"FIXED","FALSE","FALSE",,,"Total Cobalt Confirmation Test","TRUE", , ,"6653B0A7-9745-4E6A-A095-6975CBCBF1AE",,,"0"
"TC_SCREEN","1",,"SCR","Daily Screen for Blood
","ICPMS",,,,,,"TRUE","FALSE","FALSE","1","0","0",,"FALSE","FALSE","A",,"FIXED","FALSE","FALSE",,,"Total Cobalt Screen","TRUE", , ,"6653B0A7-9745-4E6A-A095-6975CBCBF1AE",,,"0"
"TEST","1",,,,,,,,,,"TRUE","FALSE","FALSE","1","0","0",,"FALSE","FALSE","A",,"FIXED","FALSE","FALSE",,,"Test","TRUE", , ,,,,"0"
"TESTING","1",,,"testing",,,,,,,"TRUE","TRUE","FALSE","1","0","0",,"FALSE","FALSE","A",,"FIXED","FALSE","FALSE",,,"Testing","TRUE", , ,,,,"0"
"TJH_AVE_3","1",,,"Average of 3 values",,,,,,,"TRUE","TRUE","FALSE","1","0","0",,"FALSE","FALSE","A",,"FIXED","FALSE","FALSE",,,"TJH Average 3 Values","TRUE", , ,,,,"0"
"TJH_COLOR","1",,,"Color of Sample",,,,,,,"TRUE","TRUE","FALSE","1","0","0",,"FALSE","FALSE","A",,"FIXED","FALSE","FALSE",,,"TJH Color of Sample","TRUE", , ,,,,"0"
"TJH_JUNK","1",,,"This is something that would never be created in a real life situation.",,,,,,,"TRUE","TRUE","FALSE","1","0","0",,"FALSE","FALSE","A",,"FIXED","FALSE","FALSE",,,"TJH JUNK Analysis","TRUE", , ,,,,"0"
"TJH_MATRIX","1",,,"Matrix Example",,,,,,,"TRUE","TRUE","FALSE","1","0","0",,"FALSE","FALSE","A",,"FIXED","FALSE","FALSE",,,"Tjh Matrix","TRUE", , ,,,,"0"
"TJH_VALUES","1",,,"Values",,,,,,,"TRUE","TRUE","FALSE","1","0","0",,"FALSE","FALSE","A",,"FIXED","FALSE","FALSE",,,"TJH Values","FALSE", ," 13-08-2019 13:25:59.01",,,,"0"
"TJH_VALUES","2",,,"Values",,,,,,,"TRUE","TRUE","FALSE","1","0","0",,"FALSE","FALSE","A",,"FIXED","FALSE","FALSE",,,"TJH Values","TRUE", , ,,,,"0"
"TOTAL_T3","1",,,"Total amount of T3 in the blood",,,,,,,"TRUE","TRUE","FALSE","1","0","0",,"FALSE","FALSE","A",,"FIXED","FALSE","FALSE",,,"Total T3 - Triodothronine","TRUE", , ,,,,"0"
"TSH","1",,,"The amount of thyroid stimulating hormone in the blood sample",,,,,,,"TRUE","TRUE","FALSE","1","0","0",,"FALSE","FALSE","A",,"FIXED","FALSE","FALSE",,,"TSH - Thyroid Stimulating Hormone","TRUE", , ,"7BEE3522-1685-47A1-9AE5-00BAC611F521",,,"0"
"URINE","1",,,"Urine Testing",,,,,,,"TRUE","TRUE","FALSE","1","0","0",,"FALSE","FALSE","A",,"FIXED","FALSE","FALSE",,,"Urinalysis","TRUE", , ,,,,"0"
"VISCOSITY","1",,,"a measure of Viscosity",,,,,,,"TRUE","TRUE","FALSE","1","0","0",,"FALSE","FALSE","A",,"FIXED","FALSE","FALSE",,,"Viscosity","TRUE", , ,,,,"0"
"WT_SAMPLE","1",,,"Weight of Sample calcuated from total weight subtracting weight of continer","BALANCE",,,,,,"TRUE","TRUE","FALSE","1","0","0",,"FALSE","FALSE","A",,"FIXED","FALSE","FALSE",,,"Weight of Sample","TRUE", , ,,,,"0"
