﻿VERSIONED_CATEGORY_COMPONENT
NAME,ORDER_NUMBER,RESULT_TYPE,UNITS,PQL_CALCULATION,FORMULA
40,10,1,40,10,500
                      18
"Blank","18","K",,<NULL>,"qa_blank ()"
"ByFilter","7","K","ug/FILTER","EQL_REPT","qa_report ()"
"ByVolume","4","K","ug/l","EQL_REPT","qa_report ()"
"ByWeight","5","K","ug/kg","EQL_REPT","qa_report ()"
"ByWipe","6","K","ug/WIPE","EQL_REPT","qa_report ()"
"CalChk","9","K","%ERR",<NULL>,"qa_percent_error()"
"Control","8","K","%REC",<NULL>,"qa_control_recov()"
"Duplicate","13","K","RPD",<NULL>,"qa_dup_rpd ()"
"IndepChk","10","K","%ERR",<NULL>,"qa_percent_error()"
"InitChk","11","K","%ERR",<NULL>,"qa_percent_error()"
"InterfChk","12","K","%ERR",<NULL>,"qa_percent_error()"
"MS","14","K","%REC",<NULL>,"qa_ms_recov ()"
"MSD","15","K","%REC",<NULL>,"qa_msd_recov ()"
"Prep","2","N","ug/l",<NULL>,<NULL>
"Reading","1","N","ug/l",<NULL>,<NULL>
"Report","3","K","ug/l","EQL_REPT","qa_report ()"
"RPD","16","K","RPD",<NULL>,"qa_msd_rpd()"
"Surrogate","17","K","%REC",<NULL>,"qa_surr_recov ()"
