﻿WEB_MENU_ITEM
IDENTITY,SECTION,ORDER_NUMBER,NAME,OPTION_NUMBER,ICON,SEPARATE_WINDOW,TARGET
20,20,10,50,10,30,1,50
                      24
"SYSTEM","CONFIG","1","Localization Editor","15566","INT_PHRASE","FALSE",
"SYSTEM","CONFIG","2","Settings","15612","INT_SETTINGS","FALSE",
"SYSTEM","CONFIG","3","LIMSML Entity Action Testing","15618","INT_CLOSED_FOLDER","FALSE",
"SYSTEM","HIDDEN","1","Add New Group","15608","INT_PHRASE","FALSE",
"SYSTEM","HIDDEN","2","Add New Language","15609","INT_PHRASE","FALSE",
"SYSTEM","HIDDEN","3","Add New Message","15611","INT_PHRASE","FALSE",
"SYSTEM","HIDDEN","4","Property Sheet","15622","INT_PROPERTIES","FALSE",
"SYSTEM","MAIN","1","Job Login","15597","INT_JOB_TEMPLATE","FALSE",
"SYSTEM","MAIN","2","Sample Login","15563","INT_SAMPLE_TEMPLATE","FALSE",
"SYSTEM","MAIN","3","Add Sample to Job","15595","INT_SAMPLE_TEMPLATE","FALSE",
"SYSTEM","MAIN","4","Active Samples","15311","INT_COLUMN_CHART","FALSE",
"SYSTEM","MAIN","5","Complete Samples","15391","INT_SAMPLE_C","FALSE",
"SYSTEM","MAIN","6","Visit Thermo Informatics","15549","INT_DOT_RED","TRUE",
"SYSTEM","MY_ITEMS","1","Authorized Samples","15601","INT_SAMPLE_A","FALSE",
"SYSTEM","MY_ITEMS","2","Complete Samples","15602","INT_SAMPLE_C","FALSE",
"SYSTEM","MY_ITEMS","3","""In Progress"" Samples","15603","INT_SAMPLE_V","FALSE",
"SYSTEM","MY_ITEMS","4","Unavailable Samples","15604","INT_SAMPLE_U","FALSE",
"SYSTEM","MY_ITEMS","5","Authorized Jobs","15605","INT_JOB_HEADER_A","FALSE",
"SYSTEM","MY_ITEMS","6","Complete Jobs","15606","INT_JOB_HEADER_C","FALSE",
"SYSTEM","MY_ITEMS","7","""In Progress"" Jobs","15607","INT_JOB_HEADER_V","FALSE",
"SYSTEM","SYSTEM","1","Section Home","15564","INT_HOME","FALSE",
"SYSTEM","SYSTEM","2","New Window","15564","INT_COPY","TRUE",
"SYSTEM","SYSTEM","3","Help","15547","INT_HELP","TRUE","Help"
"SYSTEM","SYSTEM","4","Log Out","15599","INT_STOP","FALSE",
