﻿WEB_LINK
IDENTITY,DESCRIPTION,GROUP_ID,MODIFIABLE,REMOVEFLAG,NAME,URL,SEPARATE_WINDOW
20,255,10,1,1,100,255,1
                      17
"HELP","Web Site Help",,"TRUE","FALSE",,"help/","TRUE"
"I18N_ADDGROUP","Localization Editor - Add New Group",,"TRUE","FALSE","Localization Editor - Add New Group","main.aspx?detail=i18naddgroup","FALSE"
"I18N_ADDLANGUAGE","Localization Editor - Add New Language",,"TRUE","FALSE","Localization Editor - Add New Language","main.aspx?detail=i18naddlanguage","FALSE"
"I18N_ADDMESSAGE","Localization Editor - Add New Message",,"TRUE","FALSE","Localization Editor - Add New Message","main.aspx?detail=i18naddmessage","FALSE"
"I18N_EDITOR","Localization Editor",,"TRUE","FALSE","Localization Editor","main.aspx?detail=i18neditor","FALSE"
"JOB_LOGIN","Login a Job using a specified Job Template",,"TRUE","FALSE","Login a Job using a specified Job Template","main.aspx?wizard=joblogin/page1","FALSE"
"JOB_LOGIN_DEFAULT","Login a Job using the Default Template",,"TRUE","FALSE","Login a Job using the Default Template","main.aspx?wizard=joblogin/page2&template=default","FALSE"
"LOGOUT","Log Out of the SampleManager Web Application",,"TRUE","FALSE","Log Out of the SampleManager Web Application","main.aspx?detail=logout","FALSE"
"PROPERTY_SHEET","Property Sheet Pages",,"TRUE","FALSE","Property Sheet Pages","main.aspx?propertysheet","FALSE"
"SAMPLE_LOGIN","Login a Sample using a specified Sample Template",,"TRUE","FALSE","Login a Sample using a specified Sample Template","main.aspx?wizard=samplelogin/page1","FALSE"
"SAMPLE_LOGIN_BLANK","Login a Sample using the BLANK Sample Template",,"TRUE","FALSE","Login a Sample using the BLANK Sample Template","main.aspx?wizard=samplelogin/page2&template=blank","FALSE"
"SAMPLE_LOGIN_OLDJOB","Add a Sample to an Existing Job",,"TRUE","FALSE","Add a Sample to an Existing Job","main.aspx?wizard=samplelogin/page1&oldjob=true","FALSE"
"SECTION_HOME","Go to the Current Section Home Page",,"TRUE","FALSE","Go to the Current Section Home Page","main.aspx?home","FALSE"
"SETTINGS","Web Application Settings",,"TRUE","FALSE","Web Application Settings","main.aspx?detail=settings","FALSE"
"SOAP_LOGVIEWER","Web Service Log Viewer",,"TRUE","FALSE","Web Service Log Viewer","main.aspx?detail=logviewer","FALSE"
"THERMO","Link to the Thermo Electron Corporation Web Site",,"TRUE","FALSE","Link to the Thermo Electron Corporation Web Site","http://www.thermo.com","TRUE"
"THERMO_INFORMATICS","Link to the Thermo Informatics Web Site",,"TRUE","FALSE","Link to the Thermo Informatics Web Site","http://www.thermo.com/informatics","TRUE"
