﻿WEB_RECENT_ITEMS
OPERATOR,DISPLAY_NAME,URL,RECORD_TIMESTAMP
10,100,300,32
                     172
"AMACHELLI","Public Folders","/#Navigate:Public Folders"," 09-06-2021 14:53:37.54"
"AMACHELLI","RaceTrack","/#Navigate:Public Folders\RaceTrack"," 09-06-2021 14:53:43.71"
"AMSLOAN","Public Folders","/#Navigate:Public Folders"," 18-06-2021 16:52:19.55"
"AMSLOAN","Race Card","/#Navigate:Public Folders\RaceTrack\Race Card"," 22-04-2021 11:42:44.81"
"AMSLOAN","Race Track - Race Card Entry","/#Navigate:Public Folders\RaceTrack\Race Track - Race Card Entry"," 03-06-2021 17:13:00.73"
"AMSLOAN","RaceTrack","/#Navigate:Public Folders\RaceTrack"," 30-06-2021 11:25:29.61"
"AMSLOAN","Ship Container","/#Navigate:Public Folders\RaceTrack\Ship Container"," 03-06-2021 17:13:28.48"
"AMSLOAN","User","/#Navigate:Public Folders\User"," 28-04-2021 11:19:09.17"
"DAVIMARSHA","Public Folders","/#Navigate:Public Folders"," 12-07-2021 11:58:52.23"
"DAVIMARSHA","Race Track - Race Card Entry","/#Navigate:Public Folders\RaceTrack\Race Track - Race Card Entry"," 21-06-2021 13:53:49.49"
"DAVIMARSHA","RaceTrack","/#Navigate:Public Folders\RaceTrack"," 15-11-2021 11:29:30.31"
"DST","Accession - STI","/#Navigate:Public Folders\RaceTrack\Accession - STI"," 26-03-2021 11:08:26.87"
"DST","General","/#Navigate:Public Folders\General"," 11-06-2021 14:12:22.59"
"DST","Operators","/#Navigate:Public Folders\System Folders\Operators"," 10-06-2021 13:23:19.01"
"DST","PD","/#Navigate:Public Folders\PETRL\Accessions\Race Track\PD"," 11-06-2021 14:24:47.13"
"DST","PETRL","/#Navigate:Public Folders\PETRL"," 11-06-2021 14:12:28.23"
"DST","Race","/#Navigate:Public Folders\RaceTrack\Race"," 26-03-2021 11:08:17.85"
"DST","Race Card","/#Navigate:Public Folders\RaceTrack\Race Card"," 26-03-2021 11:08:14.13"
"DST","Race Track","/#Navigate:Public Folders\PETRL\Accessions\Race Track"," 11-06-2021 14:24:39.75"
"DST","RaceTrack","/#Navigate:Public Folders\RaceTrack"," 26-03-2021 11:08:32.45"
"DST","Report Template","/#Navigate:Public Folders\System Folders\Report Template"," 10-06-2021 12:46:06.04"
"DST","Ship Container","/#Navigate:Public Folders\RaceTrack\Ship Container"," 26-03-2021 11:08:20.52"
"DST","Specimen Receipt by Job","/#Navigate:Public Folders\PETRL\Specimen Receipt by Job"," 11-06-2021 14:12:35.84"
"ELOPEZ","My Data","/#Navigate:Public Folders\My Data"," 31-03-2021 12:27:26.10"
"ELOPEZ","Public Folders","/#Navigate:Public Folders"," 01-04-2021 11:59:32.59"
"ELOPEZ","RaceTrack","/#Navigate:Public Folders\RaceTrack"," 01-04-2021 12:08:43.39"
"ELOPEZ","User","/#Navigate:Public Folders\User"," 31-03-2021 12:27:28.39"
"EXTESTCHEM","Container Shipment","/#Navigate:Public Folders\PETRL\Container Shipment"," 18-03-2021 13:42:06.01"
"EXTESTCHEM","Create Batch","/#Navigate:Public Folders\PETRL\Create Batch"," 18-03-2021 13:54:32.22"
"EXTESTCHEM","General","/#Navigate:Public Folders\General"," 18-03-2021 14:04:13.75"
"EXTESTCHEM","PETRL","/#Navigate:Public Folders\PETRL"," 07-04-2021 11:19:40.86"
"EXTESTCHEM","Race Card","/#Navigate:Public Folders\PETRL\Race Card"," 18-03-2021 14:02:16.05"
"EXTESTCHEM","Race Card (Testing Only)","/#Navigate:Public Folders\PETRL\Race Card (Testing Only)"," 07-04-2021 11:19:46.22"
"EXTESTCHEM","RaceTrack","/#Navigate:Public Folders\RaceTrack"," 07-04-2021 11:19:33.78"
"GARYW","Accession","/#Navigate:Public Folders\RaceTrack SI\Accession"," 16-04-2021 15:55:54.11"
"GARYW","Accessions","/#Navigate:Public Folders\PETRL\Accessions"," 07-04-2021 17:27:27.98"
"GARYW","August 2020","/#Navigate:Public Folders\PETRL\Accessions\Date Created\August 2020"," 07-04-2021 17:27:49.96"
"GARYW","Date Created","/#Navigate:Public Folders\PETRL\Accessions\Date Created"," 16-04-2021 16:35:20.23"
"GARYW","General","/#Navigate:PublicFolders\General"," 19-10-2021 19:41:45.99"
"GARYW","Jobs","/#Navigate:Public Folders\General\Jobs"," 16-04-2021 15:56:10.89"
"GARYW","July 2020","/#Navigate:Public Folders\PETRL\Accessions\Date Created\July 2020"," 07-04-2021 17:27:59.81"
"GARYW","October 2020","/#Navigate:Public Folders\PETRL\Accessions\Date Created\October 2020"," 07-04-2021 17:27:43.72"
"GARYW","PETRL","/#Navigate:Public Folders\PETRL"," 07-04-2021 17:29:38.52"
"GARYW","PN","/#Navigate:Public Folders\RaceTrack SI\Accession\PN"," 16-04-2021 15:55:57.11"
"GARYW","RACE","/#Navigate:Public Folders\PETRL\RACE"," 16-04-2021 07:03:51.82"
"GARYW","Race Card","/#Navigate:PublicFolders\PETRL\Race Card"," 07-04-2021 17:29:45.66"
"GARYW","Race Card (Testing Only)","/#Navigate:Public Folders\PETRL\Race Card (Testing Only)"," 01-04-2021 18:19:36.39"
"GARYW","RaceTrack","/#Navigate:Public Folders\RaceTrack"," 02-06-2021 10:37:24.58"
"GARYW","RaceTrack SI","/#Navigate:Public Folders\RaceTrack SI"," 28-04-2021 18:40:20.51"
"GARYW","Schedule Calendars","/#Navigate:Public Folders\Login Setup Folders\Schedule Calendars"," 02-06-2021 09:42:53.36"
"GARYW","Schedule Groups","/#Navigate:Public Folders\Login Setup Folders\Schedule Groups"," 02-06-2021 09:42:49.29"
"GARYW","Schedules","/#Navigate:Public Folders\Login Setup Folders\Schedules"," 02-06-2021 10:48:13.98"
"GARYW","Test Schedules","/#Navigate:Public Folders\Login Setup Folders\Test Schedules"," 02-06-2021 09:43:01.15"
"GARYW","Today","/#Navigate:Public Folders\General\Jobs\Date Created\Today"," 16-04-2021 16:35:22.62"
"HPRACEADM","My Data","/#Navigate:Public Folders\My Data"," 30-03-2021 12:48:55.12"
"HPRACEADM","PublicFolders","/#Navigate:PublicFolders"," 22-03-2020 17:27:24.20"
"HPRACEADM","Race Card","/#Navigate:PublicFolders\Race Track\Race Card"," 22-03-2020 17:27:31.84"
"HPRACEADM","Race Track","/#Navigate:PublicFolders\Race Track"," 22-03-2020 16:51:45.00"
"HPRACEADM","RaceTrack","/#Navigate:PublicFolders\RaceTrack"," 14-06-2021 18:29:38.23"
"HPRACEADM","User","/#Navigate:PublicFolders\User"," 22-03-2020 17:27:32.29"
"JAGALOOS","Accession - STI","/#Navigate:Public Folders\PETRL\Accession - STI"," 04-06-2021 13:18:22.89"
"JAGALOOS","Accessions","/#Navigate:Public Folders\PETRL\Accessions"," 04-06-2021 12:44:05.71"
"JAGALOOS","Date Created","/#Navigate:Public Folders\PETRL\Accessions\Date Created"," 04-06-2021 12:44:09.32"
"JAGALOOS","General","/#Navigate:Public Folders\General"," 04-06-2021 13:14:48.74"
"JAGALOOS","HP","/#Navigate:Public Folders\PETRL\Specimens\HP"," 04-06-2021 13:22:34.60"
"JAGALOOS","Laboratory Tables","/#Navigate:Public Folders\Laboratory Tables"," 04-06-2021 13:22:47.35"
"JAGALOOS","PETRL","/#Navigate:Public Folders\PETRL"," 04-06-2021 13:18:19.69"
"JAGALOOS","RaceTrack","/#Navigate:Public Folders\RaceTrack"," 17-03-2021 14:13:58.86"
"JAGALOOS","Shipment","/#Navigate:Public Folders\PETRL\Shipment"," 04-06-2021 13:22:25.16"
"JAGALOOS","Specimen Receipt by Job","/#Navigate:Public Folders\PETRL\Specimen Receipt by Job"," 04-06-2021 13:15:49.60"
"JAGALOOS","Specimens","/#Navigate:Public Folders\PETRL\Specimens"," 04-06-2021 13:22:44.83"
"JAGALOOS","Wed 2 Jun","/#Navigate:Public Folders\PETRL\Accessions\Date Created\Wed 2 Jun"," 04-06-2021 12:44:15.28"
"JANEYSMITH","Public Folders","/#Navigate:Public Folders"," 29-06-2021 08:51:09.58"
"JANEYSMITH","RaceTrack","/#Navigate:Public Folders\RaceTrack"," 29-06-2021 08:48:28.54"
"JFLORES","My Data","/#Navigate:Public Folders\My Data"," 18-05-2021 16:50:08.82"
"JFLORES","Public Folders","/#Navigate:Public Folders"," 17-06-2021 14:06:24.60"
"JFLORES","Race Track - Race Card Entry","/#Navigate:Public Folders\RaceTrack\Race Track - Race Card Entry"," 15-11-2021 10:04:46.08"
"JFLORES","RaceTrack","/#Navigate:Public Folders\RaceTrack"," 15-11-2021 10:04:20.74"
"JKLEPPINGE","Public Folders","/#Navigate:Public Folders"," 15-04-2021 10:39:58.81"
"JKLEPPINGE","RaceTrack","/#Navigate:Public Folders\RaceTrack"," 15-04-2021 10:40:06.02"
"JLEES","Race Track - Race Card Entry","/#Navigate:Public Folders\RaceTrack\Race Track - Race Card Entry"," 20-07-2021 13:05:04.36"
"JLEES","RaceTrack","/#Navigate:Public Folders\RaceTrack"," 20-07-2021 14:10:27.05"
"JMEAD","Public Folders","/#Navigate:Public Folders"," 09-06-2021 14:36:51.42"
"JMEAD","RaceTrack","/#Navigate:Public Folders\RaceTrack"," 09-06-2021 14:24:38.02"
"LKARCHNER","My Data","/#Navigate:Public Folders\My Data"," 28-04-2021 09:10:50.06"
"LKARCHNER","My Work","/#Navigate:Public Folders\User\My Work"," 28-04-2021 09:10:45.36"
"LKARCHNER","Public Folders","/#Navigate:Public Folders"," 11-05-2021 10:08:57.23"
"LKARCHNER","Race Card","/#Navigate:Public Folders\RaceTrack\Race Card"," 28-04-2021 08:26:14.44"
"LKARCHNER","RaceTrack","/#Navigate:Public Folders\RaceTrack"," 11-05-2021 10:09:00.22"
"LKARCHNER","User","/#Navigate:Public Folders\User"," 28-04-2021 09:10:41.33"
"LSCOTT","Public Folders","/#Navigate:Public Folders"," 26-06-2021 11:59:48.14"
"LSCOTT","RaceTrack","/#Navigate:Public Folders\RaceTrack"," 02-07-2021 10:43:14.40"
"LZHAO","General","/#Navigate:Public Folders\General"," 25-05-2021 13:55:50.78"
"MPRACEADM","My Data","/#Navigate:Public Folders\My Data"," 27-05-2021 11:18:37.70"
"MPRACEADM","Personal Folders","/#Navigate:Personal Folders"," 02-06-2021 10:12:04.63"
"MPRACEADM","Public Folders","/#Navigate:Public Folders"," 02-06-2021 09:27:49.35"
"MPRACEADM","RaceTrack","/#Navigate:Public Folders\RaceTrack"," 02-06-2021 17:31:47.40"
"PDRACEADM","Public Folders","/#Navigate:Public Folders"," 02-06-2021 13:50:20.68"
"PDRACEADM","RaceTrack","/#Navigate:Public Folders\RaceTrack"," 02-06-2021 14:31:24.44"
"PIRACEADM","2 Weeks Ago","/#Navigate:Public Folders\RaceTrack\Race\2 Weeks Ago"," 14-06-2021 18:56:57.06"
"PIRACEADM","Accession","/#Navigate:Public Folders\RaceTrack\Accession"," 14-06-2021 19:05:17.24"
"PIRACEADM","Last Month","/#Navigate:Public Folders\RaceTrack\Specimen Witness Receipt\Last Month"," 14-06-2021 18:56:47.00"
"PIRACEADM","My Data","/#Navigate:Public Folders\My Data"," 07-04-2021 11:42:37.41"
"PIRACEADM","Public Folders","/#Navigate:Public Folders"," 14-06-2021 19:33:06.40"
"PIRACEADM","Race","/#Navigate:Public Folders\RaceTrack\Race"," 14-06-2021 19:01:49.63"
"PIRACEADM","Race Track - Race Card Entry","/#Navigate:Public Folders\RaceTrack\Race Track - Race Card Entry"," 14-06-2021 18:55:18.85"
"PIRACEADM","RaceTrack","/#Navigate:Public Folders\RaceTrack"," 24-06-2021 14:15:23.27"
"PIRACEADM","Ship Container","/#Navigate:Public Folders\RaceTrack\Ship Container"," 14-06-2021 19:04:35.12"
"PIRACEADM","Specimen Witness Receipt","/#Navigate:Public Folders\RaceTrack\Specimen Witness Receipt"," 14-06-2021 19:00:29.13"
"PIRACEADM","T000813","/#Navigate:Public Folders\RaceTrack\Accession\Today\T000813"," 14-06-2021 19:05:26.76"
"PIRACEADM","Today","/#Navigate:Public Folders\RaceTrack\Accession\Today"," 14-06-2021 19:05:18.85"
"PNDSTTEST","_041521_2_370124","/#Navigate:Public Folders\RaceTrack\Accession\Last Week\T000624\_041521_2_370124"," 20-04-2021 12:03:38.04"
"PNDSTTEST","2 Weeks Ago","/#Navigate:Public Folders\RaceTrack\Accession\2 Weeks Ago"," 20-04-2021 12:03:45.70"
"PNDSTTEST","Accession","/#Navigate:Public Folders\RaceTrack\Accession"," 10-05-2021 10:52:09.14"
"PNDSTTEST","February 2021","/#Navigate:Public Folders\RaceTrack\Race\February 2021"," 10-05-2021 10:52:36.75"
"PNDSTTEST","Last Month","/#Navigate:Public Folders\RaceTrack\Race\Last Month"," 10-05-2021 10:52:22.95"
"PNDSTTEST","Last Week","/#Navigate:Public Folders\RaceTrack\Race\Last Week"," 22-04-2021 11:36:16.20"
"PNDSTTEST","March 2021","/#Navigate:Public Folders\RaceTrack\Race Card Reports\March 2021"," 10-05-2021 10:53:51.37"
"PNDSTTEST","Public Folders","/#Navigate:Public Folders"," 11-05-2021 13:08:30.79"
"PNDSTTEST","Race","/#Navigate:Public Folders\RaceTrack\Race"," 10-05-2021 10:56:17.39"
"PNDSTTEST","Race Card Reports","/#Navigate:Public Folders\RaceTrack\Race Card Reports"," 10-05-2021 10:52:20.73"
"PNDSTTEST","Race Track - Race Card Entry","/#Navigate:Public Folders\RaceTrack\Race Track - Race Card Entry"," 10-05-2021 10:52:06.16"
"PNDSTTEST","RaceTrack","/#Navigate:Public Folders\RaceTrack"," 11-05-2021 13:08:34.88"
"PNDSTTEST","Ship Container","/#Navigate:Public Folders\RaceTrack\Ship Container"," 10-05-2021 10:53:46.08"
"PNDSTTEST","T000624","/#Navigate:Public Folders\RaceTrack\Accession\Thu 15 Apr\T000624"," 20-04-2021 12:03:39.61"
"PNDSTTEST","T000639","/#Navigate:Public Folders\RaceTrack\Accession\Yesterday\T000639"," 21-04-2021 14:28:19.27"
"PNDSTTEST","T000640","/#Navigate:Public Folders\RaceTrack\Accession\Yesterday\T000640"," 21-04-2021 14:28:21.10"
"PNDSTTEST","T000642","/#Navigate:Public Folders\RaceTrack\Accession\Yesterday\T000642"," 21-04-2021 14:28:23.50"
"PNDSTTEST","T000643","/#Navigate:Public Folders\RaceTrack\Accession\Today\T000643"," 21-04-2021 14:34:13.61"
"PNDSTTEST","Today","/#Navigate:Public Folders\RaceTrack\Accession\Today"," 21-04-2021 14:39:35.73"
"PNDSTTEST","Tue 13 Apr","/#Navigate:Public Folders\RaceTrack\Race\Tue 13 Apr"," 20-04-2021 15:28:59.12"
"PNRACEADM2","Public Folders","/#Navigate:Public Folders"," 20-04-2021 15:11:28.36"
"PNRACEADM2","Race Card","/#Navigate:Public Folders\RaceTrack\Race Card"," 18-04-2021 10:34:52.23"
"PNRACEADM2","RaceTrack","/#Navigate:Public Folders\RaceTrack"," 23-04-2021 15:38:39.22"
"PXRACEADM","Accession","/#Navigate:Public Folders\RaceTrack\Accession"," 20-04-2021 12:00:42.60"
"PXRACEADM","My ""In Progress"" Jobs","/#Navigate:Public Folders\My Data\My ""In Progress"" Jobs"," 31-03-2021 12:24:04.35"
"PXRACEADM","My Authorized Jobs","/#Navigate:Public Folders\My Data\My Authorized Jobs"," 31-03-2021 12:24:10.21"
"PXRACEADM","My Authorized Samples","/#Navigate:Public Folders\My Data\My Authorized Samples"," 31-03-2021 12:22:58.89"
"PXRACEADM","My Complete Jobs","/#Navigate:Public Folders\My Data\My Complete Jobs"," 31-03-2021 12:24:04.40"
"PXRACEADM","My Data","/#Navigate:Public Folders\My Data"," 31-03-2021 12:22:54.01"
"PXRACEADM","Public Folders","/#Navigate:Public Folders"," 13-04-2021 15:50:48.84"
"PXRACEADM","Race","/#Navigate:Public Folders\RaceTrack\Race"," 20-04-2021 12:00:22.95"
"PXRACEADM","Race Card","/#Navigate:Public Folders\RaceTrack\Race Card"," 20-04-2021 12:00:23.84"
"PXRACEADM","RaceTrack","/#Navigate:Public Folders\RaceTrack"," 05-07-2021 15:43:08.36"
"PXRACEADM","S000447","/#Navigate:Public Folders\My Data\My ""In Progress"" Jobs\S000447"," 31-03-2021 12:24:06.64"
"PXRACEADM","S000478","/#Navigate:Public Folders\My Data\My ""In Progress"" Jobs\S000478"," 31-03-2021 13:01:39.93"
"PXRACEADM","Ship Container","/#Navigate:Public Folders\RaceTrack\Ship Container"," 20-04-2021 12:00:22.04"
"PXRACEADM2","2 Weeks Ago","/#Navigate:Public Folders\RaceTrack\Race\2 Weeks Ago"," 30-04-2021 10:48:15.39"
"PXRACEADM2","Accession","/#Navigate:Public Folders\RaceTrack\Accession"," 01-05-2021 18:09:43.77"
"PXRACEADM2","Race","/#Navigate:Public Folders\RaceTrack\Race"," 30-04-2021 10:36:17.51"
"PXRACEADM2","Race Card","/#Navigate:Public Folders\RaceTrack\Race Card"," 30-04-2021 09:30:29.48"
"PXRACEADM2","Race Card Reports","/#Navigate:Public Folders\RaceTrack\Race Card Reports"," 30-04-2021 10:34:33.07"
"PXRACEADM2","Race Track - Race Card Entry","/#Navigate:Public Folders\RaceTrack\Race Track - Race Card Entry"," 30-04-2021 10:47:41.54"
"PXRACEADM2","RaceTrack","/#Navigate:Public Folders\RaceTrack"," 01-05-2021 18:10:26.78"
"PXRACEADM2","Ship Container","/#Navigate:Public Folders\RaceTrack\Ship Container"," 30-04-2021 09:30:47.18"
"PXRACEADM2","Today","/#Navigate:Public Folders\RaceTrack\Accession\Today"," 01-05-2021 18:09:46.68"
"RCARAZAS","RaceTrack","/#Navigate:Public Folders\RaceTrack"," 21-06-2021 11:47:59.66"
"RKEELER","Public Folders","/#Navigate:Public Folders"," 25-06-2021 10:27:16.08"
"RKEELER","RaceTrack","/#Navigate:Public Folders\RaceTrack"," 25-06-2021 10:27:25.56"
"SVOELKNER","Public Folders","/#Navigate:Public Folders"," 02-05-2021 15:28:34.44"
"SVOELKNER","RaceTrack","/#Navigate:Public Folders\RaceTrack"," 02-05-2021 15:28:38.37"
"SYSTEM","Operators","/#Navigate:PublicFolders\System Folders\Operators"," 05-09-2019 11:56:43.78"
"SYSTEM","System Folders","/#Navigate:PublicFolders\System Folders"," 05-09-2019 11:56:39.00"
"VHOADLEY","My Data","/#Navigate:Public Folders\My Data"," 23-04-2021 11:42:50.90"
"VHOADLEY","My Work","/#Navigate:Public Folders\User\My Work"," 23-04-2021 11:43:38.14"
"VHOADLEY","Public Folders","/#Navigate:Public Folders"," 12-05-2021 15:12:53.85"
"VHOADLEY","RaceTrack","/#Navigate:Public Folders\RaceTrack"," 12-05-2021 15:12:58.08"
"VHOADLEY","User","/#Navigate:Public Folders\User"," 23-04-2021 11:43:34.51"
"WMCCOOL","Personal Folders","/#Navigate:Personal Folders"," 12-04-2021 14:20:25.86"
"WMCCOOL","Public Folders","/#Navigate:Public Folders"," 13-05-2021 11:29:57.13"
"WMCCOOL","Race Card","/#Navigate:Public Folders\RaceTrack\Race Card"," 12-04-2021 10:53:28.67"
"WMCCOOL","RaceTrack","/#Navigate:Public Folders\RaceTrack"," 13-05-2021 11:30:15.68"
