﻿WORKFLOW_STATE_CONDITION
TABLE_NAME,WORKFLOW_STATE_ID,ORDER_NUMBER,PROPERTY,OPERATOR,TYPE,VALUE
30,30,10,100,10,10,255
                     128
"BATCH_HEADER","ASSIGNABLE","1","Plate","=","V",
"BATCH_HEADER","ASSIGNABLE","2","Status","=","V","V"
"BATCH_HEADER","AUTHORIZED","1","Status","=","V","A"
"BATCH_HEADER","AVAILABLE","1","Status","=","V","V"
"BATCH_HEADER","CANCELED","1","Status","=","V","X"
"BATCH_HEADER","COMPLETED","1","Status","=","V","C"
"BATCH_HEADER","INSPECTION","1","Status","=","V","I"
"BATCH_HEADER","USED","1","Status","=","V","U"
"CERT","AUTHORIZABLE","1","Status","=","V","D"
"CERT","AUTHORIZED","1","Status","=","V","A"
"CERT","CANCELABLE","1","Status","<>","V","X"
"CERT","CANCELABLE","2","Status","<>","V","A"
"CERT","CANCELED","1","Status","=","V","X"
"CERT","DRAFT","1","Status","=","V","D"
"CERT","INSPECTABLE","1","Status","=","V","I"
"CERT","INSPECTABLE","2","ApprovalStatus","=","V","I"
"CERT","SUBMITTABLE","1","Status","=","V","D"
"CERT","SUBMITTABLE","2","InspectionPlan","<>","V",
"DM_DATA_PACKAGE","POST_CREATE","1","Status","=","V","V"
"DM_DATA_PACKAGE","PRE_CREATE","1","Status","=","V","V"
"DM_DATA_PACKAGE","SUPERSEDE","1","Status","=","V","S"
"INCIDENTS","AUTHORIZABLE","1","Status","=","V","C"
"INCIDENTS","AUTHORIZABLE","2","Status","=","V","I"
"INCIDENTS","CANCELABLE","1","Status","IN","V","U,W,V,C,I"
"INCIDENTS","COMPLETABLE","1","Status","=","V","V"
"INCIDENTS","INSPECTABLE","1","Status","IN","V","C,I"
"INCIDENTS","INSPECTABLE","2","AuthoriseInspectors","<>","V",
"INCIDENTS","MODIFIABLE","1","Status","=","V","V"
"INCIDENTS","MODIFIABLE","2","Status","=","V","R"
"INCIDENTS","MODIFIABLE","3","Status","=","V","U"
"INCIDENTS","REVIEWABLE","1","Status","IN","V","W"
"INCIDENTS","REVIEWABLE","2","ReviewInspectors","<>","V",
"INCIDENTS","SUBMITTABLE","1","Status","=","V","U"
"JOB_HEADER","AUTHORIZED","1","JobStatus","=","V","A"
"JOB_HEADER","AVAILABLE","1","JobStatus","=","V","V"
"JOB_HEADER","COMPLETE","1","JobStatus","=","V","C"
"JOB_HEADER","DISPOSED","1","JobStatus","=","V",
"JOB_HEADER","NEEDS_CERTIFICATE","1","Cert","=","V",
"JOB_HEADER","NEEDS_CERTIFICATE","2","CertTemplate","<>","V",
"JOB_HEADER","SUSPENDED","1","JobStatus","=","V","S"
"LAB_EXECUTION","AUTHORIZED","1","Status","=","V","A"
"LAB_EXECUTION","AVAILABLE","1","Status","=","V","V"
"LAB_EXECUTION","CANCELABLE","1","Status","<>","V","X"
"LAB_EXECUTION","CANCELABLE","2","Status","<>","V","A"
"LAB_EXECUTION","CANCELED","1","Status","=","V","X"
"LAB_EXECUTION","COMPLETED","1","Status","=","V","C"
"LAB_EXECUTION","INPROGRESS","1","Status","=","V","P"
"LAB_EXECUTION","INSPECTABLE","1","Status","=","V","I"
"LAB_EXECUTION","INSPECTABLE","2","ApprovalStatus","=","V","I"
"LAB_EXECUTION","REACTIVATABLE","1","Status","=","V","X"
"LAB_EXECUTION","REOPENABLE","1","Status","=","V","C"
"LAB_EXECUTION","SUBMITTABLE","1","Status","=","V","C"
"LAB_EXECUTION","SUBMITTABLE","2","InspectionPlan","<>","V",
"LOT_DETAILS","AVAILABLE","1","Status","=","V","V"
"LOT_DETAILS","C_OR_V","1","Status","IN","V","V,C"
"LOT_DETAILS","CANCELED","1","Status","=","V","X"
"LOT_DETAILS","COMPLETE","1","Status","=","V","C"
"LOT_DETAILS","NEEDS_CERTIFICATE","1","Cert","=","V",
"LOT_DETAILS","NEEDS_CERTIFICATE","2","CertTemplate","<>","V",
"LOT_DETAILS","RECONCILE","1","Status","=","V","V"
"LOT_RESERVATION","AVAILABLE","1","Status","=","V","V"
"LOT_RESERVATION","CANCELABLE","1","Status","=","V","C"
"LOT_RESERVATION","CANCELABLE","2","Status","=","V","V"
"LOT_RESERVATION","CANCELABLE","3","Status","=","V","P"
"LOT_RESERVATION","COMPLETE","1","Status","=","V","C"
"LOT_RESERVATION","INPROGRESS","1","Status","=","V","P"
"PLATE","AUTHORIZABLE","1","Status","=","V","C"
"PLATE","AUTHORIZED","1","Status","=","V","A"
"PLATE","AVAILABLE","1","Status","=","V","V"
"PLATE","CANCELABLE","1","Status","<>","V","X"
"PLATE","CANCELABLE","2","Status","<>","V","A"
"PLATE","CANCELED","1","Status","=","V","X"
"PLATE","COMPLETED","1","Status","=","V","C"
"PLATE","DISPOSABLE","1","Status","IN","V","A,R,X"
"PLATE","INSPECTABLE","1","Status","=","V","I"
"PLATE","INSPECTABLE","2","ApprovalStatus","=","V","I"
"PLATE","MOVEABLE","1","Status","<>","V","D"
"PLATE","REJECTED","1","Status","=","V","R"
"PLATE","REVERTABLE","1","Status","IN","V","A,R,X"
"PLATE","SUBMITTABLE","1","Status","=","V","C"
"PLATE","SUBMITTABLE","2","InspectionPlan","<>","V",
"PLATE","SUSPENDABLE","1","Status","IN","V","C,V"
"PLATE","SUSPENDED","1","Status","=","V","S"
"PLATE","UNAVAILABLE","1","Status","=","V","U"
"PLATE","VERIFIABLE","1","Status","NOT IN","V","A, D, R, X"
"RESULT","E_OR_M","1","Status","IN","V","E,M"
"RESULT","UNAVAILABLE","1","Status","=","V","U"
"RESULT","UNINITIALIZED","1","Status","=","V",
"SAMPLE","AUTHORIZED","1","Status","=","V","A"
"SAMPLE","AVAILABLE","1","Status","=","V","V"
"SAMPLE","BATCH_ASSIGNABLE","1","Status","=","V","V"
"SAMPLE","BATCH_ASSIGNABLE","2","BatchId","=","V",
"SAMPLE","C_OR_V","1","Status","IN","V","V,C"
"SAMPLE","CANCELED","1","Status","=","V","X"
"SAMPLE","COMPLETE","1","Status","=","V","C"
"SAMPLE","DISPOSED","1","Status","=","V","D"
"SAMPLE","EXPIRED","1","Status","=","V","E"
"SAMPLE","FINAL_STATUS","1","Status","IN","V","A,R,X"
"SAMPLE","INSPECTION","1","Status","=","V","I"
"SAMPLE","NEEDS_CERTIFICATE","1","Cert","=","V",
"SAMPLE","NEEDS_CERTIFICATE","2","CertTemplate","<>","V",
"SAMPLE","ONHOLD","1","Status","=","V","H"
"SAMPLE","READY_FOR_INSPECTION","1","Status","=","V","C"
"SAMPLE","READY_FOR_INSPECTION","2","InspectionHeader","<>","V",
"SAMPLE","RESAMPLE_ALLOWED","1","EntityTemplate","<>","V",
"SAMPLE","RESAMPLE_ALLOWED","2","Status","IN","V","A,R,X"
"SAMPLE","RESAMPLE_ALLOWED","3","ReSampled","=","V","F"
"SAMPLE","RETAIN_TYPE","1","SampleType","=","V","RETAIN"
"SAMPLE","RETAINED","1","Status","=","V","B"
"SAMPLE","SAMPLE","1","Status","=","V","X"
"SAMPLE","SAMPLE_COMPOSITE_REQ","1","CompositeStatus","=","V","PENDING"
"SAMPLE","SUSPENDED","1","Status","=","V","S"
"SAMPLE","TRANSIT","1","Status","=","V","T"
"SAMPLE","UNINITIALIZED","1","Status","=","V",
"SAMPLE","UNRECEIVED","1","Status","=","V","U"
"SAMPLE","WAITFORPREPARATION","1","Status","=","V","W"
"TEST","AUTHORIZED","1","Status","=","V","A"
"TEST","AVAILABLE","1","Status","=","V","V"
"TEST","CANCELED","1","Status","=","V","X"
"TEST","COMPLETE","1","Status","=","V","C"
"TEST","INPROGRESS","1","Status","=","V","P"
"TEST","INSPECTION","1","Status","=","V","I"
"TEST","REJECTED","1","Status","=","V","R"
"TEST","SUSPENDED","1","Status","=","V","S"
"TEST","UNAVAILABLE","1","Status","=","V","U"
"TEST","UNINITIALIZED","1","Status","=","V",
"TEST","V_OR_P","1","Status","IN","V","V,P"
"TEST","WAITFORPREPARATION","1","Status","=","V","W"
