﻿WORKFLOW_LINK
TABLE_NAME,RECORD_KEY0,WORKFLOW_NODE
30,100,36
                     250
"P_SAMPLE_CONTAINERS","C1","A7CE2E0A-5DD9-4282-B3E1-95E94CCF8011"
"P_SAMPLE_CONTAINERS","C10","BA071131-F960-4A3F-BC52-620AB2BA2494"
"P_SAMPLE_CONTAINERS","C100","BA071131-F960-4A3F-BC52-620AB2BA2494"
"P_SAMPLE_CONTAINERS","C101","A7CE2E0A-5DD9-4282-B3E1-95E94CCF8011"
"P_SAMPLE_CONTAINERS","C102","BA071131-F960-4A3F-BC52-620AB2BA2494"
"P_SAMPLE_CONTAINERS","C103","BA071131-F960-4A3F-BC52-620AB2BA2494"
"P_SAMPLE_CONTAINERS","C104","BA071131-F960-4A3F-BC52-620AB2BA2494"
"P_SAMPLE_CONTAINERS","C105","BA071131-F960-4A3F-BC52-620AB2BA2494"
"P_SAMPLE_CONTAINERS","C106","A7CE2E0A-5DD9-4282-B3E1-95E94CCF8011"
"P_SAMPLE_CONTAINERS","C107","BA071131-F960-4A3F-BC52-620AB2BA2494"
"P_SAMPLE_CONTAINERS","C108","BA071131-F960-4A3F-BC52-620AB2BA2494"
"P_SAMPLE_CONTAINERS","C109","BA071131-F960-4A3F-BC52-620AB2BA2494"
"P_SAMPLE_CONTAINERS","C11","A7CE2E0A-5DD9-4282-B3E1-95E94CCF8011"
"P_SAMPLE_CONTAINERS","C110","BA071131-F960-4A3F-BC52-620AB2BA2494"
"P_SAMPLE_CONTAINERS","C111","A7CE2E0A-5DD9-4282-B3E1-95E94CCF8011"
"P_SAMPLE_CONTAINERS","C112","BA071131-F960-4A3F-BC52-620AB2BA2494"
"P_SAMPLE_CONTAINERS","C113","BA071131-F960-4A3F-BC52-620AB2BA2494"
"P_SAMPLE_CONTAINERS","C114","BA071131-F960-4A3F-BC52-620AB2BA2494"
"P_SAMPLE_CONTAINERS","C115","BA071131-F960-4A3F-BC52-620AB2BA2494"
"P_SAMPLE_CONTAINERS","C116","A7CE2E0A-5DD9-4282-B3E1-95E94CCF8011"
"P_SAMPLE_CONTAINERS","C117","BA071131-F960-4A3F-BC52-620AB2BA2494"
"P_SAMPLE_CONTAINERS","C118","BA071131-F960-4A3F-BC52-620AB2BA2494"
"P_SAMPLE_CONTAINERS","C119","BA071131-F960-4A3F-BC52-620AB2BA2494"
"P_SAMPLE_CONTAINERS","C12","BA071131-F960-4A3F-BC52-620AB2BA2494"
"P_SAMPLE_CONTAINERS","C120","BA071131-F960-4A3F-BC52-620AB2BA2494"
"P_SAMPLE_CONTAINERS","C121","A7CE2E0A-5DD9-4282-B3E1-95E94CCF8011"
"P_SAMPLE_CONTAINERS","C122","BA071131-F960-4A3F-BC52-620AB2BA2494"
"P_SAMPLE_CONTAINERS","C123","BA071131-F960-4A3F-BC52-620AB2BA2494"
"P_SAMPLE_CONTAINERS","C124","BA071131-F960-4A3F-BC52-620AB2BA2494"
"P_SAMPLE_CONTAINERS","C125","BA071131-F960-4A3F-BC52-620AB2BA2494"
"P_SAMPLE_CONTAINERS","C126","A7CE2E0A-5DD9-4282-B3E1-95E94CCF8011"
"P_SAMPLE_CONTAINERS","C127","BA071131-F960-4A3F-BC52-620AB2BA2494"
"P_SAMPLE_CONTAINERS","C128","BA071131-F960-4A3F-BC52-620AB2BA2494"
"P_SAMPLE_CONTAINERS","C129","BA071131-F960-4A3F-BC52-620AB2BA2494"
"P_SAMPLE_CONTAINERS","C13","BA071131-F960-4A3F-BC52-620AB2BA2494"
"P_SAMPLE_CONTAINERS","C130","BA071131-F960-4A3F-BC52-620AB2BA2494"
"P_SAMPLE_CONTAINERS","C131","A7CE2E0A-5DD9-4282-B3E1-95E94CCF8011"
"P_SAMPLE_CONTAINERS","C132","BA071131-F960-4A3F-BC52-620AB2BA2494"
"P_SAMPLE_CONTAINERS","C133","BA071131-F960-4A3F-BC52-620AB2BA2494"
"P_SAMPLE_CONTAINERS","C134","BA071131-F960-4A3F-BC52-620AB2BA2494"
"P_SAMPLE_CONTAINERS","C135","BA071131-F960-4A3F-BC52-620AB2BA2494"
"P_SAMPLE_CONTAINERS","C136","A7CE2E0A-5DD9-4282-B3E1-95E94CCF8011"
"P_SAMPLE_CONTAINERS","C137","BA071131-F960-4A3F-BC52-620AB2BA2494"
"P_SAMPLE_CONTAINERS","C138","BA071131-F960-4A3F-BC52-620AB2BA2494"
"P_SAMPLE_CONTAINERS","C139","BA071131-F960-4A3F-BC52-620AB2BA2494"
"P_SAMPLE_CONTAINERS","C14","BA071131-F960-4A3F-BC52-620AB2BA2494"
"P_SAMPLE_CONTAINERS","C140","BA071131-F960-4A3F-BC52-620AB2BA2494"
"P_SAMPLE_CONTAINERS","C141","A7CE2E0A-5DD9-4282-B3E1-95E94CCF8011"
"P_SAMPLE_CONTAINERS","C142","BA071131-F960-4A3F-BC52-620AB2BA2494"
"P_SAMPLE_CONTAINERS","C143","BA071131-F960-4A3F-BC52-620AB2BA2494"
"P_SAMPLE_CONTAINERS","C144","BA071131-F960-4A3F-BC52-620AB2BA2494"
"P_SAMPLE_CONTAINERS","C145","BA071131-F960-4A3F-BC52-620AB2BA2494"
"P_SAMPLE_CONTAINERS","C146","A7CE2E0A-5DD9-4282-B3E1-95E94CCF8011"
"P_SAMPLE_CONTAINERS","C147","BA071131-F960-4A3F-BC52-620AB2BA2494"
"P_SAMPLE_CONTAINERS","C148","BA071131-F960-4A3F-BC52-620AB2BA2494"
"P_SAMPLE_CONTAINERS","C149","BA071131-F960-4A3F-BC52-620AB2BA2494"
"P_SAMPLE_CONTAINERS","C15","BA071131-F960-4A3F-BC52-620AB2BA2494"
"P_SAMPLE_CONTAINERS","C150","BA071131-F960-4A3F-BC52-620AB2BA2494"
"P_SAMPLE_CONTAINERS","C151","A7CE2E0A-5DD9-4282-B3E1-95E94CCF8011"
"P_SAMPLE_CONTAINERS","C152","BA071131-F960-4A3F-BC52-620AB2BA2494"
"P_SAMPLE_CONTAINERS","C153","BA071131-F960-4A3F-BC52-620AB2BA2494"
"P_SAMPLE_CONTAINERS","C154","BA071131-F960-4A3F-BC52-620AB2BA2494"
"P_SAMPLE_CONTAINERS","C155","BA071131-F960-4A3F-BC52-620AB2BA2494"
"P_SAMPLE_CONTAINERS","C156","A7CE2E0A-5DD9-4282-B3E1-95E94CCF8011"
"P_SAMPLE_CONTAINERS","C157","BA071131-F960-4A3F-BC52-620AB2BA2494"
"P_SAMPLE_CONTAINERS","C158","BA071131-F960-4A3F-BC52-620AB2BA2494"
"P_SAMPLE_CONTAINERS","C159","BA071131-F960-4A3F-BC52-620AB2BA2494"
"P_SAMPLE_CONTAINERS","C16","A7CE2E0A-5DD9-4282-B3E1-95E94CCF8011"
"P_SAMPLE_CONTAINERS","C160","BA071131-F960-4A3F-BC52-620AB2BA2494"
"P_SAMPLE_CONTAINERS","C161","A7CE2E0A-5DD9-4282-B3E1-95E94CCF8011"
"P_SAMPLE_CONTAINERS","C162","BA071131-F960-4A3F-BC52-620AB2BA2494"
"P_SAMPLE_CONTAINERS","C163","BA071131-F960-4A3F-BC52-620AB2BA2494"
"P_SAMPLE_CONTAINERS","C164","BA071131-F960-4A3F-BC52-620AB2BA2494"
"P_SAMPLE_CONTAINERS","C165","BA071131-F960-4A3F-BC52-620AB2BA2494"
"P_SAMPLE_CONTAINERS","C166","A7CE2E0A-5DD9-4282-B3E1-95E94CCF8011"
"P_SAMPLE_CONTAINERS","C167","BA071131-F960-4A3F-BC52-620AB2BA2494"
"P_SAMPLE_CONTAINERS","C168","BA071131-F960-4A3F-BC52-620AB2BA2494"
"P_SAMPLE_CONTAINERS","C169","BA071131-F960-4A3F-BC52-620AB2BA2494"
"P_SAMPLE_CONTAINERS","C17","BA071131-F960-4A3F-BC52-620AB2BA2494"
"P_SAMPLE_CONTAINERS","C170","BA071131-F960-4A3F-BC52-620AB2BA2494"
"P_SAMPLE_CONTAINERS","C18","BA071131-F960-4A3F-BC52-620AB2BA2494"
"P_SAMPLE_CONTAINERS","C19","BA071131-F960-4A3F-BC52-620AB2BA2494"
"P_SAMPLE_CONTAINERS","C2","BA071131-F960-4A3F-BC52-620AB2BA2494"
"P_SAMPLE_CONTAINERS","C20","BA071131-F960-4A3F-BC52-620AB2BA2494"
"P_SAMPLE_CONTAINERS","C271","A7CE2E0A-5DD9-4282-B3E1-95E94CCF8011"
"P_SAMPLE_CONTAINERS","C272","BA071131-F960-4A3F-BC52-620AB2BA2494"
"P_SAMPLE_CONTAINERS","C273","BA071131-F960-4A3F-BC52-620AB2BA2494"
"P_SAMPLE_CONTAINERS","C274","BA071131-F960-4A3F-BC52-620AB2BA2494"
"P_SAMPLE_CONTAINERS","C275","BA071131-F960-4A3F-BC52-620AB2BA2494"
"P_SAMPLE_CONTAINERS","C276","A7CE2E0A-5DD9-4282-B3E1-95E94CCF8011"
"P_SAMPLE_CONTAINERS","C277","BA071131-F960-4A3F-BC52-620AB2BA2494"
"P_SAMPLE_CONTAINERS","C278","BA071131-F960-4A3F-BC52-620AB2BA2494"
"P_SAMPLE_CONTAINERS","C279","BA071131-F960-4A3F-BC52-620AB2BA2494"
"P_SAMPLE_CONTAINERS","C280","BA071131-F960-4A3F-BC52-620AB2BA2494"
"P_SAMPLE_CONTAINERS","C281","A7CE2E0A-5DD9-4282-B3E1-95E94CCF8011"
"P_SAMPLE_CONTAINERS","C282","BA071131-F960-4A3F-BC52-620AB2BA2494"
"P_SAMPLE_CONTAINERS","C283","BA071131-F960-4A3F-BC52-620AB2BA2494"
"P_SAMPLE_CONTAINERS","C284","BA071131-F960-4A3F-BC52-620AB2BA2494"
"P_SAMPLE_CONTAINERS","C285","BA071131-F960-4A3F-BC52-620AB2BA2494"
"P_SAMPLE_CONTAINERS","C286","A7CE2E0A-5DD9-4282-B3E1-95E94CCF8011"
"P_SAMPLE_CONTAINERS","C287","BA071131-F960-4A3F-BC52-620AB2BA2494"
"P_SAMPLE_CONTAINERS","C288","BA071131-F960-4A3F-BC52-620AB2BA2494"
"P_SAMPLE_CONTAINERS","C289","BA071131-F960-4A3F-BC52-620AB2BA2494"
"P_SAMPLE_CONTAINERS","C290","BA071131-F960-4A3F-BC52-620AB2BA2494"
"P_SAMPLE_CONTAINERS","C291","A7CE2E0A-5DD9-4282-B3E1-95E94CCF8011"
"P_SAMPLE_CONTAINERS","C292","BA071131-F960-4A3F-BC52-620AB2BA2494"
"P_SAMPLE_CONTAINERS","C293","BA071131-F960-4A3F-BC52-620AB2BA2494"
"P_SAMPLE_CONTAINERS","C294","BA071131-F960-4A3F-BC52-620AB2BA2494"
"P_SAMPLE_CONTAINERS","C295","BA071131-F960-4A3F-BC52-620AB2BA2494"
"P_SAMPLE_CONTAINERS","C296","A7CE2E0A-5DD9-4282-B3E1-95E94CCF8011"
"P_SAMPLE_CONTAINERS","C297","BA071131-F960-4A3F-BC52-620AB2BA2494"
"P_SAMPLE_CONTAINERS","C298","BA071131-F960-4A3F-BC52-620AB2BA2494"
"P_SAMPLE_CONTAINERS","C299","BA071131-F960-4A3F-BC52-620AB2BA2494"
"P_SAMPLE_CONTAINERS","C3","BA071131-F960-4A3F-BC52-620AB2BA2494"
"P_SAMPLE_CONTAINERS","C300","BA071131-F960-4A3F-BC52-620AB2BA2494"
"P_SAMPLE_CONTAINERS","C301","A7CE2E0A-5DD9-4282-B3E1-95E94CCF8011"
"P_SAMPLE_CONTAINERS","C302","BA071131-F960-4A3F-BC52-620AB2BA2494"
"P_SAMPLE_CONTAINERS","C303","BA071131-F960-4A3F-BC52-620AB2BA2494"
"P_SAMPLE_CONTAINERS","C304","BA071131-F960-4A3F-BC52-620AB2BA2494"
"P_SAMPLE_CONTAINERS","C305","BA071131-F960-4A3F-BC52-620AB2BA2494"
"P_SAMPLE_CONTAINERS","C306","A7CE2E0A-5DD9-4282-B3E1-95E94CCF8011"
"P_SAMPLE_CONTAINERS","C307","BA071131-F960-4A3F-BC52-620AB2BA2494"
"P_SAMPLE_CONTAINERS","C308","BA071131-F960-4A3F-BC52-620AB2BA2494"
"P_SAMPLE_CONTAINERS","C309","BA071131-F960-4A3F-BC52-620AB2BA2494"
"P_SAMPLE_CONTAINERS","C310","BA071131-F960-4A3F-BC52-620AB2BA2494"
"P_SAMPLE_CONTAINERS","C311","A7CE2E0A-5DD9-4282-B3E1-95E94CCF8011"
"P_SAMPLE_CONTAINERS","C312","BA071131-F960-4A3F-BC52-620AB2BA2494"
"P_SAMPLE_CONTAINERS","C313","BA071131-F960-4A3F-BC52-620AB2BA2494"
"P_SAMPLE_CONTAINERS","C314","BA071131-F960-4A3F-BC52-620AB2BA2494"
"P_SAMPLE_CONTAINERS","C315","BA071131-F960-4A3F-BC52-620AB2BA2494"
"P_SAMPLE_CONTAINERS","C316","A7CE2E0A-5DD9-4282-B3E1-95E94CCF8011"
"P_SAMPLE_CONTAINERS","C317","BA071131-F960-4A3F-BC52-620AB2BA2494"
"P_SAMPLE_CONTAINERS","C318","BA071131-F960-4A3F-BC52-620AB2BA2494"
"P_SAMPLE_CONTAINERS","C319","BA071131-F960-4A3F-BC52-620AB2BA2494"
"P_SAMPLE_CONTAINERS","C320","BA071131-F960-4A3F-BC52-620AB2BA2494"
"P_SAMPLE_CONTAINERS","C321","A7CE2E0A-5DD9-4282-B3E1-95E94CCF8011"
"P_SAMPLE_CONTAINERS","C322","BA071131-F960-4A3F-BC52-620AB2BA2494"
"P_SAMPLE_CONTAINERS","C323","BA071131-F960-4A3F-BC52-620AB2BA2494"
"P_SAMPLE_CONTAINERS","C324","BA071131-F960-4A3F-BC52-620AB2BA2494"
"P_SAMPLE_CONTAINERS","C325","BA071131-F960-4A3F-BC52-620AB2BA2494"
"P_SAMPLE_CONTAINERS","C326","A7CE2E0A-5DD9-4282-B3E1-95E94CCF8011"
"P_SAMPLE_CONTAINERS","C327","BA071131-F960-4A3F-BC52-620AB2BA2494"
"P_SAMPLE_CONTAINERS","C328","BA071131-F960-4A3F-BC52-620AB2BA2494"
"P_SAMPLE_CONTAINERS","C329","BA071131-F960-4A3F-BC52-620AB2BA2494"
"P_SAMPLE_CONTAINERS","C330","BA071131-F960-4A3F-BC52-620AB2BA2494"
"P_SAMPLE_CONTAINERS","C331","A7CE2E0A-5DD9-4282-B3E1-95E94CCF8011"
"P_SAMPLE_CONTAINERS","C332","BA071131-F960-4A3F-BC52-620AB2BA2494"
"P_SAMPLE_CONTAINERS","C333","BA071131-F960-4A3F-BC52-620AB2BA2494"
"P_SAMPLE_CONTAINERS","C334","BA071131-F960-4A3F-BC52-620AB2BA2494"
"P_SAMPLE_CONTAINERS","C335","BA071131-F960-4A3F-BC52-620AB2BA2494"
"P_SAMPLE_CONTAINERS","C336","A7CE2E0A-5DD9-4282-B3E1-95E94CCF8011"
"P_SAMPLE_CONTAINERS","C337","BA071131-F960-4A3F-BC52-620AB2BA2494"
"P_SAMPLE_CONTAINERS","C338","BA071131-F960-4A3F-BC52-620AB2BA2494"
"P_SAMPLE_CONTAINERS","C339","BA071131-F960-4A3F-BC52-620AB2BA2494"
"P_SAMPLE_CONTAINERS","C340","BA071131-F960-4A3F-BC52-620AB2BA2494"
"P_SAMPLE_CONTAINERS","C341","A7CE2E0A-5DD9-4282-B3E1-95E94CCF8011"
"P_SAMPLE_CONTAINERS","C342","BA071131-F960-4A3F-BC52-620AB2BA2494"
"P_SAMPLE_CONTAINERS","C343","BA071131-F960-4A3F-BC52-620AB2BA2494"
"P_SAMPLE_CONTAINERS","C344","BA071131-F960-4A3F-BC52-620AB2BA2494"
"P_SAMPLE_CONTAINERS","C345","BA071131-F960-4A3F-BC52-620AB2BA2494"
"P_SAMPLE_CONTAINERS","C346","A7CE2E0A-5DD9-4282-B3E1-95E94CCF8011"
"P_SAMPLE_CONTAINERS","C347","BA071131-F960-4A3F-BC52-620AB2BA2494"
"P_SAMPLE_CONTAINERS","C348","BA071131-F960-4A3F-BC52-620AB2BA2494"
"P_SAMPLE_CONTAINERS","C349","BA071131-F960-4A3F-BC52-620AB2BA2494"
"P_SAMPLE_CONTAINERS","C350","BA071131-F960-4A3F-BC52-620AB2BA2494"
"P_SAMPLE_CONTAINERS","C351","A7CE2E0A-5DD9-4282-B3E1-95E94CCF8011"
"P_SAMPLE_CONTAINERS","C352","BA071131-F960-4A3F-BC52-620AB2BA2494"
"P_SAMPLE_CONTAINERS","C353","BA071131-F960-4A3F-BC52-620AB2BA2494"
"P_SAMPLE_CONTAINERS","C354","BA071131-F960-4A3F-BC52-620AB2BA2494"
"P_SAMPLE_CONTAINERS","C355","BA071131-F960-4A3F-BC52-620AB2BA2494"
"P_SAMPLE_CONTAINERS","C356","A7CE2E0A-5DD9-4282-B3E1-95E94CCF8011"
"P_SAMPLE_CONTAINERS","C357","BA071131-F960-4A3F-BC52-620AB2BA2494"
"P_SAMPLE_CONTAINERS","C358","BA071131-F960-4A3F-BC52-620AB2BA2494"
"P_SAMPLE_CONTAINERS","C359","BA071131-F960-4A3F-BC52-620AB2BA2494"
"P_SAMPLE_CONTAINERS","C360","BA071131-F960-4A3F-BC52-620AB2BA2494"
"P_SAMPLE_CONTAINERS","C361","A7CE2E0A-5DD9-4282-B3E1-95E94CCF8011"
"P_SAMPLE_CONTAINERS","C362","BA071131-F960-4A3F-BC52-620AB2BA2494"
"P_SAMPLE_CONTAINERS","C363","BA071131-F960-4A3F-BC52-620AB2BA2494"
"P_SAMPLE_CONTAINERS","C364","BA071131-F960-4A3F-BC52-620AB2BA2494"
"P_SAMPLE_CONTAINERS","C365","BA071131-F960-4A3F-BC52-620AB2BA2494"
"P_SAMPLE_CONTAINERS","C366","A7CE2E0A-5DD9-4282-B3E1-95E94CCF8011"
"P_SAMPLE_CONTAINERS","C367","BA071131-F960-4A3F-BC52-620AB2BA2494"
"P_SAMPLE_CONTAINERS","C368","BA071131-F960-4A3F-BC52-620AB2BA2494"
"P_SAMPLE_CONTAINERS","C369","BA071131-F960-4A3F-BC52-620AB2BA2494"
"P_SAMPLE_CONTAINERS","C370","BA071131-F960-4A3F-BC52-620AB2BA2494"
"P_SAMPLE_CONTAINERS","C4","BA071131-F960-4A3F-BC52-620AB2BA2494"
"P_SAMPLE_CONTAINERS","C41","A7CE2E0A-5DD9-4282-B3E1-95E94CCF8011"
"P_SAMPLE_CONTAINERS","C42","BA071131-F960-4A3F-BC52-620AB2BA2494"
"P_SAMPLE_CONTAINERS","C43","BA071131-F960-4A3F-BC52-620AB2BA2494"
"P_SAMPLE_CONTAINERS","C44","BA071131-F960-4A3F-BC52-620AB2BA2494"
"P_SAMPLE_CONTAINERS","C45","BA071131-F960-4A3F-BC52-620AB2BA2494"
"P_SAMPLE_CONTAINERS","C46","A7CE2E0A-5DD9-4282-B3E1-95E94CCF8011"
"P_SAMPLE_CONTAINERS","C47","BA071131-F960-4A3F-BC52-620AB2BA2494"
"P_SAMPLE_CONTAINERS","C48","BA071131-F960-4A3F-BC52-620AB2BA2494"
"P_SAMPLE_CONTAINERS","C49","BA071131-F960-4A3F-BC52-620AB2BA2494"
"P_SAMPLE_CONTAINERS","C5","BA071131-F960-4A3F-BC52-620AB2BA2494"
"P_SAMPLE_CONTAINERS","C50","BA071131-F960-4A3F-BC52-620AB2BA2494"
"P_SAMPLE_CONTAINERS","C51","A7CE2E0A-5DD9-4282-B3E1-95E94CCF8011"
"P_SAMPLE_CONTAINERS","C52","BA071131-F960-4A3F-BC52-620AB2BA2494"
"P_SAMPLE_CONTAINERS","C53","BA071131-F960-4A3F-BC52-620AB2BA2494"
"P_SAMPLE_CONTAINERS","C54","BA071131-F960-4A3F-BC52-620AB2BA2494"
"P_SAMPLE_CONTAINERS","C55","BA071131-F960-4A3F-BC52-620AB2BA2494"
"P_SAMPLE_CONTAINERS","C56","A7CE2E0A-5DD9-4282-B3E1-95E94CCF8011"
"P_SAMPLE_CONTAINERS","C57","BA071131-F960-4A3F-BC52-620AB2BA2494"
"P_SAMPLE_CONTAINERS","C58","BA071131-F960-4A3F-BC52-620AB2BA2494"
"P_SAMPLE_CONTAINERS","C59","BA071131-F960-4A3F-BC52-620AB2BA2494"
"P_SAMPLE_CONTAINERS","C6","A7CE2E0A-5DD9-4282-B3E1-95E94CCF8011"
"P_SAMPLE_CONTAINERS","C60","BA071131-F960-4A3F-BC52-620AB2BA2494"
"P_SAMPLE_CONTAINERS","C61","A7CE2E0A-5DD9-4282-B3E1-95E94CCF8011"
"P_SAMPLE_CONTAINERS","C62","BA071131-F960-4A3F-BC52-620AB2BA2494"
"P_SAMPLE_CONTAINERS","C63","BA071131-F960-4A3F-BC52-620AB2BA2494"
"P_SAMPLE_CONTAINERS","C64","BA071131-F960-4A3F-BC52-620AB2BA2494"
"P_SAMPLE_CONTAINERS","C65","BA071131-F960-4A3F-BC52-620AB2BA2494"
"P_SAMPLE_CONTAINERS","C66","A7CE2E0A-5DD9-4282-B3E1-95E94CCF8011"
"P_SAMPLE_CONTAINERS","C67","BA071131-F960-4A3F-BC52-620AB2BA2494"
"P_SAMPLE_CONTAINERS","C68","BA071131-F960-4A3F-BC52-620AB2BA2494"
"P_SAMPLE_CONTAINERS","C69","BA071131-F960-4A3F-BC52-620AB2BA2494"
"P_SAMPLE_CONTAINERS","C7","BA071131-F960-4A3F-BC52-620AB2BA2494"
"P_SAMPLE_CONTAINERS","C70","BA071131-F960-4A3F-BC52-620AB2BA2494"
"P_SAMPLE_CONTAINERS","C71","A7CE2E0A-5DD9-4282-B3E1-95E94CCF8011"
"P_SAMPLE_CONTAINERS","C72","BA071131-F960-4A3F-BC52-620AB2BA2494"
"P_SAMPLE_CONTAINERS","C73","BA071131-F960-4A3F-BC52-620AB2BA2494"
"P_SAMPLE_CONTAINERS","C74","BA071131-F960-4A3F-BC52-620AB2BA2494"
"P_SAMPLE_CONTAINERS","C75","BA071131-F960-4A3F-BC52-620AB2BA2494"
"P_SAMPLE_CONTAINERS","C76","A7CE2E0A-5DD9-4282-B3E1-95E94CCF8011"
"P_SAMPLE_CONTAINERS","C77","BA071131-F960-4A3F-BC52-620AB2BA2494"
"P_SAMPLE_CONTAINERS","C78","BA071131-F960-4A3F-BC52-620AB2BA2494"
"P_SAMPLE_CONTAINERS","C79","BA071131-F960-4A3F-BC52-620AB2BA2494"
"P_SAMPLE_CONTAINERS","C8","BA071131-F960-4A3F-BC52-620AB2BA2494"
"P_SAMPLE_CONTAINERS","C80","BA071131-F960-4A3F-BC52-620AB2BA2494"
"P_SAMPLE_CONTAINERS","C81","A7CE2E0A-5DD9-4282-B3E1-95E94CCF8011"
"P_SAMPLE_CONTAINERS","C82","BA071131-F960-4A3F-BC52-620AB2BA2494"
"P_SAMPLE_CONTAINERS","C83","BA071131-F960-4A3F-BC52-620AB2BA2494"
"P_SAMPLE_CONTAINERS","C84","BA071131-F960-4A3F-BC52-620AB2BA2494"
"P_SAMPLE_CONTAINERS","C85","BA071131-F960-4A3F-BC52-620AB2BA2494"
"P_SAMPLE_CONTAINERS","C86","A7CE2E0A-5DD9-4282-B3E1-95E94CCF8011"
"P_SAMPLE_CONTAINERS","C87","BA071131-F960-4A3F-BC52-620AB2BA2494"
"P_SAMPLE_CONTAINERS","C88","BA071131-F960-4A3F-BC52-620AB2BA2494"
"P_SAMPLE_CONTAINERS","C89","BA071131-F960-4A3F-BC52-620AB2BA2494"
"P_SAMPLE_CONTAINERS","C9","BA071131-F960-4A3F-BC52-620AB2BA2494"
"P_SAMPLE_CONTAINERS","C90","BA071131-F960-4A3F-BC52-620AB2BA2494"
"P_SAMPLE_CONTAINERS","C91","A7CE2E0A-5DD9-4282-B3E1-95E94CCF8011"
"P_SAMPLE_CONTAINERS","C92","BA071131-F960-4A3F-BC52-620AB2BA2494"
"P_SAMPLE_CONTAINERS","C93","BA071131-F960-4A3F-BC52-620AB2BA2494"
"P_SAMPLE_CONTAINERS","C94","BA071131-F960-4A3F-BC52-620AB2BA2494"
"P_SAMPLE_CONTAINERS","C95","BA071131-F960-4A3F-BC52-620AB2BA2494"
"P_SAMPLE_CONTAINERS","C96","A7CE2E0A-5DD9-4282-B3E1-95E94CCF8011"
"P_SAMPLE_CONTAINERS","C97","BA071131-F960-4A3F-BC52-620AB2BA2494"
"P_SAMPLE_CONTAINERS","C98","BA071131-F960-4A3F-BC52-620AB2BA2494"
"P_SAMPLE_CONTAINERS","C99","BA071131-F960-4A3F-BC52-620AB2BA2494"
