﻿WORKFLOW_ACTION_TYPE
TABLE_NAME,IDENTITY,NAME,GROUP_ID,DESCRIPTION,MODIFIABLE,REMOVEFLAG,INCLUDE_IN_MENU,ICON_ID,MENU_TEXT,SUB_MENU_GROUP,ACTION_TASK
30,30,100,10,255,1,1,1,30,100,100,100
                      79
"BATCH_HEADER","COMPLETEBATCH","Complete Batch Sequence",,"Complete Batch Sequence","TRUE","FALSE","TRUE",,,,
"CERT","AUTHORIZE","Certificate Authorize",,"Certificate Authorize","TRUE","FALSE","FALSE",,,,
"CERT","CANCEL","Certificate Cancel",,"Certificate Cancel","TRUE","FALSE","FALSE",,,,
"CERT","INSPECT","Certificate Inspect",,"Certificate Inspect","TRUE","FALSE","FALSE",,,,
"CERT","SUBMIT","Certificate Submit",,"Certificate Submit","TRUE","FALSE","FALSE",,,,
"INCIDENTS","AUTHORIZE","Incidents Authorize",,"Authorize Incident","TRUE","FALSE","FALSE",,,,
"INCIDENTS","CANCEL","Incidents Cancel",,"Cancel an Incident","TRUE","FALSE","FALSE",,,,
"INCIDENTS","COMPLETE","Incidents Complete",,"Complete Incident","TRUE","FALSE","FALSE",,,,
"INCIDENTS","INSPECT","Incidents Inspect",,"Inspect Incident","TRUE","FALSE","FALSE",,,,
"INCIDENTS","SUBMIT","Incidents Submit",,"Submit and release an Incident","TRUE","FALSE","FALSE",,,,
"JOB_HEADER","COMPARE","Job Compare",,"Compare Job(s) against Specification","TRUE","FALSE","TRUE","VIEW","Compare against Specification","Workflow",
"JOB_HEADER","EMAILTEST","Email Test",,"Testing email function","TRUE","FALSE","TRUE",,"Email Test",,
"JOB_HEADER","JOB_DISPOSE","Job Header Job Dispose",,"PETRL Job Dispose","TRUE","FALSE","TRUE",,"Dispose",,
"JOB_HEADER","JOB_RECEIVE","PETRL Job Receive",,"PETRL Job Receive","TRUE","FALSE","TRUE",,,,
"JOB_HEADER","MAKE_CERTIFICATE","Job Make Certificate",,"Make a Job Certificate","TRUE","FALSE","FALSE",,,,
"JOB_HEADER","NEG_REPORT","PETRL Negative Report",,"PETRL Negative Report Generator","TRUE","FALSE","TRUE",,"Generate Negative Report",,
"JOB_HEADER","PETRL_JOB_EMAIL_ATTACH","Petrl Job Email Attachment",,"PETRL Job Email selected attachment - set in Report","TRUE","FALSE","FALSE",,,,
"JOB_HEADER","PETRLSTICOMPLETE","PETRL STI Complete Report",,"PETRL STI Report for finished samples","TRUE","FALSE","TRUE",,"STI Complete Report",,
"JOB_HEADER","STI_NEG_REPORT","PETRL STI Negative Report",,"PETRL STI Negative Report Generator","TRUE","FALSE","TRUE",,"Generate STI Negative Report",,
"LAB_EXECUTION","AUTHORIZE","Lab Execution Authorize",,"Lab Execution Authorize","TRUE","FALSE","FALSE",,,,
"LAB_EXECUTION","CANCEL","Lab Execution Cancel",,"Lab Execution Cancel","TRUE","FALSE","FALSE",,,,
"LAB_EXECUTION","COMPLETE","Lab Execution Complete",,"Lab Execution Complete","TRUE","FALSE","FALSE",,,,
"LAB_EXECUTION","INSPECTED","Lab Execution Inspected",,"Lab Execution Inspected","TRUE","FALSE","FALSE",,,,
"LAB_EXECUTION","REACTIVATE","Lab Execution Reactivate",,"Lab Execution Reactivate","TRUE","FALSE","FALSE",,,,
"LAB_EXECUTION","REOPEN","Lab Execution Reopen",,"Lab Execution Reopen","TRUE","FALSE","FALSE",,,,
"LAB_EXECUTION","START","Lab Execution Start",,"Lab Execution Start","TRUE","FALSE","FALSE",,,,
"LAB_EXECUTION","SUBMIT","Lab Execution Submit",,"Lab Execution Submit","TRUE","FALSE","FALSE",,,,
"LOT_DETAILS","AUTHORIZE","Lot Authorize",,,"TRUE","FALSE","FALSE","INT_LOT_DETAILS_A",,,
"LOT_DETAILS","CANCEL","Lot Cancel",,"Lot Cancel","TRUE","FALSE","FALSE","INT_LOT_DETAILS_X",,,
"LOT_DETAILS","COMPLETE","Lot Complete",,"Lot Complete","TRUE","FALSE","FALSE","INT_LOT_DETAILS_C",,,
"LOT_DETAILS","MAKE_CERTIFICATE","Lot Make Certificate",,"Make a Lot Certificate","TRUE","FALSE","FALSE",,,,
"LOT_DETAILS","REACTIVATE","Lot Reactivate",,"Lot Reactivate","TRUE","FALSE","FALSE","INT_LOT_DETAILS_V",,,
"LOT_RESERVATION","CANCEL","Lot Reservation Cancel",,"Lot Reservation Cancel","TRUE","FALSE","FALSE","INT_LOT_DETAILS_X",,,
"LOT_RESERVATION","COMPLETE","Lot Reservation Complete",,"Lot Reservation Complete","TRUE","FALSE","FALSE","INT_LOT_DETAILS_C",,,
"P_CONTAINER_SHIPMENT","PV_SPEC_CONT_SHIP_REPORT","PV Specimen Container Shipment Report",,"REPORT PV_SPEC_CONTAINER_SHIP","TRUE","FALSE","FALSE","INT_REPORT",,,"WorkflowActionTask"
"P_RACE","PETRL_RACE_GENERAL_WF","Petrl Race General Wf",,"PETRL Run General Workflow Race Track Job","TRUE","FALSE","FALSE",,,,
"P_RACE","PV_DET_BARN_REPORT_ATTACH","PV Detention Barn Report Attach",,"REPORT PV_DET_REPORT- all horse specimen on race day. no preview attach to job , used from .net code","TRUE","FALSE","FALSE","INT_REPORT",,,"WorkflowActionTask"
"P_RACE","PV_DET_DET_BARN_REPORT","PV Detention Barn Report",,"REPORT PV_DET_REPORT- all horse specimen on race day","TRUE","FALSE","FALSE","INT_REPORT",,,"WorkflowActionTask"
"P_RACE_CARD","PV_SPECIAL_SPECIMEN_WIT_ATTACH","PV Special Specimen Witness Attach",,"Attach Special Specimen Witness report , run from background action","TRUE","FALSE","FALSE","INT_REPORT",,,"WorkflowActionTask"
"P_RACE_CARD","PV_SPECIAL_SPECIMEN_WITNESS_RP","Pv Special Specimen Witness Report",,"REPORT for specials  TBD -  use PV_SPECIMEN_RECEIPT initially  - collected specimens on the report","TRUE","FALSE","TRUE","INT_REPORT","Special Specimen Witness Receipt Report",,"WorkflowActionTask"
"P_RACE_CARD","PV_SPECIMEN_WITNESS_ATTACH","PV Specimen Witness Attach",,"Attach report , run from background action","TRUE","FALSE","FALSE","INT_REPORT",,,"WorkflowActionTask"
"P_RACE_CARD","PV_SPECIMEN_WITNESS_REPORT","Pv Specimen Witness Report",,"REPORT PV_SPECIMEN_RECEIPT - collected specimens on the report","TRUE","FALSE","TRUE","INT_REPORT","Specimen Witness Receipt Report",,"WorkflowActionTask"
"P_SHIPMENT","PV_SHIPMENT_CHECK","Pv Shipment Check",,"Schedule action for check","TRUE","FALSE","TRUE","INT_REPORT",,,"WorkflowActionTask"
"P_SHIPMENT","PV_SHIPMENT_REPORT","PShipment Pv Shipment Report",,"REPORT PV_CONT_SHIPMENT","TRUE","FALSE","TRUE","INT_REPORT","Shipment Report",,"WorkflowActionTask"
"PLATE","AUTHORIZE","Plate Authorize",,"Plate Authorize","TRUE","FALSE","FALSE",,,,
"PLATE","CANCEL","Plate Cancel",,"Plate Cancel","TRUE","FALSE","FALSE",,,,
"PLATE","COMPLETE","Plate Complete",,"Complete a Plate","FALSE","FALSE","FALSE",,,,
"PLATE","DISPOSE","Plate Dispose",,"Dispose a Plate","FALSE","FALSE","FALSE",,,,
"PLATE","INSPECT","Plate Inspect",,"Plate Inspect","TRUE","FALSE","FALSE",,,,
"PLATE","MOVE","Plate Move",,"Move a plate to a different location","FALSE","FALSE","FALSE",,,,
"PLATE","REACTIVATE","Plate Reactivate",,"Reactivate a Plate","TRUE","FALSE","FALSE",,,,
"PLATE","RECEIVE","Plate Receive",,"Make a plate available","FALSE","FALSE","FALSE",,,,
"PLATE","SUBMIT","Plate Submit",,"Plate Submit","TRUE","FALSE","FALSE",,,,
"PLATE","SUSPEND","Plate Suspend",,"Suspend a plate","TRUE","FALSE","FALSE",,,,
"PLATE","UNAVAILABLE","Plate Unavailable",,"Make a Plate Unavailable","FALSE","FALSE","FALSE",,,,
"PLATE","UNSUSPEND","Plate Unsuspend",,"Release a plate from suspension","TRUE","FALSE","FALSE",,,,
"PLATE","VERIFY","Plate Verify",,"Verify the contents of a plate.","FALSE","FALSE","FALSE",,,,
"SAMPLE","APPROVE_DISPOSAL","Sample Approve Disposal",,"Approve of Sample Disposal","TRUE","FALSE","TRUE","INT_SAMPLE_D","Approve Disposal","Process",
"SAMPLE","AUTHORIZE","Sample Authorize",,"Authorize a Sample","TRUE","FALSE","FALSE","INT_SAMPLE_A",,,
"SAMPLE","COMPARE","Sample Compare",,"Compare Sample(s) against Specification","TRUE","FALSE","TRUE","VIEW","Compare against Specification","Workflow",
"SAMPLE","COMPOSITE","Sample Composite",,"Create a composite sample using one or more parent samples.","TRUE","FALSE","TRUE","JOIN","Create Composite Sample","Process","SampleMergeTask"
"SAMPLE","DISPOSE","Sample Dispose",,"Dispose a sample","TRUE","FALSE","TRUE","INT_SAMPLE_D","Sample Disposal","Process",
"SAMPLE","EXPIRE","Sample Expire",,"Expire a sample","TRUE","FALSE","TRUE","INT_SAMPLE_E","${RetainMessages.ExpireActionMenu}","${RetainMessages.ExpireActionGroup}",
"SAMPLE","IN_LAB","Sample In Lab",,"Record sample arrival in lab","TRUE","FALSE","TRUE",,"Received in the Lab","Process",
"SAMPLE","MAKE_CERTIFICATE","Sample Make Certificate",,"Make a Sample Certificate","TRUE","FALSE","FALSE",,,,
"SAMPLE","ORDER_DISPOSAL","Sample Order Disposal",,"Order disposal for a sample","TRUE","FALSE","TRUE","INT_SAMPLE_D","Order Disposal","Process",
"SAMPLE","REASSIGN","Sample Reassign",,"Sample reassign to another job","TRUE","FALSE","FALSE","INT_JOB_NEW_SAMPLE",,,
"SAMPLE","REPORT_SEND","Sample Report Send",,"Send Sample Report","TRUE","FALSE","TRUE","INT_REPORT","Sample Report",,
"SAMPLE","RESAMPLE","Sample Resample",,"Resample an existing sample","TRUE","FALSE","FALSE",,,,
"SAMPLE","RETAIN_TEST","Sample Retain Test",,"Trigger a retain test","TRUE","FALSE","TRUE","INT_TEST","${RetainMessages.RetainTestActionMenu}","${RetainMessages.RetainTestActionGroup}",
"SAMPLE","SAMPLE_CONTAINER","Sample Container Create",,"Create Containers for an existing sample","TRUE","FALSE","FALSE",,,,
"SAMPLE","SAMPLE_NEG_REPORT","Individual Sample Negative Report",,"Individual Sample Negative Report","TRUE","FALSE","TRUE","RUBBERSTAMP","Approve Disposal","Process",
"SAMPLE","SAMPLE_SPLIT_RT","Sample Split Racetrack Samples",,"Create Splits / specimens for an existing sample adn add tests","TRUE","FALSE","FALSE",,,,
"SAMPLE","SAMPLE_STI","Sample Assign Short Term Investigation",,"set / reset  Short Term Investigation flag","TRUE","FALSE","FALSE",,,,
"SAMPLE","SAMPLE_STI_STATUS","Sample STI Status",,"Assign Short Term Investigation status","TRUE","FALSE","TRUE",,"Assign STI Status",,
"SAMPLE","SAMPLEAVAILABLE","Sample Available",,"Make a sample available","TRUE","FALSE","TRUE","INT_SAMPLE_FLASK","Sample Available","Process",
"SAMPLE","SUBSAMPLE","Sample Subsample",,"Create one or more samples using an existing sample","TRUE","FALSE","TRUE","BRANCH","Create Sub-sample(s)","Process",
"SAMPLE","TRANSIT","Sample Transit",,"Sample is taken at race track and shipped to lab - inTransit","TRUE","FALSE","TRUE","INT_SAMPLE_U","in Transit Sample","Process",
"TEST","COMPARE","Test Compare",,"Compare Test(s) against Specification","TRUE","FALSE","TRUE","VIEW","Compare with Specification","Workflow",
