﻿WORKFLOW_EVENT_TYPE
TABLE_NAME,IDENTITY,NAME,GROUP_ID,DESCRIPTION,MODIFIABLE,REMOVEFLAG
30,30,100,10,255,1,1
                     211
"BATCH_HEADER","ASSIGN","Batch Assign",,"Batch Assign to Plate","TRUE","FALSE"
"BATCH_HEADER","AUTHORIZED","Batch Authorized",,"Batch has been authorized","FALSE","FALSE"
"BATCH_HEADER","AVAILABLE","Batch Available",,"Batch has been made available","FALSE","FALSE"
"BATCH_HEADER","CANCELED","Batch Canceled",,"Batch has been canceled","FALSE","FALSE"
"BATCH_HEADER","COMPLETED","Batch Completed",,"Batch has been completed","FALSE","FALSE"
"BATCH_HEADER","INSPECTED","Batch Inspected",,"Batch has been inspected","FALSE","FALSE"
"BATCH_HEADER","POST_EDIT","Batch Post Edit",,"Event called after a batch has been edited but before the record is committed to the database","FALSE","FALSE"
"BATCH_HEADER","POST_LOGIN","Batch Post Login",,"Event called after a batch has been logged into the database","FALSE","FALSE"
"BATCH_HEADER","PRE_CREATE","Batch Pre Create",,"Event called before inserting a new batch, this is the final event before storing the record","FALSE","FALSE"
"BATCH_HEADER","PRE_LOGIN","Batch Pre Login",,"Event called before the Batch Login screen is displayed and prior to any user edits","FALSE","FALSE"
"BATCH_HEADER","VERIFY","Batch Verify",,"Called to verify contents of a batch","TRUE","FALSE"
"CERT","AUTHORIZED","Certificate Authorized",,"Called when the Certificate has been authorized","FALSE","FALSE"
"CERT","CANCELED","Certificate Canceled",,"Called when the Certificate review has been Canceled","FALSE","FALSE"
"CERT","CREATED","Certificate Created",,"Called when the Certificate has been created","FALSE","FALSE"
"CERT","INSPECTED","Certificate Inspected",,"Called when the Certificate has been inspected","FALSE","FALSE"
"CERT","INSPECTION","Certificate Inspection",,"Called when the Certificate has been submitted for inspection","FALSE","FALSE"
"CERT","REJECTED","Certificate Rejected",,"Called when the Certificate review has been Rejected","FALSE","FALSE"
"CERT","SUBMITTED","Certificate Submitted",,"Called when the Certificate has been submitted","FALSE","FALSE"
"DM_DATA_ITEM","POST_CREATE","Data Item Created",,"Event called after Data Item is inserted into the database","FALSE","FALSE"
"DM_DATA_ITEM","PRE_CREATE","Data Item Pre Create",,"Event called before inserting a new Data Item into the database, this is the final event before storing the record","FALSE","FALSE"
"DM_DATA_PACKAGE","POST_CREATE","Data Package Created",,"Event called after the Data Package create process is complete","FALSE","FALSE"
"DM_DATA_PACKAGE","PRE_CREATE","Data Package Pre Create",,"Event called before inserting a new Data Package into the database, this is the final event before storing the record","FALSE","FALSE"
"DM_DATA_PACKAGE","SUPERSEDE","Data Package Supersede",,"Data Package Superseded by new version.","FALSE","FALSE"
"INCIDENTS","AUTHORIZED","Incidents Authorized",,"Called when an incident is authorized","TRUE","FALSE"
"INCIDENTS","AUTHORIZING","Incidents Authorizing",,"Called when an incident attempts to be authorized","TRUE","FALSE"
"INCIDENTS","AVAILABLE","Incidents Available",,"Called when an incident becomes available","TRUE","FALSE"
"INCIDENTS","CANCELED","Incidents Canceled",,"Called when an incident is canceled","TRUE","FALSE"
"INCIDENTS","COMPLETED","Incidents Completed",,"Called when an incident is completed","TRUE","FALSE"
"INCIDENTS","INSPECT","Incidents Inspect",,"Called when an incident goes into inspection","TRUE","FALSE"
"INCIDENTS","POST_LOGIN","Incidents Post Login",,"Event called after a Incidents has been logged into the database and before the Incidents Login screen is refreshed","FALSE","FALSE"
"INCIDENTS","PRE_LOGIN","Incidents Pre Login",,"Called when an incident is being logged in","TRUE","FALSE"
"INCIDENTS","REJECTED","Incidents Rejected",,"Called when an incident is rejected","TRUE","FALSE"
"INCIDENTS","SUBMITTED","Incidents Submitted",,"Called when an incident is submitted","TRUE","FALSE"
"INCIDENTS","UNAVAILABLE","Incidents Unavailable",,"Called when an incident becomes unavailable","TRUE","FALSE"
"INCIDENTS","WAITING","Incidents Waiting",,"Called when an incident is waiting for release","TRUE","FALSE"
"JOB_HEADER","AUTHORIZED","Job Authorized",,"Job has been authorized","FALSE","FALSE"
"JOB_HEADER","AVAILABLE","Job Available",,"Job has been made available","FALSE","FALSE"
"JOB_HEADER","CANCELED","Job Canceled",,"Job has been canceled","FALSE","FALSE"
"JOB_HEADER","CERTIFICATE_MADE","Job Certificate Made",,"Event when a certificate is created for the specified job.","TRUE","FALSE"
"JOB_HEADER","COMPLETED","Job Completed",,"Job has been completed","FALSE","FALSE"
"JOB_HEADER","POST_EDIT","Job Post Edit",,"Event called after a job has been edited but before the record is committed to the database","FALSE","FALSE"
"JOB_HEADER","POST_LOGIN","Job Post Login",,"Event called after a Job has been logged into the database and before the Job/Sample Login screen is refreshed","FALSE","FALSE"
"JOB_HEADER","PRE_CREATE","Job Pre Create",,"Event called before inserting a new job, this is the final event before storing the record","FALSE","FALSE"
"JOB_HEADER","PRE_LOGIN","Job Pre Login",,"Event called before the Job/Sample Login screen is displayed and prior to any user edits","FALSE","FALSE"
"JOB_HEADER","REACTIVATED","Job Reactivated",,"Job has been reactivated","FALSE","FALSE"
"JOB_HEADER","REACTIVATED_ALL","Job Reactivate all children",,"Job and its descendants have been reactivated","FALSE","FALSE"
"JOB_HEADER","REACTIVATED_BY_CHILD","Job Reactivated by child",,"Job reactivated by child","FALSE","FALSE"
"JOB_HEADER","SAMPLE_ASSIGNED","Job Sample Assigned",,"Job has had a new sample assigned","TRUE","FALSE"
"JOB_HEADER","SAMPLE_AVAILABLE","Job Sample Available",,"A sample on this job has been made available for result entry","FALSE","FALSE"
"JOB_HEADER","SAMPLE_COMPLETED","Job Sample Completed",,"A sample on this job has been completed","FALSE","FALSE"
"JOB_HEADER","SAMPLE_REASSIGNED","Job Sample Reassigned",,"Job had sample removed.","TRUE","FALSE"
"JOB_HEADER","SUSPENDED","Job Suspended",,"Job has been suspended","FALSE","FALSE"
"JOB_HEADER","UNSUSPENDED","Job Unsuspended",,"Job has been unsuspended","FALSE","FALSE"
"LAB_EXECUTION","ASSIGNED","Lab Execution Assigned",,"Called when the Lab Execution Step has been created","FALSE","FALSE"
"LAB_EXECUTION","AUTHORIZED","Lab Execution Authorized",,"Called when the Lab Execution has been authorized","FALSE","FALSE"
"LAB_EXECUTION","CANCELED","Lab Execution Canceled",,"Called when the Lab Execution has been Canceled","FALSE","FALSE"
"LAB_EXECUTION","COMPLETED","Lab Execution Completed",,"Called when the Lab Execution is being saved and completed","FALSE","FALSE"
"LAB_EXECUTION","CREATED","Lab Execution Created",,"Called when the Lab Execution has been created","FALSE","FALSE"
"LAB_EXECUTION","INSPECTED","Lab Execution Inspected",,"Called when the Lab Execution has been inspected","FALSE","FALSE"
"LAB_EXECUTION","INSPECTION","Lab Execution Inspection",,"Called when the Lab Execution has been submitted for inspection","FALSE","FALSE"
"LAB_EXECUTION","LINK_AUTHORIZED","Linked Lab Execution Authorized",,"Called when a linked lab execution has been authorized","FALSE","FALSE"
"LAB_EXECUTION","LINK_CANCELLED","Linked Lab Execution Cancelled",,"Called when a linked lab execution has been cancelled","FALSE","FALSE"
"LAB_EXECUTION","LINK_REJECTED","Linked Lab Execution Rejected",,"Called when a linked lab execution has been rejected","FALSE","FALSE"
"LAB_EXECUTION","POST-COMPLETED","Lab Execution Post-Completed",,"Called when the Lab Execution has been saved and completed","FALSE","FALSE"
"LAB_EXECUTION","REACTIVATED","Lab Execution Reactivated",,"Called when the Lab Execution is Reactivated","FALSE","FALSE"
"LAB_EXECUTION","REJECTED","Lab Execution Rejected",,"Called when the Lab Execution review has been Rejected","FALSE","FALSE"
"LAB_EXECUTION","REOPENED","Lab Execution Reopened",,"Called when the Lab Execution is Reopened","FALSE","FALSE"
"LAB_EXECUTION","REVIEW","Lab Execution Review",,"Called when the Lab Execution has been submitted for review","FALSE","FALSE"
"LAB_EXECUTION","REVIEWED","Lab Execution Reviewed",,"Called when the Lab Execution has been reviewed","FALSE","FALSE"
"LAB_EXECUTION","STARTED","Lab Execution Started",,"Called when the Lab Execution has been started","FALSE","FALSE"
"LAB_EXECUTION","STOPPED","Lab Execution Stopped",,"Called when the Lab Execution has been stoppped prematurely.","FALSE","FALSE"
"LAB_EXECUTION","SUBMITTED","Lab Execution Submitted",,"Called when the Lab Execution has been submitted","FALSE","FALSE"
"LAB_EXECUTION_STEP","AUTHORIZED","Lab Execution Step Authorized",,"Called when the Lab Execution Step has been authorized","FALSE","FALSE"
"LAB_EXECUTION_STEP","CANCELED","Lab Execution Step Canceled",,"Called when the Lab Execution Step has been Canceled","FALSE","FALSE"
"LAB_EXECUTION_STEP","COMPLETED","Lab Execution Step Completed",,"Called when the Lab Execution Step has been saved and completed","FALSE","FALSE"
"LAB_EXECUTION_STEP","CREATED","Lab Execution Step Created",,"Called when the Lab Execution Step has been created","FALSE","FALSE"
"LAB_EXECUTION_STEP","REACTIVATED","Lab Execution Step Reactivated",,"Called when the Lab Execution Step is Reactivated","FALSE","FALSE"
"LAB_EXECUTION_STEP","REMOVED","Lab Execution Step Removed",,"Called when trying to remove a Lab Execution step","FALSE","FALSE"
"LAB_EXECUTION_STEP","REOPENED","Lab Execution Step Reopened",,"Called when the Lab Execution Step is reopened","FALSE","FALSE"
"LAB_EXECUTION_STEP","REVIEW","Lab Execution Step Review",,"Called when the Lab Execution Step has been submitted for review","FALSE","FALSE"
"LAB_EXECUTION_STEP","REVIEWED","Lab Execution Step Reviewed",,"Called when the Lab Execution Step has been reviewed","FALSE","FALSE"
"LAB_EXECUTION_STEP","STARTED","Lab Execution Step Started",,"Called when the Lab Execution Step has been started","FALSE","FALSE"
"LAB_EXECUTION_STEP","VALIDATING","Lab Execution Step Validating",,"Called when trying to save the contents of a Lab Execution","FALSE","FALSE"
"LAB_EXECUTION_STEP","WORKFLOW_BUTTON","Lab Execution Step Workflow Button Pressed",,"Called when the Lab Execution Workflow Button is pressed","FALSE","FALSE"
"LOT_DETAILS","AUTHORIZED","Lot Authorized",,"Called when a Lot has been authorized","TRUE","FALSE"
"LOT_DETAILS","AVAILABLE","Lot Available",,"Called when a Lot has been made available","FALSE","FALSE"
"LOT_DETAILS","CANCELED","Lot Canceled",,"Called when a Lot has been canceled","TRUE","FALSE"
"LOT_DETAILS","CERTIFICATE_MADE","Lot Certificate Made",,"Event when a certificate is created for the specified lot.","TRUE","FALSE"
"LOT_DETAILS","COMPLETED","Lot Completed",,"Called when a Lot has been completed","TRUE","FALSE"
"LOT_DETAILS","EXPIRED","Lot Expired",,"Called when a Lot has reached the expiry date","TRUE","FALSE"
"LOT_DETAILS","INVENTORY_CREATED","Lot Inventory Created",,"Called when the Lot Inventory is originally assigned","TRUE","FALSE"
"LOT_DETAILS","INVENTORY_MODIFIED","Lot Quantity Modified",,"Called when the Lot Inventory is Modified","TRUE","FALSE"
"LOT_DETAILS","INVENTORY_RECONCILE_ISSUE","Lot Details Inventory Reconcile Issue",,"Called when a lot is reconciled and the amount the lot is reduced impacts exiting lot reservations.","TRUE","FALSE"
"LOT_DETAILS","INVENTORY_RECONCILED","Lot Inventory Reconciled",,"Called when a Lot Inventory has be reconciled","TRUE","FALSE"
"LOT_DETAILS","INVENTORY_RELEASED","Lot Inventory Release",,"Called when a Lot Inventory Reservation is Released","TRUE","FALSE"
"LOT_DETAILS","INVENTORY_RESERVED","Lot Inventory Reserved",,"Called when a Lot Inventory is Reserved","TRUE","FALSE"
"LOT_DETAILS","INVENTORY_RETURNED","Lot Quantity Returned",,"Called when a quantity of lot is returned by a child lot","TRUE","FALSE"
"LOT_DETAILS","INVENTORY_TAKEN","Lot Inventory Taken",,"Called when a Lot Inventory Reservation is Taken from the Lot","TRUE","FALSE"
"LOT_DETAILS","INVENTORY_USED","Lot Inventory Used",,"Called when the Lot Inventory is used to create another Lot","TRUE","FALSE"
"LOT_DETAILS","POST_EDIT","Lot Post Edit",,"Called after a lot has been edited but before the record is committed to the database","FALSE","FALSE"
"LOT_DETAILS","POST_LOGIN","Lot Post Login",,"Called after a Lot has been logged into the database and before the Lot Login screen is refreshed","FALSE","FALSE"
"LOT_DETAILS","PRE_CREATE","Lot Pre Create",,"Called before inserting a new lot into the database, this is the final event before storing the record","TRUE","FALSE"
"LOT_DETAILS","PRE_LOGIN","Lot Pre Login",,"Called before the Lot Login screen is displayed and prior to any user edits","FALSE","FALSE"
"LOT_DETAILS","REACTIVATED","Lot Reactivated",,"Lot has been reactivated","FALSE","FALSE"
"LOT_RESERVATION","CANCELED","Lot Reservation Canceled",,"Called when a Lot reservation has been canceled","TRUE","FALSE"
"LOT_RESERVATION","COMPLETE","Lot Reservation Complete",,"Called when the Lot reservation has been completed","TRUE","FALSE"
"LOT_RESERVATION","INPROGRESS","Lot Reservation In Progress",,"Called when a lot reservation quantity is taken","TRUE","FALSE"
"LOT_RESERVATION","PRE_CREATE","Lot Reservation Pre Create",,"Called before inserting a new lot reservation into the database, this is the final event before storing the record","TRUE","FALSE"
"PLATE","APPROVED","Plate Approved",,"Called when the Plate has been approved","FALSE","FALSE"
"PLATE","AUTHORIZED","Plate Authorized",,"Called when the Plate has been authorized","FALSE","FALSE"
"PLATE","AVAILABLE","Plate Available",,"Called when the Plate has becomes available","FALSE","FALSE"
"PLATE","BATCH_AUTHORIZED","Plate Batch Authorized",,"Plate Batch has been authorized","FALSE","FALSE"
"PLATE","BATCH_AVAILABLE","Plate Batch Available",,"Plate Batch has been made available","FALSE","FALSE"
"PLATE","BATCH_CANCELED","Plate Batch Canceled",,"Plate Batch has been canceled","FALSE","FALSE"
"PLATE","BATCH_COMPLETED","Plate Batch Completed",,"Plate Batch has been completed","FALSE","FALSE"
"PLATE","CANCELED","Plate Canceled",,"Called when the Plate review has been Canceled","FALSE","FALSE"
"PLATE","COMPLETED","Plate Completed",,"Called when the Plate has been completed","FALSE","FALSE"
"PLATE","DISPOSED","Plate Disposed",,"Called when the Plate is disposed","FALSE","FALSE"
"PLATE","INSPECTED","Plate Inspected",,"Called when the Plate has been inspected","FALSE","FALSE"
"PLATE","INSPECTION","Plate Inspection",,"Called when the Plate has been submitted for inspection","FALSE","FALSE"
"PLATE","MOVED","Plate Moved",,"Called when the Plate has been moved","FALSE","FALSE"
"PLATE","POST_EDIT","Plate Post Edit",,"Event called after a plate has been edited but before the record is committed to the database","FALSE","FALSE"
"PLATE","POST_LOGIN","Plate Post Login",,"Event called after a plate has been logged into the database","FALSE","FALSE"
"PLATE","PRE_CREATE","Plate Pre Create",,"Event called before inserting a new plate, this is the final event before storing the record","FALSE","FALSE"
"PLATE","PRE_LOGIN","Plate Pre Login",,"Event called before the Plate Login screen is displayed and prior to any user edits","FALSE","FALSE"
"PLATE","REACTIVATED","Plate Reactivated",,"Event called when a plate is reactivated","TRUE","FALSE"
"PLATE","RECEIVED","Plate Received",,"Called when a plate is received","FALSE","FALSE"
"PLATE","REJECTED","Plate Rejected",,"Called when the Plate review has been Rejected","FALSE","FALSE"
"PLATE","SUBMITTED","Plate Submitted",,"Called when the Plate is Submitted for Inspection","FALSE","FALSE"
"PLATE","SUSPENDED","Plate Suspended",,"Called when the Plate has been suspended","FALSE","FALSE"
"PLATE","UNAVAILABLE","Plate Unavailable",,"Called when a plate becomes unavailable","FALSE","FALSE"
"PLATE","UNSUSPENDED","Plate Unsuspended",,"Called when the Plate is released from suspension.","FALSE","FALSE"
"PLATE","VERIFY","Plate Verify",,"Called to verify contents of a plate","TRUE","FALSE"
"RESULT","AUTHORIZED","Result Authorized",,"Result has been authorized","FALSE","FALSE"
"RESULT","CANCELED","Result Canceled",,"Result has been canceled","FALSE","FALSE"
"RESULT","CREATED","Result Created",,"Result has been created","FALSE","FALSE"
"RESULT","DELETED","Result Deleted",,"Result has been deleted","FALSE","FALSE"
"RESULT","ENTERED","Result Entered",,"Result has been entered","FALSE","FALSE"
"RESULT","MODIFIED","Result Modified",,"Result has been modified","FALSE","FALSE"
"RESULT","REACTIVATED","Result Reactivated",,"Result has been reactivated","FALSE","FALSE"
"RESULT","REJECTED","Result Rejected",,"Result has been rejected","FALSE","FALSE"
"SAMPLE","ASSIGN_CONFRIM_TEST","Sample Assign Confrim Test",,"PETRL - Recheck testing has indicated Suspect Results. Perform further tests to confirm Results","TRUE","FALSE"
"SAMPLE","ASSIGN_RECHECK_TEST","Sample Assign Recheck Test",,"PETRL - Initial testing has indicated Suspect Results. Perform further tests to recheck Results","TRUE","FALSE"
"SAMPLE","AUTHORIZED","Sample Authorized",,"Sample has been authorized","FALSE","FALSE"
"SAMPLE","AVAILABLE","Sample Available",,"Sample has been made available","FALSE","FALSE"
"SAMPLE","BATCH_ASSIGN","Sample Assign Batch",,"Sample Assign Batch","TRUE","FALSE"
"SAMPLE","CANCELED","Sample Canceled",,"Sample has been canceled","FALSE","FALSE"
"SAMPLE","CERTIFICATE_MADE","Sample Certificate Made",,"Event when a certificate is created for the specified sample.","TRUE","FALSE"
"SAMPLE","COMBINED","Sample Combined",,"Sample has been combined to form a composite sample","FALSE","FALSE"
"SAMPLE","COMPLETED","Sample Completed",,"Sample has been completed","FALSE","FALSE"
"SAMPLE","COMPOSITE_FAIL","Composite Stage Fail",,"Sample Composite Stage Failed","FALSE","FALSE"
"SAMPLE","COMPOSITE_PASS","Composite Stage Pass",,"Sample Composite Stage Passed","FALSE","FALSE"
"SAMPLE","DISPOSED","Sample Disposed",,"Called when a sample is disposed","TRUE","FALSE"
"SAMPLE","EXPIRED","Sample Expired",,"Called when a sample expires","TRUE","FALSE"
"SAMPLE","INSPECTED","Sample Inspected",,"Sample has been inspected","FALSE","FALSE"
"SAMPLE","MOVED","Sample Moved",,"Sample has been moved","FALSE","FALSE"
"SAMPLE","ON_HOLD","Sample On hold",,"Sample has been placed on hold","FALSE","FALSE"
"SAMPLE","POST_EDIT","Sample Post Edit",,"Event called after a sample has been edited but before the record is committed to the database","FALSE","FALSE"
"SAMPLE","POST_LOGIN","Sample Post Login",,"Event called after a Sample has been logged into the database and before the Sample Login screen is refreshed","FALSE","FALSE"
"SAMPLE","PRE_CREATE","Sample Pre Create",,"Event called before inserting a new sample into the database, this is the final event before storing the record","FALSE","FALSE"
"SAMPLE","PRE_LOGIN","Sample Pre Login",,"Event called before the Sample Login screen is displayed and prior to any user edits","FALSE","FALSE"
"SAMPLE","PREPARATION_MODIFIED","Sample Preparation Modified",,"Event called when a Sample has had it's preparation modified before any processing has taken place","FALSE","FALSE"
"SAMPLE","PREPARED","Sample Prepared",,"Sample has been prepared","FALSE","FALSE"
"SAMPLE","REACTIVATED","Sample Reactivated",,"Sample has been reactivated","FALSE","FALSE"
"SAMPLE","REACTIVATED_ALL","Sample Reactivate all children",,"Sample and its descendants have been reactivated","FALSE","FALSE"
"SAMPLE","REACTIVATED_BY_CHILD","Sample Reactivated by child",,"Sample reactivated by child","FALSE","FALSE"
"SAMPLE","RECEIVED","Sample Received",,"Sample has been received","FALSE","FALSE"
"SAMPLE","REJECTED","Sample Rejected",,"Sample has been rejected","FALSE","FALSE"
"SAMPLE","RELEASED","Sample Released from hold",,"Sample has been released from hold","FALSE","FALSE"
"SAMPLE","RESAMPLE","Sample Resample",,"Sample has just been created as a resample of another","FALSE","FALSE"
"SAMPLE","RESAMPLED","Sample Resampled",,"Sample has been resampled","FALSE","FALSE"
"SAMPLE","RETAIN_RELEASE","Sample Retain Release",,"Retain Sample released for processing","TRUE","FALSE"
"SAMPLE","RETAIN_TEST","Sample Retain Test",,"Retain Sample requires Testing Event","TRUE","FALSE"
"SAMPLE","RETAINED","Sample Retained",,"Called when a sample is retained","TRUE","FALSE"
"SAMPLE","SPLIT","Sample Split",,"Sample has been split into one or more subsamples","FALSE","FALSE"
"SAMPLE","SUBMITTED","Sample Submitted",,"A sample has been submitted for inspection","FALSE","FALSE"
"SAMPLE","SUBSAMPLE_AVAILABLE","Subsample Available",,"A subsample is now available for testing","FALSE","FALSE"
"SAMPLE","SUBSAMPLE_COMPLETED","Subsample Completed",,"A subsample belonging to this sample has been completed","FALSE","FALSE"
"SAMPLE","SUSPENDED","Sample Suspended",,"Sample has been suspended","FALSE","FALSE"
"SAMPLE","TEST_ASSIGNED","Sample had a test assigned",,"Sample has had a test assigned","FALSE","FALSE"
"SAMPLE","TEST_COMPLETED","Sample had a test completed",,"Sample has had a test completed","FALSE","FALSE"
"SAMPLE","UNRECEIVED","Sample Unreceived",,"Sample has been marked as unreceived","FALSE","FALSE"
"SAMPLE","UNSUSPENDED","Sample Unsuspended",,"Sample has been unsuspended","FALSE","FALSE"
"SAMPLE","WAIT_PREP","Sample Waiting for Preparation",,"Sample is ready for preparation","FALSE","FALSE"
"TEST","AUTHORIZED","Test Authorized",,"Test has been authorized","FALSE","FALSE"
"TEST","AVAILABLE","Test Available",,"Test has been made available","FALSE","FALSE"
"TEST","BATCH_ASSIGN","Test Assign Batch",,"Test Assign Batch","TRUE","FALSE"
"TEST","CANCELED","Test Canceled",,"Test has been canceled","FALSE","FALSE"
"TEST","COMPLETED","Test Completed",,"Test has been completed","FALSE","FALSE"
"TEST","DELETED","Test Deleted",,"Test has been deleted","FALSE","FALSE"
"TEST","IN_PROGRESS","Test in progress",,"Test is in progress, some results entered but the test is not complete","FALSE","FALSE"
"TEST","LIST_MODIFIED","Test Result List Modified",,"A result list has been modified against this test","FALSE","FALSE"
"TEST","POST_EDIT","Test Post Edit",,"Event called after a test has been edited but before the record is committed to the database","FALSE","FALSE"
"TEST","POST_LOGIN","Test Post Login",,"Event called after a Test has been logged into the database and before the Sample Login screen is refreshed","FALSE","FALSE"
"TEST","PRE_CREATE","Test Pre Create",,"Event called before inserting a new test into the database, this is the final event before storing the record","FALSE","FALSE"
"TEST","PRE_LOGIN","Test Pre Login",,"Event called before the Sample Login screen is displayed and prior to any user edits","FALSE","FALSE"
"TEST","PREPARED","Test Prepared",,"Test has been prepared","FALSE","FALSE"
"TEST","REACTIVATED","Test Reactivated",,"Test has been reactivated","FALSE","FALSE"
"TEST","REACTIVATED_ALL","Test Reactivate all children",,"Test and its descendants have been reactivated","FALSE","FALSE"
"TEST","RECEIVED","Test Received",,"Test has been received","FALSE","FALSE"
"TEST","REJECTED","Test Rejected",,"Test has been rejected","FALSE","FALSE"
"TEST","RESULT_DELETED","Test Result Deleted",,"A result has been deleted from this test","FALSE","FALSE"
"TEST","RESULT_ENTERED","Test Result Entered",,"A result has been entered against this test","FALSE","FALSE"
"TEST","RESULT_MODIFIED","Test Result Modified",,"A result has been modified against this test","FALSE","FALSE"
"TEST","SAMPLE_SUBMITTED","Test Sample Submitted",,"The sample for this test has been submitted for inspection","FALSE","FALSE"
"TEST","STARTED","Test Started",,"Test has been started","FALSE","FALSE"
"TEST","SUSPENDED","Test Suspend",,"Test has been suspended","FALSE","FALSE"
"TEST","TEST_RESULT_ADDED","Test Result Added",,"A result has bee added to the test","TRUE","FALSE"
"TEST","UNAVAILABLE","Test Unavailable",,"Test has been marked as unavailable","FALSE","FALSE"
"TEST","UNSUSPENDED","Test Unsuspend",,"Test has been unsuspended","FALSE","FALSE"
"TEST","WAIT_PREP","Test Waiting for Preparation",,"Test Waiting for Preparation","FALSE","FALSE"
