﻿WORKFLOW_ACTION_ROLE
WORKFLOW_ACTION_TYPE_TABLE,WORKFLOW_ACTION_TYPE_ID,ROLE_ID
30,30,20
                     105
"BATCH_HEADER","COMPLETEBATCH","USER"
"INCIDENTS","PARAMETER","DYNAMIC_MAINTAINER"
"JOB_HEADER","COMPARE","DYNAMIC_AUTHORISER"
"JOB_HEADER","EMAILTEST","DYNAMIC_AUTHORISER"
"JOB_HEADER","EMAILTEST","DYNAMIC_MAINTAINER"
"JOB_HEADER","EMAILTEST","PETRL_DYNAMIC_AUTH"
"JOB_HEADER","EMAILTEST","PETRL_DYNAMIC_MAIN"
"JOB_HEADER","EMAILTEST","SYSTEM_MANAGER"
"JOB_HEADER","JOB_DISPOSE","DYNAMIC_AUTHORISER"
"JOB_HEADER","JOB_DISPOSE","DYNAMIC_MAINTAINER"
"JOB_HEADER","JOB_DISPOSE","PETRL_DYNAMIC_AUTH"
"JOB_HEADER","JOB_DISPOSE","PETRL_DYNAMIC_MAIN"
"JOB_HEADER","JOB_DISPOSE","SYSTEM_MANAGER"
"JOB_HEADER","JOB_DISPOSE","USER"
"JOB_HEADER","JOB_RECEIVE","PETRL_DYNAMIC_AUTH"
"JOB_HEADER","JOB_RECEIVE","PETRL_DYNAMIC_MAIN"
"JOB_HEADER","JOB_RECEIVE","SYSTEM_MANAGER"
"JOB_HEADER","JOB_RECEIVE","USER"
"JOB_HEADER","NEG_REPORT","DYNAMIC_AUTHORISER"
"JOB_HEADER","NEG_REPORT","DYNAMIC_MAINTAINER"
"JOB_HEADER","NEG_REPORT","PETRL_DYNAMIC_AUTH"
"JOB_HEADER","NEG_REPORT","PETRL_DYNAMIC_MAIN"
"JOB_HEADER","NEG_REPORT","SYSTEM_MANAGER"
"JOB_HEADER","PETRLSTICOMPLETE","DYNAMIC_AUTHORISER"
"JOB_HEADER","PETRLSTICOMPLETE","DYNAMIC_MAINTAINER"
"JOB_HEADER","PETRLSTICOMPLETE","PETRL_DYNAMIC_AUTH"
"JOB_HEADER","PETRLSTICOMPLETE","PETRL_DYNAMIC_MAIN"
"JOB_HEADER","PETRLSTICOMPLETE","SYSTEM_MANAGER"
"JOB_HEADER","STI_NEG_REPORT","DYNAMIC_AUTHORISER"
"JOB_HEADER","STI_NEG_REPORT","DYNAMIC_MAINTAINER"
"JOB_HEADER","STI_NEG_REPORT","PETRL_DYNAMIC_AUTH"
"JOB_HEADER","STI_NEG_REPORT","PETRL_DYNAMIC_MAIN"
"JOB_HEADER","STI_NEG_REPORT","SYSTEM_MANAGER"
"P_RACE_CARD","PV_SPECIAL_SPECIMEN_WITNESS_RP","SYSTEM_MANAGER"
"P_RACE_CARD","PV_SPECIMEN_WITNESS_REPORT","SYSTEM_MANAGER"
"P_SHIPMENT","PV_SHIPMENT_CHECK","PETRL_DYNAMIC_AUTH"
"P_SHIPMENT","PV_SHIPMENT_CHECK","PETRL_DYNAMIC_DISP"
"P_SHIPMENT","PV_SHIPMENT_CHECK","PETRL_DYNAMIC_MAIN"
"P_SHIPMENT","PV_SHIPMENT_CHECK","SYSTEM_MANAGER"
"P_SHIPMENT","PV_SHIPMENT_CHECK","USER"
"P_SHIPMENT","PV_SHIPMENT_REPORT","PETRL_DYNAMIC_AUTH"
"P_SHIPMENT","PV_SHIPMENT_REPORT","PETRL_DYNAMIC_DISP"
"P_SHIPMENT","PV_SHIPMENT_REPORT","PETRL_DYNAMIC_MAIN"
"P_SHIPMENT","PV_SHIPMENT_REPORT","RACETRACK_DYN_DISP"
"P_SHIPMENT","PV_SHIPMENT_REPORT","RACETRACK_DYN_MAIN"
"P_SHIPMENT","PV_SHIPMENT_REPORT","SYSTEM_MANAGER"
"SAMPLE","APPROVE_DISPOSAL","DYNAMIC_MAINTAINER"
"SAMPLE","APPROVE_DISPOSAL","PETRL_DYNAMIC_AUTH"
"SAMPLE","COMPARE","DYNAMIC_AUTHORISER"
"SAMPLE","COMPOSITE","DYNAMIC_MAINTAINER"
"SAMPLE","DISPOSE","DYNAMIC_MAINTAINER"
"SAMPLE","EXPIRE","DYNAMIC_MAINTAINER"
"SAMPLE","IN_LAB","DYNAMIC_MAINTAINER"
"SAMPLE","IN_LAB","PETRL_DYNAMIC_MAIN"
"SAMPLE","IN_LAB","SYSTEM_MANAGER"
"SAMPLE","ORDER_DISPOSAL","DYNAMIC_MAINTAINER"
"SAMPLE","ORDER_DISPOSAL","PETRL_DYNAMIC_AUTH"
"SAMPLE","REPORT_SEND","DM_ADMINISTRATOR"
"SAMPLE","REPORT_SEND","DYNAMIC_AUTHORISER"
"SAMPLE","REPORT_SEND","DYNAMIC_DISPLAYER"
"SAMPLE","REPORT_SEND","DYNAMIC_MAINTAINER"
"SAMPLE","REPORT_SEND","FORM_DEVELOPER"
"SAMPLE","REPORT_SEND","INSPECT_PEER"
"SAMPLE","REPORT_SEND","INSPECT_SUPERVISOR"
"SAMPLE","REPORT_SEND","INSTRUMENT_OVERRIDE"
"SAMPLE","REPORT_SEND","LABORATORY_MANAGER"
"SAMPLE","REPORT_SEND","PETRL_DYNAMIC_AUTH"
"SAMPLE","REPORT_SEND","PETRL_DYNAMIC_DISP"
"SAMPLE","REPORT_SEND","PETRL_DYNAMIC_MAIN"
"SAMPLE","REPORT_SEND","QA_MANAGER"
"SAMPLE","REPORT_SEND","QA_USER"
"SAMPLE","REPORT_SEND","QUICK_LAUNCHER"
"SAMPLE","REPORT_SEND","RACETRACK_DYN_DISP"
"SAMPLE","REPORT_SEND","RACETRACK_DYN_DISPSI"
"SAMPLE","REPORT_SEND","RACETRACK_DYN_MAIN"
"SAMPLE","REPORT_SEND","RACETRACK_DYN_TEST"
"SAMPLE","REPORT_SEND","SCHEMA_ADMINISTRATOR"
"SAMPLE","REPORT_SEND","SECURITY_OVERRIDE"
"SAMPLE","REPORT_SEND","STATIC_AUTHORISER"
"SAMPLE","REPORT_SEND","STATIC_DISPLAYER"
"SAMPLE","REPORT_SEND","STATIC_MAINTAINER"
"SAMPLE","REPORT_SEND","SYSTEM_ADMINISTRATOR"
"SAMPLE","REPORT_SEND","SYSTEM_MANAGER"
"SAMPLE","REPORT_SEND","TRAINING_OVERRIDE"
"SAMPLE","REPORT_SEND","TRANSLATOR"
"SAMPLE","REPORT_SEND","USER"
"SAMPLE","REPORT_SEND","VGL_DEVELOPER"
"SAMPLE","REPORT_SEND","WEB_USER"
"SAMPLE","RESAMPLE","DYNAMIC_AUTHORISER"
"SAMPLE","RESAMPLE","DYNAMIC_MAINTAINER"
"SAMPLE","RETAIN_TEST","DYNAMIC_MAINTAINER"
"SAMPLE","SAMPLE_CONTAINER","DYNAMIC_AUTHORISER"
"SAMPLE","SAMPLE_CONTAINER","DYNAMIC_MAINTAINER"
"SAMPLE","SAMPLE_NEG_REPORT","DYNAMIC_MAINTAINER"
"SAMPLE","SAMPLE_NEG_REPORT","PETRL_DYNAMIC_AUTH"
"SAMPLE","SAMPLE_STI_STATUS","PETRL_DYNAMIC_AUTH"
"SAMPLE","SAMPLE_STI_STATUS","PETRL_DYNAMIC_MAIN"
"SAMPLE","SAMPLE_STI_STATUS","SYSTEM_MANAGER"
"SAMPLE","SAMPLE_STI_STATUS","USER"
"SAMPLE","SAMPLEAVAILABLE","DYNAMIC_MAINTAINER"
"SAMPLE","SUBSAMPLE","DYNAMIC_MAINTAINER"
"SAMPLE","TRANSIT","DYNAMIC_MAINTAINER"
"SAMPLE","TRANSIT","PETRL_DYNAMIC_MAIN"
"SAMPLE","TRANSIT","SYSTEM_MANAGER"
"TEST","COMPARE","DYNAMIC_AUTHORISER"
