﻿BARMENU
MENU_NAME,MENU_NUMBER,ORDER_NUMBER,OPTION_NUMBER,OPTION_NAME,HELP_FILE,SECURITY_LEVEL,GROUP_ID
10,10,10,10,20,20,10,10
                     682
"SYSTEM","10","1","20","Setup",,"0",
"SYSTEM","10","2","550","Jobs",,"0",
"SYSTEM","10","3","500","Samples",,"0",
"SYSTEM","10","4","570","Tests",,"0",
"SYSTEM","10","5","450","Results",,"0",
"SYSTEM","10","6","420","Reporting",,"0",
"SYSTEM","10","7","700","Worksheets",,"0",
"SYSTEM","10","8","810","Batches",,"0",
"SYSTEM","20","1","50","Environment",,"0",
"SYSTEM","20","2","60","Laboratory",,"0",
"SYSTEM","20","3","70","Login",,"0",
"SYSTEM","20","4","80","System",,"0",
"SYSTEM","20","5","0",,,"0",
"SYSTEM","20","6","435","Lab Table Sheet",,"6",
"SYSTEM","20","7","15053","Explorer",,"4",
"SYSTEM","20","8","0",,,"0",
"SYSTEM","20","9","910","Commit",,"0",
"SYSTEM","20","10","890","Auditor",,"0",
"SYSTEM","50","1","110","Hazards","HAZARD","0",
"SYSTEM","50","2","120","Locations","LOCATION","0",
"SYSTEM","50","3","130","Preparations","PREPARATION","0",
"SYSTEM","50","4","140","Sample Points",,"0",
"SYSTEM","50","5","150","Projects",,"0",
"SYSTEM","50","6","160","Customers","CUSTOMER","0",
"SYSTEM","50","7","170","Charges",,"0",
"SYSTEM","60","1","210","Instruments","ANALYSIS","0",
"SYSTEM","60","2","220","Analyses","ANALYSIS","0",
"SYSTEM","60","3","230","Calculations","ANALYSIS","0",
"SYSTEM","60","4","680","List Results","ANALYSIS","0",
"SYSTEM","60","5","780","Work Profile","ANALYSIS","0",
"SYSTEM","60","6","240","Standards","ANALYSIS","0",
"SYSTEM","60","7","630","Sig Figs","ANALYSIS","0",
"SYSTEM","60","8","640","MLP Specs","ANALYSIS","0",
"SYSTEM","60","9","660","MLP Levels","ANALYSIS","0",
"SYSTEM","60","10","750","MLP Phrases","ANALYSIS","0",
"SYSTEM","60","11","760","MLP Calculations","ANALYSIS","0",
"SYSTEM","60","12","590","Units","ANALYSIS","0",
"SYSTEM","60","13","690","Inspection Plans",,"0",
"SYSTEM","70","1","310","Sample Templates","SAMP_TEMP","0",
"SYSTEM","70","2","320","Job Templates",,"0",
"SYSTEM","70","3","780","Work Profile",,"0",
"SYSTEM","70","4","330","Test Schedules","TEST_SCHED","0",
"SYSTEM","70","5","800","Batch Templates",,"0",
"SYSTEM","70","6","340","Login Schedules",,"0",
"SYSTEM","70","7","350","Syntaxes",,"0",
"SYSTEM","70","8","471","Master Template",,"10",
"SYSTEM","80","1","360","Report Formats",,"0",
"SYSTEM","80","2","370","Operators","PERSONNEL","0",
"SYSTEM","80","3","410","Users",,"0",
"SYSTEM","80","4","380","Phrases",,"0",
"SYSTEM","80","5","390","Printers",,"0",
"SYSTEM","80","6","650","Groups",,"0",
"SYSTEM","80","7","460","Help",,"0",
"SYSTEM","80","8","580","Column Definitions",,"0",
"SYSTEM","80","9","830","Saved Criteria",,"0",
"SYSTEM","80","10","860","CGI Scripts",,"0",
"SYSTEM","80","11","90","Configuration",,"0",
"SYSTEM","80","12","0",,,"0",
"SYSTEM","80","13","470","Watch Dog Timer",,"0",
"SYSTEM","80","14","0",,,"0",
"SYSTEM","80","15","900","Install Options",,"0",
"SYSTEM","80","16","0",,,"0",
"SYSTEM","80","17","239","Server Version",,"1",
"SYSTEM","90","1","100","Configuration Items",,"0",
"SYSTEM","90","2","0",,,"0",
"SYSTEM","90","3","10871","Edit Current",,"1",
"SYSTEM","90","4","10869","Edit User",,"1",
"SYSTEM","90","5","10863","Edit Group",,"10",
"SYSTEM","90","6","10865","Edit System",,"10",
"SYSTEM","100","1","371","Add",,"4",
"SYSTEM","100","2","372","Copy",,"4",
"SYSTEM","100","3","373","Modify",,"4",
"SYSTEM","100","4","374","Display",,"4",
"SYSTEM","100","5","0",,,"0",
"SYSTEM","100","6","375","Print",,"4",
"SYSTEM","100","7","376","List",,"4",
"SYSTEM","100","8","0",,,"0",
"SYSTEM","100","9","377","Remove",,"4",
"SYSTEM","100","10","378","Restore",,"4",
"SYSTEM","110","1","4","Add","HAZARD","4",
"SYSTEM","110","2","26","Copy","HAZARD","4",
"SYSTEM","110","3","76","Modify","HAZARD","6",
"SYSTEM","110","4","135","Display","HAZARD","4",
"SYSTEM","110","5","0",,,"0",
"SYSTEM","110","6","99","Print","HAZARD","4",
"SYSTEM","110","7","62","List","HAZARD","4",
"SYSTEM","110","8","0",,,"0",
"SYSTEM","110","9","119","Remove","HAZARD","8",
"SYSTEM","110","10","149","Restore","HAZARD","8",
"SYSTEM","120","1","6","Add","LOCATION","4",
"SYSTEM","120","2","29","Copy","LOCATION","4",
"SYSTEM","120","3","78","Modify","LOCATION","6",
"SYSTEM","120","4","43","Display","LOCATION","4",
"SYSTEM","120","5","0",,,"0",
"SYSTEM","120","6","103","Print","LOCATION","4",
"SYSTEM","120","7","64","List","LOCATION","4",
"SYSTEM","120","8","0",,,"0",
"SYSTEM","120","9","122","Remove","LOCATION","8",
"SYSTEM","120","10","151","Restore","LOCATION","8",
"SYSTEM","130","1","121","Add","PREPARATION","4",
"SYSTEM","130","2","32","Copy","PREPARATION","4",
"SYSTEM","130","3","82","Modify","PREPARATION","6",
"SYSTEM","130","4","45","Display","PREPARATION","4",
"SYSTEM","130","5","0",,,"0",
"SYSTEM","130","6","106","Print","PREPARATION","4",
"SYSTEM","130","7","69","List","PREPARATION","4",
"SYSTEM","130","8","0",,,"0",
"SYSTEM","130","9","127","Remove","PREPARATION","8",
"SYSTEM","130","10","155","Restore","PREPARATION","8",
"SYSTEM","140","1","231","Add",,"4",
"SYSTEM","140","2","232","Copy",,"4",
"SYSTEM","140","3","233","Modify",,"6",
"SYSTEM","140","4","238","Display",,"4",
"SYSTEM","140","5","0",,,"0",
"SYSTEM","140","6","236","Print",,"4",
"SYSTEM","140","7","237","List",,"4",
"SYSTEM","140","8","0",,,"0",
"SYSTEM","140","9","234","Remove",,"8",
"SYSTEM","140","10","235","Restore",,"8",
"SYSTEM","150","1","341","Add",,"6",
"SYSTEM","150","2","342","Copy",,"6",
"SYSTEM","150","3","352","Modify",,"6",
"SYSTEM","150","4","343","Display",,"6",
"SYSTEM","150","5","0",,,"0",
"SYSTEM","150","6","344","Print",,"6",
"SYSTEM","150","7","345","List",,"6",
"SYSTEM","150","8","0",,,"0",
"SYSTEM","150","9","348","Remove",,"6",
"SYSTEM","150","10","351","Restore",,"6",
"SYSTEM","160","1","2","Add","CUSTOMER","4",
"SYSTEM","160","2","24","Copy","CUSTOMER","4",
"SYSTEM","160","3","74","Modify","CUSTOMER","6",
"SYSTEM","160","4","37","Display","CUSTOMER","4",
"SYSTEM","160","5","0",,,"0",
"SYSTEM","160","6","97","Print","CUSTOMER","4",
"SYSTEM","160","7","58","List","CUSTOMER","4",
"SYSTEM","160","8","0",,,"0",
"SYSTEM","160","9","116","Remove","CUSTOMER","8",
"SYSTEM","160","10","147","Restore","CUSTOMER","8",
"SYSTEM","170","1","425","Add",,"6",
"SYSTEM","170","2","426","Copy",,"6",
"SYSTEM","170","3","421","Modify",,"6",
"SYSTEM","170","4","422","Display",,"6",
"SYSTEM","170","5","0",,,"0",
"SYSTEM","170","6","423","Print",,"6",
"SYSTEM","170","7","424","List",,"6",
"SYSTEM","170","8","0",,,"0",
"SYSTEM","170","9","428","Remove",,"6",
"SYSTEM","170","10","427","Restore",,"6",
"SYSTEM","210","1","5","Add","INSTRUMENT","4",
"SYSTEM","210","2","28","Copy","INSTRUMENT","4",
"SYSTEM","210","3","77","Modify","INSTRUMENT","6",
"SYSTEM","210","4","41","Display","INSTRUMENT","4",
"SYSTEM","210","5","0",,,"0",
"SYSTEM","210","6","132","Print","INSTRUMENT","4",
"SYSTEM","210","7","63","List","INSTRUMENT","4",
"SYSTEM","210","8","0",,,"0",
"SYSTEM","210","9","104","Remove","INSTRUMENT","8",
"SYSTEM","210","10","125","Restore","INSTRUMENT","8",
"SYSTEM","220","1","1","Add","ANALYSIS","4",
"SYSTEM","220","2","21","Copy","ANALYSIS","4",
"SYSTEM","220","3","15035","New Version","ANALYSIS","6",
"SYSTEM","220","4","73","Modify","ANALYSIS","6",
"SYSTEM","220","5","36","Display","ANALYSIS","4",
"SYSTEM","220","6","0",,,"0",
"SYSTEM","220","7","95","Print","ANALYSIS","4",
"SYSTEM","220","8","59","List","ANALYSIS","4",
"SYSTEM","220","9","0",,,"0",
"SYSTEM","220","10","115","Remove","ANALYSIS","8",
"SYSTEM","220","11","146","Restore","ANALYSIS","8",
"SYSTEM","220","12","0",,,"0",
"SYSTEM","220","13","15038","Test Formula",,"6",
"SYSTEM","220","14","15046","Verify Formula",,"6",
"SYSTEM","230","1","251","Add",,"4",
"SYSTEM","230","2","252","Copy",,"6",
"SYSTEM","230","3","253","Modify",,"6",
"SYSTEM","230","4","256","Display",,"4",
"SYSTEM","230","5","0",,,"0",
"SYSTEM","230","6","254","Print",,"4",
"SYSTEM","230","7","255","List",,"4",
"SYSTEM","230","8","0",,,"0",
"SYSTEM","230","9","401","Remove",,"8",
"SYSTEM","230","10","402","Restore",,"8",
"SYSTEM","230","11","0",,,"0",
"SYSTEM","230","12","227","Test",,"6",
"SYSTEM","230","13","207","Debug",,"6",
"SYSTEM","240","1","491","Add",,"4",
"SYSTEM","240","2","492","Copy",,"4",
"SYSTEM","240","3","493","Modify",,"6",
"SYSTEM","240","4","496","Display",,"4",
"SYSTEM","240","5","0",,,"0",
"SYSTEM","240","6","497","Print",,"4",
"SYSTEM","240","7","498","List",,"4",
"SYSTEM","240","8","0",,,"0",
"SYSTEM","240","9","494","Remove",,"8",
"SYSTEM","240","10","495","Restore",,"8",
"SYSTEM","240","11","0",,,"0",
"SYSTEM","240","12","15019","Explore Versions",,"4",
"SYSTEM","240","13","0",,,"0",
"SYSTEM","240","14","15018","Create Version",,"6",
"SYSTEM","240","15","15027","Modify Version",,"6",
"SYSTEM","240","16","15021","Display Version",,"4",
"SYSTEM","240","17","499","Expire Version",,"6",
"SYSTEM","310","1","15","Add","SAMP_TEMP","4",
"SYSTEM","310","2","206","Copy","SAMP_TEMP","4",
"SYSTEM","310","3","88","Modify","SAMP_TEMP","6",
"SYSTEM","310","4","49","Display","SAMP_TEMP","4",
"SYSTEM","310","5","0",,,"0",
"SYSTEM","310","6","113","Print","SAMP_TEMP","4",
"SYSTEM","310","7","72","List","SAMP_TEMP","4",
"SYSTEM","310","8","0",,,"0",
"SYSTEM","310","9","224","Remove","SAMP_TEMP","8",
"SYSTEM","310","10","225","Restore","SAMP_TEMP","8",
"SYSTEM","320","1","381","Add",,"4",
"SYSTEM","320","2","382","Copy",,"4",
"SYSTEM","320","3","383","Modify",,"6",
"SYSTEM","320","4","384","Display",,"4",
"SYSTEM","320","5","0",,,"0",
"SYSTEM","320","6","385","Print",,"4",
"SYSTEM","320","7","386","List",,"4",
"SYSTEM","320","8","0",,,"0",
"SYSTEM","320","9","387","Remove",,"8",
"SYSTEM","320","10","388","Restore",,"8",
"SYSTEM","330","1","14","Add","TEST_SCHED","6",
"SYSTEM","330","2","243","Copy","TEST_SCHED","6",
"SYSTEM","330","3","87","Modify","TEST_SCHED","8",
"SYSTEM","330","4","48","Display","TEST_SCHED","4",
"SYSTEM","330","5","0",,,"0",
"SYSTEM","330","6","112","Print","TEST_SCHED","4",
"SYSTEM","330","7","71","List","TEST_SCHED","6",
"SYSTEM","330","8","0",,,"0",
"SYSTEM","330","9","129","Remove","TEST_SCHED","8",
"SYSTEM","330","10","208","Restore","TEST_SCHED","8",
"SYSTEM","340","1","244","Add",,"4",
"SYSTEM","340","2","311","Copy",,"4",
"SYSTEM","340","3","245","Modify",,"4",
"SYSTEM","340","4","264","Display",,"4",
"SYSTEM","340","5","0",,,"0",
"SYSTEM","340","6","312","Print",,"4",
"SYSTEM","340","7","313","List",,"4",
"SYSTEM","340","8","0",,,"0",
"SYSTEM","340","9","314","Remove",,"4",
"SYSTEM","340","10","315","Restore",,"4",
"SYSTEM","350","1","195","Add",,"4",
"SYSTEM","350","2","196","Copy",,"4",
"SYSTEM","350","3","197","Modify",,"6",
"SYSTEM","350","4","136","Display",,"4",
"SYSTEM","350","5","0",,,"0",
"SYSTEM","350","6","201","Print",,"4",
"SYSTEM","350","7","202","List",,"4",
"SYSTEM","350","8","0",,,"0",
"SYSTEM","350","9","198","Remove",,"8",
"SYSTEM","350","10","199","Restore",,"8",
"SYSTEM","350","11","0",,,"0",
"SYSTEM","350","12","271","Test",,"6",
"SYSTEM","350","13","272","Debug",,"6",
"SYSTEM","360","1","3","Add",,"6",
"SYSTEM","360","2","25","Copy",,"6",
"SYSTEM","360","3","75","Modify",,"8",
"SYSTEM","360","4","38","Display",,"4",
"SYSTEM","360","5","0",,,"0",
"SYSTEM","360","6","98","Print",,"4",
"SYSTEM","360","7","61","List",,"4",
"SYSTEM","360","8","0",,,"0",
"SYSTEM","360","9","118","Remove",,"8",
"SYSTEM","360","10","148","Restore",,"8",
"SYSTEM","360","11","0",,,"0",
"SYSTEM","360","12","15012","Develop",,"8",
"SYSTEM","360","13","0",,,"0",
"SYSTEM","360","14","56","Run",,"4",
"SYSTEM","360","15","166","Compile",,"6",
"SYSTEM","360","16","436","Show Errors",,"6",
"SYSTEM","360","17","55","Debug",,"6",
"SYSTEM","360","18","0",,,"0",
"SYSTEM","360","19","15031","Perform Tool",,"1",
"SYSTEM","360","20","15032","Transaction Tool",,"1",
"SYSTEM","370","1","9","Add","PERSONNEL","4",
"SYSTEM","370","2","31","Copy","PERSONNEL","4",
"SYSTEM","370","3","81","Modify","PERSONNEL","6",
"SYSTEM","370","4","44","Display","PERSONNEL","4",
"SYSTEM","370","5","0",,,"0",
"SYSTEM","370","6","105","Print","PERSONNEL","4",
"SYSTEM","370","7","68","List","PERSONNEL","4",
"SYSTEM","370","8","0",,,"0",
"SYSTEM","370","9","126","Remove","PERSONNEL","8",
"SYSTEM","370","10","154","Restore","PERSONNEL","8",
"SYSTEM","370","11","0",,,"0",
"SYSTEM","370","12","400","Approval",,"0",
"SYSTEM","380","1","449","Add",,"4",
"SYSTEM","380","2","219","Copy",,"4",
"SYSTEM","380","3","437","Modify",,"6",
"SYSTEM","380","4","438","Display",,"4",
"SYSTEM","380","5","0",,,"0",
"SYSTEM","380","6","439","Print",,"4",
"SYSTEM","380","7","279","List",,"4",
"SYSTEM","380","8","0",,,"0",
"SYSTEM","380","9","278","Remove",,"8",
"SYSTEM","380","10","277","Restore",,"8",
"SYSTEM","390","1","441","Add",,"6",
"SYSTEM","390","2","442","Copy",,"6",
"SYSTEM","390","3","443","Modify",,"6",
"SYSTEM","390","4","448","Display",,"4",
"SYSTEM","390","5","0",,,"0",
"SYSTEM","390","6","446","Print",,"4",
"SYSTEM","390","7","447","List",,"4",
"SYSTEM","390","8","0",,,"0",
"SYSTEM","390","9","444","Remove",,"8",
"SYSTEM","390","10","445","Restore",,"8",
"SYSTEM","400","1","701","Modify",,"8",
"SYSTEM","400","2","702","Display",,"8",
"SYSTEM","400","3","0",,,"0",
"SYSTEM","400","4","704","Print",,"8",
"SYSTEM","400","5","703","List",,"8",
"SYSTEM","410","1","16","Add User",,"8",
"SYSTEM","410","2","209","Delete User",,"10",
"SYSTEM","410","3","0",,,"0",
"SYSTEM","410","4","22","Change Access Level",,"1",
"SYSTEM","410","5","0",,,"0",
"SYSTEM","410","6","34","Change Password",,"1",
"SYSTEM","410","7","226","Change Any Password",,"10",
"SYSTEM","410","8","0",,,"0",
"SYSTEM","410","9","15054","ESig Setup",,"10",
"SYSTEM","420","1","15036","Ad-Hoc Reporter",,"1",
"SYSTEM","420","2","15039","Ad-Hoc Reporter Tmpl",,"1",
"SYSTEM","420","3","0",,,"0",
"SYSTEM","420","4","15001","Data Tree",,"4",
"SYSTEM","450","1","247","Entry by Sample",,"4",
"SYSTEM","450","2","248","Entry by Test",,"6",
"SYSTEM","450","3","389","Entry by Spreadsht",,"4",
"SYSTEM","450","4","15041","Entry by Criteria",,"4",
"SYSTEM","450","5","0",,,"0",
"SYSTEM","450","6","249","Display by Sample",,"4",
"SYSTEM","450","7","242","Display by Test",,"4",
"SYSTEM","450","8","391","Display by Spreadsht",,"4",
"SYSTEM","450","9","15042","Display by Criteria",,"4",
"SYSTEM","450","10","0",,,"0",
"SYSTEM","450","11","514","Authorise by Sample",,"6",
"SYSTEM","450","12","515","Authorise by Test",,"6",
"SYSTEM","450","13","392","Authorise by Sprdsht",,"6",
"SYSTEM","450","14","15043","Authorise by Crt",,"6",
"SYSTEM","450","15","0",,,"0",
"SYSTEM","450","16","339","Calculator",,"4",
"SYSTEM","450","17","0",,,"0",
"SYSTEM","450","18","393","Modify Result List",,"8",
"SYSTEM","460","1","670","Help Topic Setup",,"0",
"SYSTEM","460","2","451","Help Chapter Setup",,"4",
"SYSTEM","470","1","203","Run Report",,"6",
"SYSTEM","470","2","861","Modify Reports",,"8",
"SYSTEM","470","3","0",,,"0",
"SYSTEM","470","4","204","Schedule Manager",,"6",
"SYSTEM","470","5","0",,,"0",
"SYSTEM","470","6","205","Terminate Background",,"8",
"SYSTEM","470","7","0",,,"0",
"SYSTEM","470","8","850","Timer Schedules",,"0",
"SYSTEM","500","1","510","Login",,"0",
"SYSTEM","500","2","520","Process",,"0",
"SYSTEM","500","3","530","Tracking",,"0",
"SYSTEM","510","1","167","Login Sample",,"4",
"SYSTEM","510","2","168","Template",,"4",
"SYSTEM","510","3","12","New Job",,"4",
"SYSTEM","510","4","114","Add to Old Job",,"4",
"SYSTEM","510","5","0",,,"0",
"SYSTEM","510","6","47","Display Sample",,"4",
"SYSTEM","510","7","10007","Display Full Sample",,"4",
"SYSTEM","510","8","86","Modify Sample",,"8",
"SYSTEM","510","9","361","Modify Full Sample",,"8",
"SYSTEM","510","10","57","Edit Tests",,"6",
"SYSTEM","510","11","0",,,"0",
"SYSTEM","510","12","111","Print Receipt",,"4",
"SYSTEM","510","13","19","Print Label",,"4",
"SYSTEM","510","14","0",,,"0",
"SYSTEM","510","15","257","Activate Schedule",,"4",
"SYSTEM","510","16","258","Deactivate Schedule",,"4",
"SYSTEM","520","1","15009","Change Priority",,"6",
"SYSTEM","520","2","85","Move Sample",,"4",
"SYSTEM","520","3","0",,,"0",
"SYSTEM","520","4","182","Receive Sample",,"4",
"SYSTEM","520","5","261","Release Held Sample",,"8",
"SYSTEM","520","6","33","Complete Preparation",,"4",
"SYSTEM","520","7","138","Complete Sample",,"8",
"SYSTEM","520","8","15011","Compare with MLP",,"8",
"SYSTEM","520","9","11","Authorise Sample",,"8",
"SYSTEM","520","10","186","Cancel Sample",,"8",
"SYSTEM","520","11","185","Reactivate Sample",,"8",
"SYSTEM","520","12","137","Resample",,"6",
"SYSTEM","520","13","0",,,"0",
"SYSTEM","520","14","35","Commit Sample",,"8",
"SYSTEM","520","15","15033","Deconsign Sample",,"8",
"SYSTEM","520","16","0",,,"0",
"SYSTEM","520","17","139","Inspect Sample",,"8",
"SYSTEM","520","18","15037","Inspection History",,"8",
"SYSTEM","520","19","0",,,"0",
"SYSTEM","520","20","262","Suspend Sample",,"8",
"SYSTEM","520","21","263","Unsuspend Sample",,"8",
"SYSTEM","520","22","692","Archive",,"10",
"SYSTEM","530","1","144","Sample Status",,"4",
"SYSTEM","530","2","141","Write Sample Report",,"4",
"SYSTEM","530","3","0",,,"0",
"SYSTEM","530","4","13","Active Samples",,"4",
"SYSTEM","530","5","142","Suspended Samples",,"4",
"SYSTEM","530","6","93","Overdue Samples",,"4",
"SYSTEM","530","7","15002","Sample Tree",,"4",
"SYSTEM","530","8","0",,,"0",
"SYSTEM","530","9","133","Specify Instrument",,"4",
"SYSTEM","530","10","131","Specify Customer",,"4",
"SYSTEM","530","11","134","Specify Location",,"4",
"SYSTEM","530","12","0",,,"0",
"SYSTEM","530","13","15045","View Sample Audits",,"8",
"SYSTEM","550","1","259","Display",,"4",
"SYSTEM","550","2","323","Modify",,"6",
"SYSTEM","550","3","0",,,"0",
"SYSTEM","550","4","324","Print",,"6",
"SYSTEM","550","5","326","Print with Samples",,"4",
"SYSTEM","550","6","325","List",,"6",
"SYSTEM","550","7","0",,,"0",
"SYSTEM","550","8","328","Complete",,"6",
"SYSTEM","550","9","349","Authorise",,"6",
"SYSTEM","550","10","322","Cancel",,"6",
"SYSTEM","550","11","347","Reactivate",,"6",
"SYSTEM","550","12","0",,,"0",
"SYSTEM","550","13","329","Commit with Samples",,"8",
"SYSTEM","550","14","15034","Deconsign",,"8",
"SYSTEM","550","15","0",,,"0",
"SYSTEM","550","16","319","Suspend",,"6",
"SYSTEM","550","17","318","Unsuspend",,"6",
"SYSTEM","550","18","692","Archive",,"10",
"SYSTEM","570","1","57","Edit Tests",,"6",
"SYSTEM","570","2","419","Display Tests",,"6",
"SYSTEM","570","3","411","Complete Early",,"6",
"SYSTEM","570","4","412","Authorise",,"6",
"SYSTEM","570","5","413","Cancel",,"6",
"SYSTEM","570","6","417","Reactivate",,"6",
"SYSTEM","570","7","414","Suspend",,"6",
"SYSTEM","570","8","415","Unsuspend",,"6",
"SYSTEM","570","9","416","Complete Preparation",,"6",
"SYSTEM","580","1","571","Add",,"6",
"SYSTEM","580","2","572","Copy",,"6",
"SYSTEM","580","3","573","Modify",,"6",
"SYSTEM","580","4","574","Display",,"4",
"SYSTEM","580","5","0",,,"0",
"SYSTEM","580","6","575","Print",,"4",
"SYSTEM","580","7","576","List",,"4",
"SYSTEM","580","8","0",,,"0",
"SYSTEM","580","9","577","Remove",,"8",
"SYSTEM","580","10","578","Restore",,"8",
"SYSTEM","590","1","581","Add",,"4",
"SYSTEM","590","2","582","Copy",,"4",
"SYSTEM","590","3","583","Modify",,"6",
"SYSTEM","590","4","584","Display",,"4",
"SYSTEM","590","5","0",,,"0",
"SYSTEM","590","6","586","Print",,"4",
"SYSTEM","590","7","585","List",,"4",
"SYSTEM","590","8","0",,,"0",
"SYSTEM","590","9","587","Remove",,"8",
"SYSTEM","590","10","588","Restore",,"8",
"SYSTEM","630","1","631","Add",,"4",
"SYSTEM","630","2","634","Copy",,"4",
"SYSTEM","630","3","635","Modify",,"6",
"SYSTEM","630","4","636","Display",,"4",
"SYSTEM","630","5","0",,,"0",
"SYSTEM","630","6","638","Print",,"4",
"SYSTEM","630","7","637","List",,"4",
"SYSTEM","630","8","0",,,"0",
"SYSTEM","630","9","639","Remove",,"8",
"SYSTEM","630","10","641","Restore",,"8",
"SYSTEM","630","11","0",,,"0",
"SYSTEM","630","12","705","Test",,"6",
"SYSTEM","630","13","643","Display Errors",,"6",
"SYSTEM","630","14","706","Debug",,"6",
"SYSTEM","640","1","551","Add",,"6",
"SYSTEM","640","2","553","Copy",,"6",
"SYSTEM","640","3","554","Modify",,"8",
"SYSTEM","640","4","557","Display",,"4",
"SYSTEM","640","5","0",,,"0",
"SYSTEM","640","6","558","Print",,"4",
"SYSTEM","640","7","559","List",,"4",
"SYSTEM","640","8","0",,,"0",
"SYSTEM","640","9","552","MLP to Test Schedule",,"6",
"SYSTEM","650","1","161","Add",,"4",
"SYSTEM","650","2","353","Copy",,"4",
"SYSTEM","650","3","192","Modify",,"6",
"SYSTEM","650","4","354","Display",,"4",
"SYSTEM","650","5","0",,,"0",
"SYSTEM","650","6","355","Print",,"4",
"SYSTEM","650","7","356","List",,"4",
"SYSTEM","650","8","0",,,"0",
"SYSTEM","650","9","357","Remove",,"8",
"SYSTEM","650","10","358","Restore",,"8",
"SYSTEM","650","11","0",,,"0",
"SYSTEM","650","12","394","Assign Personnel",,"4",
"SYSTEM","650","13","67","Set Default",,"4",
"SYSTEM","660","1","531","Add",,"4",
"SYSTEM","660","2","532","Copy",,"4",
"SYSTEM","660","3","533","Modify",,"6",
"SYSTEM","660","4","534","Display",,"4",
"SYSTEM","660","5","0",,,"0",
"SYSTEM","660","6","536","Print",,"4",
"SYSTEM","660","7","535","List",,"4",
"SYSTEM","670","1","671","Add",,"6",
"SYSTEM","670","2","672","Copy",,"6",
"SYSTEM","670","3","673","Modify",,"6",
"SYSTEM","670","4","678","Display",,"4",
"SYSTEM","670","5","0",,,"0",
"SYSTEM","670","6","676","Print",,"4",
"SYSTEM","670","7","677","List",,"4",
"SYSTEM","670","8","0",,,"0",
"SYSTEM","670","9","674","Remove",,"8",
"SYSTEM","670","10","675","Restore",,"8",
"SYSTEM","680","1","681","Add",,"4",
"SYSTEM","680","2","682","Copy",,"6",
"SYSTEM","680","3","683","Modify",,"6",
"SYSTEM","680","4","684","Display",,"4",
"SYSTEM","680","5","0",,,"0",
"SYSTEM","680","6","685","Print",,"4",
"SYSTEM","680","7","686","List",,"4",
"SYSTEM","680","8","0",,,"0",
"SYSTEM","680","9","687","Remove",,"8",
"SYSTEM","680","10","688","Restore",,"8",
"SYSTEM","680","11","0",,,"0",
"SYSTEM","680","12","689","Test",,"6",
"SYSTEM","680","13","691","Debug",,"6",
"SYSTEM","690","1","693","Add",,"4",
"SYSTEM","690","2","694","Copy",,"6",
"SYSTEM","690","3","695","Modify",,"6",
"SYSTEM","690","4","696","Display",,"4",
"SYSTEM","690","5","0",,,"0",
"SYSTEM","690","6","697","Print",,"4",
"SYSTEM","690","7","698","List",,"4",
"SYSTEM","690","8","0",,,"0",
"SYSTEM","690","9","699","Remove",,"8",
"SYSTEM","690","10","721","Restore",,"8",
"SYSTEM","700","1","710","Analysis",,"0",
"SYSTEM","700","2","720","Sample",,"0",
"SYSTEM","700","3","730","Sample Prep",,"0",
"SYSTEM","700","4","740","Test Prep",,"0",
"SYSTEM","700","5","0",,,"0",
"SYSTEM","700","6","15014","Not on Worksheet",,"6",
"SYSTEM","700","7","15015","Worksheet Summary",,"6",
"SYSTEM","710","1","462","Generate",,"6",
"SYSTEM","710","2","466","Print",,"6",
"SYSTEM","710","3","472","Complete",,"6",
"SYSTEM","710","4","0",,,"0",
"SYSTEM","710","5","475","Result Entry",,"4",
"SYSTEM","710","6","484","Result Display",,"4",
"SYSTEM","710","7","485","Result Authorise",,"4",
"SYSTEM","710","8","0",,,"0",
"SYSTEM","710","9","486","Send to Xchrom",,"6",
"SYSTEM","720","1","461","Generate",,"6",
"SYSTEM","720","2","465","Print",,"6",
"SYSTEM","720","3","513","Complete",,"6",
"SYSTEM","720","4","517","Regenerate",,"6",
"SYSTEM","720","5","0",,,"0",
"SYSTEM","720","6","476","Result Entry",,"4",
"SYSTEM","720","7","511","Result Display",,"4",
"SYSTEM","720","8","512","Result Authorise",,"4",
"SYSTEM","730","1","464","Generate",,"6",
"SYSTEM","730","2","468","Print",,"6",
"SYSTEM","730","3","474","Complete",,"6",
"SYSTEM","740","1","463","Generate",,"6",
"SYSTEM","740","2","467","Print",,"6",
"SYSTEM","740","3","473","Complete",,"6",
"SYSTEM","750","1","591","Add",,"4",
"SYSTEM","750","2","592","Copy",,"4",
"SYSTEM","750","3","593","Modify",,"6",
"SYSTEM","750","4","594","Display",,"4",
"SYSTEM","750","5","0",,,"0",
"SYSTEM","750","6","596","Print",,"4",
"SYSTEM","750","7","595","List",,"4",
"SYSTEM","750","8","0",,,"0",
"SYSTEM","750","9","597","Remove",,"8",
"SYSTEM","750","10","598","Restore",,"8",
"SYSTEM","750","11","0",,,"0",
"SYSTEM","750","12","599","Copy from Phrase",,"4",
"SYSTEM","760","1","731","Add",,"4",
"SYSTEM","760","2","732","Copy",,"4",
"SYSTEM","760","3","733","Modify",,"6",
"SYSTEM","760","4","734","Display",,"4",
"SYSTEM","760","5","0",,,"0",
"SYSTEM","760","6","736","Print",,"4",
"SYSTEM","760","7","735","List",,"4",
"SYSTEM","760","8","0",,,"0",
"SYSTEM","760","9","737","Remove",,"8",
"SYSTEM","760","10","738","Restore",,"8",
"SYSTEM","760","11","0",,,"0",
"SYSTEM","760","12","739","Test",,"4",
"SYSTEM","780","1","781","Add",,"6",
"SYSTEM","780","2","782","Copy",,"6",
"SYSTEM","780","3","783","Modify",,"6",
"SYSTEM","780","4","784","Display",,"4",
"SYSTEM","780","5","0",,,"0",
"SYSTEM","780","6","786","Print",,"4",
"SYSTEM","780","7","785","List",,"4",
"SYSTEM","780","8","0",,,"0",
"SYSTEM","780","9","787","Remove",,"6",
"SYSTEM","780","10","788","Restore",,"6",
"SYSTEM","800","1","801","Add",,"6",
"SYSTEM","800","2","802","Copy",,"6",
"SYSTEM","800","3","803","Modify",,"6",
"SYSTEM","800","4","804","Display",,"4",
"SYSTEM","800","5","0",,,"0",
"SYSTEM","800","6","806","Print",,"4",
"SYSTEM","800","7","805","List",,"4",
"SYSTEM","800","8","0",,,"0",
"SYSTEM","800","9","807","Remove",,"8",
"SYSTEM","800","10","808","Restore",,"8",
"SYSTEM","800","11","0",,,"0",
"SYSTEM","800","12","840","Charts",,"0",
"SYSTEM","810","1","811","Create",,"4",
"SYSTEM","810","2","812","Modify",,"4",
"SYSTEM","810","3","813","Display",,"4",
"SYSTEM","810","4","0",,,"0",
"SYSTEM","810","5","821","Worksheet",,"4",
"SYSTEM","810","6","814","Result Entry",,"4",
"SYSTEM","810","7","826","Inspect",,"4",
"SYSTEM","810","8","815","Authorise",,"4",
"SYSTEM","810","9","0",,,"0",
"SYSTEM","810","10","822","Report",,"4",
"SYSTEM","810","11","823","Job Report",,"4",
"SYSTEM","810","12","825","SQC Chart",,"4",
"SYSTEM","810","13","0",,,"0",
"SYSTEM","810","14","816","Cancel",,"4",
"SYSTEM","810","15","817","Reactivate",,"4",
"SYSTEM","810","16","827","Commit",,"8",
"SYSTEM","810","17","0",,,"0",
"SYSTEM","810","18","820","Chromatography Link",,"0",
"SYSTEM","820","1","818","Download",,"4",
"SYSTEM","820","2","819","Upload",,"4",
"SYSTEM","820","3","824","Update Chrom Data",,"4",
"SYSTEM","830","1","831","Add",,"6",
"SYSTEM","830","2","832","Copy",,"6",
"SYSTEM","830","3","833","Modify",,"6",
"SYSTEM","830","4","834","Display",,"4",
"SYSTEM","830","5","0",,,"0",
"SYSTEM","830","6","836","Print",,"4",
"SYSTEM","830","7","835","List",,"4",
"SYSTEM","830","8","0",,,"0",
"SYSTEM","830","9","837","Remove",,"6",
"SYSTEM","830","10","838","Restore",,"6",
"SYSTEM","840","1","841","Add",,"6",
"SYSTEM","840","2","842","Copy",,"6",
"SYSTEM","840","3","843","Modify",,"6",
"SYSTEM","840","4","844","Display",,"4",
"SYSTEM","840","5","0",,,"0",
"SYSTEM","840","6","845","Print",,"4",
"SYSTEM","840","7","846","List",,"4",
"SYSTEM","840","8","0",,,"0",
"SYSTEM","840","9","847","Remove",,"6",
"SYSTEM","840","10","848","Restore",,"6",
"SYSTEM","850","1","851","Add",,"8",
"SYSTEM","850","2","852","Copy",,"8",
"SYSTEM","850","3","853","Modify",,"8",
"SYSTEM","850","4","854","Display",,"8",
"SYSTEM","850","5","0",,,"0",
"SYSTEM","850","6","855","Print",,"8",
"SYSTEM","850","7","856","List",,"8",
"SYSTEM","850","8","0",,,"0",
"SYSTEM","850","9","857","Remove",,"8",
"SYSTEM","850","10","858","Restore",,"8",
"SYSTEM","850","11","0",,,"0",
"SYSTEM","850","12","859","Test",,"8",
"SYSTEM","860","1","862","Add",,"4",
"SYSTEM","860","2","863","Copy",,"4",
"SYSTEM","860","3","864","Modify",,"6",
"SYSTEM","860","4","865","Display",,"4",
"SYSTEM","860","5","0",,,"0",
"SYSTEM","860","6","866","Print",,"4",
"SYSTEM","860","7","867","List",,"4",
"SYSTEM","860","8","0",,,"0",
"SYSTEM","860","9","868","Remove",,"8",
"SYSTEM","860","10","869","Restore",,"8",
"SYSTEM","890","1","15047","Configure",,"10",
"SYSTEM","890","2","15048","Explore",,"6",
"SYSTEM","890","3","0",,,"0",
"SYSTEM","890","4","15017","Report",,"8",
"SYSTEM","890","5","0",,,"0",
"SYSTEM","890","6","15044","Viewer",,"8",
"SYSTEM","890","7","15045","Sample Viewer",,"8",
"SYSTEM","900","1","15049","Table Loader",,"8",
"SYSTEM","900","2","15051","Table Saver",,"8",
"SYSTEM","900","3","0",,,"0",
"SYSTEM","910","1","123","Toggle Mode",,"4",
"SYSTEM","910","2","124","Change Table Set",,"4",
