﻿BATCH_TMPL_HEADER
IDENTITY,GROUP_ID,DESCRIPTION,ANALYSIS,LIMITS,BATCH_CLASS,MODIFIABLE,REMOVEFLAG,SYNTAX,EDIT_CRITERIA,MINIMUM_SAMPLES,MAXIMUM_SAMPLES,AUTOMATIC_SELECT,EDIT_LIST,RANDOM_CONTROL,RANDOM_NUMBER,PRINT_ON_CREATION,PRINTER,COMPRESSION,NAME,RACK_TEMPLATE_ID,RACK_TEMPLATE_VERSION,AUTOMATIC_SELECT_STANDARDS,ENTITY_TEMPLATE_ID,ENTITY_TEMPLATE_VERSION
10,10,234,10,10,10,1,1,10,1,10,10,1,1,10,10,1,10,1,100,36,10,1,30,10
                     101
"456456",,,"TC_CONFIRM","456456","BASE","TRUE","TRUE",,"FALSE","1","0","FALSE","TRUE",,"0","FALSE",,"L","456456",,"0","FALSE",,"0"
"56654",,,"DOXAPRAM_U","56654","BASE","TRUE","FALSE",,"FALSE","1","0","FALSE","TRUE",,"0","FALSE",,"L","56654",,"0","FALSE",,"0"
"5698",,,"ELISA_ALL","5698","BASE","TRUE","FALSE",,"FALSE","1","0","FALSE","TRUE",,"0","FALSE",,"L","5698",,"0","FALSE",,"0"
"8AAS_LC_SC",,"LCMS 8AAS Daily Screen Batch Template","8AAS_LC_SC","8AAS_LC_SC","INSTRUMENT","TRUE","FALSE","BATCH_SYN","FALSE","1","0","FALSE","TRUE",,"0","FALSE",,"T","LCMS 8AAS Daily Screen",,"0","FALSE","PETRL_BATCH","1"
"ALTR_CONF",,"Altrenogest LCMS Confirmation Template","LC_CONFIRM",,"INSTRUMENT","TRUE","FALSE","BATCH_SYN","FALSE","1","0","FALSE","TRUE",,"0","FALSE",,"T","Altrenogest LCMS Confirmation Template",,"0","FALSE","PETRL_BATCH","1"
"BARBIT_RCK",,"ELISA Barbituates Recheck Test","BARBIT_RCK","BARBIT_RCK","INSTRUMENT","TRUE","FALSE","BATCH_SYN","FALSE","1","0","FALSE","TRUE",,"0","FALSE",,"T","ELISA Barbituates Recheck Test",,"0","FALSE","PETRL_BATCH","1"
"BARBITUR_U",,"ELISA Barbiturates Urine Test","BARBITUR_U",,"INSTRUMENT","TRUE","FALSE","BATCH_SYN","FALSE","1","0","FALSE","TRUE",,"0","FALSE",,"L","ELISA Barbiturates Urine Test",,"0","FALSE","PETRL_BATCH","1"
"BETA_CONF",,"Betamethasone LCMS Confirmation Template","LC_CONFIRM","NAN_CONF","INSTRUMENT","TRUE","FALSE","BATCH_SYN","FALSE","1","0","FALSE","TRUE",,"0","FALSE",,"T","Betamethasone LC Confirmation Template",,"0","FALSE","PETRL_BATCH","1"
"BG_TCO2_SC",,"Blood Gas TCO2 Screen","BG_TCO2_SC","BG_TCO2_SC","INSTRUMENT","TRUE","FALSE","BATCH_SYN","FALSE","1","0","FALSE","TRUE",,"0","FALSE",,"T","Blood Gas TCO2 Screen",,"0","FALSE","PETRL_BATCH","1"
"BUPR_CONF",,"Buprenorphine LCMS Confirmation Template","LC_CONFIRM","BUPR_CONF","INSTRUMENT","TRUE","FALSE","BATCH_SYN","FALSE","1","0","FALSE","TRUE",,"0","FALSE",,"T","Buprenorphine LCMS Confirmation Template",,"0","FALSE","PETRL_BATCH","1"
"BUPREN_RCK",,"ELISA Buprenorphine Recheck Test","BUPREN_RCK","BUPREN_RCK","INSTRUMENT","TRUE","FALSE","BATCH_SYN","FALSE","1","0","FALSE","TRUE",,"0","FALSE",,"T","ELISA Buprenorphine Recheck Test",,"0","FALSE","PETRL_BATCH","1"
"CAFF_CONF",,"Caffiene Confirmation Template","LC_CONFIRM","CAFF_CONF","INSTRUMENT","TRUE","FALSE","BATCH_SYN","FALSE","1","0","FALSE","TRUE",,"0","FALSE",,"T","Caffiene Confirmation",,"0","FALSE","PETRL_BATCH","1"
"CAP_CONFIR",,"Capsaicin LCMS Confirmation Template","LC_CONFIRM","CAP_CONFIR","INSTRUMENT","TRUE","TRUE","BATCH_SYN","FALSE","1","0","FALSE","TRUE",,"0","FALSE",,"L","Capsaicin LC Confirmation Template",,"0","FALSE","PETRL_BATCH","1"
"CAPS_CONF",,"Capsaicin LCMS Confirmation Template","LC_CONFIRM","CAPS_CONF","INSTRUMENT","TRUE","FALSE","BATCH_SYN","FALSE","1","0","FALSE","TRUE",,"0","FALSE",,"T","Capsaicin LCMS Confirmation Template",,"0","FALSE","PETRL_BATCH","1"
"CARB_CONF",,"Carbamazepine LCMS Confirmation Template","LC_CONFIRM",,"INSTRUMENT","TRUE","FALSE","BATCH_SYN","FALSE","1","0","FALSE","TRUE",,"0","FALSE",,"T","Carbamazepine LCMS Confirmation Template",,"0","FALSE","PETRL_BATCH","1"
"CLEN_CONF",,"Clenbuterol Thoroughbred Urine LCMS batch sequence template used for Confirmations","LC_CONFIRM",,"INSTRUMENT","TRUE","TRUE","BATCH_SYN","FALSE","1","0","FALSE","TRUE",,"0","FALSE",,"L","Clenbuterol Thoroughbred Urine LCMS Confirmation Template",,"0","FALSE","PETRL_BATCH","1"
"CLEN_H_CON",,"Clenbuterol Harness Urine LCMS batch sequence template used for Confirmations","LC_CONFIRM",,"INSTRUMENT","TRUE","FALSE","BATCH_SYN","FALSE","1","0","FALSE","TRUE",,"0","FALSE",,"T","Clenbuterol Harness Urine LCMS Confirm Template",,"0","FALSE","PETRL_BATCH","1"
"CLEN_P_CON",,"Clenbuterol Plasma LCMS batch sequence template used for Confirmations","LC_CONFIRM",,"INSTRUMENT","TRUE","FALSE","BATCH_SYN","FALSE","1","0","FALSE","TRUE",,"0","FALSE",,"T","Clenbuterol Plasma LCMS Confirm Template",,"0","FALSE","PETRL_BATCH","1"
"CLEN_T_CON",,"Clenbuterol Thoroughbred Urine LCMS batch sequence template used for Confirmations","LC_CONFIRM",,"INSTRUMENT","TRUE","FALSE","BATCH_SYN","FALSE","1","0","FALSE","TRUE",,"0","FALSE",,"T","Clenbuterol Thoroughbred Urine LCMS Confirm Template",,"0","FALSE","PETRL_BATCH","1"
"CLEN_UTCON",,"Clenbuterol Plasma LCMS batch sequence template used for Confirmations","LC_CONFIRM",,"INSTRUMENT","TRUE","TRUE","BATCH_SYN","FALSE","1","0","FALSE","TRUE",,"0","FALSE",,"L","Clenbuterol Plasma LCMS Confirmation Template",,"0","FALSE","PETRL_BATCH","1"
"CM_LC_TEST",,"Bases LCMS Confirmation to build on","LC_CONFIRM",,"INSTRUMENT","TRUE","FALSE","BATCH_SYN","FALSE","1","0","FALSE","TRUE",,"0","FALSE",,"L","CM Base LCMS Confirmation Template",,"0","FALSE","PETRL_BATCH","1"
"COC_CONF",,"Cocaine confirmation Template","LC_CONFIRM","COC_CONF","INSTRUMENT","TRUE","TRUE","BATCH_SYN","FALSE","1","0","FALSE","TRUE",,"0","FALSE",,"L","Cocaine confirmation Template",,"0","FALSE","PETRL_BATCH","1"
"COCA_CONF",,"Cocaine Confirmation template","LC_CONFIRM","COCA_CONF","INSTRUMENT","TRUE","FALSE","BATCH_SYN","FALSE","1","0","FALSE","TRUE",,"0","FALSE",,"L","Cocaine Confirmation Template CM",,"0","FALSE","PETRL_BATCH","1"
"COCAIN_RCK",,"ELISA Cocaine Recheck Test","COCAIN_RCK","COCAIN_RCK","INSTRUMENT","TRUE","FALSE","BATCH_SYN","FALSE","1","0","FALSE","TRUE",,"0","FALSE",,"T","ELISA Cocaine Recheck Test",,"0","FALSE","PETRL_BATCH","1"
"CONFIRM_2",,"Batch Template example","LC_CONFIRM",,"INSTRUMENT","TRUE","FALSE","BATCH_SYN","FALSE","1","0","FALSE","TRUE",,"0","FALSE",,"L","Confirm 2",,"0","FALSE","PETRL_BATCH","1"
"CONFIRM_EX",,"HEPS Batch Template example","LC_CONFIRM",,"INSTRUMENT","TRUE","FALSE","BATCH_SYN","FALSE","1","0","FALSE","TRUE",,"0","FALSE",,"L","LCMS Confirmation EX Demo Batch",,"0","FALSE","PETRL_BATCH","1"
"DEX_CONF",,"Dexamethasone LCMS Confirmation Template","LC_CONFIRM","NAN_CONF","INSTRUMENT","TRUE","FALSE","BATCH_SYN","FALSE","1","0","FALSE","TRUE",,"0","FALSE",,"T","Dexamethasone LCMS Confirmation Template",,"0","FALSE","PETRL_BATCH","1"
"DG_LC_TEST",,"DG sequence base test sample template","LC_CONFIRM",,"INSTRUMENT","TRUE","FALSE","BATCH_SYN","FALSE","1","0","FALSE","TRUE",,"0","FALSE",,"L","DG Base TEST sequence template",,"0","FALSE","PETRL_BATCH","1"
"DMSOMANUAL",,"DMSO PBUTE Manual Batch Template","DMSOMANUAL","DMSOMANUAL","BASE","TRUE","FALSE",,"FALSE","1","0","FALSE","TRUE",,"0","FALSE",,"T","DMSO PBUTE Manual Batch Template",,"0","FALSE","PETRL_BATCH","1"
"DMSOPBUTE",,"DMSO PBUTE Version 2","LC_DMSOPBT","DMSOPBUTE","INSTRUMENT","TRUE","FALSE","BATCH_SYN","FALSE","1","0","FALSE","TRUE",,"0","FALSE",,"T","DMSO PBUTE Version 2",,"0","FALSE","PETRL_BATCH","1"
"DOXPRM_RCK",,"ELISA Doxapram Recheck Test","DOXPRM_RCK","DOXPRM_RCK","INSTRUMENT","TRUE","FALSE","BATCH_SYN","FALSE","1","0","FALSE","TRUE",,"0","FALSE",,"T","ELISA Doxapram Recheck Test",,"0","FALSE","PETRL_BATCH","1"
"DT_CONF",,"HEPS Batch Template example","LC_CONFIRM",,"INSTRUMENT","TRUE","FALSE","BATCH_SYN","FALSE","1","0","FALSE","TRUE",,"0","FALSE",,"L","LCMS Confirmation Demo",,"0","FALSE","PETRL_BATCH","1"
"DT_LC_TES",,"Base LCMS Confirmation Template to work off","LC_CONFIRM",,"INSTRUMENT","TRUE","FALSE","BATCH_SYN","FALSE","1","0","FALSE","TRUE",,"0","FALSE",,"L","DT Base LCMS Confirmation Template",,"0","FALSE","PETRL_BATCH","1"
"ELISA_ALL",,"ELISA Screen Test for All Drugs","ELISA_ALL","ELISA_ALL","INSTRUMENT","TRUE","FALSE","BATCH_SYN","FALSE","1","0","FALSE","TRUE",,"0","FALSE",,"T","ELISA Screen Test for All Drugs",,"0","FALSE","PETRL_BATCH","1"
"ELISAU_ALL",,"ELISA Urine Batch for All Drugs","ELISAU_ALL","ELISAU_ALL","INSTRUMENT","TRUE","FALSE","BATCH_SYN","FALSE","1","0","FALSE","TRUE",,"0","FALSE",,"T","ELISA Urine Batch for All Drugs",,"0","FALSE","PETRL_BATCH","1"
"EX_LC_TEST",,"Base LCMS Confirmation Template to work off of","LC_CONFIRM",,"INSTRUMENT","TRUE","FALSE","BATCH_SYN","FALSE","1","0","FALSE","TRUE",,"0","FALSE",,"L","EX Base LCMS Confirmation Template",,"0","FALSE","PETRL_BATCH","1"
"EXACTIV_EX",,"Exactive Example Test","EXACTIV_EX","EXACTIV_EX","INSTRUMENT","TRUE","FALSE","BATCH_SYN","FALSE","1","0","FALSE","TRUE",,"0","FALSE",,"T","Exactive Example Test",,"0","FALSE","PETRL_BATCH","1"
"FENGRP_RCK",,"ELISA Fentanil Group Recheck Test","FENGRP_RCK","FENGRP_RCK","INSTRUMENT","TRUE","FALSE","BATCH_SYN","FALSE","1","0","FALSE","TRUE",,"0","FALSE",,"T","ELISA Fentanil Group Recheck Test",,"0","FALSE","PETRL_BATCH","1"
"FENTYL_RCK",,"ELISA Fentanyl Recheck Test","FENTYL_RCK","FENTYL_RCK","INSTRUMENT","TRUE","FALSE","BATCH_SYN","FALSE","1","0","FALSE","TRUE",,"0","FALSE",,"T","ELISA Fentanyl Recheck Test",,"0","FALSE","PETRL_BATCH","1"
"FICOX_CONF",,"Firocoxib Confirmation Template","LC_CONFIRM","FICOX_CONF","INSTRUMENT","TRUE","FALSE","BATCH_SYN","FALSE","1","0","FALSE","TRUE",,"0","FALSE",,"T","Firocoxib Confirmation Template",,"0","FALSE","PETRL_BATCH","1"
"FLU_CONF",,"Flunixin LCMS batch sequence template used for Confirmations","LC_CONFIRM",,"INSTRUMENT","TRUE","FALSE","BATCH_SYN","FALSE","1","0","FALSE","TRUE",,"0","FALSE",,"T","Flunixin LCMS Confirmation Template",,"0","FALSE","PETRL_BATCH","1"
"FUR_CONF",,"Furosemide LCMS batch sequence template used for confirmations","LC_CONFIRM",,"INSTRUMENT","TRUE","FALSE","BATCH_SYN","FALSE","1","0","FALSE","TRUE",,"0","FALSE",,"T","Furosemide LCMS Confirmation Template",,"0","FALSE","PETRL_BATCH","1"
"GLAUALK_CO",,"Glaucine And Alkaloids Confirmation template","LC_CONFIRM","GLAUALK_CO","INSTRUMENT","TRUE","FALSE","BATCH_SYN","FALSE","1","0","FALSE","TRUE",,"0","FALSE",,"T","Glaucine And Alkaloids Confirmation template",,"0","FALSE","PETRL_BATCH","1"
"GLYCOP_RCK",,"ELISA Glycopyrrolate Recheck Test","GLYCOP_RCK","GLYCOP_RCK","INSTRUMENT","TRUE","FALSE","BATCH_SYN","FALSE","1","0","FALSE","TRUE",,"0","FALSE",,"T","ELISA Glycopyrrolate Recheck Test",,"0","FALSE","PETRL_BATCH","1"
"GUAIF_CONF",,"Guaifenesin LCMS Confirmation Template","LC_CONFIRM",,"INSTRUMENT","TRUE","FALSE","BATCH_SYN","FALSE","1","0","FALSE","TRUE",,"0","FALSE",,"T","Guaifenesin LCMS Confirmation Template",,"0","FALSE","PETRL_BATCH","1"
"HYDROM_RCK",,"ELISA Hydromorphone Recheck Test","HYDROM_RCK","HYDROM_RCK","INSTRUMENT","TRUE","FALSE","BATCH_SYN","FALSE","1","0","FALSE","TRUE",,"0","FALSE",,"T","ELISA Hydromorphone Recheck Test",,"0","FALSE","PETRL_BATCH","1"
"IA_EPO_RCK",,"ELISA EPO Recheck for Blood","IA_EPO_RCK","IA_EPO_RCK","INSTRUMENT","TRUE","FALSE","BATCH_SYN","FALSE","1","0","FALSE","TRUE",,"0","FALSE",,"T","ELISA EPO Recheck for Blood",,"0","FALSE","PETRL_BATCH","1"
"IA_EPO_SCR",,"ELISA EPO Screen for Blood","IA_EPO_SCR","IA_EPO_SCR","INSTRUMENT","TRUE","FALSE","BATCH_SYN","FALSE","1","0","FALSE","TRUE",,"0","FALSE",,"T","ELISA EPO Screen for Blood",,"0","FALSE","PETRL_BATCH","1"
"IA_FUR_RCK",,"ELISA Furosumide Recheck","IA_FUR_RCK","IA_FUR_RCK","INSTRUMENT","TRUE","FALSE","BATCH_SYN","FALSE","1","0","FALSE","TRUE",,"0","FALSE",,"T","ELISA Furosumide Recheck",,"0","FALSE","PETRL_BATCH","1"
"IA_FUR_SCN",,"ELISA Furosumide Screen","IA_FUR_SCN","IA_FUR_SCN","INSTRUMENT","TRUE","FALSE","BATCH_SYN","FALSE","1","0","FALSE","TRUE",,"0","FALSE",,"T","ELISA Furosemide Screen",,"0","FALSE","PETRL_BATCH","1"
"IPATRO_RCK",,"ELISA Ipatropium Recheck Test","IPATRO_RCK","IPATRO_RCK","INSTRUMENT","TRUE","FALSE","BATCH_SYN","FALSE","1","0","FALSE","TRUE",,"0","FALSE",,"T","ELISA Ipatropium Recheck Test",,"0","FALSE","PETRL_BATCH","1"
"JA_TC54",,"This is a description.","TC_SCREEN","JA_TC54","BASE","TRUE","TRUE",,"FALSE","1","0","FALSE","TRUE",,"0","FALSE",,"L","Ja Tc54",,"0","FALSE",,"0"
"JM_LC_TEST",,"Base LCMS confirmation","LC_CONFIRM",,"INSTRUMENT","TRUE","FALSE","BATCH_SYN","FALSE","1","0","FALSE","TRUE",,"0","FALSE",,"L","JM Base LCMS Confirmation Template",,"0","FALSE","PETRL_BATCH","1"
"JUSTINE",,"A batch","TC_SCREEN","JUSTINE","BASE","TRUE","TRUE",,"FALSE","1","0","FALSE","TRUE",,"0","FALSE",,"L","Justine",,"0","FALSE",,"0"
"JUSTINES70",,"JUSTINES BATCH TEST","LC_CONFIRM",,"INSTRUMENT","TRUE","TRUE","BATCH_SYN","FALSE","1","0","FALSE","TRUE",,"0","FALSE",,"L","Justines70",,"0","FALSE","PETRL_BATCH","1"
"KR_LC_TEST",,"Base LCMS Confirmation Template to work off of","LC_CONFIRM",,"INSTRUMENT","TRUE","FALSE","BATCH_SYN","FALSE","1","0","FALSE","TRUE",,"0","FALSE",,"T","KR Base LCMS Confirmation Template",,"0","FALSE","PETRL_BATCH","1"
"LC_1DRUG",,"LC Confirmation for 1 Drug","LC_CONFIRM","LC_1DRUG","INSTRUMENT","TRUE","FALSE","BATCH_SYN","FALSE","1","0","FALSE","TRUE",,"0","FALSE",,"T","LC Confirmation for 1 Drug",,"0","FALSE","PETRL_BATCH","1"
"LC_8AAS_2",,"8AAS Anabolic Steroid Screen","LC_8AAS_SC","LC_8AAS_2","INSTRUMENT","TRUE","FALSE","BATCH_SYN","FALSE","1","0","FALSE","TRUE",,"0","FALSE",,"T","Lc 8Aas 2",,"0","FALSE","PETRL_BATCH","1"
"LC_8AAS_SC",,"8AAS Anabolic Steroid Screen","LC_8AAS_SC","LC_8AAS_SC","INSTRUMENT","TRUE","FALSE","BATCH_SYN","FALSE","1","0","FALSE","TRUE",,"0","FALSE",,"T","8 AAS Anabolic Steroid Screen",,"0","FALSE","PETRL_BATCH","1"
"LC_CON_2",,"LC Confirmation for 2 Drug","LC_CONFIRM","LC_1DRUG","INSTRUMENT","TRUE","FALSE","BATCH_SYN","FALSE","1","0","FALSE","TRUE",,"0","FALSE",,"T","LC Confirmation for 2 Drug",,"0","FALSE","PETRL_BATCH","1"
"LC_CONFIRM",,"HEPS Batch Template example","LC_CONFIRM",,"INSTRUMENT","TRUE","FALSE","BATCH_SYN","FALSE","1","0","FALSE","TRUE",,"0","FALSE",,"L","LCMS Confirmation Test  - Test",,"0","FALSE","PETRL_BATCH","1"
"LC_DMSOPBT",,"LCMS DMSO Phenylbutazone Screen for Blood","LC_DMSOPBT","LC_DMSOPBT","INSTRUMENT","TRUE","FALSE","BATCH_SYN","FALSE","1","0","FALSE","TRUE",,"0","FALSE",,"T","LCMS DMSO Phenylbutazone Screen for Blood",,"0","FALSE","PETRL_BATCH","1"
"LCMS_CHECK",,"LCMS Recheck Batch","LCMS_CHECK","LCMS_CHECK","INSTRUMENT","TRUE","FALSE","BATCH_SYN","FALSE","1","0","FALSE","TRUE",,"0","FALSE",,"T","LCMS Check",,"0","FALSE","PETRL_BATCH","1"
"LCMS_TEMP",,"LCMS Template","LC_DMSOPBT",,"INSTRUMENT","TRUE","FALSE","BATCH_SYN","FALSE","1","0","FALSE","TRUE",,"0","FALSE",,"T","LCMS Template",,"0","FALSE","PETRL_BATCH","1"
"LCMSCONF",,"Procaine LCMS Confirmation Template","LC_CONFIRM","LCMSCONF","INSTRUMENT","TRUE","FALSE","BATCH_SYN","FALSE","1","0","FALSE","TRUE",,"0","FALSE",,"T","Procaine LCMS Confirmation Template",,"0","FALSE","PETRL_BATCH","1"
"LEVALL_RCK",,"ELISA Levallophan Recheck Test","LEVALL_RCK","LEVALL_RCK","INSTRUMENT","TRUE","FALSE","BATCH_SYN","FALSE","1","0","FALSE","TRUE",,"0","FALSE",,"T","ELISA Levallophan Recheck Test",,"0","FALSE","PETRL_BATCH","1"
"LEVP_CONF",,"Levamisole Plasma LCMS Confirmation Template","LC_CONFIRM","NAN_CONF","INSTRUMENT","TRUE","FALSE","BATCH_SYN","FALSE","1","0","FALSE","TRUE",,"0","FALSE",,"T","Levamisole Plasma LCMS Confirmation Template",,"0","FALSE","PETRL_BATCH","1"
"LEVU_CONF",,"Levamisole Urine LCMS Confirmation Template","LC_CONFIRM","NAN_CONF","INSTRUMENT","TRUE","FALSE","BATCH_SYN","FALSE","1","0","FALSE","TRUE",,"0","FALSE",,"T","Levamisole Urine LCMS Confirmation Template",,"0","FALSE","PETRL_BATCH","1"
"LIDO_CONF",,"3-OH Lidocaine LCMS Confirmation Template","LC_CONFIRM","LIDO_CONF","INSTRUMENT","TRUE","FALSE","BATCH_SYN","FALSE","1","0","FALSE","TRUE",,"0","FALSE",,"T","3-OH Lidocaine LCMS Confirmation Template",,"0","FALSE","PETRL_BATCH","1"
"LIDOCA_RCK",,"ELISA Lidocaine Recheck Test","LIDOCA_RCK","LIDOCA_RCK","INSTRUMENT","TRUE","FALSE","BATCH_SYN","FALSE","1","0","FALSE","TRUE",,"0","FALSE",,"T","ELISA Lidocaine Recheck Test",,"0","FALSE","PETRL_BATCH","1"
"MEPHEN_RCK",,"ELISA Methylphenidate Recheck Test","MEPHEN_RCK","MEPHEN_RCK","INSTRUMENT","TRUE","FALSE","BATCH_SYN","FALSE","1","0","FALSE","TRUE",,"0","FALSE",,"T","ELISA Methylphenidate Recheck Test",,"0","FALSE","PETRL_BATCH","1"
"MEPRED_RCK",,"ELISA Methylprednisolone Recheck Test","MEPRED_RCK","MEPRED_RCK","INSTRUMENT","TRUE","FALSE","BATCH_SYN","FALSE","1","0","FALSE","TRUE",,"0","FALSE",,"T","ELISA Methylprednisolone Recheck Test",,"0","FALSE","PETRL_BATCH","1"
"METH_CONF",,"Methamphetamine LCMS Confirmation Template","LC_CONFIRM","METH_CONF","INSTRUMENT","TRUE","FALSE","BATCH_SYN","FALSE","1","0","FALSE","TRUE",,"0","FALSE",,"T","Methamphetamine LCMS Confirmation Template",,"0","FALSE","PETRL_BATCH","1"
"METHCARB",,"Methocarbamol confirmation Template","LC_CONFIRM","METHCARB","INSTRUMENT","TRUE","FALSE","BATCH_SYN","FALSE","1","0","FALSE","TRUE",,"0","FALSE",,"T","Methocarbamol Confirmation Template",,"0","FALSE","PETRL_BATCH","1"
"MPRED_CONF",,"Methylprednisolone Confirmation Template","LC_CONFIRM","MPRED_CONF","INSTRUMENT","TRUE","FALSE","BATCH_SYN","FALSE","1","0","FALSE","TRUE",,"0","FALSE",,"T","Methylprednisolone Confirmation",,"0","FALSE","PETRL_BATCH","1"
"NAN_CONF",,"Nandrolone LCMS Confirmation Template","LC_CONFIRM","NAN_CONF","INSTRUMENT","TRUE","FALSE","BATCH_SYN","FALSE","1","0","FALSE","TRUE",,"0","FALSE",,"T","Nandrolone LCMS Confirmation Template",,"0","FALSE","PETRL_BATCH","1"
"NSAID_SCN",,"NSAID Screen Batch Template","NSAID","NSAID_SCN","BASE","TRUE","FALSE",,"FALSE","1","0","FALSE","TRUE",,"0","FALSE",,"T","NSAID Screen Batch Template",,"0","FALSE","PETRL_BATCH","1"
"OMEP_CONF",,"Omeprazole Sulfide Confirmation template","LC_CONFIRM","OMEP_CONF","INSTRUMENT","TRUE","FALSE","BATCH_SYN","FALSE","1","0","FALSE","TRUE",,"0","FALSE",,"T","Omeprazole Sulfide Confirmation",,"0","FALSE","PETRL_BATCH","1"
"OPIATE_RCK",,"ELISA Opiate Group Recheck Test","OPIATE_RCK","OPIATE_RCK","INSTRUMENT","TRUE","FALSE","BATCH_SYN","FALSE","1","0","FALSE","TRUE",,"0","FALSE",,"T","ELISA Opiate Group Recheck Test",,"0","FALSE","PETRL_BATCH","1"
"OXYCO_CONU",,"Oxycodone Urine Confirmation Template","LC_CONFIRM","OXYCOD_CON","INSTRUMENT","TRUE","FALSE","BATCH_SYN","FALSE","1","0","FALSE","TRUE",,"0","FALSE",,"T","Oxycodone Urine Confirmation Template",,"0","FALSE","PETRL_BATCH","1"
"OXYCOD_CON",,"Oxycodone Plasma Confirmation Template","LC_CONFIRM","OXYCOD_CON","INSTRUMENT","TRUE","FALSE","BATCH_SYN","FALSE","1","0","FALSE","TRUE",,"0","FALSE",,"T","Oxycodone Plasma Confirmation Template",,"0","FALSE","PETRL_BATCH","1"
"OXYMOR_RCK",,"ELISA Oxymorphone Recheck Test","OXYMOR_RCK","DOXPRM_RCK","INSTRUMENT","TRUE","FALSE","BATCH_SYN","FALSE","1","0","FALSE","TRUE",,"0","FALSE",,"T","ELISA Oxymorphone Recheck Test",,"0","FALSE","PETRL_BATCH","1"
"PBUTE_CONF",,"Phenylbutazone LCMS batch sequence template used for Confirmations","LC_CONFIRM",,"INSTRUMENT","TRUE","FALSE","BATCH_SYN","FALSE","1","0","FALSE","TRUE",,"0","FALSE",,"T","Phenylbutazone LCMS Confirmation Template",,"0","FALSE","PETRL_BATCH","1"
"PEMO_CONF",,"Pemoline Confirmation template","LC_CONFIRM","PEMO_CONF","INSTRUMENT","TRUE","FALSE","BATCH_SYN","FALSE","1","0","FALSE","TRUE",,"0","FALSE",,"T","Pemoline Confirmation",,"0","FALSE","PETRL_BATCH","1"
"PREDN_CONF",,"Prednisolone LCMS Confirmation Template","LC_CONFIRM","PREDN_CONF","INSTRUMENT","TRUE","FALSE","BATCH_SYN","FALSE","1","0","FALSE","TRUE",,"0","FALSE",,"T","Prednisolone LCMS Confirmation Template",,"0","FALSE","PETRL_BATCH","1"
"PROMAZNE_U",,"ELISA Promazine Urine Test","PROMAZNE_U","PROMAZNE_U","INSTRUMENT","TRUE","FALSE","BATCH_SYN","FALSE","1","0","FALSE","TRUE",,"0","FALSE",,"T","ELISA Promazine Urine Test",,"0","FALSE","PETRL_BATCH","1"
"PROMZ_RCK",,"ELISA Promazine Recheck Test","PROMZ_RCK","PROMZ_RCK","INSTRUMENT","TRUE","FALSE","BATCH_SYN","FALSE","1","0","FALSE","TRUE",,"0","FALSE",,"T","ELISA Promazine Recheck Test",,"0","FALSE","PETRL_BATCH","1"
"PROPRO_RCK",,"ELISA Propronolol Recheck Test","PROPRO_RCK","PROPRO_RCK","INSTRUMENT","TRUE","FALSE","BATCH_SYN","FALSE","1","0","FALSE","TRUE",,"0","FALSE",,"T","ELISA Propronolol Recheck Test",,"0","FALSE","PETRL_BATCH","1"
"QE_SCREEN",,"QE General Screen EX audit 7/8","QESCREEN","QE_SCREEN","INSTRUMENT","TRUE","FALSE","BATCH_SYN","FALSE","1","0","FALSE","TRUE",,"0","FALSE",,"T","QE General Screen",,"0","FALSE","PETRL_BATCH","1"
"RANIT_CONF",,"Ranitidine LCMS Confirmation Template","LC_CONFIRM",,"INSTRUMENT","TRUE","FALSE","BATCH_SYN","FALSE","1","0","FALSE","TRUE",,"0","FALSE",,"T","Ranitidine LCMS Confirmation Template",,"0","FALSE","PETRL_BATCH","1"
"SILDE_CONF",,"Sildenafil LCMS Confirmation Template","LC_CONFIRM","SILDE_CONF","INSTRUMENT","TRUE","FALSE","BATCH_SYN","FALSE","1","0","FALSE","TRUE",,"0","FALSE",,"T","Sildenafil LCMS Confirmation Template",,"0","FALSE","PETRL_BATCH","1"
"SPICEC_RCK",,"ELISA Spice Cannabinoids Recheck Test","SPICEC_RCK","SPICEC_RCK","INSTRUMENT","TRUE","FALSE","BATCH_SYN","FALSE","1","0","FALSE","TRUE",,"0","FALSE",,"T","ELISA Spice Cannabinoids Recheck Test",,"0","FALSE","PETRL_BATCH","1"
"STAN_CONF",,"Stanazolol Confirmation Template","LC_CONFIRM","STAN_CONF","INSTRUMENT","TRUE","FALSE","BATCH_SYN","FALSE","1","0","FALSE","TRUE",,"0","FALSE",,"T","Stanazolol Confirmation",,"0","FALSE","PETRL_BATCH","1"
"TC_CONFIRM",,"blood screen. Note to handle MS recovery on QC sample, the Start sequence has a Sample which must be a special login QC sample from the job, assigned in slot 7, and the MS in slot 8 uses 10 as parent. the login QC samp = TC_QC0 res.","TC_CONFIRM","TC_CONFIRM","INSTRUMENT","TRUE","FALSE","BATCH_SYN","FALSE","1","0","FALSE","TRUE",,"0","FALSE",,"T","Total Cobalt Confirmation",,"0","FALSE","PETRL_BATCH","1"
"TC_SCREEN",,"blood screen. Note to handle MS recovery on QC sample, the Start sequence has a Sample which must be a special login QC sample from the job, assigned in slot 7, and the MS in slot 8 uses 10 as parent. the login QC samp = TC_QC0 res.","TC_SCREEN","TC_SCREEN","INSTRUMENT","TRUE","FALSE","BATCH_SYN","FALSE","1","0","FALSE","TRUE",,"0","FALSE",,"T","Total Cobalt Screen",,"0","FALSE","PETRL_BATCH","1"
"TC_SCREENB",,,"TC_SCREEN",,"INSTRUMENT","TRUE","TRUE","BATCH_SYN","FALSE","1","0","FALSE","TRUE",,"0","FALSE",,"L","Totsl Cobalt Screen B",,"0","FALSE",,"0"
"TEST_CONF",,"Testosterone LCMS batch sequence template used for confirmations","LC_CONFIRM",,"INSTRUMENT","TRUE","FALSE","BATCH_SYN","FALSE","1","0","FALSE","TRUE",,"0","FALSE",,"T","Testosterone LCMS Confirmation",,"0","FALSE","PETRL_BATCH","1"
"THEOP_CONF",,"Theobromine Plasma LCMS Confirmation Template","LC_CONFIRM","NAN_CONF","INSTRUMENT","TRUE","FALSE","BATCH_SYN","FALSE","1","0","FALSE","TRUE",,"0","FALSE",,"T","Theobromine Plasma LCMS Confirmation Template",,"0","FALSE","PETRL_BATCH","1"
"THEOU_CONF",,"Theobromine Urine LCMS Confirmation Template","LC_CONFIRM","NAN_CONF","INSTRUMENT","TRUE","FALSE","BATCH_SYN","FALSE","1","0","FALSE","TRUE",,"0","FALSE",,"T","Theobromine Urine LCMS Confirmation Template",,"0","FALSE","PETRL_BATCH","1"
"TJH_MY_BAT",,"My Batch","HPLC",,"BASE","TRUE","TRUE",,"FALSE","3","9","TRUE","FALSE",,"0","FALSE",,"L","TJH My Batch",,"0","FALSE",,"0"
"TRIAC_CONF",,"Triamcinolone Acetonide LCMS Confirmation Template","LC_CONFIRM","NAN_CONF","INSTRUMENT","TRUE","FALSE","BATCH_SYN","FALSE","1","0","FALSE","TRUE",,"0","FALSE",,"T","Triamcinolone Acetonide LCMS Confirmation Template",,"0","FALSE","PETRL_BATCH","1"
