﻿BL_RELATIONSHIP_CLAUSE
RELATIONSHIP_ID,SOURCE_PROPERTY_ID,DESTINATION_PROPERTY_ID
40,40,40
                      36
"ANALYSIS_COMPONENT","ANALYSIS_VERSION","ANALYSIS_VERSION"
"ANALYSIS_COMPONENT","IDENTITY","ANALYSIS"
"ANALYSIS_COMPONENT_LIST","ANALYSIS_VERSION","ANALYSIS_VERSION"
"ANALYSIS_COMPONENT_LIST","IDENTITY","ANALYSIS"
"CHARGE_ENTRY","CHARGE_TYPE","ENTRY_TYPE"
"CHROMELEON_MAPPING","IDENTITY","CHROMELEON_MAPPING_ID"
"EXPLORER_AUX_FIELD","IDENTITY","IDENTITY"
"EXPLORER_AUX_FIELD","TABLE_NAME","TABLE_NAME"
"EXPLORER_CABINET_FOLDER","IDENTITY","CABINET"
"INFOMAKER_TEMPLATE_PARAMETER","IDENTITY","INFOMAKER_LINK"
"JOB_SAMPLE","JOB_NAME","JOB_NAME"
"JOB_TEMPLATE_FIELD","IDENTITY","TEMPLATE_ID"
"LIMSML_ENTITY_ACTION_PARAMETER","ACTION","ACTION"
"LIMSML_ENTITY_ACTION_PARAMETER","ENTITY","ENTITY"
"PHRASE_ENTRY","IDENTITY","PHRASE_TYPE"
"RELATIONSHIP_CLAUSE","IDENTITY","RELATIONSHIP_ID"
"SAMPLE_MLP_SPECIFICATION","PRODUCT","IDENTITY"
"SAMPLE_MLP_SPECIFICATION","PRODUCT_VERSION","PRODUCT_VERSION"
"SAMPLE_TEMPLATE_FIELD","IDENTITY","TEMPLATE_ID"
"SAMPLE_TEMPLATE_FIELD_LIBRARY_NAME","LIBRARY_NAME","IDENTITY"
"SAMPLE_TEMPLATE_SUB_TEMPLATE","IDENTITY","SUPERTEMPLATE"
"SAMPLE_TEST","ID_NUMERIC","SAMPLE"
"SUB_TEMPLATE_SAMPLE_TEMPLATE","LISTID","IDENTITY"
"TEST_ANALYSIS","ANALYSIS","IDENTITY"
"TEST_ANALYSIS","ANALYSIS_VERSION","ANALYSIS_VERSION"
"TEST_RESULT","TEST_NUMBER","TEST_NUMBER"
"TEST_SCHEDULE_ENTRY","IDENTITY","IDENTITY"
"TEST_SCHEDULE_ENTRY_ANALYSIS","ANALYSIS_ID","IDENTITY"
"TEST_SCHEDULE_ENTRY_SCHEDULE","ANALYSIS_ID","IDENTITY"
"USER_INTERFACE_ACTION","INTERFACE","INTERFACE"
"USER_INTERFACE_ACTION","TABLE_NAME","TABLE_NAME"
"USER_INTERFACE_FIELD","INTERFACE","INTERFACE"
"USER_INTERFACE_FIELD","TABLE_NAME","TABLE_NAME"
"WEB_MENU_SECTION","IDENTITY","IDENTITY"
"WEB_MENU_SECTION_ITEM","IDENTITY","IDENTITY"
"WEB_MENU_SECTION_ITEM","SECTION","SECTION"
