﻿BL_RELATIONSHIP
IDENTITY,RELATIONSHIP_TYPE,SOURCE_TYPE_ID,DESTINATION_TYPE_ID
40,20,40,40
                      26
"ANALYSIS_COMPONENT","PARENT_OF","ANALYSIS","ANALYSIS_COMPONENT"
"ANALYSIS_COMPONENT_LIST","PARENT_OF","ANALYSIS","ANALYSIS_COMPONENT_LIST"
"CHARGE_ENTRY","PARENT_OF","CHARGE","CHARGE_ENTRY"
"CHROMELEON_MAPPING","PARENT_OF","CHROMELEON_MAPPING","CHROMELEON_MAPPING_RESULT"
"EXPLORER_AUX_FIELD","PARENT_OF","EXPLORER_AUX","EXPLORER_AUX_FIELDS"
"EXPLORER_CABINET_FOLDER","PARENT_OF","EXPLORER_CABINET","EXPLORER_FOLDER"
"INFOMAKER_TEMPLATE_PARAMETER","PARENT_OF","INFOMAKER_TEMPLATE","INFOMAKER_TEMPLATE_PARAMETER"
"JOB_SAMPLE","PARENT_OF","JOB","SAMPLE"
"JOB_TEMPLATE_FIELD","PARENT_OF","JOB_TEMPLATE","JOB_TEMPLATE_FIELD"
"LIMSML_ENTITY_ACTION_PARAMETER","PARENT_OF","LIMSML_ENTITY_ACTION","LIMSML_ENTITY_PARAM"
"PHRASE_ENTRY","PARENT_OF","PHRASE","PHRASE_ENTRY"
"RELATIONSHIP_CLAUSE","PARENT_OF","RELATIONSHIP","RELATIONSHIP_CLAUSE"
"SAMPLE_MLP_SPECIFICATION","USES","SAMPLE","MLP_SPECIFICATION"
"SAMPLE_TEMPLATE_FIELD","PARENT_OF","SAMPLE_TEMPLATE","SAMPLE_TEMPLATE_FIELD"
"SAMPLE_TEMPLATE_SUB_TEMPLATE","PARENT_OF","SAMPLE_TEMPLATE","SUB_SAMPLE_TEMPLATE"
"SAMPLE_TEST","PARENT_OF","SAMPLE","TEST"
"SUB_TEMPLATE_SAMPLE_TEMPLATE","PARENT_OF","SUB_SAMPLE_TEMPLATE","SAMPLE_TEMPLATE"
"TEST_ANALYSIS","USES","TEST","ANALYSIS"
"TEST_RESULT","PARENT_OF","TEST","RESULT"
"TEST_SCHEDULE_ENTRY","PARENT_OF","TEST_SCHEDULE","TEST_SCHEDULE_ENTRY"
"TEST_SCHEDULE_ENTRY_ANALYSIS","PARENT_OF","TEST_SCHEDULE_ENTRY","ANALYSIS"
"TEST_SCHEDULE_ENTRY_SCHEDULE","PARENT_OF","TEST_SCHEDULE_ENTRY","TEST_SCHEDULE"
"USER_INTERFACE_ACTION","PARENT_OF","USER_INTERFACE","USER_INTERFACE_ACTION"
"USER_INTERFACE_FIELD","PARENT_OF","USER_INTERFACE","USER_INTERFACE_FIELD"
"WEB_MENU_SECTION","PARENT_OF","WEB_MENU","WEB_MENU_SECTION"
"WEB_MENU_SECTION_ITEM","PARENT_OF","WEB_MENU_SECTION","WEB_MENU_ITEM"
