﻿BL_TYPE
IDENTITY,TYPE_VGL_LIBRARY,NEW_TYPE_ROUTINE,PRIMARY_TABLE,ITEM_VGL_LIBRARY,NEW_ITEM_ROUTINE
40,20,50,40,20,50
                      94
"ACCESS_LOG",,,"ACCESS_LOG",,
"ANALYSIS",,,"VERSIONED_ANALYSIS",,
"ANALYSIS_COMPONENT",,,"VERSIONED_COMPONENT",,
"ANALYSIS_COMPONENT_LIST",,,"VERSIONED_C_L_HEADER",,
"BATCH",,,"BATCH_HEADER",,
"BATCH_SQC_CHART",,,"BATCH_SQC_HEADER",,
"BATCH_TEMPLATE",,,"BATCH_TMPL_HEADER",,
"CALCULATION",,,"CALCULATION",,
"CALCULATION_FUNCTION",,,"CALC_FUNCTION",,
"CGI_SCRIPT",,,"CGI_SCRIPT",,
"CHARGE",,,"CHARGE_HEADER",,
"CHARGE_ENTRY",,,"CHARGE_ENTRY",,
"CHROMELEON_MAPPING",,,"CHROMELEON_MAPPING",,
"CHROMELEON_MAPPING_RESULT",,,"CHROMELEON_MAPPING_RESULT",,
"COLUMN_DEFINITION",,,"CRITERIA_HEADER",,
"COLUMN_SET",,,"COLUMN_SET_HEADER",,
"CONFIGURATION_ITEM",,,"CONFIG_HEADER",,
"CRITERIA",,,"CRITERIA_SAVED","$BL_ITEM_CRITERIA","NEW_BL_ITEM_CRITERIA"
"CUSTOMER",,,"CUSTOMER",,
"DATA_TRAIL",,,"DATA_TRAIL_ENTRY",,
"EXPLORER_AUX",,,"EXPLORER_AUX","$BL_ITEM_EXP_AUX","NEWBLITEMEXPLORERAUX"
"EXPLORER_AUX_FIELDS",,,"EXPLORER_AUX_FIELDS","$BL_ITEM_UI_FIELD","NEW_BL_ITEM_USER_INTERFACE_FIELD"
"EXPLORER_AUX_REPORT",,,"EXPLORER_AUX",,
"EXPLORER_CABINET",,,"EXPLORER_CABINET",,
"EXPLORER_FOLDER",,,"EXPLORER_FOLDER","$BL_ITEM_EXP_FOLDER","NEW_BL_ITEM_EXPLORER_FOLDER"
"EXPLORER_RMB",,,"EXPLORER_RMB","$BL_ITEM_EXP_RMB","NEWBLITEMEXPLORERRMB"
"FAVOURITE",,,"FAVOURITE",,
"GROUP",,,"GROUP_HEADER",,
"HAZARD",,,"HAZARD",,
"HELP_TOPIC",,,"HELP_CONTEXT",,
"ICON",,,"ICON","$BL_ITEM_ICON","NEW_BL_ITEM_ICON"
"INCIDENT",,,"INCIDENTS",,
"INCIDENT_CHECKLIST",,,"INCIDENT_CHECKLIST",,
"INCIDENT_TEMPLATE",,,"INCIDENT_TEMPLATE",,
"INFOMAKER_TEMPLATE",,,"INFOMAKER_LINK","$BL_ITEM_IM_TEMPLATE","NEW_BL_ITEM_INFOMAKER_TEMPLATE"
"INFOMAKER_TEMPLATE_PARAMETER",,,"INFOMAKER_PARAMETERS","$BL_ITEM_IM_T_PARAM","NEW_BL_ITEM_INFOMAKER_TEMPLATE_PARAMETER"
"INSPECTION_PLAN",,,"INSPECTION_HEADER",,
"INSTRUMENT",,,"INSTRUMENT",,
"JOB","$BL_TYPE_JOB","NEW_BL_TYPE_JOB","JOB_HEADER","$BL_ITEM_JOB","NEW_BL_ITEM_JOB"
"JOB_TEMPLATE",,,"JOB_TEMPLATE","$BL_ITEM_JOB_TMPL","NEW_BL_ITEM_JOB_TEMPLATE"
"JOB_TEMPLATE_FIELD","$BL_TYPE_J_TMP_FIELD","NEW_BL_TYPE_JOB_TEMPLATE_FIELD","TEMPLATE_FIELDS","$BL_ITEM_J_TMP_FIELD","NEW_BL_ITEM_JOB_TEMPLATE_FIELD"
"LICENSE",,,"LICENSE",,
"LIMSML_ENTITY_ACTION",,,"LIMSML_ENTITY_ACTION",,
"LIMSML_ENTITY_PARAM",,,"LIMSML_ENTITY_PARAM",,
"LIST_RESULT",,,"LIST_RESULT_FORMAT",,
"LOCATION",,,"LOCATION",,
"LOGIN_SCHEDULE",,,"LOG_SCHED_HEADER",,
"LOT",,,"LOT_DETAILS",,
"LOT_TEMPLATE",,,"LOT_TEMPLATE",,
"MASTER_MENU",,,"MASTER_MENU","$BL_ITEM_MASTER_MENU","NEW_BL_ITEM_MASTER_MENU"
"MESSAGING",,,"MESSAGING",,
"MLP_CALCULATION",,,"LIMIT_CALCULATION",,
"MLP_LEVEL",,,"MLP_LEVEL",,
"MLP_PHRASE",,,"LIMIT_PHRASE_HEADER",,
"MLP_SPECIFICATION",,,"MLP_HEADER",,
"OPERATOR",,,"PERSONNEL",,
"PHRASE",,,"PHRASE_HEADER","$BL_ITEM_PHRASE","NEW_BL_ITEM_PHRASE"
"PHRASE_ENTRY",,,"PHRASE","$BL_ITEM_PHRSE_ENTRY","NEW_BL_ITEM_PHRASE_ENTRY"
"PREPARATION",,,"PREPARATION",,
"PRINTER",,,"PRINTER",,
"PROJECT",,,"PROJECT_INFO",,
"RELATIONSHIP",,,"BL_RELATIONSHIP","$BL_ITEM_RELATIONSHP","NEW_BL_ITEM_RELATIONSHIP"
"RELATIONSHIP_CLAUSE",,,"BL_RELATIONSHIP_CLAUSE",,
"RESULT",,,"RESULT",,
"ROLE_ASSIGNMENT",,,"ROLE_ENTRY_DETAILS",,
"RULE",,,"RULE",,
"SAMPLE","$BL_TYPE_SAMPLE","NEW_BL_TYPE_SAMPLE","SAMPLE","$BL_ITEM_SAMPLE","NEW_BL_ITEM_SAMPLE"
"SAMPLE_POINT",,,"SAMPLE_POINT",,
"SAMPLE_TEMPLATE",,,"SAMP_TMPL_HEADER","$BL_ITEM_SAMPLE_TMPL","NEW_BL_ITEM_SAMPLE_TEMPLATE"
"SAMPLE_TEMPLATE_FIELD","$BL_TYPE_S_TMP_FIELD","NEW_BL_TYPE_SAMPLE_TEMPLATE_FIELD","TEMPLATE_FIELDS","$BL_ITEM_S_TMP_FIELD","NEW_BL_ITEM_SAMPLE_TEMPLATE_FIELD"
"SAMPLING_PROCEDURE",,,"SAMPLING_PROCEDURE","$BL_ITEM_SAMPLE_PROC","NEW_BL_ITEM_SAMPLING_PROCEDURE"
"SIG_FIG_ROUTINE",,,"SIG_FIGS",,
"SIGNATURE_LOG",,,"ESIG_EVENT",,
"STANDARD",,,"STANDARD",,
"SUB_SAMPLE_TEMPLATE",,,"SUPERTEMPLATELIST",,
"SYNTAX",,,"SYNTAX",,
"TABULAR_REPORT",,,"TAB_GUI",,
"TEST","$BL_TYPE_TEST","NEW_BL_TYPE_TEST","TEST","$BL_ITEM_TEST","NEW_BL_ITEM_TEST"
"TEST_SCHEDULE",,,"TEST_SCHED_HEADER","$BL_ITEM_TEST_SCHED","NEW_BL_ITEM_TEST_SCHEDULE"
"TEST_SCHEDULE_ENTRY",,,"TEST_SCHED_ENTRY","$BL_ITEM_TS_ENTRY","NEW_BL_ITEM_TEST_SCHEDULE_ENTRY"
"TIMER_SCHEDULE",,,"TIMER_SCHEDULE",,
"UNIT",,,"UNIT_HEADER",,
"USER",,,"USER_VIEW",,
"USER_INTERFACE",,,"INTERFACE","$BL_ITEM_UI","NEW_BL_ITEM_USER_INTERFACE"
"USER_INTERFACE_ACTION",,,"INTERFACE_ACTION","$BL_ITEM_UI_ACTION","NEW_BL_ITEM_USER_INTERFACE_ACTION"
"USER_INTERFACE_FIELD",,,"INTERFACE_FIELD","$BL_ITEM_UI_FIELD","NEW_BL_ITEM_USER_INTERFACE_FIELD"
"USER_SETTING",,,"USER_SETTING",,
"VGL_LIBRARY",,,"REPORT","$BL_ITEM_VGL_LIBRARY","NEW_BL_ITEM_VGL_LIBRARY"
"WEB_LINK",,,"WEB_LINK",,
"WEB_MENU",,,"WEB_MENU","$BL_ITEM_WEB_MENU","NEW_BL_ITEM_WEB_MENU"
"WEB_MENU_ITEM",,,"WEB_MENU_ITEM","$BL_ITEM_WEB_MU_ITEM","NEW_BL_ITEM_WEB_MENU_ITEM"
"WEB_MENU_SECTION",,,"WEB_MENU_SECTION",,
"WORK_PROFILE",,,"WORK_PROFILE",,
"WORKSHEET",,,"WORKSHEET",,
