﻿C_AUDIT_DATA
DATA,EVENT,DATA_REASON,FIELD,VALUE_BEFORE,VALUE_AFTER,DATE_BEFORE,DATE_AFTER,REAL_BEFORE,REAL_AFTER
10,10,234,20,255,255,32,32,10,10
                      10
"68352","12453",,"DATE_RECEIVED",,"25-JUN-2021 12:49:04.85", , ,<NULL>,<NULL>
"68353","12453",,"P_SEAL",," 1234", , ,<NULL>,<NULL>
"68354","12453",,"P_ACTUAL_SEAL",," 1234", , ,<NULL>,<NULL>
"68355","12453",,"P_SEAL_STATUS","T","T Intact", , ,<NULL>,<NULL>
"68356","12453",,"P_CONTAINER",," 62911", , ,<NULL>,<NULL>
"68357","12453",,"P_CONTAINER_STATUS",," G", , ,<NULL>,<NULL>
"68358","12453",,"P_ACTUAL_CONTAINER",," 62911", , ,<NULL>,<NULL>
"68359","12453",,"P_SCANNER",," AWDT", , ,<NULL>,<NULL>
"68360","12453",,"P_OPENER",," AM", , ,<NULL>,<NULL>
"68361","12453",,"P_VERIFIER",," KKS", , ,<NULL>,<NULL>
