﻿CALC_FUNCTION
IDENTITY,LIBRARY,ROUTINE,FUNCTION_TYPE,RETURN_DATA_TYPE,DESCRIPTION,GROUP_ID,MODIFIABLE,REMOVEFLAG,NAME
20,20,50,10,10,234,10,1,1,100
                      64
"$USE","$LIB_RE_FORMULA","lib_re_formula_use_function","MATH","NUMERIC","Existing formula $USE function",,"TRUE","FALSE","$use"
"ABS","$LIB_RE_FORMULA","lib_re_formula_abs_function","MATH","NUMERIC","Returns the absolute value of a number",,"TRUE","FALSE","Abs"
"ARCCOS","$LIB_RE_FORMULA","lib_re_formula_arccos_function","TRIG","NUMERIC","Returns the arccosine of a number",,"TRUE","FALSE","Arccos"
"ARCSIN","$LIB_RE_FORMULA","lib_re_formula_arcsin_function","TRIG","NUMERIC","Returns the arcsine of a number",,"TRUE","FALSE","Arcsin"
"ARCTAN","$LIB_RE_FORMULA","lib_re_formula_arctan_function","TRIG","NUMERIC","Returns the arctangent of a number",,"TRUE","FALSE","Arctan"
"AVG","$LIB_RE_FORMULA","LIBREFORMULAAVERAGEFUNCTION","MATH","NUMERIC","Return the arithmetic mean of the variable sized list of passed parameters",,"TRUE","FALSE","Avg"
"AVG_SET","$CALC_MATH","AVGSET","SET","NUMERIC","Return the arithmetic mean of a data set.",,"TRUE","FALSE","Avg Set"
"BATCH_STD_VALUE","LIT_CALC_FUNCTIONS","BATCHSTDVALUE","MATH","NUMERIC","pass in the standard ID and the component - find the QC sample in the batch  that used that standard ID and returns a value. QC sample must be in a batch",,"TRUE","FALSE","Batch Std Value"
"CATEGORY","$LIB_RE_FORMULA","lib_re_formula_category_function","SELECT","NUMERIC","Creates the name of the category result associated with the current calculation using the passed category number",,"TRUE","FALSE","Category"
"CEIL","$CALC_MATH","CALCCEIL","MATH","NUMERIC","Rounds a number up, away from zero.",,"TRUE","FALSE","Ceil"
"CORREL","$CALC_MATH","CALLCORREL","SET","NUMERIC","Correlation coefficient",,"TRUE","FALSE","Correl"
"COS","$LIB_RE_FORMULA","lib_re_formula_cos_function","TRIG","NUMERIC","Returns the cosine of a number",,"TRUE","FALSE","Cos"
"COVAR","$CALC_MATH","CALLCOVAR","SET","NUMERIC","Covariance of X and Y data sets.",,"TRUE","FALSE","Covar"
"DATE_END_DAY","$CALC_MATH","DATEENDDAY","DATE","DATE","Given a date return the end of the day",,"TRUE","FALSE","Date End Day"
"DATE_START_DAY","$CALC_MATH","DATESTARTDAY","DATE","DATE","Given a date return the start of the day",,"TRUE","FALSE","Date Start Day"
"EXP","$LIB_RE_FORMULA","lib_re_formula_exp_function","MATH","NUMERIC","Returns e raised to the power of a given number",,"TRUE","FALSE","Exp"
"FLOOR","$CALC_MATH","CALCFLOOR","MATH","NUMERIC","Rounds a number down, toward zero.",,"TRUE","FALSE","Floor"
"GET_RESULT_SET","$CALC_MATH","GETRESULTSET","SET","RESULTSET","Select a data set.",,"TRUE","FALSE","Get Result Set"
"GET_TABLE_FIELD","$CALC_MATH","get_table_field","SELECT","VARIABLE","Returns the value in the currently selected table and field",,"TRUE","FALSE","Get Table Field"
"GET_TEST_RESULT","$CALC_MATH","GETTESTRESULT","SELECT","NUMERIC","Get first not cancelled result for Test+Component",,"TRUE","FALSE","Get Test Result"
"IIF","$LIB_RE_FORMULA","lib_re_formula_iif_function","LOGIC","VARIABLE","Simple if statement, returns Param 2 if expression is true, Param 3 if expression is false.",,"TRUE","FALSE","IIf"
"INST_PARAM","$LIB_RE_FORMULA","lib_re_formula_inst_param_function","INSTRUMENT","VARIABLE","Instrument parameter for current tests instrument",,"TRUE","FALSE","Inst Param"
"INTERCEPT","$CALC_MATH","CALLINTERCEPT","SET","NUMERIC","The intercept of the least squares straight line fit to the X and Y data sets",,"TRUE","FALSE","Intercept"
"JOB_PARAM","$LIB_RE_FORMULA","LIBREFORMULAPARAMETERJOBFUNCTION","PARAMETER","VARIABLE","Return value from a job parameter.",,"FALSE","FALSE","Job Parameter"
"LIT","$CALC_MATH","LITERALTEXT","MATH","TEXT","Returns the parameter as literal text",,"TRUE","FALSE","Lit"
"LN","$LIB_RE_FORMULA","lib_re_formula_ln_function","MATH","NUMERIC","Returns the natural logarithm of a number",,"TRUE","FALSE","Ln"
"LOG","$LIB_RE_FORMULA","lib_re_formula_log_function","MATH","NUMERIC","Returns the logarithm of a number to the base 10",,"TRUE","FALSE","Log"
"MAX","$LIB_RE_FORMULA","lib_re_formula_maximum_function","MATH","NUMERIC","Return the maximum value from the variable sized list of passed parameters",,"TRUE","FALSE","Max"
"MAX_SET","$CALC_MATH","MAXSET","SET","NUMERIC","Return the maximum value from a data set.",,"TRUE","FALSE","Max Set"
"MIN","$LIB_RE_FORMULA","lib_re_formula_minimum_function","MATH","NUMERIC","Return the minimum value from the variable sized list of passed parameters",,"TRUE","FALSE","Min"
"MIN_SET","$CALC_MATH","MINSET","SET","NUMERIC","Return the minimum value from a data set.",,"TRUE","FALSE","Min Set"
"PC_LIMIT_CHECK","LIT_CALC_FUNCTIONS","PCLIMITCHECK","MATH","NUMERIC","Routine to check sample against a variable limit in the batch that is based on the response of a standard or blank. pass in the  the numeric value of the component that holds the limit -  , < or > means < = Negative or > = Negative",,"TRUE","FALSE","PC Limit Check"
"QA_BLANK","$BATCH_FORMULA","batch_formula_qa_blank","BATCH","NUMERIC","Batch qa_blank",,"TRUE","FALSE","Qa Blank"
"QA_CONTROL_RECOV","$BATCH_FORMULA","batch_formula_qa_control_recov","BATCH","NUMERIC","Batch qa_control_recov",,"TRUE","FALSE","Qa Control Recov"
"QA_DUP_RPD","$BATCH_FORMULA","batch_formula_qa_dup_rpd","BATCH","NUMERIC","Batch qa_dup_rpd",,"TRUE","FALSE","Qa Dup Rpd"
"QA_ELISA_REPORT","$BATCH_FORMULA","BATCHFORMULAQAELISAREPORT","BATCH","TEXT","Batch qa_report  for elisa results",,"TRUE","FALSE","Qa Elisa Report"
"QA_MS_RECOV","$BATCH_FORMULA","batch_formula_qa_ms_recov","BATCH","NUMERIC","Batch qa_ms_recov",,"TRUE","FALSE","Qa Ms Recov"
"QA_MSD_RECOV","$BATCH_FORMULA","batch_formula_qa_msd_recov","BATCH","NUMERIC","Batch qa_msd_recov",,"TRUE","FALSE","Qa Msd Recov"
"QA_MSD_RPD","$BATCH_FORMULA","batch_formula_qa_msd_rpd","BATCH","NUMERIC","Batch qa_msd_rpd",,"TRUE","FALSE","Qa Msd Rpd"
"QA_PERCENT_ERROR","$BATCH_FORMULA","BATCHFORMULAQAPERCENTERROR","BATCH","NUMERIC","Batch qa_percent_error function",,"TRUE","FALSE","Qa Percent Error"
"QA_REPORT","$BATCH_FORMULA","batch_formula_qa_report","BATCH","NUMERIC","Batch qa_report",,"TRUE","FALSE","Qa Report"
"QA_SURR_RECOV","$BATCH_FORMULA","batch_formula_qa_surr_recov","BATCH","NUMERIC","Batch qa_surr_recov",,"TRUE","FALSE","Qa Surr Recov"
"R","$LIB_RE_FORMULA","LIBREFORMULARESULTFUNCTION","SELECT","NUMERIC","Returns the result value for the passed component name",,"TRUE","FALSE","R"
"RANDOM","$LIB_RE_FORMULA","lib_re_formula_random_function","MATH","NUMERIC","Returns a random number between 0 and 1",,"TRUE","FALSE","Random"
"RESULT","$LIB_RE_FORMULA","LIBREFORMULARESULTFUNCTION","SELECT","NUMERIC","Returns the result value for the passed component name",,"TRUE","FALSE","Result"
"RESULT_DIL","$LIB_RE_FORMULA","LIBREFORMULARESULTDILFUNCTION","SELECT","NUMERIC","Returns the result value for the passed component name adjusted for dilution",,"TRUE","FALSE","Result Dil"
"RESULT_FIELD","$LIB_RE_FORMULA","lib_re_formula_result_field_function","SELECT","VARIABLE","Returns the value of the field in the currently selected result table",,"TRUE","FALSE","Result Field"
"ROUND","$LIB_RE_FORMULA","lib_re_formula_round_function","MATH","NUMERIC","Rounds a number to a nearest integer",,"TRUE","FALSE","Round"
"SAMPLE_LIMIT_CHECK","LIT_CALC_FUNCTIONS","SAMPLELIMITCHECK","MATH","NUMERIC","Routine to check sample against a variable limit in the batch that is based on the response of a standard or blank. pass in the  the numeric value of the component that holds the limit -  , < or > means < = Negative or > = Negative",,"TRUE","FALSE","Sample Limit Check"
"SAMPLE_PARAM","$LIB_RE_FORMULA","LIBREFORMULAPARAMETERSAMPLEFUNCTION","PARAMETER","VARIABLE","Return value from a sample parameter.",,"FALSE","FALSE","Sample Parameter"
"SIN","$LIB_RE_FORMULA","lib_re_formula_sin_function","TRIG","NUMERIC","Returns the sine of the given angle",,"TRUE","FALSE","Sin"
"SLOPE","$CALC_MATH","CALLSLOPE","SET","NUMERIC","Gradient or slope of least squares straight line fit to X and Y data sets.",,"TRUE","FALSE","Slope"
"SQRT","$LIB_RE_FORMULA","lib_re_formula_sqrt_function","MATH","NUMERIC","Returns a positive square root",,"TRUE","FALSE","Sqrt"
"STANDARD","$LIB_RE_FORMULA","lib_re_formula_standard_function","SELECT","NUMERIC","Returns the concentration of the specified component in the specified standard version",,"TRUE","FALSE","Standard"
"STDEV","$CALC_MATH","CALLSTDEV","SET","NUMERIC","Standard deviation of data set using non biased n-1.",,"TRUE","FALSE","Stdev"
"STDEVP","$CALC_MATH","CALLSTDEVP","SET","NUMERIC","Standard deviation of data set using biased n.",,"TRUE","FALSE","Stdevp"
"STOCK_PARAM","$LIB_RE_FORMULA","lib_re_formula_stock_param_function","STOCK","VARIABLE","Stock parameter for stock batch used in testing",,"TRUE","FALSE","Stock Param"
"SUM","$LIB_RE_FORMULA","lib_re_formula_sum_function","MATH","NUMERIC","Return the sum of the variable sized list of passed parameters",,"TRUE","FALSE","Sum"
"SUM_SET","$CALC_MATH","SUMSET","SET","NUMERIC","Return the sum of the of a data set.",,"TRUE","FALSE","Sum Set"
"TAN","$LIB_RE_FORMULA","lib_re_formula_tan_function","TRIG","NUMERIC","Returns the tangent of a number",,"TRUE","FALSE","Tan"
"TEST_FIELD","$LIB_RE_FORMULA","lib_re_formula_test_field_function","SELECT","VARIABLE","Returns the value of the field in the currently selected test table",,"TRUE","FALSE","Test Field"
"TEST_PARAM","$LIB_RE_FORMULA","LIBREFORMULAPARAMETERTESTFUNCTION","PARAMETER","VARIABLE","Return value from a test parameter.",,"FALSE","FALSE","Test Parameter"
"TRUNC","$LIB_RE_FORMULA","lib_re_formula_trunc_function","MATH","NUMERIC","Truncates a number to an integer",,"TRUE","FALSE","Trunc"
"UNITS","$LIB_RE_FORMULA","lib_re_formula_units_function","SELECT","NUMERIC","Constructs a result value with the associated units",,"TRUE","FALSE","Units"
