﻿CALC_FUNCTION_PARAMETER
CALC_FUNCTION,PARAMETER,PARAMETER_ORDER,DESCRIPTION,DATA_TYPE
20,10,10,234,10
                      70
"ABS","NUMERIC","1",,"NUMERIC"
"ARCCOS","NUMERIC","1",,"NUMERIC"
"ARCSIN","NUMERIC","1",,"NUMERIC"
"ARCTAN","NUMERIC","1",,"NUMERIC"
"AVG","NUMERIC","1","Variable list of values","NUMERIC"
"AVG_SET","RESULTS","1","Result set","RESULTSET"
"BATCH_STD_VALUE","STD_ID","1","Standard ID","TEXT"
"BATCH_STD_VALUE","COMP","2","Component Name","TEXT"
"CATEGORY","CATEGORY","1","Category number","NUMERIC"
"CEIL","NUMERIC","1",,"NUMERIC"
"CORREL","XDATA","1","X data","RESULTSET"
"CORREL","YDATA","2","Y data","RESULTSET"
"COS","NUMERIC","1",,"NUMERIC"
"COVAR","XDATA","1","X data set","RESULTSET"
"COVAR","YDATA","2","Y data set","RESULTSET"
"DATE_END_DAY","IN_DATE","1",,"DATE"
"DATE_START_DAY","IN_DATE","1",,"DATE"
"EXP","NUMERIC","1",,"NUMERIC"
"FLOOR","NUMERIC","1",,"NUMERIC"
"GET_RESULT_SET","SETNAME","1","Result set name","TEXT"
"GET_TABLE_FIELD","TABLENAME","1","Table name","TEXT"
"GET_TABLE_FIELD","FIELDNAME","2","Field name","TEXT"
"GET_TEST_RESULT","ANALYSIS","1","Analysis Name","TEXT"
"GET_TEST_RESULT","COMPONENT","2","Component Name","TEXT"
"IIF","EXPRESSION","1","Expression to evaluate.","TEXT"
"IIF","TRUEPART","2","True value.","TEXT"
"IIF","FALSEPART","3","False value.","TEXT"
"INST_PARAM","PARAM","1","Instrument Parameter","TEXT"
"INTERCEPT","XDATA","1","X data set","RESULTSET"
"INTERCEPT","YDATA","2","Y data set","RESULTSET"
"JOB_PARAM","PARAM","1","Name of Parameter","TEXT"
"LIT","PARAM1","1","Text parameter","TEXT"
"LN","NUMERIC","1",,"NUMERIC"
"LOG","NUMERIC","1",,"NUMERIC"
"MAX","NUMERIC","1","Variable list of values","NUMERIC"
"MAX_SET","RESULTS","1","Result set","RESULTSET"
"MIN","NUMERIC","1","Variable list of values","NUMERIC"
"MIN_SET","RESULTS","1","Result set","RESULTSET"
"PC_LIMIT_CHECK","COMP_VALUE","1","Numeric value of componnet","NUMERIC"
"PC_LIMIT_CHECK","INEQUALITY","2","< or > for limit check","TEXT"
"PC_LIMIT_CHECK","LIMIT_VAL","3","Numeric value of limit","NUMERIC"
"R","RESULT","1","Result name","TEXT"
"RANDOM","NUMERIC","1",,"NUMERIC"
"RESULT","RESULT","1","Result name","TEXT"
"RESULT_DIL","RESULT","1","Result name","TEXT"
"RESULT_FIELD","FIELDNAME","1","Field name","TEXT"
"ROUND","NUMERIC","1",,"NUMERIC"
"SAMPLE_LIMIT_CHECK","COMP_VALUE","1","Numeric value of componnet","NUMERIC"
"SAMPLE_LIMIT_CHECK","INEQUALITY","2","< or > for limit check","TEXT"
"SAMPLE_LIMIT_CHECK","LIMIT_VAL","3","Numeric value of limit","NUMERIC"
"SAMPLE_PARAM","PARAM","1","Name of Parameter","TEXT"
"SIN","NUMERIC","1",,"NUMERIC"
"SLOPE","XDATA","1","X data set","RESULTSET"
"SLOPE","YDATA","2","Y data set","RESULTSET"
"SQRT","NUMERIC","1",,"NUMERIC"
"STANDARD","IDENTITY","1","Standard ID","TEXT"
"STANDARD","VERSION","2","Standard Version","TEXT"
"STANDARD","COMPONENT","3","Standard Component","TEXT"
"STDEV","RESULTSET","1",,"RESULTSET"
"STDEVP","RESULTSET","1",,"RESULTSET"
"STOCK_PARAM","STOCK","1","Stock","TEXT"
"STOCK_PARAM","PARAM","2","Stock Parameter","TEXT"
"SUM","NUMERIC","1","Variable list of values","NUMERIC"
"SUM_SET","RESULTS","1","Result set","RESULTSET"
"TAN","NUMERIC","1",,"NUMERIC"
"TEST_FIELD","FIELDNAME","1","Test name","TEXT"
"TEST_PARAM","PARAM","1","Name of Parameter","TEXT"
"TRUNC","NUMERIC","1",,"NUMERIC"
"UNITS","VALUE","1","Result value","NUMERIC"
"UNITS","UNIT","2","Result unit","TEXT"
