﻿CALCULATION
IDENTITY,ANALYSIS_ID,DESCRIPTION,FORMULA,MODIFIABLE,REMOVEFLAG,NAME
10,10,234,500,1,1,100
                       7
"LIST_AVE",,"Calculates the average of a list result",<NULL>,"TRUE","FALSE","List Ave"
"LIST_SD",,"Calculates the standard deviation of a list result",<NULL>,"TRUE","FALSE","List Sd"
"LOWER_Q",,"Calculates the lower quality statistic of a list result",<NULL>,"TRUE","FALSE","Lower Q"
"TEST_UNITS",,"Calculates the number of sample elements (units) that must be tested in order to meet the entered statistical quality level",<NULL>,"TRUE","FALSE","Test Units"
"TJH_AVG_F","TJH_AVE_3","Average of 3 values (Value 1, Value 2, Value 3) using Formula","AVG (""Value 1"",""Value 2"",""Value 3"")","TRUE","FALSE","TJH Average 3 values using Formula"
"TJH_AVG_V",,"Average of 3 values (Value 1, Value 2, Value 3) using VGL",<NULL>,"TRUE","FALSE","TJH Average 3 value using VGL"
"UPPER_Q",,"Calculates the upper quality statistic of a list result",<NULL>,"TRUE","FALSE","Upper Q"
