﻿CERT
CERTIFICATE_ID,CERTIFICATE_VERSION,NAME,CERTIFICATE_TYPE,STYLE,TABLE_NAME,RECORD_KEY0,CERT_TEMPLATE_ID,CERT_TEMPLATE_VERSION,CERT_TEMPLATE_NAME,ENTITY_TEMPLATE_ID,ENTITY_TEMPLATE_VERSION,ENTRY_TEMPLATE_ID,ENTRY_TEMPLATE_VERSION,REPORT_TEMPLATE_ID,REPORT_TEMPLATE_VERSION,CERTIFICATE_BLOB,STATUS,DATE_CREATED,CREATED_BY,AUTHORIZED_ON,AUTHORIZED_BY,CANCELED_ON,CANCELED_BY,WORKFLOW_NODE,APPROVAL_STATUS,INSPECTION_PLAN,ACTIVE,GROUP_ID,FILL_MODE,LOAD_MODE,PRODUCT_ID,PRODUCT_VERSION,GRADE_CODE,CUSTOMER,LANGUAGE,COMMENTS,LIMIT_CHECK_FAILED
36,10,100,10,10,50,500,36,10,100,30,10,30,10,30,10,10,10,32,10,32,10,32,10,36,1,10,1,10,10,10,10,10,10,10,10,500,1
                       1
"9942C0AF-F2A2-490D-B9A9-497DF9A63B58","1","CERT-SAMPLE-000001","SAMPLE","GENERAL","SAMPLE","        58","9A220390-19E4-4410-823B-9AF7E667CCB5","1","TJH Sample Certificate","DEFAULT_CERT","1","DEFAULT_CERT_RESULT","1","CERT_DEFAULT","1","1","A"," 14-08-2019 13:23:56.65","HODYT"," 14-08-2019 13:25:30.60","HODYT", ,,"CCA9E1C0-EDCD-44B6-AAC8-1A1555A33B20","A",,"TRUE",,"ALL","ALL",,"1",,,,,"FALSE"
