﻿CERT_SAMPLE
CERTIFICATE_ID,CERTIFICATE_VERSION,CERTIFICATE_SAMPLE_ID,ORDER_NUMBER,LOT,JOB,SAMPLE,ID_NUMERIC,ID_TEXT,SAMPLED_DATE,RECD_DATE,DATERESREQ,DATERESAVAIL,DATE_AUTHORISED,AUTHORISER,AUTHORISATION_NOTES,PRODUCT,PRODUCT_VERSION,GRADE_CODE,SAMPLING_POINT,SAMPLE_TYPE,PRIORITY,CERTIFICATE_JOB_ID,CERTIFICATE_LOT_ID,COMMENTS
36,10,36,10,30,20,10,10,30,32,32,32,32,32,10,234,10,10,10,10,10,10,36,36,234
                       1
"9942C0AF-F2A2-490D-B9A9-497DF9A63B58","1","FB72C90F-73EA-4D38-B8CF-FE2DE13A8EDD","1",,,"58","0","SM-12-AUG-2019-000043"," 12-08-2019 11:38:00.90"," 12-08-2019 11:38:00.90"," 12-08-2019 11:38:00.90", ," 12-08-2019 15:07:29.83","HODYT","Authorized by HODYT On 8/12/2019 3:07 PM",,"0",,,,"1",,,
