﻿CERT_TEMPLATE
CERT_TEMPLATE_ID,CERT_TEMPLATE_VERSION,NAME,CERTIFICATE_TYPE,STYLE,NAME_EXPRESSION,GROUP_ID,DESCRIPTION,MODIFIABLE,REMOVEFLAG,ACTIVE,ACTIVE_FROM,ACTIVE_TO,APPROVAL_STATUS,INSPECTION_PLAN,CERTIFICATE_INSPECTION_PLAN,FILTER_LOT,FILTER_JOB,FILTER_SAMPLE,FILTER_TEST,FILTER_RESULT,ENTITY_TEMPLATE_ID,ENTITY_TEMPLATE_VERSION,ENTRY_TEMPLATE_ID,ENTRY_TEMPLATE_VERSION,REPORT_TEMPLATE_ID,REPORT_TEMPLATE_VERSION,CERTIFICATE_WORKFLOW_ID,CERTIFICATE_WORKFLOW_VERSION,LAB_ALIAS_ID,LAB_ALIAS_VERSION,INITIAL_STATUS,FILL_MODE,LOAD_MODE,REPORTED_NAME_EXPRESSION,REPORTED_VALUE_EXPRESSION,REPORTED_LIMIT_EXPRESSION,REPORTED_UNITS_EXPRESSION,REPORTED_ANALYSIS_EXPRESSION,LOT_CRITERIA_ID,LOT_CRITERIA_TABLE,JOB_CRITERIA_ID,JOB_CRITERIA_TABLE,SAMPLE_CRITERIA_ID,SAMPLE_CRITERIA_TABLE,TEST_CRITERIA_ID,TEST_CRITERIA_TABLE,RESULTS_READ_ONLY,ALLOW_ADD_LOT,ALLOW_ADD_JOB,ALLOW_ADD_SAMPLE,ALLOW_ADD_TEST,PRODUCT_ID,PRODUCT_VERSION,GRADE_CODE,CUSTOMER,LANGUAGE,ADD_SUBSAMPLES
36,10,100,10,10,500,10,255,1,1,1,32,32,1,10,10,500,500,500,500,500,30,10,30,10,30,10,36,10,36,10,10,10,10,500,500,500,500,500,40,30,40,30,40,30,40,30,1,1,1,1,1,10,10,10,10,10,1
                       1
"9A220390-19E4-4410-823B-9AF7E667CCB5","1","TJH Sample Certificate","SAMPLE","GENERAL","Syntax('CERT_NAME')",,"example","TRUE","FALSE","TRUE", , ,"A",,,"[Status]=='A'","[JobStatus]=='A'","[Status]=='A'","[Status]=='A'","[Status]=='A'","DEFAULT_CERT","1","DEFAULT_CERT_RESULT","1","CERT_DEFAULT","1","405CB4A9-C1F1-4E11-9151-939A18B7462C","1",,"1","D","ALL","ALL","[ResultName]","[Text]","[FormattedLimits]","[Units]","[FormattedAnalysis]","AUTHORIZED","LOT_DETAILS","AUTHORIZED","JOB_HEADER","AUTHORIZED","SAMPLE","AUTHORIZED","TEST","TRUE","FALSE","FALSE","FALSE","FALSE",,"1",,,,"TRUE"
