﻿CERT_RESULT
CERTIFICATE_ID,CERTIFICATE_VERSION,CERTIFICATE_RESULT_ID,ORDER_NUMBER,LOT,JOB,SAMPLE,TEST,RESULT_NAME,ANALYSIS_ID,ANALYSIS_VERSION,REPORTED_NAME,REPORTED_VALUE,REPORTED_LIMITS,REPORTED_UNITS,REPORTED_ANALYSIS,CERTIFICATE_TEST_ID,CERTIFICATE_SAMPLE_ID,CERTIFICATE_JOB_ID,CERTIFICATE_LOT_ID,MANDATORY,RESULT_TYPE,UNITS,VALUE,TEXT,PLACES,OUT_OF_RANGE,COMMENTS,LIMIT_CHECK_FAILED
36,10,36,10,30,20,10,10,40,10,10,500,500,500,500,500,36,36,36,36,1,1,40,10,234,10,1,234,1
                      42
"9942C0AF-F2A2-490D-B9A9-497DF9A63B58","1","6E344403-4283-4DAA-881B-6C3949799687","1",,,"58","20","Viscosity","VISCOSITY","1","Viscosity","4",,"cP","Viscosity/1","9FF61DD7-8096-4154-BE72-0C0366E03005","FB72C90F-73EA-4D38-B8CF-FE2DE13A8EDD",,,"FALSE","N","cP","4.0000000000000000E+00","4","-1","FALSE",,"FALSE"
"9942C0AF-F2A2-490D-B9A9-497DF9A63B58","1","09112C68-130C-4B76-95E2-F73CB614AB12","2",,,"58","23","Fructose","HPLC","1","Fructose","4",,"g/dl","HPLC/1","1B091F55-FF3C-466A-9CEB-70DC46E075BE","FB72C90F-73EA-4D38-B8CF-FE2DE13A8EDD",,,"FALSE","N","g/dl","4.0000000000000000E+00","4","-1","FALSE",,"FALSE"
"9942C0AF-F2A2-490D-B9A9-497DF9A63B58","1","97B27BB6-4F31-48DE-B638-C59BC6377A66","3",,,"58","23","Glucose","HPLC","1","Glucose","4",,"g/dl","HPLC/1","1B091F55-FF3C-466A-9CEB-70DC46E075BE","FB72C90F-73EA-4D38-B8CF-FE2DE13A8EDD",,,"FALSE","N","g/dl","4.0000000000000000E+00","4","-1","FALSE",,"FALSE"
"9942C0AF-F2A2-490D-B9A9-497DF9A63B58","1","1B7FE5A0-208A-4FBA-BB33-DA9E64FF6834","4",,,"58","23","Sucrose","HPLC","1","Sucrose","4",,"g/dl","HPLC/1","1B091F55-FF3C-466A-9CEB-70DC46E075BE","FB72C90F-73EA-4D38-B8CF-FE2DE13A8EDD",,,"FALSE","N","g/dl","4.0000000000000000E+00","4","-1","FALSE",,"FALSE"
"9942C0AF-F2A2-490D-B9A9-497DF9A63B58","1","A046D6C4-5BC2-425E-AA4C-70DDF788185D","5",,,"58","23","gluc/suc ratio","HPLC","1","gluc/suc ratio","1.0000000000",,"g/dl","HPLC/1","1B091F55-FF3C-466A-9CEB-70DC46E075BE","FB72C90F-73EA-4D38-B8CF-FE2DE13A8EDD",,,"FALSE","K","g/dl","1.0000000000000000E+00","1.0000000000","-1","FALSE",,"FALSE"
"9942C0AF-F2A2-490D-B9A9-497DF9A63B58","1","B3033310-D533-4812-B04D-119728DB371C","6",,,"58","27","Density","RAWMAT","3","Density","4",,,"Rawmat/1","14CAA683-C4AD-4708-9FAB-4DCF917D5C3F","FB72C90F-73EA-4D38-B8CF-FE2DE13A8EDD",,,"FALSE","N",,"4.0000000000000000E+00","4","-1","FALSE",,"FALSE"
"9942C0AF-F2A2-490D-B9A9-497DF9A63B58","1","F9910256-359B-4ABF-B767-6E1B90DEAF31","7",,,"58","27","Viscosity","RAWMAT","3","Viscosity","4",,,"Rawmat/1","14CAA683-C4AD-4708-9FAB-4DCF917D5C3F","FB72C90F-73EA-4D38-B8CF-FE2DE13A8EDD",,,"FALSE","N",,"4.0000000000000000E+00","4","-1","FALSE",,"FALSE"
"9942C0AF-F2A2-490D-B9A9-497DF9A63B58","1","CE4CDEA9-7074-47C3-8E63-060DA3883A46","8",,,"58","35","Bromochloromethane","GC","1","Bromochloromethane","4",,,"Gc/1","116236C8-51E1-42E8-A4A3-204750BB04B3","FB72C90F-73EA-4D38-B8CF-FE2DE13A8EDD",,,"FALSE","N",,"4.0000000000000000E+00","4","-1","FALSE",,"FALSE"
"9942C0AF-F2A2-490D-B9A9-497DF9A63B58","1","EB8C9236-155C-4DB7-9582-C996292D6309","9",,,"58","35","Dichlorodifluorometha","GC","1","Dichlorodifluorometha","4",,,"Gc/1","116236C8-51E1-42E8-A4A3-204750BB04B3","FB72C90F-73EA-4D38-B8CF-FE2DE13A8EDD",,,"FALSE","N",,"4.0000000000000000E+00","4","-1","FALSE",,"FALSE"
"9942C0AF-F2A2-490D-B9A9-497DF9A63B58","1","59F10BDC-D9B6-424C-8D5A-525987CC62E5","10",,,"58","35","Chloromethane","GC","1","Chloromethane","4",,,"Gc/1","116236C8-51E1-42E8-A4A3-204750BB04B3","FB72C90F-73EA-4D38-B8CF-FE2DE13A8EDD",,,"FALSE","N",,"4.0000000000000000E+00","4","-1","FALSE",,"FALSE"
"9942C0AF-F2A2-490D-B9A9-497DF9A63B58","1","8A1AB923-61E8-4EB6-9585-59ECBE4D0A45","11",,,"58","35","Vinyl Chloride","GC","1","Vinyl Chloride","4",,,"Gc/1","116236C8-51E1-42E8-A4A3-204750BB04B3","FB72C90F-73EA-4D38-B8CF-FE2DE13A8EDD",,,"FALSE","N",,"4.0000000000000000E+00","4","-1","FALSE",,"FALSE"
"9942C0AF-F2A2-490D-B9A9-497DF9A63B58","1","26FCAC91-8272-4996-821F-399938BD9AC6","12",,,"58","35","Bromomethane","GC","1","Bromomethane","4",,,"Gc/1","116236C8-51E1-42E8-A4A3-204750BB04B3","FB72C90F-73EA-4D38-B8CF-FE2DE13A8EDD",,,"FALSE","N",,"4.0000000000000000E+00","4","-1","FALSE",,"FALSE"
"9942C0AF-F2A2-490D-B9A9-497DF9A63B58","1","4BBC12C8-FB67-4BEC-AC5C-478803DDDFC5","13",,,"58","35","Trichlorofluoromethan","GC","1","Trichlorofluoromethan","4",,,"Gc/1","116236C8-51E1-42E8-A4A3-204750BB04B3","FB72C90F-73EA-4D38-B8CF-FE2DE13A8EDD",,,"FALSE","N",,"4.0000000000000000E+00","4","-1","FALSE",,"FALSE"
"9942C0AF-F2A2-490D-B9A9-497DF9A63B58","1","8A49A7E5-692F-4014-8E38-19AC1B330653","14",,,"58","35","Acetone","GC","1","Acetone","4",,,"Gc/1","116236C8-51E1-42E8-A4A3-204750BB04B3","FB72C90F-73EA-4D38-B8CF-FE2DE13A8EDD",,,"FALSE","N",,"4.0000000000000000E+00","4","-1","FALSE",,"FALSE"
"9942C0AF-F2A2-490D-B9A9-497DF9A63B58","1","865AD983-98E4-40E1-9966-7E361E0EBDD9","15",,,"58","35","Carbon Disulfide","GC","1","Carbon Disulfide","4",,,"Gc/1","116236C8-51E1-42E8-A4A3-204750BB04B3","FB72C90F-73EA-4D38-B8CF-FE2DE13A8EDD",,,"FALSE","N",,"4.0000000000000000E+00","4","-1","FALSE",,"FALSE"
"9942C0AF-F2A2-490D-B9A9-497DF9A63B58","1","25349A89-E7BF-4DC7-9632-CC13F409E734","16",,,"58","35","Methylene Chloride","GC","1","Methylene Chloride","4",,,"Gc/1","116236C8-51E1-42E8-A4A3-204750BB04B3","FB72C90F-73EA-4D38-B8CF-FE2DE13A8EDD",,,"FALSE","N",,"4.0000000000000000E+00","4","-1","FALSE",,"FALSE"
"9942C0AF-F2A2-490D-B9A9-497DF9A63B58","1","B6A13321-B0E6-4FF6-B7F7-2DFE8362604A","17",,,"58","35","2-Butanone","GC","1","2-Butanone","4",,,"Gc/1","116236C8-51E1-42E8-A4A3-204750BB04B3","FB72C90F-73EA-4D38-B8CF-FE2DE13A8EDD",,,"FALSE","N",,"4.0000000000000000E+00","4","-1","FALSE",,"FALSE"
"9942C0AF-F2A2-490D-B9A9-497DF9A63B58","1","CBB83924-2941-4B0D-8A83-0F7ED1090595","18",,,"58","35","Chloroform","GC","1","Chloroform","4",,,"Gc/1","116236C8-51E1-42E8-A4A3-204750BB04B3","FB72C90F-73EA-4D38-B8CF-FE2DE13A8EDD",,,"FALSE","N",,"4.0000000000000000E+00","4","-1","FALSE",,"FALSE"
"9942C0AF-F2A2-490D-B9A9-497DF9A63B58","1","08C7BA26-580C-4457-B37D-C4C282FE4CC1","19",,,"58","35","1,2-Dichloroethane-d4","GC","1","1,2-Dichloroethane-d4","4",,,"Gc/1","116236C8-51E1-42E8-A4A3-204750BB04B3","FB72C90F-73EA-4D38-B8CF-FE2DE13A8EDD",,,"FALSE","N",,"4.0000000000000000E+00","4","-1","FALSE",,"FALSE"
"9942C0AF-F2A2-490D-B9A9-497DF9A63B58","1","CC6C2BE7-59BA-4AD5-B78B-5748A9025729","20",,,"58","35","1,2-Dichloroethane","GC","1","1,2-Dichloroethane","4",,,"Gc/1","116236C8-51E1-42E8-A4A3-204750BB04B3","FB72C90F-73EA-4D38-B8CF-FE2DE13A8EDD",,,"FALSE","N",,"4.0000000000000000E+00","4","-1","FALSE",,"FALSE"
"9942C0AF-F2A2-490D-B9A9-497DF9A63B58","1","AA92F9AF-21DD-40B5-97FE-675D694A3694","21",,,"58","35","1,4-Difluorobenzene","GC","1","1,4-Difluorobenzene","4",,,"Gc/1","116236C8-51E1-42E8-A4A3-204750BB04B3","FB72C90F-73EA-4D38-B8CF-FE2DE13A8EDD",,,"FALSE","N",,"4.0000000000000000E+00","4","-1","FALSE",,"FALSE"
"9942C0AF-F2A2-490D-B9A9-497DF9A63B58","1","BC2FF8DC-9C0F-4AB4-8939-D10714047EAC","22",,,"58","35","1,1,1-Trichloroethane","GC","1","1,1,1-Trichloroethane","4",,,"Gc/1","116236C8-51E1-42E8-A4A3-204750BB04B3","FB72C90F-73EA-4D38-B8CF-FE2DE13A8EDD",,,"FALSE","N",,"4.0000000000000000E+00","4","-1","FALSE",,"FALSE"
"9942C0AF-F2A2-490D-B9A9-497DF9A63B58","1","7361F381-CD73-42E1-9407-3C3858CF6AF7","23",,,"58","35","Benzene","GC","1","Benzene","4",,,"Gc/1","116236C8-51E1-42E8-A4A3-204750BB04B3","FB72C90F-73EA-4D38-B8CF-FE2DE13A8EDD",,,"FALSE","N",,"4.0000000000000000E+00","4","-1","FALSE",,"FALSE"
"9942C0AF-F2A2-490D-B9A9-497DF9A63B58","1","5D52104C-82F2-4998-95C7-F8F083D12F8B","24",,,"58","35","Trichloroethene","GC","1","Trichloroethene","4",,,"Gc/1","116236C8-51E1-42E8-A4A3-204750BB04B3","FB72C90F-73EA-4D38-B8CF-FE2DE13A8EDD",,,"FALSE","N",,"4.0000000000000000E+00","4","-1","FALSE",,"FALSE"
"9942C0AF-F2A2-490D-B9A9-497DF9A63B58","1","9BB9E386-C624-4337-AED1-8FFE96411159","25",,,"58","35","Bromodichloromethane","GC","1","Bromodichloromethane","4",,,"Gc/1","116236C8-51E1-42E8-A4A3-204750BB04B3","FB72C90F-73EA-4D38-B8CF-FE2DE13A8EDD",,,"FALSE","N",,"4.0000000000000000E+00","4","-1","FALSE",,"FALSE"
"9942C0AF-F2A2-490D-B9A9-497DF9A63B58","1","AEBA3C8C-FE16-4CF7-9725-32EC4F9C6E24","26",,,"58","35","Dibromochloromethane","GC","1","Dibromochloromethane","4",,,"Gc/1","116236C8-51E1-42E8-A4A3-204750BB04B3","FB72C90F-73EA-4D38-B8CF-FE2DE13A8EDD",,,"FALSE","N",,"4.0000000000000000E+00","4","-1","FALSE",,"FALSE"
"9942C0AF-F2A2-490D-B9A9-497DF9A63B58","1","AFB966EE-666A-4945-ACCA-C6CCBCD85E33","27",,,"58","35","Chlorobenzene-d5","GC","1","Chlorobenzene-d5","4",,,"Gc/1","116236C8-51E1-42E8-A4A3-204750BB04B3","FB72C90F-73EA-4D38-B8CF-FE2DE13A8EDD",,,"FALSE","N",,"4.0000000000000000E+00","4","-1","FALSE",,"FALSE"
"9942C0AF-F2A2-490D-B9A9-497DF9A63B58","1","58454539-05C0-4618-8929-B35322184664","28",,,"58","35","Toluene-d8","GC","1","Toluene-d8","4",,,"Gc/1","116236C8-51E1-42E8-A4A3-204750BB04B3","FB72C90F-73EA-4D38-B8CF-FE2DE13A8EDD",,,"FALSE","N",,"4.0000000000000000E+00","4","-1","FALSE",,"FALSE"
"9942C0AF-F2A2-490D-B9A9-497DF9A63B58","1","EED32F02-2660-4C7B-9058-4D0EF3DCFDD9","29",,,"58","35","Toluene","GC","1","Toluene","4",,,"Gc/1","116236C8-51E1-42E8-A4A3-204750BB04B3","FB72C90F-73EA-4D38-B8CF-FE2DE13A8EDD",,,"FALSE","N",,"4.0000000000000000E+00","4","-1","FALSE",,"FALSE"
"9942C0AF-F2A2-490D-B9A9-497DF9A63B58","1","9156E416-9F6F-45BA-AF13-524810FFD670","30",,,"58","35","Tetrachloroethene","GC","1","Tetrachloroethene","4",,,"Gc/1","116236C8-51E1-42E8-A4A3-204750BB04B3","FB72C90F-73EA-4D38-B8CF-FE2DE13A8EDD",,,"FALSE","N",,"4.0000000000000000E+00","4","-1","FALSE",,"FALSE"
"9942C0AF-F2A2-490D-B9A9-497DF9A63B58","1","B6058AE0-71B2-4C02-A7A9-17B9F5C16B18","31",,,"58","35","1,2-Dibromoethane","GC","1","1,2-Dibromoethane","4",,,"Gc/1","116236C8-51E1-42E8-A4A3-204750BB04B3","FB72C90F-73EA-4D38-B8CF-FE2DE13A8EDD",,,"FALSE","N",,"4.0000000000000000E+00","4","-1","FALSE",,"FALSE"
"9942C0AF-F2A2-490D-B9A9-497DF9A63B58","1","F35F237F-D9C0-4767-A4C3-98885C0F8B86","32",,,"58","35","Chlorobenzene","GC","1","Chlorobenzene","4",,,"Gc/1","116236C8-51E1-42E8-A4A3-204750BB04B3","FB72C90F-73EA-4D38-B8CF-FE2DE13A8EDD",,,"FALSE","N",,"4.0000000000000000E+00","4","-1","FALSE",,"FALSE"
"9942C0AF-F2A2-490D-B9A9-497DF9A63B58","1","C99A092C-1DBD-494D-BAD3-C6CED8821695","33",,,"58","35","Ethylbenzene","GC","1","Ethylbenzene","4",,,"Gc/1","116236C8-51E1-42E8-A4A3-204750BB04B3","FB72C90F-73EA-4D38-B8CF-FE2DE13A8EDD",,,"FALSE","N",,"4.0000000000000000E+00","4","-1","FALSE",,"FALSE"
"9942C0AF-F2A2-490D-B9A9-497DF9A63B58","1","28BE8303-D4DF-4056-B913-7D4D1E73403D","34",,,"58","35","p & m- Xylene","GC","1","p & m- Xylene","4",,,"Gc/1","116236C8-51E1-42E8-A4A3-204750BB04B3","FB72C90F-73EA-4D38-B8CF-FE2DE13A8EDD",,,"FALSE","N",,"4.0000000000000000E+00","4","-1","FALSE",,"FALSE"
"9942C0AF-F2A2-490D-B9A9-497DF9A63B58","1","B8F50A2F-4286-446D-989E-214A14D207A2","35",,,"58","35","o-Xylene","GC","1","o-Xylene","4",,,"Gc/1","116236C8-51E1-42E8-A4A3-204750BB04B3","FB72C90F-73EA-4D38-B8CF-FE2DE13A8EDD",,,"FALSE","N",,"4.0000000000000000E+00","4","-1","FALSE",,"FALSE"
"9942C0AF-F2A2-490D-B9A9-497DF9A63B58","1","025EEB4E-F603-4DDB-8165-ED40A089954A","36",,,"58","35","Styrene","GC","1","Styrene","4",,,"Gc/1","116236C8-51E1-42E8-A4A3-204750BB04B3","FB72C90F-73EA-4D38-B8CF-FE2DE13A8EDD",,,"FALSE","N",,"4.0000000000000000E+00","4","-1","FALSE",,"FALSE"
"9942C0AF-F2A2-490D-B9A9-497DF9A63B58","1","C68093ED-4E12-4A23-8209-B8346AFB20FE","37",,,"58","35","Bromofluorobenzene","GC","1","Bromofluorobenzene","4",,,"Gc/1","116236C8-51E1-42E8-A4A3-204750BB04B3","FB72C90F-73EA-4D38-B8CF-FE2DE13A8EDD",,,"FALSE","N",,"4.0000000000000000E+00","4","-1","FALSE",,"FALSE"
"9942C0AF-F2A2-490D-B9A9-497DF9A63B58","1","B303B00A-832B-45EB-899D-CEFFE63E184F","38",,,"58","35","1,2,3-Trichloropropan","GC","1","1,2,3-Trichloropropan","4",,,"Gc/1","116236C8-51E1-42E8-A4A3-204750BB04B3","FB72C90F-73EA-4D38-B8CF-FE2DE13A8EDD",,,"FALSE","N",,"4.0000000000000000E+00","4","-1","FALSE",,"FALSE"
"9942C0AF-F2A2-490D-B9A9-497DF9A63B58","1","7D9A0D3D-3F02-4DE2-9F1E-CBE9C4EF37A9","39",,,"58","35","1,3-Dichlorobenzene","GC","1","1,3-Dichlorobenzene","4",,,"Gc/1","116236C8-51E1-42E8-A4A3-204750BB04B3","FB72C90F-73EA-4D38-B8CF-FE2DE13A8EDD",,,"FALSE","N",,"4.0000000000000000E+00","4","-1","FALSE",,"FALSE"
"9942C0AF-F2A2-490D-B9A9-497DF9A63B58","1","CBDC2A9B-5C2D-4DF7-939C-422F3D789B60","40",,,"58","35","1,4-Dichlorobenzene","GC","1","1,4-Dichlorobenzene","4",,,"Gc/1","116236C8-51E1-42E8-A4A3-204750BB04B3","FB72C90F-73EA-4D38-B8CF-FE2DE13A8EDD",,,"FALSE","N",,"4.0000000000000000E+00","4","-1","FALSE",,"FALSE"
"9942C0AF-F2A2-490D-B9A9-497DF9A63B58","1","60B7A445-2B06-476D-92C4-098BCDD88D01","41",,,"58","35","1,2-Dichlorobenzene","GC","1","1,2-Dichlorobenzene","4",,,"Gc/1","116236C8-51E1-42E8-A4A3-204750BB04B3","FB72C90F-73EA-4D38-B8CF-FE2DE13A8EDD",,,"FALSE","N",,"4.0000000000000000E+00","4","-1","FALSE",,"FALSE"
"9942C0AF-F2A2-490D-B9A9-497DF9A63B58","1","0CD2C641-0FFE-4E06-9956-C390CEF8557A","42",,,"58","36","color","COLOR","1","color","4",,,"Color/1","9C57DDEA-8019-4C96-A7DD-FC2F2DDF358F","FB72C90F-73EA-4D38-B8CF-FE2DE13A8EDD",,,"FALSE","N",,"4.0000000000000000E+00","4","-1","FALSE",,"FALSE"
