﻿CHROMELEON_MAPPING
IDENTITY,NAME,GROUP_ID,DESCRIPTION,MODIFIABLE,REMOVEFLAG,CHROMELEON_ID,INSTRUMENT_ID,ANALYSIS_ID,INSTRUMENT_METHOD_FOLDER_URI,INSTRUMENT_METHOD,INSTRUMENT_METHOD_URI,PROCESSING_METHOD_FOLDER_URI,PROCESSING_METHOD,PROCESSING_METHOD_URI,EWORKFLOW,EWORKFLOW_URI,ALLOW_UNKNOWN,ALLOW_ADHOC,DEFAULT_EXPRESSION,UNKNOWN_PEAK_NAME_EXPRESSION,DEFAULT_SEQUENCE_FOLDER_URI,SEQUENCE_SYNTAX,SEQUENCE_ENTRY_SYNTAX,DEFAULT_VOLUME,TRANSLATE_TYPES,DEFAULT_POSITION,ALLOW_RENAME,OVERWRITE_INJ_NAMES,ALLOW_FOLDER_CHANGE,CHECK_SEND_FLAG,RESULT_SIGNALS,UNKNOWN_PEAK_PREFIX,UPDATE_STANDARDS,REPORT_FROM_EWORKFLOW,REPORT_TEMPLATE,REPORT_TEMPLATE_URI,REPORT_TEMPLATE_FOLDER_URI,REPORT_TO_SEQUENCE,VOLUME_EXPRESSION,ISTD_AMOUNT_EXPRESSION,DILUTION_EXPRESSION,WEIGHT_EXPRESSION,COMMENT_EXPRESSION,ADVANCED_MAPPING,CHECK_LOCK_FLAG,EXCLUDE_FROM_READY_CHECK,SEQUENCE_SEND_TO_LIMS,CHECK_SEQUENCE_SEND,INJECTION_SEND_TO_LIMS,CHECK_INJECTION_SEND,DOWNLOAD_IMMEDIATELY,ADHOC_UNITS,REPLICATE_ID_EXPRESSION,OVERWRITE_EWORKFLOW,QUEUE_SEQUENCE,RUN_SEQUENCE,SUB_INSTRUMENT_FILTER,QUEUE_OPTIONAL,IGNORE_WARNINGS,WORKFLOW_FILTER
60,100,10,255,1,1,30,10,10,2000,255,2000,2000,255,2000,255,2000,1,1,255,255,2000,10,10,10,1,20,1,1,1,1,500,30,1,1,250,2000,2000,1,500,500,500,500,500,1,1,1,1,1,1,1,1,40,500,1,1,1,1,1,1,32
                       1
"GCMS GC_TRACE GCMS_NSAID","Gcms | Gc Trace | Gcms Nsaid",,,"TRUE","FALSE","GCMS","GC_TRACE","GCMS_NSAID",,,,,,,"GC_MS","chrom://desktop-1oq4i3b/ChromeleonLocal/GC_MS.proc","FALSE","FALSE","peak.amount","peak.amount",,"CHROM_SEQ","CHROM_INJ","1.0000000000000000E+00","TRUE",,"TRUE","TRUE","TRUE","TRUE",,"Unknown Peak@","FALSE","FALSE",,,,"FALSE",,,,,,"FALSE","FALSE","FALSE","X","TRUE","X","TRUE","TRUE",,,"TRUE","FALSE","FALSE","TRUE","FALSE","FALSE",
