﻿CHROMELEON_SEQUENCE_ENTRY
CHROMELEON_SEQUENCE_ID,ORDER_NUMBER,TEST_NUMBER,NAME,SAMPLE_TYPE,STATUS,VIAL_POSITION,VOLUME,SAMPLE_URI,INSTRUMENT_METHOD_FOLDER_URI,INSTRUMENT_METHOD,INSTRUMENT_METHOD_URI,PROCESSING_METHOD_FOLDER_URI,PROCESSING_METHOD,PROCESSING_METHOD_URI,SEND_RESULTS,BATCH_ID,BATCH_ORDER_NUMBER,CONCENTRATION_LEVEL,DILUTION_FACTOR,INTERNAL_STANDARD_AMOUNT,WEIGHT,REPLICATE_ID,COMMENTS,SPIKE_GROUP,IS_LOCKED
10,10,10,100,10,1,5,10,2000,2000,255,2000,2000,255,2000,1,20,10,100,10,10,10,100,100,100,1
                       6
"1","1","23689","SM-21-APR-2021-000191/1","UNKNOWN","V","1","1.0000000000000000E+00","chrom://desktop-1oq4i3b/ChromeleonLocal/ChromeleonLocal/Finalized Auto SRM Files/042121 SRM Runs.seq/55425.smp",,,"chrom://desktop-1oq4i3b/ChromeleonLocal/ChromeleonLocal/Finalized Auto SRM Files/042121 SRM Runs.seq/Full Scan Method.instmeth",,,"chrom://desktop-1oq4i3b/ChromeleonLocal/ChromeleonLocal/Finalized Auto SRM Files/042121 SRM Runs.seq/SRM Processing Method.procmeth","FALSE",,"0",,"1.0000000000000000E+00","1.0000000000000000E+00","1.0000000000000000E+00",,,,"FALSE"
"1","2","23690","SM-21-APR-2021-000192/1","UNKNOWN","V","2","1.0000000000000000E+00","chrom://desktop-1oq4i3b/ChromeleonLocal/ChromeleonLocal/Finalized Auto SRM Files/042121 SRM Runs.seq/185.smp",,,"chrom://desktop-1oq4i3b/ChromeleonLocal/ChromeleonLocal/Finalized Auto SRM Files/042121 SRM Runs.seq/Full Scan Method.instmeth",,,"chrom://desktop-1oq4i3b/ChromeleonLocal/ChromeleonLocal/Finalized Auto SRM Files/042121 SRM Runs.seq/SRM Processing Method.procmeth","FALSE",,"0",,"1.0000000000000000E+00","1.0000000000000000E+00","1.0000000000000000E+00",,,,"FALSE"
"1","3","23691","SM-21-APR-2021-000193/1","UNKNOWN","V","3","1.0000000000000000E+00","chrom://desktop-1oq4i3b/ChromeleonLocal/ChromeleonLocal/Finalized Auto SRM Files/042121 SRM Runs.seq/773.smp",,,"chrom://desktop-1oq4i3b/ChromeleonLocal/ChromeleonLocal/Finalized Auto SRM Files/042121 SRM Runs.seq/Full Scan Method.instmeth",,,"chrom://desktop-1oq4i3b/ChromeleonLocal/ChromeleonLocal/Finalized Auto SRM Files/042121 SRM Runs.seq/SRM Processing Method.procmeth","FALSE",,"0",,"1.0000000000000000E+00","1.0000000000000000E+00","1.0000000000000000E+00",,,,"FALSE"
"2","1","23689","1","UNKNOWN","V","1","1.0000000000000000E+00","chrom://desktop-1oq4i3b/ChromeleonLocal/ChromeleonLocal/Finalized Auto SRM Files/042121 SRM Runs_1.seq/55425.smp",,,"chrom://desktop-1oq4i3b/ChromeleonLocal/ChromeleonLocal/Finalized Auto SRM Files/042121 SRM Runs_1.seq/Full Scan Method.instmeth",,,"chrom://desktop-1oq4i3b/ChromeleonLocal/ChromeleonLocal/Finalized Auto SRM Files/042121 SRM Runs_1.seq/SRM Processing Method.procmeth","FALSE",,"0",,"0.0000000000000000E+00","0.0000000000000000E+00","0.0000000000000000E+00",,,,"FALSE"
"2","2","23690","2","UNKNOWN","V","2","1.0000000000000000E+00","chrom://desktop-1oq4i3b/ChromeleonLocal/ChromeleonLocal/Finalized Auto SRM Files/042121 SRM Runs_1.seq/786.smp",,,"chrom://desktop-1oq4i3b/ChromeleonLocal/ChromeleonLocal/Finalized Auto SRM Files/042121 SRM Runs_1.seq/Full Scan Method.instmeth",,,"chrom://desktop-1oq4i3b/ChromeleonLocal/ChromeleonLocal/Finalized Auto SRM Files/042121 SRM Runs_1.seq/SRM Processing Method.procmeth","FALSE",,"0",,"0.0000000000000000E+00","0.0000000000000000E+00","0.0000000000000000E+00",,,,"FALSE"
"2","3","23691","3","UNKNOWN","V","3","1.0000000000000000E+00","chrom://desktop-1oq4i3b/ChromeleonLocal/ChromeleonLocal/Finalized Auto SRM Files/042121 SRM Runs_1.seq/254.smp",,,"chrom://desktop-1oq4i3b/ChromeleonLocal/ChromeleonLocal/Finalized Auto SRM Files/042121 SRM Runs_1.seq/Full Scan Method.instmeth",,,"chrom://desktop-1oq4i3b/ChromeleonLocal/ChromeleonLocal/Finalized Auto SRM Files/042121 SRM Runs_1.seq/SRM Processing Method.procmeth","FALSE",,"0",,"0.0000000000000000E+00","0.0000000000000000E+00","0.0000000000000000E+00",,,,"FALSE"
