﻿CONFIG_ITEM
IDENTITY,OPERATOR,GROUP_NAME,VALUE
30,10,10,255
                      97
"EXPLORER_ALLOW_MODIFY_MENU","AMSLOAN",,"FALSE"
"EXPLORER_ALLOW_MODIFY_MENU","PNDSTTEST",,"FALSE"
"EXPLORER_ALLOW_MODIFY_MENU","RACETRACK",,"FALSE"
"EXPLORER_DEFAULT_PATH","AMACHELLI",,"Public Folders\RaceTrack"
"EXPLORER_DEFAULT_PATH","AMATHOMAS",,"Public Folders\RaceTrack"
"EXPLORER_DEFAULT_PATH","AMSLOAN",,"Public Folders\RaceTrack"
"EXPLORER_DEFAULT_PATH","BREYNOLDS",,"Public Folders\RaceTrack"
"EXPLORER_DEFAULT_PATH","CHOLDEN",,"Public Folders\RaceTrack"
"EXPLORER_DEFAULT_PATH","DAVIMARSHA",,"Public Folders\RaceTrack"
"EXPLORER_DEFAULT_PATH","DAVPOLOWCZ",,"Public Folders\RaceTrack"
"EXPLORER_DEFAULT_PATH","ELOPEZ",,"Public Folders\RaceTrack"
"EXPLORER_DEFAULT_PATH","EXTESTRACE",,"Public Folders\RaceTrack"
"EXPLORER_DEFAULT_PATH","HPRACEADM",,"Public Folders\RaceTrack"
"EXPLORER_DEFAULT_PATH","INAVARRETO",,"Public Folders\RaceTrack"
"EXPLORER_DEFAULT_PATH","JANEYSMITH",,"Public Folders\RaceTrack"
"EXPLORER_DEFAULT_PATH","JFLORES",,"Public Folders\RaceTrack"
"EXPLORER_DEFAULT_PATH","JKLEPPINGE",,"Public Folders\RaceTrack"
"EXPLORER_DEFAULT_PATH","JLEES",,"Public Folders\RaceTrack"
"EXPLORER_DEFAULT_PATH","JMEAD",,"Public Folders\RaceTrack"
"EXPLORER_DEFAULT_PATH","LAURENWILL",,"Public Folders\RaceTrack"
"EXPLORER_DEFAULT_PATH","LKARCHNER",,"Public Folders\RaceTrack"
"EXPLORER_DEFAULT_PATH","LSCOTT",,"Public Folders\RaceTrack"
"EXPLORER_DEFAULT_PATH","MPRACEADM",,"Public Folders\RaceTrack"
"EXPLORER_DEFAULT_PATH","MPRACEADM2",,"Public Folders\RaceTrack"
"EXPLORER_DEFAULT_PATH","PDRACEADM",,"Public Folders\RaceTrack"
"EXPLORER_DEFAULT_PATH","PIRACEADM",,"Public Folders\RaceTrack"
"EXPLORER_DEFAULT_PATH","PNDSTTEST",,"Public Folders\RaceTrack"
"EXPLORER_DEFAULT_PATH","PNRACEADM",,"Public Folders\RaceTrack"
"EXPLORER_DEFAULT_PATH","PNRACEADM2",,"Public Folders\RaceTrack"
"EXPLORER_DEFAULT_PATH","PXRACEADM",,"Public Folders\RaceTrack"
"EXPLORER_DEFAULT_PATH","PXRACEADM2",,"Public Folders\RaceTrack"
"EXPLORER_DEFAULT_PATH","PXRACEADSI",,"Public Folders\RaceTrack SI"
"EXPLORER_DEFAULT_PATH","RACETRACK",,"Public Folders\RaceTrack"
"EXPLORER_DEFAULT_PATH","RCARAZAS",,"Public Folders\RaceTrack"
"EXPLORER_DEFAULT_PATH","RCOWDEN",,"Public Folders\RaceTrack"
"EXPLORER_DEFAULT_PATH","RECEIPT",,"Public Folders\PETRL\Specimen Receipt by Job"
"EXPLORER_DEFAULT_PATH","RKEELER",,"Public Folders\RaceTrack"
"EXPLORER_DEFAULT_PATH","RNOBLETT",,"Public Folders\RaceTrack"
"EXPLORER_DEFAULT_PATH","SVOELKNER",,"Public Folders\RaceTrack"
"EXPLORER_DEFAULT_PATH","VHOADLEY",,"Public Folders\RaceTrack"
"EXPLORER_DEFAULT_PATH","WBIEL",,"Public Folders\RaceTrack"
"EXPLORER_DEFAULT_PATH","WMCCOOL",,"Public Folders\RaceTrack"
"EXPLORER_MENU","AMACHELLI",,"RACETRACK"
"EXPLORER_MENU","AMATHOMAS",,"RACETRACK"
"EXPLORER_MENU","AMSLOAN",,"RACETRACK"
"EXPLORER_MENU","BREYNOLDS",,"RACETRACK"
"EXPLORER_MENU","CHOLDEN",,"RACETRACK"
"EXPLORER_MENU","DAVIMARSHA",,"RACETRACK"
"EXPLORER_MENU","DAVPOLOWCZ",,"RACETRACK"
"EXPLORER_MENU","ELOPEZ",,"RACETRACK"
"EXPLORER_MENU","HPRACEADM",,"RACETRACK"
"EXPLORER_MENU","INAVARRETO",,"RACETRACK"
"EXPLORER_MENU","JANEYSMITH",,"RACETRACK"
"EXPLORER_MENU","JFLORES",,"RACETRACK"
"EXPLORER_MENU","JKLEPPINGE",,"RACETRACK"
"EXPLORER_MENU","JLEES",,"RACETRACK"
"EXPLORER_MENU","JMEAD",,"RACETRACK"
"EXPLORER_MENU","LKARCHNER",,"RACETRACK"
"EXPLORER_MENU","LSCOTT",,"RACETRACK"
"EXPLORER_MENU","MPRACEADM",,"RACETRACK"
"EXPLORER_MENU","MPRACEADM2",,"RACETRACK"
"EXPLORER_MENU","PDRACEADM",,"RACETRACK"
"EXPLORER_MENU","PIRACEADM",,"RACETRACK"
"EXPLORER_MENU","PNDSTTEST",,"RACETRACK"
"EXPLORER_MENU","PNRACEADM",,"RACETRACK"
"EXPLORER_MENU","PNRACEADM2",,"RACETRACK"
"EXPLORER_MENU","PXRACEADM",,"RACETRACK"
"EXPLORER_MENU","PXRACEADM2",,"RACETRACK"
"EXPLORER_MENU","PXRACEADSI",,"RACETRACK"
"EXPLORER_MENU","RACETRACK",,"RACETRACK"
"EXPLORER_MENU","RCARAZAS",,"RACETRACK"
"EXPLORER_MENU","RCOWDEN",,"RACETRACK"
"EXPLORER_MENU","RKEELER",,"RACETRACK"
"EXPLORER_MENU","RNOBLETT",,"RACETRACK"
"EXPLORER_MENU","SVOELKNER",,"RACETRACK"
"EXPLORER_MENU","VHOADLEY",,"RACETRACK"
"EXPLORER_MENU","WBIEL",,"RACETRACK"
"EXPLORER_MENU","WMCCOOL",,"RACETRACK"
"EXPLORER_PROP_LINKS","PNDSTTEST",,"TRUE"
"EXPLORER_RMB_SHOW_MENU_REPORTS","PIRACEADM",,"FALSE"
"EXPLORER_RMB_SHOW_MENU_REPORTS","PNDSTTEST",,"TRUE"
"EXPLORER_RMB_SHOW_MENU_REPORTS","RACETRACK",,"FALSE"
"EXPLORER_RMB_SHOW_REPORTS","HPRACEADM",,"FALSE"
"EXPLORER_RMB_SHOW_REPORTS","PIRACEADM",,"FALSE"
"EXPLORER_RMB_SHOW_REPORTS","PNDSTTEST",,"FALSE"
"EXPLORER_RMB_SHOW_REPORTS","PXRACEADM2",,"FALSE"
"EXPLORER_RMB_SHOW_REPORTS","PXRACEADSI",,"FALSE"
"EXPLORER_RMB_SHOW_REPORTS","RACETRACK",,"FALSE"
"EXPLORER_SHOW_EDIT","PNDSTTEST",,"FALSE"
"PDFOUT_FORMAT","GARYW",,"PNG16M"
"SMP_RUNONCE_REPORT","DST",,
"SMP_RUNONCE_REPORT","EVANXUE",,
"SMP_RUNONCE_REPORT","EXTESTCHEM",,
"SMP_RUNONCE_REPORT","GARYW",,
"SMP_RUNONCE_REPORT","HODYT",,
"SMP_RUNONCE_REPORT","SETHH",,
"SMP_RUNONCE_REPORT","SYSTEM",,
