﻿CONFIG_HEADER
IDENTITY,MODIFIABLE,REMOVEFLAG,USER_MODIFIABLE,DESCRIPTION,DATA_TYPE,LIBRARY,ROUTINE,VALUE,CATEGORY,CLIENT_ITEM
30,1,1,1,255,10,20,80,255,10,1
                     389
"ACCESS_LOG_MODE","TRUE","FALSE","FALSE","Access Log Mode","ROUTINE","$CONFIG_PROMPT","ACCESSLOGMODE","FULL","SECURITY","FALSE"
"ACTIVITY_LOG_ENABLED","TRUE","FALSE","FALSE","Enable or disable the activity log","BOOLEAN",,,"TRUE","SYSTEM","FALSE"
"ALLOW_STATUS_SUPPRESS","TRUE","FALSE","FALSE","Allow suppression of status checking","ROUTINE","$CONFIG_PROMPT","ALLOW_STATUS_SUPPRESS","FALSE","SECURITY","FALSE"
"APPROVAL_CHECK_ENABLED","TRUE","FALSE","FALSE","Enable Operator Approval Checking","ROUTINE","$CONFIG_PROMPT","APPROVAL_CHECK_ENABLED","FALSE","APPROVAL","FALSE"
"APPROVAL_EXCLUDE_SUBMITTER","TRUE","FALSE","FALSE","Exclude the submitter from performing a role based inspection on the record they submitted","BOOLEAN",,,"TRUE","APPROVAL","FALSE"
"APPROVAL_INSPECT_SECURITY","TRUE","FALSE","FALSE","Level of security for inspection plans","ROUTINE","$CONFIG_PROMPT","APPROVAL_INSPECT_SECURITY","LOW","APPROVAL","FALSE"
"APPROVAL_SINGLE_ACTIVE_VERSION","TRUE","FALSE","FALSE","If true, only one version may be active at any one time","BOOLEAN",,,"FALSE","APPROVAL","FALSE"
"APPROVAL_SUBMIT_ON_ADD","TRUE","FALSE","FALSE","Auto-submit when adding records to tables with approval","ROUTINE","$CONFIG_PROMPT","APPROVAL_SUBMIT_ON_ADD","TRUE","APPROVAL","FALSE"
"APPROVAL_UNIQUE_APPROVER","TRUE","FALSE","FALSE","If true, the same user cant approve a record twice","BOOLEAN",,,"TRUE","APPROVAL","FALSE"
"ARCHIVE_TABLE_SET","TRUE","FALSE","TRUE","Archive table set","ROUTINE","$CONFIG_PROMPT","ARCHIVE_TABLE_SET","ARCHIVE_TABLE_SET","SYSTEM","FALSE"
"ATLAS_TEMPLATE_EXT","TRUE","FALSE","FALSE","Atlas method template extension","TEXT",,,,"EXTERNAL","FALSE"
"ATLAS_TEMPLATES","TRUE","FALSE","FALSE","Atlas template directory as fully qualified path e.g. \\ATLAS_HOST\D_DRIVE\ATLAS\TEMPLATES","TEXT",,,,"EXTERNAL","FALSE"
"AUDIT_FLAGS_ENABLED","TRUE","FALSE","FALSE","Enable the auditing flags","ROUTINE","$CONFIG_PROMPT","AUDIT_FLAGS_ENABLED","FALSE","AUDITING","FALSE"
"AUDIT_VALID_REASON","TRUE","FALSE","FALSE","If TRUE the user must select an audit reason from the AUDIT_TEXT phrase. If FALSE, free format text may also be entered.","BOOLEAN",,,"FALSE","AUDITING","FALSE"
"AUTO_OPERATOR","TRUE","FALSE","FALSE","Operator ID to indicate that auto-validation was performed ie the operator assumed to be running the background validation","TEXT",,,"AUTO_SYSTEM","APPROVAL","FALSE"
"AUTO_VALIDATE","TRUE","FALSE","FALSE","Used to switch automatic job, sample and test validation On or Off","BOOLEAN",,,"FALSE","APPROVAL","FALSE"
"AUTO_VALIDATE_JOB_STATUS_SAMP","TRUE","FALSE","FALSE","Allows the inclusion of Samples of status X and R when determining if Job is auto authorised","ROUTINE","$CONFIG_PROMPT","AUTO_VALIDATE_STATUS","TRUE","APPROVAL","FALSE"
"AUTO_VALIDATE_SAMP_STATUS_TEST","TRUE","FALSE","FALSE","Allows the inclusion of Tests of status X and R when determining if Sample is auto authorised","ROUTINE","$CONFIG_PROMPT","AUTO_VALIDATE_STATUS","TRUE","APPROVAL","FALSE"
"BARCODE_NAME","TRUE","FALSE","TRUE","Default barcode Report ID","ROUTINE","$CONFIG_PROMPT","BARCODE_NAME","$SAMPLABEL","REPORTING","FALSE"
"BATCH_AUTHORISE_TEST","TRUE","FALSE","FALSE","Authorise test on batch authorisation","BOOLEAN",,,"TRUE","BATCH","FALSE"
"BATCH_BLANK_CATEGORY","TRUE","FALSE","FALSE","Batch blanks use blank category","BOOLEAN",,,"TRUE","BATCH","FALSE"
"BATCH_INSPECT","TRUE","FALSE","FALSE","Batch Inspection required before authorisation","BOOLEAN",,,"FALSE","BATCH","FALSE"
"BROWSE_CONFIRM_RESTART","TRUE","FALSE","TRUE","Prompt user whether wish to restart browse","ROUTINE","$CONFIG_PROMPT","BROWSE_CONFIRM_RESTART","TRUE","BROWSE","FALSE"
"BROWSE_DEFAULT_PRELOAD","TRUE","FALSE","TRUE","Number of pre fetched browse pages","INTEGER",,,"2","BROWSE","FALSE"
"BROWSE_DEFAULT_ROLLBACK","TRUE","FALSE","TRUE","Number of reverse browse pages","ROUTINE","$CONFIG_PROMPT","BROWSE_DEFAULT_ROLLBACK","4","BROWSE","FALSE"
"BROWSE_MORE_AMOUNT","TRUE","FALSE","TRUE","How many rows should be loaded into the Browse list. 0 Means all applicable roles.","INTEGER",,,"100","BROWSE","FALSE"
"BROWSE_RECORDS_AUTOLOAD","TRUE","FALSE","TRUE","Should the record browser load the browse list automatically or does the user have to click on the list to load","BOOLEAN",,,"TRUE","BROWSE","FALSE"
"BROWSE_RECORDS_SHOW_LIST","TRUE","FALSE","TRUE","When prompting for a record should the full record browser be shown?","BOOLEAN",,,"TRUE","BROWSE","FALSE"
"BROWSE_RECORDS_SHOW_LOCATE_BAR","TRUE","FALSE","TRUE","When prompting for a record should the Location bar be shown?","BOOLEAN",,,"FALSE","BROWSE","FALSE"
"BROWSE_SAMPLE_BLOCK_SIZE","TRUE","FALSE","TRUE","Number of samples read at a time on a browse","ROUTINE","$CONFIG_PROMPT","BROWSE_SAMPLE_BLOCK_SIZE","0","BROWSE","FALSE"
"BROWSE_SHOW_SELECTION","TRUE","FALSE","TRUE","When displaying the browse window should the current selection prompt be shown?","BOOLEAN",,,"FALSE","BROWSE","FALSE"
"BROWSE_TYPE","TRUE","FALSE","TRUE","Defines how browse filtering works when the user types characters into a browse prompt.","ROUTINE","$CONFIG_PROMPT","BROWSE_TYPE","POSITIONF","BROWSE","FALSE"
"CHROMATOGRAPHY_SOFTWARE","TRUE","FALSE","TRUE","Chromatography Software","ROUTINE","$CONFIG_PROMPT","CHROMATOGRAPHY_SOFTWARE","XCHROM","EXTERNAL","FALSE"
"CHROMELEON_INSTRUMENT_MAP","TRUE","FALSE","FALSE","Chromeleon Link Instrument Mapping Mode","ROUTINE","$CONFIG_PROMPT","CHROMELEONINSTRUMENTMAPPING","MANY","EXTERNAL","FALSE"
"CLOCK_FORMAT","TRUE","FALSE","TRUE","Default clock format","ROUTINE","$CONFIG_PROMPT","CLOCK_FORMAT","'Time : ' DD-Mon-YYYY H24:MI","SYSTEM","FALSE"
"COAOVERRIDE","TRUE","FALSE","FALSE","Overide default data prompts in CoA","BOOLEAN",,,,,"FALSE"
"COLUMN_DEFINITION","TRUE","FALSE","FALSE","Column definitions for selection criteria","ROUTINE","$CONFIG_PROMPT","CRITERIA",,"BROWSE","FALSE"
"COMMIT_VIEW_MODE","TRUE","FALSE","TRUE","Use committed tables","ROUTINE","$CONFIG_PROMPT","COMMIT_VIEW_MODE","FALSE","SYSTEM","FALSE"
"COMMITTED_TABLE_SET","TRUE","FALSE","TRUE","Default table set","ROUTINE","$CONFIG_PROMPT","COMMITTED_TABLE_SET","DEFAULT_TABLE_SET","SYSTEM","FALSE"
"COMPILER_DEFAULT_EXP_MESS","TRUE","FALSE","TRUE","Expansion of messages at compile-time","ROUTINE","$CONFIG_PROMPT","COMPILER_DEFAULT_EXP_MESS","FALSE","SYSTEM","FALSE"
"COMPONENT_LIST_ENABLED","TRUE","FALSE","FALSE","Component Lists Enabled","BOOLEAN",,,"TRUE","SETUP","FALSE"
"COMPONENT_MATRIX_ENABLED","TRUE","FALSE","FALSE","Matrix Components Enabled","BOOLEAN",,,"TRUE","SETUP","FALSE"
"CONSIGN_NO_AUDITS","TRUE","FALSE","FALSE","Disable audits on commit / consign operations","BOOLEAN",,,"TRUE","AUDITING","FALSE"
"CONSIGN_TRIGGER_ENABLE","TRUE","FALSE","FALSE","Enable Consign Callback Routine","BOOLEAN",,,"FALSE","SYSTEM","FALSE"
"CRITERIA_USER_PROMPT_TEMPLATE","TRUE","FALSE","TRUE","Criteria User Prompt Template is the template form the criteria user prompting will use. Note all the form needs is a panel called 'promptPanel' which it will place the prompts within.","ROUTINE","$CONFIG_PROMPT","CRITERIA_USER_PROMPT_FORMS","Criteria User Prompt Template","BROWSE","FALSE"
"CUSTOM_HELP_MENU","TRUE","FALSE","FALSE","This sets the menu text for the custom help menu.","ROUTINE","$CONFIG_PROMPT","CUSTOMTEXT","Custom Help",,"FALSE"
"CUSTOM_HELP_MENU_OPTION","TRUE","FALSE","FALSE","This sets what menu option is called when the custom help menu item is selected.","ROUTINE","$CONFIG_PROMPT","VALIDMASTERMENU","15431",,"FALSE"
"DATABASE_BLOB_SIZE","TRUE","FALSE","TRUE","Size of the memory block used to read/write blobs in the database, 0 uses the current file size","INTEGER",,,"65536","SYSTEM","FALSE"
"DEFAULT_DATE_FORMAT","TRUE","FALSE","TRUE","Default Format for Dates","ROUTINE","$CONFIG_PROMPT","DEFAULT_DATE_FORMAT","DD-MON-YYYY H24:MI:SS.CC","SYSTEM","FALSE"
"DEFAULT_ICON","TRUE","FALSE","FALSE","The default icon for menus","TEXT",,"DEFAULT_ICON","DIALOG","SYSTEM","FALSE"
"DEFAULT_LAUNCHER","TRUE","FALSE","FALSE","Show the Quick Launcher by default","BOOLEAN",,,"TRUE",,"FALSE"
"DEFAULT_STATUS","TRUE","FALSE","FALSE","Default sample login status","ROUTINE","$CONFIG_PROMPT","DEFAULT_STATUS","W","SAMPLE","FALSE"
"DEFAULT_TRANSLATION_TAG","TRUE","FALSE","FALSE","The default tag to use on neutral fields when entering a translation, use {0} to position the language code","TEXT",,,,"SYSTEM","FALSE"
"DEFINE_OPEN_ENDED","TRUE","FALSE","FALSE","Open ended limits are in spec","ROUTINE","$CONFIG_PROMPT","DEFINE_OPEN_ENDED","OUT_SPEC","SETUP","FALSE"
"DILUTION_DEFAULT_ENABLE","TRUE","FALSE","FALSE","Enable default dilution factors","BOOLEAN",,,"TRUE","RESULT","FALSE"
"DILUTION_ENABLE","TRUE","FALSE","FALSE","Enable dilution factors","BOOLEAN",,,"TRUE","RESULT","FALSE"
"DISREGARD_SILENT_AUDITS","TRUE","FALSE","FALSE","Are silent audits to be ignored","ROUTINE","$CONFIG_PROMPT","DISREGARD_SILENT_AUDITS","FALSE","AUDITING","FALSE"
"DM_API_ENABLED","TRUE","FALSE","FALSE","If true, the Data Manager Servers will accept commands from the Application Programming Interface (API).","BOOLEAN",,,"FALSE","DM","FALSE"
"DM_DELETE_DATA_PACKAGES","TRUE","FALSE","FALSE","If true, Delete Data Packages is allowed.","BOOLEAN",,,"TRUE","DM","FALSE"
"DM_EVENT_ENTRY_MAX_ROWCOUNT","TRUE","FALSE","FALSE","The maximum number of events allowed in the Event Entry table, -1 means ALL (i.e. Do not remove any)","INTEGER",,,"-1","DM","FALSE"
"DM_RECONVERT_DATA_PACKAGES","TRUE","FALSE","FALSE","If true, ReConvert Data Packages is allowed.","BOOLEAN",,,"TRUE","DM","FALSE"
"DM_VERSION_DATA_PACKAGES","TRUE","FALSE","FALSE","If the files have been modified since packaging, a new Data Package is created. If this flag is enabled, the Data Package is linked to the existing Data Package as a new version.","BOOLEAN",,,"TRUE","DM","FALSE"
"DP_DORMANT_INTERVAL","TRUE","FALSE","FALSE","The interval the data pipe dispatcher will wait before rescanning the data trail.","INTERVAL",,,"0 00:0:05.00","EXTERNAL","FALSE"
"DP_LOG_STATUS","TRUE","FALSE","FALSE","The status values of the errors/information coming from the destination routine that will be logged by the dispatcher","TEXT",,,"SIWEFA","EXTERNAL","FALSE"
"DP_RESUBMIT_INTERVAL","TRUE","FALSE","FALSE","The interval for resubmission for data trail entries that have been flagged for resubmission.","INTERVAL",,,"0 00:10:00.00","EXTERNAL","FALSE"
"EDIT_TESTS","TRUE","FALSE","FALSE","True if edit tests by default","ROUTINE","$CONFIG_PROMPT","EDIT_TESTS","TRUE","SAMPLE","FALSE"
"EMLP_ADD_MISSING_COMP","TRUE","FALSE","FALSE","Allows the user to add missing results to a test","BOOLEAN",,,"TRUE","SYSTEM","FALSE"
"EMLP_ADD_MISSING_TEST","TRUE","FALSE","FALSE","Allows the user the abilty to add missing tests to the entity","BOOLEAN",,,"TRUE","SYSTEM","FALSE"
"EMLP_APRIORI_PASS","TRUE","FALSE","FALSE","Indicates whether or not emlp comparisons have an apriori pass status.","BOOLEAN",,,"TRUE","SYSTEM","FALSE"
"EMLP_UPDATE_DB","TRUE","FALSE","FALSE","Indicates whether or not the user can save the comparison against the entity","BOOLEAN",,,"FALSE","SYSTEM","FALSE"
"EMPTY_JOBS_AVAILABLE","TRUE","FALSE","FALSE","Jobs created with 0 samples are 'V'","ROUTINE","$CONFIG_PROMPT","EMPTY_JOBS_AVAILABLE","FALSE","JOB","FALSE"
"EMPTY_SAMPLES_AVAILABLE","TRUE","FALSE","FALSE","Samples logged in with 0 tests are 'V'","ROUTINE","$CONFIG_PROMPT","EMPTY_SAMPLES_AVAILABLE","FALSE","SAMPLE","FALSE"
"ERROR_FILE_KEEP","TRUE","FALSE","FALSE","Keep VGL crash dumps after showing to current user","BOOLEAN",,,"TRUE","SECURITY","FALSE"
"ESIG_ASK_USERNAME","TRUE","FALSE","FALSE","Prompt for username if TRUE, Display current username if FALSE. Domain authentication always prompts.","BOOLEAN",,,"FALSE","SECURITY","FALSE"
"ESIG_AUTH_JOB_HEADER","TRUE","FALSE","FALSE","Tables to checksum on Job Header Authorization","TEXT",,,,"SECURITY","FALSE"
"ESIG_AUTH_R_JOB_HEADER","TRUE","FALSE","FALSE","Esig reason given on Job Header Authorization","TEXT",,,,"SECURITY","FALSE"
"ESIG_AUTH_R_RESULT","TRUE","FALSE","FALSE","Esig reason given on Result Authorization","TEXT",,,,"SECURITY","FALSE"
"ESIG_AUTH_R_SAMPLE","TRUE","FALSE","FALSE","Esig reason given on Sample Authorization","TEXT",,,,"SECURITY","FALSE"
"ESIG_AUTH_R_TEST","TRUE","FALSE","FALSE","Esig reason given on Test Authorization","TEXT",,,,"SECURITY","FALSE"
"ESIG_AUTH_RESULT","TRUE","FALSE","FALSE","Tables to checksum on Result Authorization","TEXT",,,,"SECURITY","FALSE"
"ESIG_AUTH_SAMPLE","TRUE","FALSE","FALSE","Tables to checksum on Sample Authorization","TEXT",,,,"SECURITY","FALSE"
"ESIG_AUTH_TEST","TRUE","FALSE","FALSE","Tables to checksum on Test Authorization","TEXT",,,,"SECURITY","FALSE"
"ESIG_FAILURE_DISTRIBUTION","TRUE","FALSE","FALSE","List of operators to mail failure messages to","TEXT",,,"SYSTEM","SECURITY","FALSE"
"ESIG_MANDATORY_COMMENT","TRUE","FALSE","FALSE","The user can not leave the prompt without entering a comment","BOOLEAN",,,"FALSE","SECURITY","FALSE"
"ESIG_MESSAGE_ON_CANCEL","TRUE","FALSE","FALSE","Send a failure mail message on pressing Cancel on Esig screen","BOOLEAN",,,"TRUE","SECURITY","FALSE"
"ESIG_PASSWORD_ATTEMPTS","TRUE","FALSE","FALSE","Number of password entry attempts on Esig signing screen","INTEGER",,,"3","SECURITY","FALSE"
"EXPLORER_ALLOW_MODIFY_MENU","TRUE","FALSE","FALSE","Should the user be allowed to modify the menu","BOOLEAN",,,"TRUE","EXPLORER","FALSE"
"EXPLORER_DEFAULT_PATH","TRUE","FALSE","FALSE","The default path where the explorer opens e.g. PublicFolders\General\Samples","TEXT",,,"Public Folders\General","EXPLORER","FALSE"
"EXPLORER_GROUP","TRUE","FALSE","FALSE","Should an Explorer Cabinet be Created for this Users Group","BOOLEAN",,,"TRUE","EXPLORER","FALSE"
"EXPLORER_GROUPING_COUNT","TRUE","FALSE","FALSE","Display the number of items in each level of grouping?","BOOLEAN",,,"TRUE","EXPLORER","FALSE"
"EXPLORER_INLINE_REFRESH","TRUE","FALSE","TRUE","Navigator tree inline floating refresh","BOOLEAN",,,"TRUE","SYSTEM","FALSE"
"EXPLORER_MAX_ROWS","TRUE","FALSE","FALSE","The maximum number of rows that can be loaded into a List Control.","INTEGER",,,"     10000","EXPLORER","FALSE"
"EXPLORER_MAX_TREE_NODES","TRUE","FALSE","FALSE","Maximum Number of Tree Nodes when Expanding a Hierarchy","INTEGER",,,"       200","EXPLORER","FALSE"
"EXPLORER_MENU","TRUE","FALSE","TRUE","Prefered menu for the explorer","ROUTINE","$CONFIG_PROMPT","EXPLORER_MENU","SYSTEM","EXPLORER","FALSE"
"EXPLORER_MORE_AMOUNT","TRUE","FALSE","FALSE","How many rows should be loaded into the Explorer List. 0 Means all applicable roles.","INTEGER",,,"250","EXPLORER","FALSE"
"EXPLORER_MYTASKS","TRUE","FALSE","TRUE","Prefered list of My Tasks in the NavBar","ROUTINE","$CONFIG_PROMPT","EXPLORER_MYTASKS","SYSTEM","EXPLORER","FALSE"
"EXPLORER_MYTASKS_EDIT","TRUE","FALSE","TRUE","Allow the user to modify the Mytasks Explorer section. If set, it shows all items even if the user cannot select them.","BOOLEAN",,,"FALSE","EXPLORER","FALSE"
"EXPLORER_PROP_AUDIT","TRUE","FALSE","TRUE","Display Audits tab on properties dialog","BOOLEAN",,,"TRUE","EXPLORER","FALSE"
"EXPLORER_PROP_ESIG","TRUE","FALSE","TRUE","Display Esig tab on properties dialog","BOOLEAN",,,"TRUE","EXPLORER","FALSE"
"EXPLORER_PROP_LINKS","TRUE","FALSE","TRUE","Display Entity Links tab on properties dialog","BOOLEAN",,,"TRUE","EXPLORER","FALSE"
"EXPLORER_RMB_SHOW_MENU_REPORTS","TRUE","FALSE","TRUE","Include Reports from Master Menu against the entity's table in the RMB menu","BOOLEAN",,,"TRUE","EXPLORER","FALSE"
"EXPLORER_RMB_SHOW_REPORTS","TRUE","FALSE","TRUE","Include Template Reports in the RMB menu","BOOLEAN",,,"TRUE","EXPLORER","FALSE"
"EXPLORER_SAVE_PATH","TRUE","FALSE","FALSE","Save and restore the path in the explorer when it closes and reopens","BOOLEAN",,,"FALSE","EXPLORER","FALSE"
"EXPLORER_SHOW_EDIT","TRUE","FALSE","TRUE","Show the explorer components visibility options in the menu, allows the user to change them","BOOLEAN",,,"TRUE","EXPLORER","FALSE"
"EXPLORER_SHOW_FIND","TRUE","FALSE","TRUE","Show the explorer find pane on startup","BOOLEAN",,,"FALSE","EXPLORER","FALSE"
"EXPLORER_SHOW_GRID","TRUE","FALSE","TRUE","Show the explorer grid on startup","BOOLEAN",,,"TRUE","EXPLORER","FALSE"
"EXPLORER_SHOW_NAVIGATOR","TRUE","FALSE","TRUE","Show the explorer navigator pane on startup","BOOLEAN",,,"TRUE","EXPLORER","FALSE"
"EXPLORER_SHOW_STATUS_BAR","TRUE","FALSE","TRUE","Show the explorer status bar on startup","BOOLEAN",,,"TRUE","EXPLORER","FALSE"
"EXPLORER_SHOW_TASKS","TRUE","FALSE","TRUE","Show the explorer tasks pane on startup","BOOLEAN",,,"TRUE","EXPLORER","FALSE"
"EXPLORER_START_WORKSPACE","TRUE","FALSE","FALSE","Should the active workspace task get started when the explorer starts.","BOOLEAN",,,"FALSE","EXPLORER","FALSE"
"EXPLORER_STICKY_WINDOWS","TRUE","FALSE","TRUE","When TRUE all child windows will be constrained to move within the bounds to the main window.","BOOLEAN",,,"FALSE","EXPLORER","FALSE"
"EXPLORER_TAB_DEFAULT","TRUE","FALSE","FALSE","Tab identity used when tab is run from the explorer.","TEXT",,,"EXPLORER","EXPLORER","FALSE"
"EXPLORER_USER","TRUE","FALSE","FALSE","Should an Explorer Cabinet be Created for this User","BOOLEAN",,,"TRUE","EXPLORER","FALSE"
"FILE_SEARCH_CASE_SENSITIVE","TRUE","FALSE","TRUE","FILE FIND and FILE EXISTS are case sensitive","BOOLEAN",,,"FALSE","SYSTEM","FALSE"
"GROUP_MANDATORY","TRUE","FALSE","FALSE","Group field must be specified","BOOLEAN",,,"FALSE","SYSTEM","FALSE"
"GROUP_SET_USERS_DEFAULT","TRUE","FALSE","FALSE","Copy the current users default group to all data created","BOOLEAN",,,"FALSE","SYSTEM","FALSE"
"HAS_ATTACHMENT_OVERLAY_ICON","TRUE","FALSE","FALSE","Has Attachment overlay icon used in explorer grid.","ROUTINE","$CONFIG_PROMPT","ICONPROMPT","OVERLAY_NOTE","SYSTEM","FALSE"
"HELP_EDITOR","TRUE","FALSE","TRUE","When TRUE pressing CTRL+F1 will display the Help Editor for the control which has focus.","BOOLEAN",,,"FALSE","SYSTEM","FALSE"
"HIDE_DELETED","TRUE","FALSE","FALSE","True if deleted records hidden","ROUTINE","$CONFIG_PROMPT","HIDE_DELETED","TRUE","BROWSE","FALSE"
"INST_NOT_FOUND_ALLOW_ANY","TRUE","FALSE","FALSE","Can user pick any connected instrument to use if instrument specified on test record is not connected?","BOOLEAN",,,"TRUE","RESULT","FALSE"
"INST_UNSPECIFIED_ALLOW_ANY","TRUE","FALSE","FALSE","Can user pick any connected instrument to use if instrument not specified on test record?","BOOLEAN",,,"TRUE","RESULT","FALSE"
"INSTANCE_SKIN","TRUE","FALSE","FALSE","Overrides the skin for the instance","ROUTINE","$CONFIG_PROMPT","INSTANCE_SKIN",,"EXPLORER","FALSE"
"INSTRUMENT_HISTORY","TRUE","FALSE","FALSE","Enable tracking of instrument history using the auditor","BOOLEAN",,,"TRUE","SYSTEM","FALSE"
"INSTRUMENT_STATUS_INCIDENT","TRUE","FALSE","FALSE","Incident template to use on overriding an invalid instrument in Result Entry, blank value disables incident creation","ROUTINE","$CONFIG_PROMPT","INCIDENT_TEMPLATE","INSTSTOVER","SYSTEM","FALSE"
"INTEGRATION_MANAGER_INSTANCE","TRUE","FALSE","FALSE","Integration Manager Instance Name to be used when posting","TEXT",,,"PETRLSM",,"FALSE"
"INTEGRATION_MANAGER_PASSWORD","TRUE","FALSE","FALSE","Integration Manager Server Password","TEXT",,,,,"FALSE"
"INTEGRATION_MANAGER_SERVER_URL","TRUE","FALSE","FALSE","Integration Manager Server Address Address if the Integration Manager Server URL","TEXT",,,"http://petrlsms.vet.upenn.edu:50000/SampleManagerAgentPETRLSM/administration",,"FALSE"
"INTEGRATION_MANAGER_USERNAME","TRUE","FALSE","FALSE","Integration Manager Server User Name","TEXT",,,"admin",,"FALSE"
"JOB_PREFIX","TRUE","FALSE","TRUE","Job ID prefix string","ROUTINE","$CONFIG_PROMPT","JOB_PREFIX",,"JOB","FALSE"
"JOB_SUSPEND_ENABLED","TRUE","FALSE","TRUE","Job Suspend Enabled","ROUTINE","$CONFIG_PROMPT","JOB_SUSPEND_ENABLE","TRUE","JOB","FALSE"
"JOB_SYNTAX","TRUE","FALSE","TRUE","Job browse syntax string","ROUTINE","$CONFIG_PROMPT","JOB_SYNTAX","DES","JOB","FALSE"
"JOB_TRIGGER_ENABLE","TRUE","FALSE","FALSE","Enable job triggers","ROUTINE","$CONFIG_PROMPT","JOB_TRIGGER_ENABLE","FALSE","JOB","FALSE"
"KEY_TIMEOUT","TRUE","FALSE","FALSE","Keyboard timeout interval","ROUTINE","$CONFIG_PROMPT","KEY_TIMEOUT","0","SECURITY","FALSE"
"LABEL_ID","TRUE","FALSE","FALSE","Label printer ID","ROUTINE","$CONFIG_PROMPT","LABEL_ID",,"REPORTING","FALSE"
"LABELFORM","TRUE","FALSE","FALSE","Print form for label printer","ROUTINE","$CONFIG_PROMPT","LABELFORM",,"REPORTING","FALSE"
"LABTABLE_EXPLORER","TRUE","FALSE","TRUE","Labtables called by explorer","BOOLEAN",,,"FALSE","SYSTEM","FALSE"
"LABTABLE_MODE","TRUE","FALSE","TRUE","Labtable mode","ROUTINE","$CONFIG_PROMPT","LABTABLE_MODE","TRUE","SYSTEM","FALSE"
"LANGUAGE","TRUE","FALSE","TRUE","Preferred Language","ROUTINE","$CONFIG_PROMPT","LANGUAGE","ENGLISH","USER_INT","FALSE"
"LICENSE_READ_ON_EXCEED","TRUE","FALSE","FALSE","Attempt to use a read only license if all full licenses are being used","BOOLEAN",,,"TRUE","SECURITY","FALSE"
"LOCK_SCREEN","TRUE","FALSE","FALSE","Enable / Disable Locked record screen","ROUTINE","$CONFIG_PROMPT","LOCK_SCREEN","TRUE","SYSTEM","FALSE"
"LOGIN_AD_ACCESS_GROUP","TRUE","FALSE","FALSE","Active directory group. If specified, the user must be a member of this group to be allowed access.","TEXT",,,"CN=PETRL-SampleManagerUsers,OU=NBC,OU=Group Accts,DC=vet,DC=upenn,DC=edu","SYSTEM","FALSE"
"LOGIN_AD_FIELD","TRUE","FALSE","FALSE","Active directory mapping field - value is used to locate appropriate user profile","TEXT",,,"sAMAccountName","SYSTEM","FALSE"
"LOGIN_ALLOW_DOMAIN","TRUE","FALSE","FALSE","Allow Domain Authentication - uses Domain details to validate user","BOOLEAN",,,"TRUE","SYSTEM","FALSE"
"LOGIN_ALLOW_MULTI_PERSONNEL","TRUE","FALSE","FALSE","Allow a single Domain login to match mutlitple personnel records, the user can select the personnel entry to use at login","BOOLEAN",,,"TRUE","SYSTEM","FALSE"
"LOGIN_ALLOW_PROXY","TRUE","FALSE","FALSE","Allow Proxy Login - uses Domain login to locate appropriate Personnel record","BOOLEAN",,,"TRUE","SYSTEM","FALSE"
"LOGIN_DISPLAY_PREVIOUS","TRUE","FALSE","FALSE","Display the previous login date and time at startup.","BOOLEAN",,,"TRUE","SYSTEM","FALSE"
"LOGIN_LDAP_NEEDSPASSWORD","TRUE","FALSE","FALSE","True if authenticated user also needs a SampleManager password","BOOLEAN",,,"TRUE","SECURITY","FALSE"
"LOGIN_LDAP_USEAD","TRUE","FALSE","FALSE","Use Active Directory for LDAP Authentication","BOOLEAN",,,"FALSE","SECURITY","FALSE"
"LOGIN_LDAPFILTER","TRUE","FALSE","FALSE","Filter string to be used for looking up UID, use %s to position the username i.e. uid=%s","TEXT",,,,"SECURITY","FALSE"
"LOGIN_LDAPHOST","TRUE","FALSE","FALSE","LDAP host name","TEXT",,,,"SECURITY","FALSE"
"LOGIN_LDAPPORT","TRUE","FALSE","FALSE","LDAP port number","INTEGER",,,"389","SECURITY","FALSE"
"LOGIN_LDAPRESOLVERPASS","TRUE","FALSE","FALSE","Password for the LDAP resolver account","TEXT",,,,"SECURITY","FALSE"
"LOGIN_LDAPRESOLVERUSER","TRUE","FALSE","FALSE","DN for the account used in the initial bind connection, blank for anonymous access","TEXT",,,,"SECURITY","FALSE"
"LOGIN_LDAPSEARCHBASE","TRUE","FALSE","FALSE","Base directory to used for LDAP search","TEXT",,,,"SECURITY","FALSE"
"LOGIN_NAMING_CONTEXT","TRUE","FALSE","FALSE","Naming context for the Directory server for authorising Active Directory requests e.g. LDAP://dc=emea,dc=thermo,dc=com or LDAP://emea.thermo.com","TEXT",,,"LDAP://DC=vet,DC=upenn,DC=edu","SYSTEM","FALSE"
"LOGIN_PERSONNEL_FIELD","TRUE","FALSE","FALSE","Personnel mapping field - search this field to locate appropriate user profile","TEXT",,,"DESCRIPTION","SYSTEM","FALSE"
"LOGIN_USEUSERNAME","TRUE","FALSE","FALSE","Use the value entered in the username field to locate the personnel record","BOOLEAN",,,"TRUE","SECURITY","FALSE"
"LOGIN_WINNT","TRUE","FALSE","FALSE","TRUE - use WinNT domain specification, FALSE - use Active Directory / LDAP domain specification","BOOLEAN",,,"FALSE","SYSTEM","FALSE"
"LOGIN_WINNT_USENET","TRUE","FALSE","FALSE","Alternative WinNT authentication mode, FALSE - use WinNT domain specification, TRUE - use NET objects","BOOLEAN",,,"FALSE","SYSTEM","FALSE"
"MAD_COW_NUMBER","TRUE","FALSE","FALSE","Library Map Resident Time","INTEGER",,,"4","SYSTEM","FALSE"
"MAP_KEY_BING","TRUE","FALSE","TRUE","Bing API Key for Virtual Earth.","TEXT",,,,"SYSTEM","FALSE"
"MAP_TILE_URI_OSM","TRUE","FALSE","TRUE","OpenStreetMap Tile Template Uri override","TEXT",,,,"SYSTEM","FALSE"
"MASTER_TEMPLATE","TRUE","FALSE","TRUE","Master Template used by Report Templates in portrait mode","ROUTINE","$CONFIG_PROMPT","REPORT_TEMPLATE","THERMO","REPORTING","FALSE"
"MASTER_TEMPLATE_LANDSCAPE","TRUE","FALSE","TRUE","Master Template used by Report Templates in landscape mode","ROUTINE","$CONFIG_PROMPT","REPORT_TEMPLATE","THERMO_LANDSCAPE","REPORTING","FALSE"
"MAX_SYNC_SIZE","TRUE","FALSE","TRUE","Maximum file size in MB allowed for resource synchronization","INTEGER",,,"128","SYSTEM","FALSE"
"MENU_LIBRARY","TRUE","FALSE","FALSE","Menu system library name","ROUTINE","$CONFIG_PROMPT","MENU_LIBRARY","$MENU","OBSOLETE","FALSE"
"MENU_PROMPT","TRUE","FALSE","TRUE","Menu option prompt string","ROUTINE","$CONFIG_PROMPT","MENU_PROMPT","Option >","OBSOLETE","FALSE"
"MENU_ROUTINE","TRUE","FALSE","FALSE","Menu system routine name","ROUTINE","$CONFIG_PROMPT","MENU_ROUTINE","MENU_MAIN","OBSOLETE","FALSE"
"MESSAGING_INTERVAL","TRUE","FALSE","FALSE","The interval the server will wait before rescanning for new messages.","INTERVAL",,,"   0 00:03:00.00","SYSTEM","FALSE"
"MESSAGING_NOTIFICATION","TRUE","FALSE","FALSE","This enables notification of internal messages on the status bar by displaying an envelope.","BOOLEAN",,,"TRUE","SYSTEM","FALSE"
"MESSAGING_WARN_THRESHOLD","TRUE","FALSE","FALSE","Number of messages allowed in the messaging system before the user is warned, 0 disables this feature","INTEGER",,,"100","SYSTEM","FALSE"
"MLP_INDETERMINATE_INSPEC","TRUE","FALSE","FALSE","Results with sign compare just the number i.e. Result <5 is inspec for range 4 to 10","BOOLEAN",,,"TRUE","RESULT","FALSE"
"MLP_ROUNDING","TRUE","FALSE","FALSE","Round the result to the MLP specified places before comparing with MLP","BOOLEAN",,,"TRUE","RESULT","FALSE"
"MRU_COMMAND_LIST_MAX","TRUE","FALSE","TRUE","Maximum entries in the command most-recently-used list; 0 to disable feature","ROUTINE","$CONFIG_PROMPT","MRU_COMMAND_LIST_MAX","10","USER_INT","FALSE"
"MRU_VALUE_LIST_MAX","TRUE","FALSE","TRUE","Maximum entries in the field value's most-recently-used list","ROUTINE","$CONFIG_PROMPT","MRU_VALUE_LIST_MAX","10","USER_INT","FALSE"
"PAGE_LENGTH","TRUE","FALSE","FALSE","Default page length","ROUTINE","$CONFIG_PROMPT","PAGE_LENGTH","61","REPORTING","FALSE"
"PDFOUT_FORMAT","TRUE","FALSE","FALSE"," PdfConverter OutputFormat","ROUTINE","$CONFIG_PROMPT","pdfout_format","png16m","PDFCONVERT","FALSE"
"PDFOUT_RESX","TRUE","FALSE","FALSE"," PdfConverter ResolutionX","INTEGER",,,"300","PDFCONVERT","FALSE"
"PDFOUT_RESY","TRUE","FALSE","FALSE"," PdfConverter ResolutionY","INTEGER",,,"300","PDFCONVERT","FALSE"
"POSTSCRIPT_PAPER_SIZE","TRUE","FALSE","FALSE","POSTSCRIPT paper size","ROUTINE","$CONFIG_PROMPT","POSTSCRIPT_PAPER_SIZE","LETTER","REPORTING","FALSE"
"PQL_ENABLE","TRUE","FALSE","FALSE","Enable Practical Quantifiable Limits","BOOLEAN",,,"TRUE","RESULT","FALSE"
"PQL_SET_RESULT","TRUE","FALSE","FALSE","Adjust result text to display PQL limit","BOOLEAN",,,"TRUE","RESULT","FALSE"
"PRINT_DEBUG","TRUE","FALSE","FALSE","List label can be run in debug mode, when TRUE a log file be created in the \ListLabel\ListLabel.log","BOOLEAN",,,"FALSE","REPORTING","FALSE"
"PRINT_FOOTER_CENTER","TRUE","FALSE","TRUE","Text displayed on the center of the footer.","TEXT",,,,"PRINT_GRID","FALSE"
"PRINT_FOOTER_LEFT","TRUE","FALSE","TRUE","Text displayed on the left of the footer.","TEXT",,,"Page [Page # of Pages #]","PRINT_GRID","FALSE"
"PRINT_FOOTER_RIGHT","TRUE","FALSE","TRUE","Text displayed on the right of the footer.","TEXT",,,"[Date Printed]","PRINT_GRID","FALSE"
"PRINT_HEADER_CENTER","TRUE","FALSE","TRUE","Text displayed on the center of the footer.","TEXT",,,,"PRINT_GRID","FALSE"
"PRINT_HEADER_LEFT","TRUE","FALSE","TRUE","Text displayed on the left of the footer.","TEXT",,,,"PRINT_GRID","FALSE"
"PRINT_HEADER_RIGHT","TRUE","FALSE","TRUE","Text displayed on the right of the footer.","TEXT",,,"[Image 0]","PRINT_GRID","FALSE"
"PRINT_LANDSCAPE","TRUE","FALSE","TRUE","Explorer grid printing defaults to landscape.","BOOLEAN",,,"FALSE","PRINT_GRID","FALSE"
"PRINT_PAPER_KIND","TRUE","FALSE","TRUE","Explorer grid printing default paper kind, case sensitive - see Microsoft help on Paperkind for allowed values e.g A4, Letter.","TEXT",,,"Letter","PRINT_GRID","FALSE"
"PRINTER_CODES","TRUE","FALSE","FALSE","Enable Printer Codes","ROUTINE","$CONFIG_PROMPT","PRINTER_CODES","TRUE","REPORTING","FALSE"
"PRINTER_FONT_POINTSIZE","TRUE","FALSE","TRUE","Default pointsize for literal output","INTEGER",,,"12","REPORTING","FALSE"
"PROMPT_USE_NAMES","TRUE","FALSE","TRUE","Use names instead of identities where appropriate","BOOLEAN",,,"TRUE","USER_INT","FALSE"
"PROMPT_ZAP_DATE","TRUE","FALSE","TRUE","Zap on first for date prompts","ROUTINE","$CONFIG_PROMPT","PROMPT_ZAP_DATE","FALSE","USER_INT","FALSE"
"PROMPT_ZAP_IDENTITY","TRUE","FALSE","TRUE","Zap on first for identity prompts","ROUTINE","$CONFIG_PROMPT","PROMPT_ZAP_IDENTITY","TRUE","USER_INT","FALSE"
"PROMPT_ZAP_INTEGER","TRUE","FALSE","TRUE","Zap on first for integer prompts","ROUTINE","$CONFIG_PROMPT","PROMPT_ZAP_INTEGER","TRUE","USER_INT","FALSE"
"PROMPT_ZAP_REAL","TRUE","FALSE","TRUE","Zap on first for real prompts","ROUTINE","$CONFIG_PROMPT","PROMPT_ZAP_REAL","TRUE","USER_INT","FALSE"
"PROMPT_ZAP_TEXT","TRUE","FALSE","TRUE","Zap on first for text prompts","ROUTINE","$CONFIG_PROMPT","PROMPT_ZAP_TEXT","FALSE","USER_INT","FALSE"
"PROPERTYSHEET_REMEMBER_TAB","TRUE","FALSE","TRUE","Remember which tab you are on in properties dialog","BOOLEAN",,,"FALSE","EXPLORER","FALSE"
"PRT_LOCAL","TRUE","FALSE","TRUE","True if local printer enabled","ROUTINE","$CONFIG_PROMPT","PRT_LOCAL","FALSE","REPORTING","FALSE"
"PSWD_EXPIRY_INTERVAL","TRUE","FALSE","FALSE","Default password expiry interval","INTEGER",,,"0","SECURITY","FALSE"
"PSWD_GRACE_PERIOD","TRUE","FALSE","FALSE","Number of days before user is reminded that password will expire","INTEGER",,,,"SECURITY","FALSE"
"PSWD_IP_FREEZING","TRUE","FALSE","FALSE","Implement IP address freezing after a number of failed login attempts","BOOLEAN",,,"TRUE","SECURITY","FALSE"
"PSWD_LOGINS_BEFORE_EXIT","TRUE","FALSE","FALSE","Number of login failures before server exits","INTEGER",,,"3","SECURITY","FALSE"
"PSWD_LOGINS_BEFORE_FREEZE","TRUE","FALSE","FALSE","Number of login failures before user account is frozen","INTEGER",,,"0","SECURITY","FALSE"
"PSWD_MAX_CHAR_REPEAT","TRUE","FALSE","FALSE","Maximum consecutive repeating characters.","INTEGER",,,"0","SECURITY","FALSE"
"PSWD_MIN_LENGTH","TRUE","FALSE","FALSE","Minimum length of passwords","INTEGER",,,"0","SECURITY","FALSE"
"PSWD_REQ_LOWER","TRUE","FALSE","FALSE","Password requires lower case letter","BOOLEAN",,,"FALSE","SECURITY","FALSE"
"PSWD_REQ_NUMBER","TRUE","FALSE","FALSE","Password requires number","BOOLEAN",,,"FALSE","SECURITY","FALSE"
"PSWD_REQ_SPECIAL","TRUE","FALSE","FALSE","Password requires special character","BOOLEAN",,,"FALSE","SECURITY","FALSE"
"PSWD_REQ_UPPER","TRUE","FALSE","FALSE","Password requires upper case letter","BOOLEAN",,,"FALSE","SECURITY","FALSE"
"PSWD_REUSE","TRUE","FALSE","FALSE","Number of password changes required before the current password can be reused.","ROUTINE","$CONFIG_PROMPT","PSWDREUSE","0","SECURITY","FALSE"
"PSWD_SAVE_OS_USERNAME","TRUE","FALSE","FALSE","Is save operating system username check box enabled?","BOOLEAN",,,"TRUE","SECURITY","FALSE"
"PSWD_SAVE_SM_USERNAME","TRUE","FALSE","FALSE","Is save SampleManager username check box enabled?","BOOLEAN",,,"TRUE","SECURITY","FALSE"
"PSWD_USER_FREEZING","TRUE","FALSE","FALSE","Implement user account freezing after a number of failed login attempts","BOOLEAN",,,"FALSE","SECURITY","FALSE"
"PULL_DOWN_MENU","TRUE","FALSE","TRUE","Use pull down menus","ROUTINE","$CONFIG_PROMPT","PULL_DOWN_MENU","FALSE","OBSOLETE","FALSE"
"REACTIVATE_TO_ORIGINAL","TRUE","FALSE","FALSE","Reactivation of cancelled records takes them to their precancelled status","BOOLEAN",,,"FALSE","APPROVAL","FALSE"
"REACTIVATE_TO_RESULT","TRUE","FALSE","FALSE","Reactivation of cancelled results takes them to their unentered status","BOOLEAN",,,"FALSE","APPROVAL","FALSE"
"READ_TIME","TRUE","FALSE","TRUE","Message read interval","ROUTINE","$CONFIG_PROMPT","READ_TIME","0 00:00:02.00","OBSOLETE","FALSE"
"RECEIPT_NAME","TRUE","FALSE","FALSE","Default sample receipt Report ID","ROUTINE","$CONFIG_PROMPT","RECEIPT_NAME","$RECEIPT","SAMPLE","FALSE"
"RES_ADHOC","TRUE","FALSE","FALSE","RE Adhoc results allowed","ROUTINE","$CONFIG_PROMPT","RES_ADHOC","TRUE","RESULT","FALSE"
"RES_ALLOW_BLANK","TRUE","FALSE","FALSE","RE Allow results to be blanked out","BOOLEAN",,,"TRUE","RESULT","FALSE"
"RES_ALLOW_INST_RESULT_MODIFY","TRUE","FALSE","FALSE","RE Allow results entered by an instrument to be manually modified","BOOLEAN",,,"TRUE","RESULT","FALSE"
"RES_AUDIT_BOX_CONTROL","TRUE","FALSE","FALSE","Result Entry; Audit box control","ROUTINE","$CONFIG_PROMPT","RES_AUDIT_BOX_CONTROL","TRUE","RESULT","FALSE"
"RES_AUDIT_BOX_ON","TRUE","FALSE","FALSE","Result Entry; Audit box on","ROUTINE","$CONFIG_PROMPT","RES_AUDIT_BOX_ON","TRUE","RESULT","FALSE"
"RES_CALC_IN_DISPLAY","TRUE","FALSE","FALSE","Obey the RES_CALC flags in display mode","BOOLEAN",,,"FALSE","RESULT","FALSE"
"RES_CALC_ON_ENTRY","TRUE","FALSE","FALSE","RE Calculate on entry","ROUTINE","$CONFIG_PROMPT","RES_CALC_ON_ENTRY","TRUE","RESULT","FALSE"
"RES_CALC_ON_EXIT","TRUE","FALSE","FALSE","RE Calculate on exit","ROUTINE","$CONFIG_PROMPT","RES_CALC_ON_EXIT","TRUE","RESULT","FALSE"
"RES_CALC_PLAY_AVI","TRUE","FALSE","TRUE","Show AVI whilst recalculating - switching off may help performance on slow networks","BOOLEAN",,,"FALSE","RESULT","FALSE"
"RES_COMMENTS_RES_ENABLED","TRUE","FALSE","FALSE","Result Entry; Enable comments for result","BOOLEAN",,,"TRUE","RESULT","FALSE"
"RES_COMMENTS_SAMP_ENABLED","TRUE","FALSE","FALSE","Result Entry; Enable comments for sample","BOOLEAN",,,"TRUE","RESULT","FALSE"
"RES_COMMENTS_TEST_ENABLED","TRUE","FALSE","FALSE","Result Entry; Enable comments for test","BOOLEAN",,,"TRUE","RESULT","FALSE"
"RES_DEFAULT_VALUES","TRUE","FALSE","FALSE","Enable default values for new results","ROUTINE","$CONFIG_PROMPT","RES_DEFAULT_VALUES","ENABLED","RESULT","FALSE"
"RES_DELETE_FAILED_CALCS","TRUE","FALSE","FALSE","Delete result record when calculation return EMPTY","BOOLEAN",,,"TRUE","RESULT","FALSE"
"RES_DISP_CONTROL","TRUE","FALSE","FALSE","Result entry / display test status","ROUTINE","$CONFIG_PROMPT","RES_DISP_CONTROL","Z","RESULT","FALSE"
"RES_EXTENDED_BLIND_ENTRY","TRUE","FALSE","FALSE","Blind entry on all results","ROUTINE","$CONFIG_PROMPT","RES_EXTENDED_BLIND_ENTRY","FALSE","RESULT","FALSE"
"RES_GRAPH_ON","TRUE","FALSE","FALSE","Result Entry; Graph on","BOOLEAN",,,"FALSE","RESULT","FALSE"
"RES_GROUP_DISP","TRUE","FALSE","FALSE","Result display group check","ROUTINE","$CONFIG_PROMPT","RES_GROUP_DISP","Z","RESULT","FALSE"
"RES_GROUP_ENT","TRUE","FALSE","FALSE","Result entry group check","ROUTINE","$CONFIG_PROMPT","RES_GROUP_ENT","Z","RESULT","FALSE"
"RES_INCIDENTS_ON","TRUE","FALSE","FALSE","Result Entry; Incidents box on","ROUTINE","$CONFIG_PROMPT","RES_INCIDENTS_ON","TRUE","RESULT","FALSE"
"RES_INFO_BOX_CONTROL","TRUE","FALSE","FALSE","Result Entry; Info box control","ROUTINE","$CONFIG_PROMPT","RES_INFO_BOX_CONTROL","TRUE","RESULT","FALSE"
"RES_INFO_BOX_ON","TRUE","FALSE","FALSE","Result Entry; Info box on","ROUTINE","$CONFIG_PROMPT","RES_INFO_BOX_ON","FALSE","RESULT","FALSE"
"RES_LIMITS_BOX_CONTROL","TRUE","FALSE","FALSE","Result Entry; Limits box control","ROUTINE","$CONFIG_PROMPT","RES_LIMITS_BOX_CONTROL","TRUE","RESULT","FALSE"
"RES_LIMITS_BOX_ON","TRUE","FALSE","FALSE","Result Entry; Limits box on","ROUTINE","$CONFIG_PROMPT","RES_LIMITS_BOX_ON","TRUE","RESULT","FALSE"
"RES_MODIFY_NEW_RESULT","TRUE","FALSE","FALSE","Result Entry ; Allow modification of new results","ROUTINE","$CONFIG_PROMPT","RES_MODIFY_NEW_RESULT","TRUE","RESULT","FALSE"
"RES_MODIFY_RESULT","TRUE","FALSE","FALSE","Result entry ; Allow modification of results","ROUTINE","$CONFIG_PROMPT","RES_MODIFY_RESULT","TRUE","RESULT","FALSE"
"RES_OPT_SAMPLE","TRUE","FALSE","FALSE","Result Entry; Optimistic sample locking for multi-result transactions","BOOLEAN",,,"FALSE","RESULT","FALSE"
"RES_PHRASE_VALIDATE","TRUE","FALSE","FALSE","Result Entry; Validate Phrases","ROUTINE","$CONFIG_PROMPT","RES_PHRASE_VALIDATE","FALSE","RESULT","FALSE"
"RES_PROMPT_RAW","TRUE","FALSE","TRUE","Result Entry; Prompt using the raw result field (Yes) rather than the text field (No)","BOOLEAN",,,"FALSE","RESULT","FALSE"
"RES_REFRESH_ON_SAVE","TRUE","FALSE","FALSE","Result entry ; refresh the display on saving data","BOOLEAN",,,"TRUE","RESULT","FALSE"
"RES_ROUND_RESULTS","TRUE","FALSE","FALSE","Result entry ; round results","ROUTINE","$CONFIG_PROMPT","RES_ROUND_RESULTS","TRUE","RESULT","FALSE"
"RES_SAMP_ID","TRUE","FALSE","FALSE","Result Entry; Sample id type in spreadsheet","ROUTINE","$CONFIG_PROMPT","RES_SAMP_ID","FALSE","RESULT","FALSE"
"RES_SAMP_WIDTH","TRUE","FALSE","FALSE","Result Entry; Sample id column width","ROUTINE","$CONFIG_PROMPT","RES_SAMP_WIDTH","0","RESULT","FALSE"
"RES_SINGLE_RESULT","TRUE","FALSE","FALSE","Result Entry; One result per transaction","BOOLEAN",,,"FALSE","RESULT","FALSE"
"RES_SPLITTER","TRUE","FALSE","FALSE","Display Info boxes in splitter windows of the main form","BOOLEAN",,,"TRUE","RESULT","FALSE"
"RES_SPREAD_WARN_LIMIT","TRUE","FALSE","FALSE","Display Info boxes in splitter windows of the main form","INTEGER",,,"50","RESULT","FALSE"
"RES_SUPPRESS_ECHO","TRUE","FALSE","FALSE","True if suppress echo of result entry","ROUTINE","$CONFIG_PROMPT","RES_SUPPRESS_ECHO","FALSE","RESULT","FALSE"
"RES_TOOLBOX","TRUE","FALSE","FALSE","Result Entry; Use a toolbox or buttons in GUI mode","ROUTINE","$CONFIG_PROMPT","RES_TOOLBOX","TRUE","RESULT","FALSE"
"RES_TSR_TEST_ORDER","TRUE","FALSE","FALSE","Order of displaying tests on TSR","ROUTINE","$CONFIG_PROMPT","RES_TSR_TEST_ORDER","ORDER_NUM","RESULT","FALSE"
"RES_TWR_ORDER","TRUE","FALSE","FALSE","Spread Sheet result screens sample order","ROUTINE","$CONFIG_PROMPT","RES_TWR_ORDER","ASC_SAMPLE_NUMBER","RESULT","FALSE"
"RESAMP_TEMPL_ID","TRUE","FALSE","FALSE","Resample Template ID","ROUTINE","$CONFIG_PROMPT","RESAMP_TEMPL_ID",,"SAMPLE","FALSE"
"RESAMP_TEXT_ID","TRUE","FALSE","FALSE","Resample Syntax ID","ROUTINE","$CONFIG_PROMPT","RESAMP_TEXT_ID","RESAMPLED","SAMPLE","FALSE"
"RESULT_AUTHORISE_OWN","TRUE","FALSE","TRUE","Specifies whether a user can authorise their own results","BOOLEAN",,,"TRUE","RESULT","FALSE"
"RESULT_AUTHORISE_RECALC","TRUE","FALSE","FALSE","Check if calculations need recalculating at authorization time, stops the authorization if they do.","BOOLEAN",,,"TRUE","RESULT","FALSE"
"RESULT_ENFORCE_DECIMAL_PLACES","TRUE","FALSE","FALSE","If TRUE, user must enter at least the specified number of decimal places","BOOLEAN",,,"FALSE","RESULT","FALSE"
"RESULT_PIPE_ENABLED","TRUE","FALSE","FALSE","Result Pipe Enabled","BOOLEAN",,,"FALSE","EXTERNAL","FALSE"
"RESULT_PIPE_STATUS","TRUE","FALSE","FALSE","Status set used to define which results are transfered using Result Pipe","TEXT",,,"EARMX","EXTERNAL","FALSE"
"RESULT_REPLICATE_CHAR","TRUE","FALSE","FALSE","Result Replicate Character","TEXT",,,"/","RESULT","FALSE"
"RESULT_REPLICATES_ENABLED","TRUE","FALSE","FALSE","Result Replicates Enabled","BOOLEAN",,,"FALSE","RESULT","FALSE"
"RESULT_TRIGGER_ENABLE","TRUE","FALSE","FALSE","Enable result triggers","ROUTINE","$CONFIG_PROMPT","RESULT_TRIGGER_ENABLE","FALSE","RESULT","FALSE"
"RESULT_USER_ASSIGN_ENABLE","TRUE","FALSE","FALSE","Call RESULT_USER_CREATE routine","BOOLEAN",,,"FALSE","RESULT","FALSE"
"ROLE_GROUPS_ENABLED","TRUE","FALSE","FALSE","Can Roles relate to specific data Groups","BOOLEAN",,,"FALSE","SECURITY","FALSE"
"SAMP_BROWSE","TRUE","FALSE","TRUE","Sample browse mode","ROUTINE","$CONFIG_PROMPT","SAMP_BROWSE","T","BROWSE","FALSE"
"SAMP_SYNTAX","TRUE","FALSE","TRUE","Sample browse syntax string","ROUTINE","$CONFIG_PROMPT","SAMP_SYNTAX","NID+JOB+STA","BROWSE","FALSE"
"SAMPID_PREFIX","TRUE","FALSE","TRUE","Sample ID prefix string","ROUTINE","$CONFIG_PROMPT","SAMPID_PREFIX",,"SAMPLE","FALSE"
"SAMPLE_SET_BLANK_DATE","TRUE","FALSE","FALSE","If true, blank dates on a sample template are defaulted to blank in the sample. If false, they are defaulted to NOW.","BOOLEAN",,,"TRUE","SAMPLE","FALSE"
"SAMPLE_TRIGGER_ENABLE","TRUE","FALSE","FALSE","Enable sample triggers","ROUTINE","$CONFIG_PROMPT","SAMPLE_TRIGGER_ENABLE","FALSE","SAMPLE","FALSE"
"SAMPLES_FOR_JOB","TRUE","FALSE","FALSE","Background processes create samples specified in job template","BOOLEAN",,,"FALSE","JOB","FALSE"
"SCHEDULE_DELETE_EXPIRED","TRUE","FALSE","TRUE","Delete timerqueue items which have expired","BOOLEAN",,,"TRUE","SYSTEM","FALSE"
"SCHEDULE_MAXIMUM_PROCESSES","TRUE","FALSE","TRUE","Timer Queue Service maximum number of concurrent processes","INTEGER",,,"4","SYSTEM","FALSE"
"SCHEDULE_POLLING_INTERVAL","TRUE","FALSE","TRUE","Timer Queue Service Polling Interval (in seconds)","INTEGER",,,"30","SYSTEM","FALSE"
"SCHEDULE_RUN_VGL_INLINE","TRUE","FALSE","TRUE","When true, runs VGL calls in line, when false uses SampleManagerCommand in a new process for each entry.","BOOLEAN",,,"TRUE","SYSTEM","FALSE"
"SCHEDULE_SHUTDOWN_INTERVAL","TRUE","FALSE","TRUE","The amount of time the Timer Queue will wait before killing spawned processes after receiving a shutdown request","INTERVAL",,,"   0 00:01:00.00","SYSTEM","FALSE"
"SCHEMA_PREFIX","TRUE","FALSE","FALSE","Automatic prefix for schema items","TEXT",,,,"SYSTEM","FALSE"
"SECURE_EXCEPTION_STACK","TRUE","FALSE","FALSE","If true only minimal information is shown in error messages.","BOOLEAN",,,"FALSE","SYSTEM","TRUE"
"SECURE_HELP_ABOUT","TRUE","FALSE","FALSE","If true only minimal information is shown on the Help About screen.","BOOLEAN",,,"FALSE","SYSTEM","TRUE"
"SECURE_LOCK_INFO","TRUE","FALSE","FALSE","If true only minimal information is shown in lockmessages.","BOOLEAN",,,"FALSE","SYSTEM","TRUE"
"SECURE_SERVER_SETUP","TRUE","FALSE","FALSE","If true only minimal information is shown in server setup.","BOOLEAN",,,"FALSE","SYSTEM","TRUE"
"SELECT_BUFFER_SIZE","TRUE","FALSE","FALSE","Number of select buffers","ROUTINE","$CONFIG_PROMPT","SELECT_BUFFER_SIZE","40","SYSTEM","FALSE"
"SHOW_VERSIONS","TRUE","FALSE","FALSE","Show all versions of a versioned entity","BOOLEAN",,,"FALSE","SYSTEM","FALSE"
"SHOW_VGL_PROPERTY_SHEET","TRUE","FALSE","FALSE","Show VGL property sheet. If false show .Net property sheet and pages.","BOOLEAN",,,"FALSE","SYSTEM","FALSE"
"SHUTDOWN_ENABLED","TRUE","FALSE","FALSE","Enable / Disable shutdown command","ROUTINE","$CONFIG_PROMPT","SHUTDOWN_ENABLED","FALSE","SYSTEM","FALSE"
"SIG_FIGS_ENABLED","TRUE","FALSE","FALSE","Enable significant figure filtering","ROUTINE","$CONFIG_PROMPT","SIG_FIGS_ENABLED","TRUE","RESULT","FALSE"
"SMP_RUNONCE_REPORT","TRUE","FALSE","FALSE","Report to call at startup. Value is deleted after use","ROUTINE","$CONFIG_PROMPT","SMP_STARTUP_REPORT",,"SYSTEM","FALSE"
"SMP_STARTUP_REPORT","TRUE","FALSE","FALSE","Report to call at startup. Report is executed synchronously. i.e it must terminate before the user is given control","ROUTINE","$CONFIG_PROMPT","SMP_STARTUP_REPORT",,"SYSTEM","FALSE"
"SMTP_ENABLESSL","TRUE","FALSE","FALSE","If SSL is used to access the specified SMTP mail server.","BOOLEAN",,,"TRUE","SYSTEM","FALSE"
"SMTP_HOST","TRUE","FALSE","FALSE","The name or IP address of the host used for SMTP transactions.","TEXT",,,"smtp.gmail.com","SYSTEM","FALSE"
"SMTP_PASSWORD","TRUE","FALSE","FALSE","SMPT User Credentials Password","ROUTINE","$CONFIG_PROMPT","SMTP_PASSWORD_PROMPT","bjrhlaztyrkkowwq","SYSTEM","FALSE"
"SMTP_PORT","TRUE","FALSE","FALSE","The port number used for SMTP host.","INTEGER",,,"       587","SYSTEM","FALSE"
"SMTP_SENDER","TRUE","FALSE","FALSE","SMPT sender address, used if login operator email is blank.","TEXT",,,"seth.heupe.tfsl@gmail.com","SYSTEM","FALSE"
"SMTP_USERNAME","TRUE","FALSE","FALSE","SMPT User Credentials User Name","TEXT",,,"seth.heupel.tfs@gmail.com","SYSTEM","FALSE"
"SMW_DEBUG_FILE_TRANSFER","TRUE","FALSE","TRUE","SMW debugger source file transfer method","ROUTINE","$CONFIG_PROMPT","SMW_DEBUG_FILE_TRANSFER","INTERNAL","SYSTEM","FALSE"
"SMW_EDITOR","TRUE","FALSE","TRUE","Editor for use with SMW client","ROUTINE","$CONFIG_PROMPT","SMW_EDITOR","INTERNAL","USER_INT","FALSE"
"SMW_HEARTBEAT_TIMEOUT","TRUE","FALSE","FALSE","Heartbeat timeout for SMW server - must be > 3 minutes, 0 to disable","ROUTINE","$CONFIG_PROMPT","SMW_HEARTBEAT_TIMEOUT","0 00:00:00.00","SYSTEM","FALSE"
"SMW_MENU","TRUE","FALSE","TRUE","Prefered SMW menu file name","ROUTINE","$CONFIG_PROMPT","SMW_MENU","SYSTEM","USER_INT","FALSE"
"SMW_MENU_CHANGE_USER","TRUE","FALSE","TRUE","Allow the SMW Menu Option Change User","BOOLEAN",,,"TRUE","USER_INT","FALSE"
"SMW_MENU_EDIT_COPY","TRUE","FALSE","TRUE","Allow the SMW Menu Option Edit/Copy","BOOLEAN",,,"TRUE","USER_INT","FALSE"
"SMW_MENU_EDIT_CUT","TRUE","FALSE","TRUE","Allow the SMW Menu Option Edit/Cut","BOOLEAN",,,"TRUE","USER_INT","FALSE"
"SMW_MENU_EDIT_PASTE","TRUE","FALSE","TRUE","Allow the SMW Menu Option Edit/Paste","BOOLEAN",,,"TRUE","USER_INT","FALSE"
"SMW_MENU_EDIT_PROPAGATE_DOWN","TRUE","FALSE","TRUE","Allow the SMW Menu Option Edit/Propagate Down","BOOLEAN",,,"TRUE","USER_INT","FALSE"
"SMW_MENU_EDIT_PROPAGATE_RIGHT","TRUE","FALSE","TRUE","Allow the SMW Menu Option Edit/Propagate Right","BOOLEAN",,,"TRUE","USER_INT","FALSE"
"SMW_MENU_FILE_MAIL","TRUE","FALSE","TRUE","Allow the SMW Menu Option File/Send","BOOLEAN",,,"TRUE","USER_INT","FALSE"
"SMW_MENU_FILE_PRINT","TRUE","FALSE","TRUE","Allow the SMW Menu Option File/Print","BOOLEAN",,,"TRUE","USER_INT","FALSE"
"SMW_MENU_FILE_SAVE","TRUE","FALSE","TRUE","Allow the SMW Menu Option File/Save","BOOLEAN",,,"TRUE","USER_INT","FALSE"
"SMW_MENU_FILE_SAVE_AS","TRUE","FALSE","TRUE","Allow the SMW Menu Option File/Save","BOOLEAN",,,"TRUE","USER_INT","FALSE"
"SMW_MENU_LOCK_SESSION","TRUE","FALSE","TRUE","Allow the SMW Menu Option Lock Session","BOOLEAN",,,"TRUE","USER_INT","FALSE"
"SMW_MENU_RECONNECT","TRUE","FALSE","TRUE","Allow the SMW Menu Option Reconnect","BOOLEAN",,,"TRUE","USER_INT","FALSE"
"SMW_MENU_RUN","TRUE","FALSE","TRUE","Allow the SMW Menu Option Run","BOOLEAN",,,"TRUE","USER_INT","FALSE"
"SMW_MESSAGE_LENGTH","TRUE","FALSE","TRUE","Multi-message buffer length - affects system performance","INTEGER",,,"4000","SYSTEM","FALSE"
"SMW_SYNC_RESOURCES","TRUE","FALSE","TRUE","Synchronise resources between the client and server - may slow down SMW login","BOOLEAN",,,"TRUE","SYSTEM","FALSE"
"SP_RULES_MODE","TRUE","FALSE","FALSE","Sample Plan rules mode","ROUTINE","$CONFIG_PROMPT","SP_RULES_MODE","TRUE","SETUP","FALSE"
"SPELLCHECKING_ENABLED","TRUE","FALSE","TRUE","Spellcheck Enabled","BOOLEAN",,,"TRUE","SYSTEM","FALSE"
"STD_CONCENTRATIONS","TRUE","FALSE","FALSE","Use Standard concentrations screen rather than MLP for standards","BOOLEAN",,,"FALSE","RESULT","FALSE"
"STOCK_BATCH_SELECT_AUTO","TRUE","FALSE","FALSE","Auto select within result entry for the default stock. The criteria to select the stock, is the stock assigned to the analysis and location from the instrument or current operator. Together with configuration item 'STOCK_BATCH_ASSIGN_CRITERIA'.","BOOLEAN",,,"TRUE",,"FALSE"
"STOCK_BATCH_SELECT_COPY","TRUE","FALSE","FALSE","Copy selected stock to other tests with the same analysis within result entry.","BOOLEAN",,,"TRUE",,"FALSE"
"STOCK_BATCH_SELECT_CRITERIA","TRUE","FALSE","FALSE","Criteria identity used to select default stock for result entry.","TEXT",,,"STOCK_BATCH_ASSIGN",,"FALSE"
"SYSTEM_IP_ADDRESS","TRUE","FALSE","FALSE","TCPIP address for guaranteed SYSTEM login","TEXT",,,,"SECURITY","FALSE"
"TABULAR_MAX_SAMPLES","TRUE","FALSE","FALSE","Maximum samples that can be sent to a tabular report.","INTEGER",,,"1000",,"FALSE"
"TASK_REDIRECT_ACTION_LIST","TRUE","FALSE","TRUE","Redirect LTE List actions to LabtableListTask","BOOLEAN",,,"TRUE",,"FALSE"
"TASK_REDIRECT_ACTION_OPEN","TRUE","FALSE","TRUE","Redirect LTE Open actions to BrowseTask","BOOLEAN",,,"TRUE",,"FALSE"
"TASK_REDIRECT_ACTION_PRINT","TRUE","FALSE","TRUE","Redirect LTE Open actions to LabtablePrintTask","BOOLEAN",,,"TRUE",,"FALSE"
"TEST_COMPLETES_WITHOUT_CALC","TRUE","FALSE","FALSE","Ignore calc comps when completing tests","ROUTINE","$CONFIG_PROMPT","TEST_COMPLETES_WITHOUT_CALC","FALSE","TEST","FALSE"
"TEST_TRIGGER_ENABLE","TRUE","FALSE","FALSE","Enable test triggers","ROUTINE","$CONFIG_PROMPT","TEST_TRIGGER_ENABLE","FALSE","TEST","FALSE"
"TEXT_ID","TRUE","FALSE","FALSE","Text printer ID","ROUTINE","$CONFIG_PROMPT","TEXT_ID",,"REPORTING","FALSE"
"TEXTFORM","TRUE","FALSE","FALSE","Print form for text printer","ROUTINE","$CONFIG_PROMPT","TEXTFORM",,"OBSOLETE","FALSE"
"THREAD_STACKSIZE","TRUE","FALSE","FALSE","Stack size for threads in server mode","ROUTINE","$CONFIG_PROMPT","THREAD_STACKSIZE","100000","SYSTEM","FALSE"
"TIMEOUT_ACTIVE","TRUE","FALSE","TRUE","Number of seconds before timeout when windows are active","INTEGER",,,"0","SECURITY","FALSE"
"TIMEOUT_DEFAULT","TRUE","FALSE","TRUE","Number of seconds before timeout when no windows are active","INTEGER",,,"0","SECURITY","FALSE"
"TIMEOUT_ESIG_ACTIVE","TRUE","FALSE","TRUE","Number of seconds before timeout when windows are active with Esigs enabled","INTEGER",,,"0","SECURITY","FALSE"
"TIMEOUT_TIMEOUT","TRUE","FALSE","TRUE","Number of seconds before logout after initial timeout","INTEGER",,,"0","SECURITY","FALSE"
"TIMEOUT_WEB","TRUE","FALSE","TRUE","Interval after which a Web Session will Timeout","INTERVAL",,,"   0 00:20:00.00","SECURITY","FALSE"
"TIMEZONE_CLIENT","TRUE","FALSE","TRUE","Timezone name of the client location","ROUTINE","$CONFIG_PROMPT","TIMEZONE_NAME",,"SYSTEM","FALSE"
"TIMEZONE_CLIENT_DLS","TRUE","FALSE","TRUE","Client Timezone observes day light saving","BOOLEAN",,,"TRUE","SYSTEM","FALSE"
"TIMEZONE_OFFSET","TRUE","FALSE","TRUE","Timezone offset from system time in minutes","ROUTINE","$CONFIG_PROMPT","TIMEZONE","0","SYSTEM","FALSE"
"TIMEZONE_SERVER","TRUE","FALSE","FALSE","Timezone name of the system location","ROUTINE","$CONFIG_PROMPT","TIMEZONE_NAME",,"SYSTEM","FALSE"
"TIMEZONE_SERVER_DLS","TRUE","FALSE","FALSE","Server Timezone observes day light saving","BOOLEAN",,,"TRUE","SYSTEM","FALSE"
"TRAINING_HISTORY","TRUE","FALSE","FALSE","Enable tracking of training history using the auditor","BOOLEAN",,,"TRUE","SYSTEM","FALSE"
"TRAINING_INCIDENT_ANALYSIS","TRUE","FALSE","FALSE","Incident template to use on overriding analysis training requirements, blank value disables incident creation","ROUTINE","$CONFIG_PROMPT","INCIDENT_TEMPLATE","TROVERANAL","SYSTEM","FALSE"
"TRAINING_INCIDENT_INSTRUMENT","TRUE","FALSE","FALSE","Incident template to use on overriding instrument training requirements, blank value disables incident creation","ROUTINE","$CONFIG_PROMPT","INCIDENT_TEMPLATE","TROVERINST","SYSTEM","FALSE"
"TRAINING_INCIDENT_PREPSAMP","TRUE","FALSE","FALSE","Incident template to use on overriding sample preparation training requirements, blank value disables incident creation","ROUTINE","$CONFIG_PROMPT","INCIDENT_TEMPLATE","TROVERPSAM","SYSTEM","FALSE"
"TRAINING_INCIDENT_PREPTEST","TRUE","FALSE","FALSE","Incident template to use on overriding test preparation training requirements, blank value disables incident creation","ROUTINE","$CONFIG_PROMPT","INCIDENT_TEMPLATE","TROVERPTST","SYSTEM","FALSE"
"TRANSACTION_MONITOR","TRUE","FALSE","TRUE","Transaction monitor flag","ROUTINE","$CONFIG_PROMPT","TRANSACTION_MONITOR","FALSE","SYSTEM","FALSE"
"UNIT_CONVERSION","TRUE","FALSE","FALSE","Unit conversion","ROUTINE","$CONFIG_PROMPT","UNIT_CONVERSION","NONE","RESULT","FALSE"
"UPDATE_BUFFER_SIZE","TRUE","FALSE","FALSE","Number of update commands to buffer","ROUTINE","$CONFIG_PROMPT","UPDATE_BUFFER_SIZE","10","SYSTEM","FALSE"
"USRCOMMENUFILENAME","TRUE","FALSE","TRUE","Committed menu name","ROUTINE","$CONFIG_PROMPT","USRCOMMENUFILENAME","COMMITTED","OBSOLETE","FALSE"
"USRDEFHOTKEY","TRUE","FALSE","TRUE","Prefered hotkey report id","ROUTINE","$CONFIG_PROMPT","USRDEFHOTKEY","$HOT_KEY","OBSOLETE","FALSE"
"USRDEFMENUFILENAME","TRUE","FALSE","TRUE","Prefered menu file name","ROUTINE","$CONFIG_PROMPT","USRDEFMENUFILENAME","SYSTEM","OBSOLETE","FALSE"
"WEB_CLIENT_REFERER","TRUE","FALSE","TRUE","WebClient Referrer - The base address of the company using our system","TEXT",,,"https://www.thermofisher.com","SYSTEM","FALSE"
"WEB_CLIENT_USER_AGENT","TRUE","FALSE","TRUE","WebClient User Agent - this should be based on the RFC spec and follow <product>/<product-version> <comment>","TEXT",,,"SampleManager/{0} ThermoFisher Scientific","SYSTEM","FALSE"
"WEB_LIMSML_SAVE","TRUE","FALSE","TRUE","Save each request and response, when it enters and leaves process_transaction.","BOOLEAN",,,"TRUE",,"FALSE"
"WEB_LIMSML_VALIDATE","TRUE","FALSE","TRUE","Validate web requests, before handle routines are called.","BOOLEAN",,,"TRUE",,"FALSE"
"WEB_MENU","TRUE","FALSE","TRUE","Web Menu to Use","ROUTINE","$CONFIG_PROMPT","WEB_MENU","SYSTEM","USER_INT","FALSE"
"WEB_SERVER_PORT_NUMBER","TRUE","FALSE","FALSE","TCP/IP Port Number for the VGL Web Server","INTEGER",,,"8200","SYSTEM","FALSE"
"WORKFLOW_DEF_LIFECYCLE_BATCH","TRUE","FALSE","FALSE","Default lifecycle workflow to use for batch.","ROUTINE","$CONFIG_PROMPT","WORKFLOWLIFECYCLEBATCH",,"WORKFLOW","FALSE"
"WORKFLOW_DEF_LIFECYCLE_INCID","TRUE","FALSE","FALSE","Default lifecycle workflow assigned to the incident lifecycle parameter within the workflow editor.","ROUTINE","$CONFIG_PROMPT","WORKFLOW_LIFECYCLE_INCIDENT",,"WORKFLOW","FALSE"
"WORKFLOW_DEF_LIFECYCLE_JOB","TRUE","FALSE","FALSE","Default lifecycle workflow assigned to the job lifecycle parameter within the workflow editor.","ROUTINE","$CONFIG_PROMPT","WORKFLOW_LIFECYCLE_JOB",,"WORKFLOW","FALSE"
"WORKFLOW_DEF_LIFECYCLE_LE","TRUE","FALSE","FALSE","Default lifecycle workflow to use for the lab execution in the create lab execution lifecycle node.","ROUTINE","$LTE_LAB_EXECUTION","WORKFLOWLIFECYCLELABEXECUTION",,"WORKFLOW","FALSE"
"WORKFLOW_DEF_LIFECYCLE_LE_STEP","TRUE","FALSE","FALSE","Default lifecycle workflow to use for the lab execution step in the create step lifecycle node.","ROUTINE","$LTE_LAB_EXECUTION","WORKFLOWLIFECYCLELABEXECUTIONSTEP",,"WORKFLOW","FALSE"
"WORKFLOW_DEF_LIFECYCLE_LOT","TRUE","FALSE","FALSE","Default lifecycle workflow assigned to the lot lifecycle parameter within the workflow editor.","ROUTINE","$CONFIG_PROMPT","WORKFLOW_LIFECYCLE_LOT",,"WORKFLOW","FALSE"
"WORKFLOW_DEF_LIFECYCLE_PLATE","TRUE","FALSE","FALSE","Default lifecycle workflow to use for the plate in the create plate lifecycle node.","ROUTINE","$LTE_PLATES","WORKFLOWLIFECYCLEPLATE",,"WORKFLOW","FALSE"
"WORKFLOW_DEF_LIFECYCLE_PLATE_E","TRUE","FALSE","FALSE","Default lifecycle workflow to use for the plate wells","ROUTINE","$LTE_PLATES","WORKFLOWLIFECYCLEPLATEWELL",,"WORKFLOW","FALSE"
"WORKFLOW_DEF_LIFECYCLE_SAMPLE","TRUE","FALSE","FALSE","Default lifecycle workflow assigned to the sample lifecycle parameter within the workflow editor.","ROUTINE","$CONFIG_PROMPT","WORKFLOW_LIFECYCLE_SAMPLE",,"WORKFLOW","FALSE"
"WORKFLOW_DEF_LIFECYCLE_TEST","TRUE","FALSE","FALSE","Default lifecycle workflow assigned to the test lifecycle parameter within the workflow editor.","ROUTINE","$CONFIG_PROMPT","WORKFLOW_LIFECYCLE_TEST",,"WORKFLOW","FALSE"
"WORKFLOW_JOURNAL","TRUE","FALSE","FALSE","Workflow Journal Enabled","BOOLEAN",,,"FALSE","WORKFLOW","FALSE"
"WORKFLOW_STATUS_CHANGE","TRUE","FALSE","FALSE","Call workflow for VGL status changes","BOOLEAN",,,"TRUE","WORKFLOW","FALSE"
"WORKSHEET_NAME","TRUE","FALSE","FALSE","Default worksheet print Report ID","ROUTINE","$CONFIG_PROMPT","WORKSHEET_NAME","$PRSAMPWS","WORKSHEET","FALSE"
"WSHTOPER","TRUE","FALSE","FALSE","True if assign operator","ROUTINE","$CONFIG_PROMPT","WSHTOPER","TRUE","WORKSHEET","FALSE"
"WSHTSORT","TRUE","FALSE","FALSE","Prefered Worksheet sort","ROUTINE","$CONFIG_PROMPT","WSHTSORT","J","WORKSHEET","FALSE"
"WSHTSTAN","TRUE","FALSE","FALSE","True if assign standards","ROUTINE","$CONFIG_PROMPT","WSHTSTAN","TRUE","WORKSHEET","FALSE"
"WSHTSTRING","TRUE","FALSE","FALSE","Prefered worksheet display","ROUTINE","$CONFIG_PROMPT","WSHTSTRING","TID+JOB+DRQ+PRI","WORKSHEET","FALSE"
"XC_TIMEOUT","TRUE","FALSE","FALSE","No seconds to wait for XChrom to perform each export","INTEGER",,,"5","EXTERNAL","FALSE"
"XML_BLOB_BASE64_ENCODING","TRUE","FALSE","FALSE","If yes, BLOB items in imports and exports are base 64 encoded","BOOLEAN",,,"TRUE",,"FALSE"
"Z_DEBUG","TRUE","FALSE","FALSE","Set either NO or path for logfile for .net debug file","TEXT",,,"C:\Thermo\SampleManager\Server\VGSM\Logfile\Debug",,"FALSE"
"Z_NRT_RACE_TRACK_JOB_LOGIN","TRUE","FALSE","FALSE","Job login for NRT - Special Jobs from Race track","TEXT",,,"Race Track Non Race Day Accession",,"FALSE"
"Z_RACE_TRACK_FILE","TRUE","FALSE","FALSE","Race Trak file folder","TEXT",,,"C:\IM\FinalRace",,"FALSE"
"Z_RACE_TRACK_FILE_ARCHIVE","TRUE","FALSE","FALSE","Race track file archive folder","TEXT",,,"C:\IM\FinalRaceArchive",,"FALSE"
"Z_RACE_TRACK_JOB_LOGIN","TRUE","FALSE","FALSE","Job Login Workflow for Race Track - used in InterfaceRaceCardTask.cs","TEXT",,,"Race Track Bkg Accession",,"FALSE"
"Z_RACE_TRACK_PROJECT","TRUE","FALSE","FALSE","Project for Race Track jobs","TEXT",,,"RACETRACK",,"FALSE"
