﻿CONTENTS
CHAPTER_ID,CONTEXT_ID,ORDER_NUM
20,30,10
                      52
"HELP","$HELP_DISPLAY_CONTEXT","1"
"HELP","$LTE_HLP_EDIT","2"
"HELP","HELP_CONTENTS","3"
"HELP","HELP_DISPLAY_CONTEXT","4"
"HELP","HELP_HISTORY","5"
"LTE","$LTE_ANAL_EDIT","2"
"LTE","$LTE_CALC_EDIT","3"
"LTE","$LTE_CHARG_EDIT","4"
"LTE","$LTE_CONFI_EDIT","5"
"LTE","$LTE_CUS_EDIT","6"
"LTE","$LTE_GROUP_EDIT","7"
"LTE","$LTE_HAZ_EDIT","8"
"LTE","$LTE_HLP_EDIT","9"
"LTE","$LTE_INST_EDIT","10"
"LTE","$LTE_JOBT_EDIT","11"
"LTE","$LTE_LOC_EDIT","12"
"LTE","$LTE_LSCH_EDIT","13"
"LTE","$LTE_LVLS_EDIT","14"
"LTE","$LTE_OVERVIEW","1"
"LTE","$LTE_PERS_EDIT","15"
"LTE","$LTE_PHRSE_EDIT","16"
"LTE","$LTE_PREP_EDIT","17"
"LTE","$LTE_PRINT_EDIT","18"
"LTE","$LTE_PROJ_EDIT","19"
"LTE","$LTE_REP_EDIT","20"
"LTE","$LTE_RSF_EDIT","21"
"LTE","$LTE_SFIGS_EDIT","23"
"LTE","$LTE_STDS_EDIT","24"
"LTE","$LTE_SYNT_EDIT","25"
"LTE","$LTE_TSTSC_EDIT","26"
"MENU","$CREATEMENU","1"
"SAMPLE_MANAGER","$ARCHIVE_MAIN","2"
"SAMPLE_MANAGER","OVERVIEW","1"
"SSE","$SSESETUP_MAIN_MENU","1"
"SSE","SSE_INSERT_HELP","2"
"SSE","SSE_SEARCH_HELP","3"
"SSE","SSE_SELECT_HELP","4"
"SSE","SSE_SPREAD_HELP","5"
"USER_CONFIG","$CONFIG_CURRENT","1"
"USER_CONFIG","$CONFIG_GROUP","2"
"USER_CONFIG","$CONFIG_ITEM_GROUP","3"
"USER_CONFIG","$CONFIG_ITEM_USER","4"
"USER_CONFIG","$CONFIG_SYSTEM","5"
"USER_CONFIG","$CONFIG_USER","6"
"USER_CONFIG","$CONFIG_YOUR","7"
"USER_CONFIG","$LTE_CONFI_EDIT","8"
"USER_CONFIG","CONFIG_GET_GROUP_ID","15"
"USER_CONFIG","CONFIG_GET_ITEM_GROUP","9"
"USER_CONFIG","CONFIG_GET_ITEM_USER","10"
"USER_CONFIG","CONFIG_GET_USER_ID","16"
"USER_CONFIG","CONFIG_ITEM_INSERT_GROUP","11"
"USER_CONFIG","CONFIG_ITEM_INSERT_USER","12"
