﻿CRITERIA_SAVED
TABLE_NAME,IDENTITY,MODIFIABLE,REMOVEFLAG,GROUP_ID,DESCRIPTION,TASK_NAME,FORM,NAME,PUBLIC_CRITERIA
30,40,1,1,10,255,234,30,100,1
                     273
"ACCESS_LOG","EXPLORE_PETRL_29_13","TRUE","FALSE",,,,,"Explore Petrl 29 13 Access Log","FALSE"
"ACTIVITY_LOG","EXPLORE_PETRL_28_13","TRUE","FALSE",,,,,"Explore Petrl 28 13 Activity Log","FALSE"
"BATCH_HEADER","BATCH_ASSIGNABLE","TRUE","FALSE",,"List of batches which are available to have unknowns assigned.",,,"Batch Assignable","TRUE"
"BATCH_HEADER","EXPLORE_PETRL_2_13","TRUE","FALSE",,,,,"Explore Petrl 2 13 Batch Header","FALSE"
"BATCH_HEADER","EXPLORE_TABLE_DETAILS_3_21","TRUE","FALSE",,,,,"Explore Table Details 3 21 Batch Header","FALSE"
"BATCH_HEADER","EXPLORE_U$ADREANCE_1_18","TRUE","FALSE",,,,,"Explore U$adreance 1 18 Batch Header","FALSE"
"BATCH_HEADER","EXPLORE_U$ALLYSONO_1_18","TRUE","FALSE",,,,,"Explore U$allysono 1 18 Batch Header","FALSE"
"BATCH_HEADER","EXPLORE_U$APRILYQ_1_17","TRUE","FALSE",,,,,"Explore U$aprilyq 1 17 Batch Header","FALSE"
"BATCH_HEADER","EXPLORE_U$CHEMIST_1_17","TRUE","FALSE",,,,,"Explore U$chemist 1 17 Batch Header","FALSE"
"BATCH_HEADER","EXPLORE_U$GPEHLERT_2_18","TRUE","FALSE",,,,,"Explore U$gpehlert 2 18 Batch Header","FALSE"
"BATCH_HEADER","EXPLORE_U$GPEHLERT_4_18","TRUE","FALSE",,,,,"Explore U$gpehlert 4 18 Batch Header","FALSE"
"BATCH_HEADER","EXPLORE_U$GPEHLERT_5_18","TRUE","FALSE",,,,,"Explore U$gpehlert 5 18 Batch Header","FALSE"
"BATCH_HEADER","EXPLORE_U$JACLYNRM_1_18","TRUE","FALSE",,,,,"Explore U$jaclynrm 1 18 Batch Header","FALSE"
"BATCH_HEADER","EXPLORE_U$JKEENAN_1_17","TRUE","FALSE",,,,,"Explore U$jkeenan 1 17 Batch Header","FALSE"
"BATCH_HEADER","EXPLORE_U$KRIZZO_1_16","TRUE","FALSE",,,,,"Explore U$krizzo 1 16 Batch Header","FALSE"
"BATCH_HEADER","EXPLORE_U$KSTALKER_1_18","TRUE","FALSE",,,,,"Explore U$kstalker 1 18 Batch Header","FALSE"
"BATCH_HEADER","EXPLORE_U$LEIFMCG_1_17","TRUE","FALSE",,,,,"Explore U$leifmcg 1 17 Batch Header","FALSE"
"BATCH_HEADER","EXPLORE_U$LPITTMAN_1_18","TRUE","FALSE",,,,,"Explore U$lpittman 1 18 Batch Header","FALSE"
"BATCH_HEADER","EXPLORE_U$NKHUMPAN_1_18","TRUE","FALSE",,,,,"Explore U$nkhumpan 1 18 Batch Header","FALSE"
"BATCH_HEADER","EXPLORE_U$PROCTORR_1_18","TRUE","FALSE",,,,,"Explore U$proctorr 1 18 Batch Header","FALSE"
"BATCH_TMPL_HEADER","ELISARECHECK","TRUE","FALSE",,"Elisa recheck Batch Tmpl Header",,,"Elisa Recheck Batch Tmpl Header Criteria","TRUE"
"BATCH_TMPL_HEADER","EXPLORE_PETRL_1_13","TRUE","FALSE",,,,,"Explore Petrl 1 13 Batch Tmpl Header","FALSE"
"BATCH_TMPL_HEADER","EXPLORE_TABLE_DETAILS_28_21","TRUE","FALSE",,,,,"Explore Table Details 28 21 Batch Tmpl Header","FALSE"
"CERT_TEMPLATE","CERT_TEMPLATE_FOR_JOBS","TRUE","FALSE",,"Certificate Template List restricted to Jobs",,,"Cert Template For Jobs Cert Template","TRUE"
"CERT_TEMPLATE","CERT_TEMPLATE_FOR_LOTS","TRUE","FALSE",,"Certificate Template List restricted to Lots",,,"Cert Template For Lots Cert Template","TRUE"
"CERT_TEMPLATE","CERT_TEMPLATE_FOR_SAMPLES","TRUE","FALSE",,"Certificate Template List restricted to Samples",,,"Cert Template For Samples Cert Template","TRUE"
"COMPLETED_MONTH_TESTS","EXPLORE_PETRL_MGT_1_17","TRUE","FALSE",,,,,"Explore Petrl Mgt 1 17 Completed Month Tests","FALSE"
"CUSTOMER","EXPLORE_PETRL_18_13","TRUE","FALSE",,,,,"Explore Petrl 18 13 Customer","FALSE"
"DM_DATA_ITEM","DATA_ITEMS_BY_CONVERTER_CLASS","TRUE","FALSE",,"Search Example - Data Items generated by the Converter Class",,,"Data Items By Converter Class","TRUE"
"DM_DATA_ITEM","DATA_ITEMS_BY_NAME","TRUE","FALSE",,"Search Example - Data Items by name",,,"Data Items By Name","TRUE"
"DM_DATA_ITEM_PROPERTY","DATA_ITEM_PROPERTIES_BY_PROP_VALUE_TEXT","TRUE","FALSE",,"Search Example - Data Item Properties by Package Property and Value Text",,,"Data Item Properties By Package Property and Value Text","TRUE"
"DM_DATA_ITEM_PROPERTY","DATA_ITEM_PROPERTIES_BY_VALUE_TEXT","TRUE","FALSE",,"Search Example - Data Item Properties by Value Text",,,"Data Item Properties By Value Text","TRUE"
"DM_DATA_PACKAGE","DATA_PACKAGES_BY_RULE","TRUE","FALSE",,"Search Example - Data Packages created by the Packaging Rule.",,,"Data Packages By Packaging Rule","TRUE"
"DM_DATA_PACKAGE","DATA_PACKAGES_BY_RULE_AND_PACKAGED_ON","TRUE","FALSE",,"Search Example - Data Packages created by the Packaging Rule in a date interval.",,,"Data Packages By Packaging Rule and Packaged On","TRUE"
"DM_DATA_PACKAGE_FILE","DATA_PACKAGE_FILES_BY_PATH","TRUE","FALSE",,"Search Example - Data Package Files containing the path.",,,"Data Package Files By Filename Path","TRUE"
"EXPLORER_FOLDER","CABINET_TABLE_DETAILS","TRUE","FALSE",,,,,"Explorer Folder Cabinet Table Details","TRUE"
"FAVOURITE","USERS_FAVOURITES","TRUE","FALSE",,,,,"Users Favourites","TRUE"
"GROUP_HEADER","EXPLORE_SYSTEM_4_14","TRUE","FALSE",,,,,"Explore System 4 14 Group Header","FALSE"
"ICON","EXPLORE_TABLE_DETAILS_55_21","TRUE","FALSE",,,,,"Explore Table Details 55 21 Icon","FALSE"
"ICON","EXPLORE_U$SETHH_2_15","TRUE","FALSE",,,,,"Explore U$sethh 2 15 Icon","FALSE"
"INCIDENTS","EXPLORE_PETRL_15_13","TRUE","FALSE",,,,,"Explore Petrl 15 13 Incidents","FALSE"
"INCIDENTS","EXPLORE_U$GPEHLERT_6_18","TRUE","FALSE",,,,,"Explore U$gpehlert 6 18 Incidents","FALSE"
"INSTRUMENT","EXPLORE_TABLE_DETAILS_11_21","TRUE","FALSE",,,,,"Explore Table Details 11 21 Instrument","FALSE"
"JOB_HEADER","AUTHORIZED","TRUE","FALSE",,"Restricted to Authorized jobs",,,"Authorized Jobs","TRUE"
"JOB_HEADER","EXPLORE_PETRL_20_13","TRUE","FALSE",,,,,"Explore Petrl 20 13 Job Header","FALSE"
"JOB_HEADER","EXPLORE_PETRL_4_13","TRUE","FALSE",,,,,"Explore Petrl 4 13 Job Header","FALSE"
"JOB_HEADER","EXPLORE_RACETRACK_2_17","TRUE","FALSE",,,,,"Explore Racetrack 2 17 Job Header","FALSE"
"JOB_HEADER","EXPLORE_RACETRACK_6_17","TRUE","FALSE",,,,,"Explore Racetrack 6 17 Job Header","FALSE"
"JOB_HEADER","EXPLORE_RACETRACK_7_17","TRUE","FALSE",,,,,"Explore Racetrack 7 17 Job Header","FALSE"
"JOB_HEADER","EXPLORE_RACETRACK_SI_1_20","TRUE","FALSE",,,,,"Explore Racetrack Si 1 20 Job Header","FALSE"
"JOB_HEADER","EXPLORE_TABLE_DETAILS_2_21","TRUE","FALSE",,,,,"Explore Table Details 2 21 Job Header","FALSE"
"JOB_HEADER","EXPLORE_U$EXTESTCHEM_1_20","TRUE","FALSE",,,,,"Explore U$extestchem 1 20 Job Header","FALSE"
"JOB_HEADER","EXPLORE_U$GPEHLERT_3_18","TRUE","FALSE",,,,,"Explore U$gpehlert 3 18 Job Header","FALSE"
"JOB_HEADER","JOB_SCHED_LOGIN","TRUE","FALSE",,"Default criteria to select jobs for schedule login.",,,"Job default schedule login","TRUE"
"JOB_HEADER","USERS_AUTH_JOBS","TRUE","FALSE",,,,,"Users Authorised Jobs","TRUE"
"JOB_HEADER","USERS_COMP_JOBS","TRUE","FALSE",,,,,"Users Complete Jobs","TRUE"
"JOB_HEADER","USERS_IN_PROG_SAMPLES","TRUE","FALSE",,,,,"Users In-progress Jobs","TRUE"
"LAB_EXECUTION","LE_MY_TASKS","FALSE","FALSE",,"List of Current Lab Execution Tasks assigned to the current operator",,,"Lab Execution My Tasks","TRUE"
"LAB_METHOD","EXPLORE_DEFAULT_13_15","TRUE","FALSE",,,,,"Explore Default 13 15 Lab Method","FALSE"
"LAB_METHOD","EXPLORE_TABLE_DETAILS_126_21","TRUE","FALSE",,,,,"Explore Table Details 126 21 Lab Method","FALSE"
"LAB_METHOD","LE_SAMPLE_METHODS","TRUE","FALSE",,"List of Lab Methods using SAMPLE as an input",,,"LE Sample Methods","TRUE"
"LAB_METHOD","LE_TEST_METHODS","TRUE","FALSE",,"List of Lab Methods using TEST as an input",,,"LE Test Methods","TRUE"
"LOCATION","LOCATION_ASSIGNABLE","TRUE","FALSE",,"List of Assignable Locations",,,"Location Assignable Location","TRUE"
"LOCATION","LOCATION_NO_PARENT","TRUE","FALSE",,,,,"Locations without a parent","TRUE"
"LOGIN_COUNT","EXPLORE_PETRL_MGT_2_17","TRUE","FALSE",,,,,"Explore Petrl Mgt 2 17 Login Count","FALSE"
"LOT_DETAILS","AUTHORIZED","TRUE","FALSE",,"Restricted to Authorized Lots",,,"Authorized Lot Details","TRUE"
"MAINTENANCE","MAIN_REQUIRED","TRUE","FALSE",,,,,"Maintenance Report Criteria","TRUE"
"MASTER_MENU","MASTER_MENU_FORMS","TRUE","FALSE",,,,,"Master Menu Options that use forms","TRUE"
"P_CONTACT","EXPLORE_PETRL_17_13","TRUE","FALSE",,,,,"Explore Petrl 17 13 P Contact","FALSE"
"P_CONTACT","EXPLORE_TABLE_DETAILS_170_21","TRUE","FALSE",,,,,"Explore Table Details 170 21 P Contact","FALSE"
"P_CONTAINER_SHIPMENT","EXPLORE_PETRL_26_13","TRUE","FALSE",,,,,"Explore Petrl 26 13 P Container Shipment","FALSE"
"P_CONTAINER_SHIPMENT","EXPLORE_PETRL_27_13","TRUE","FALSE",,,,,"Explore Petrl 27 13 P Container Shipment","FALSE"
"P_CONTAINER_SHIPMENT","EXPLORE_PETRL_9_13","TRUE","FALSE",,,,,"Explore Petrl 9 13 P Container Shipment","FALSE"
"P_CONTAINER_SHIPMENT","EXPLORE_TABLE_DETAILS_171_21","TRUE","FALSE",,,,,"Explore Table Details 171 21 P Container Shipment","FALSE"
"P_CONTAINER_SHIPMENT","P_CONTAINER_SHIPMENTEXPLORE_PETRL_6_13","TRUE","FALSE",,,,,"P Container Shipmentexplore Petrl 6 13 P Container Shipment","FALSE"
"P_CONTAINER_VIEW","EXPLORE_U$SETHH_4_15","TRUE","FALSE",,,,,"Explore U$sethh 4 15 P Container View","FALSE"
"P_CONTAINER_VIEW","EXPLORE_U$SYSTEM_2_16","TRUE","FALSE",,,,,"Explore U$system 2 16 P Container View","FALSE"
"P_CUSTOMER_TYPE","EXPLORE_PETRL_MGT_5_17","TRUE","FALSE",,,,,"Explore Petrl Mgt 5 17 P Customer Type","FALSE"
"P_CUSTOMER_TYPE","EXPLORE_TABLE_DETAILS_174_21","TRUE","FALSE",,,,,"Explore Table Details 174 21 P Customer Type","FALSE"
"P_LAB_FINDINGS","EXPLORE_PETRL_MGT_6_17","TRUE","FALSE",,,,,"Explore Petrl Mgt 6 17 P Lab Findings","FALSE"
"P_LF_SAMP_JOB_TEST_RESULT","EXPLORE_U$GPEHLERT_7_18","TRUE","FALSE",,,,,"Explore U$gpehlert 7 18 P Lf Samp Job Test Result","FALSE"
"P_RACE","EXPLORE_RACETRACK_4_17","TRUE","FALSE",,,,,"Explore Racetrack 4 17 P Race","FALSE"
"P_RACE","EXPLORE_RACETRACK_SI_2_20","TRUE","FALSE",,,,,"Explore Racetrack Si 2 20 P Race","FALSE"
"P_RACE","EXPLORE_TABLE_DETAILS_168_21","TRUE","FALSE",,,,,"Explore Table Details 168 21 P Race","FALSE"
"P_RACE","P_RACEEXPLORE_RACETRACK_3_17","TRUE","FALSE",,,,,"P Raceexplore Racetrack 3 17 P Race","FALSE"
"P_RACE_CARD","EXPLORE_RACETRACK_7_17","TRUE","FALSE",,,,,"Explore Racetrack 7 17 P Race Card","FALSE"
"P_RACE_CARD","EXPLORE_RACETRACK_SI_3_20","TRUE","FALSE",,,,,"Explore Racetrack Si 3 20 P Race Card","FALSE"
"P_RACE_CARD","EXPLORE_TABLE_DETAILS_166_21","TRUE","FALSE",,,,,"Explore Table Details 166 21 P Race Card","FALSE"
"P_RACE_CARD","P_RACE_CARDEXPLORE_PETRL_7_13","TRUE","FALSE",,,,,"P Race Cardexplore Petrl 7 13 P Race Card","FALSE"
"P_SHIP_CONTAINER","EXPLORE_RACETRACK_5_17","TRUE","FALSE",,,,,"Explore Racetrack 5 17 P Ship Container","FALSE"
"P_SHIP_CONTAINER","EXPLORE_TABLE_DETAILS_167_21","TRUE","FALSE",,,,,"Explore Table Details 167 21 P Ship Container","FALSE"
"P_SHIP_CONTAINER","P_SHIP_CONTAINEREXPLORE_PETRL_5_13","TRUE","FALSE",,,,,"P Ship Containerexplore Petrl 5 13 P Ship Container","FALSE"
"P_SHIPMENT","EXPLORE_PETRL_21_13","TRUE","FALSE",,,,,"Explore Petrl 21 13 P Shipment","FALSE"
"P_SHIPMENT","EXPLORE_TABLE_DETAILS_172_21","TRUE","FALSE",,,,,"Explore Table Details 172 21 P Shipment","FALSE"
"P_SPECIMEN","EXPLORE_PETRL_24_13","TRUE","FALSE",,,,,"Explore Petrl 24 13 P Specimen","FALSE"
"P_SPECIMEN","EXPLORE_TABLE_DETAILS_173_21","TRUE","FALSE",,,,,"Explore Table Details 173 21 P Specimen","FALSE"
"P_SPECIMEN","EXPLORE_U$SETHH_1_15","TRUE","FALSE",,,,,"Explore U$sethh 1 15 P Specimen","FALSE"
"PERSONNEL","PREP_OPERATOR","TRUE","FALSE",,,,,"Prep Operator Personnel","TRUE"
"PLATE","EXPLORE_PETRL_7_13","TRUE","FALSE",,,,,"Explore Petrl 7 13 Plate","FALSE"
"PLATE","EXPLORE_U$APRILYQ_2_17","TRUE","FALSE",,,,,"Explore U$aprilyq 2 17 Plate","FALSE"
"PLATE","EXPLORE_U$NKHUMPAN_2_18","TRUE","FALSE",,,,,"Explore U$nkhumpan 2 18 Plate","FALSE"
"RACE_JOB_HEADER","EXPLORE_RACETRACK_8_17","TRUE","FALSE",,,,,"Explore Racetrack 8 17 Race Job Header","FALSE"
"RECD_MONTH_COUNT","EXPLORE_U$GPEHLERT_1_18","TRUE","FALSE",,,,,"Explore U$gpehlert 1 18 Recd Month Count","FALSE"
"RESULT","BATCH_RESULT","TRUE","TRUE",,,,,"Batch Result Result","TRUE"
"RESULT","BATCH_STD_RESULTS","TRUE","FALSE",,"Return all results for the current instrument batch , named standard, named component ; exclude Cancelled and rejected",,,"Batch Standard Results Result Set","TRUE"
"RESULT","EPO_CONC_RESULTS","TRUE","TRUE",,,,,"Epo Concentration Results","TRUE"
"RESULT","FLASH_POINT_COMPONENTS","TRUE","FALSE",,,,,"Flash Point Components Result","TRUE"
"RESULT","SAMPLE_RESULTS","TRUE","FALSE",,"Sample Results for the current sample and named compoent , exlcude rejected and cancelled results",,,"Sample Results Result Set","TRUE"
"SAMP_JOB_TEST_RESULT","EXPLORE_PETRL_23_13","TRUE","FALSE",,,,,"Explore Petrl 23 13 Samp Job Test Result","FALSE"
"SAMP_JOB_TEST_RESULT","SAMP_JOB_TEST_RESULT_ALL","TRUE","FALSE",,"All Samp Job Test Result",,,"All Samp Job Test Result","TRUE"
"SAMP_JOB_TEST_RESULT","TESTING","TRUE","FALSE",,,,,"Testing Samp Job Test Result","TRUE"
"SAMP_TEST_RESULT","EXPLORE_U$HODYT_2_15","TRUE","FALSE",,,,,"Explore U$hodyt 2 15 Samp Test Result","FALSE"
"SAMP_TEST_VIEW","5698","TRUE","FALSE",,,,,"Samp Test View 5698","TRUE"
"SAMP_TEST_VIEW","8AAS_LC_SC","TRUE","FALSE",,,,,"8Aas Lc Sc Samp Test View","FALSE"
"SAMP_TEST_VIEW","ALTR_CONF","TRUE","FALSE",,,,,"Altr Conf Samp Test View","FALSE"
"SAMP_TEST_VIEW","BARBIT_RCK","TRUE","FALSE",,,,,"Barbit Rck Samp Test View","FALSE"
"SAMP_TEST_VIEW","BARBITUR_U","TRUE","FALSE",,,,,"Barbitur U Samp Test View","FALSE"
"SAMP_TEST_VIEW","BETA_CONF","TRUE","FALSE",,,,,"Beta Conf Samp Test View","FALSE"
"SAMP_TEST_VIEW","BG_TCO2_SC","TRUE","FALSE",,,,,"Bg Tco2 Sc Samp Test View","FALSE"
"SAMP_TEST_VIEW","BUPR_CONF","TRUE","FALSE",,,,,"Bupr Conf Samp Test View","FALSE"
"SAMP_TEST_VIEW","BUPREN_RCK","TRUE","FALSE",,,,,"Bupren Rck Samp Test View","FALSE"
"SAMP_TEST_VIEW","CAFF_CONF","TRUE","FALSE",,,,,"Samp Test View Caff Conf","FALSE"
"SAMP_TEST_VIEW","CAPS_CONF","TRUE","FALSE",,,,,"Caps Conf Samp Test View","FALSE"
"SAMP_TEST_VIEW","CARB_CONF","TRUE","FALSE",,,,,"Carb Conf Samp Test View","FALSE"
"SAMP_TEST_VIEW","CLEN_CONF","TRUE","FALSE",,,,,"Clen Conf Samp Test View","FALSE"
"SAMP_TEST_VIEW","CLEN_H_CON","TRUE","FALSE",,,,,"Clen H Con Samp Test View","FALSE"
"SAMP_TEST_VIEW","CLEN_P_CON","TRUE","FALSE",,,,,"Clen P Con Samp Test View","FALSE"
"SAMP_TEST_VIEW","CLEN_T_CON","TRUE","FALSE",,,,,"Clen T Con Samp Test View","FALSE"
"SAMP_TEST_VIEW","CLEN_UTCON","TRUE","FALSE",,,,,"Clen Utcon Samp Test View","FALSE"
"SAMP_TEST_VIEW","CM_LC_TEST","TRUE","FALSE",,,,,"Cm Lc Test Samp Test View","FALSE"
"SAMP_TEST_VIEW","COCA_CONF","TRUE","FALSE",,,,,"Coca Conf Samp Test View","FALSE"
"SAMP_TEST_VIEW","COCAIN_RCK","TRUE","FALSE",,,,,"Cocain Rck Samp Test View","FALSE"
"SAMP_TEST_VIEW","CONFIRM_2","TRUE","FALSE",,,,,"Confirm 2 Samp Test View","FALSE"
"SAMP_TEST_VIEW","CONFIRM_EX","TRUE","FALSE",,,,,"Confirm Ex Samp Test View","FALSE"
"SAMP_TEST_VIEW","DEX_CONF","TRUE","FALSE",,,,,"Dex Conf Samp Test View","FALSE"
"SAMP_TEST_VIEW","DG_LC_TEST","TRUE","FALSE",,,,,"Dg Lc Test Samp Test View","FALSE"
"SAMP_TEST_VIEW","DMSOMANUAL","TRUE","FALSE",,,,,"Dmsomanual Samp Test View","FALSE"
"SAMP_TEST_VIEW","DMSOPBUTE","TRUE","FALSE",,,,,"Dmsopbute Samp Test View","FALSE"
"SAMP_TEST_VIEW","DOXPRM_RCK","TRUE","FALSE",,,,,"Doxprm Rck Samp Test View","FALSE"
"SAMP_TEST_VIEW","DT_CONF","TRUE","FALSE",,,,,"Dt Conf Samp Test View","FALSE"
"SAMP_TEST_VIEW","DT_LC_TES","TRUE","FALSE",,,,,"Dt Lc Tes Samp Test View","FALSE"
"SAMP_TEST_VIEW","ELISA_ALL","TRUE","FALSE",,,,,"Elisa All Samp Test View","FALSE"
"SAMP_TEST_VIEW","ELISAU_ALL","TRUE","FALSE",,,,,"Elisau All Samp Test View","FALSE"
"SAMP_TEST_VIEW","EX_LC_TEST","TRUE","FALSE",,,,,"Ex Lc Test Samp Test View","FALSE"
"SAMP_TEST_VIEW","EXACTIV_EX","TRUE","FALSE",,,,,"Exactiv Ex Samp Test View","FALSE"
"SAMP_TEST_VIEW","FENGRP_RCK","TRUE","FALSE",,,,,"Fengrp Rck Samp Test View","FALSE"
"SAMP_TEST_VIEW","FENTYL_RCK","TRUE","FALSE",,,,,"Fentyl Rck Samp Test View","FALSE"
"SAMP_TEST_VIEW","FICOX_CONF","TRUE","FALSE",,,,,"Ficox Conf Samp Test View","FALSE"
"SAMP_TEST_VIEW","FLU_CONF","TRUE","FALSE",,,,,"Flu Conf Samp Test View","FALSE"
"SAMP_TEST_VIEW","FUR_CONF","TRUE","FALSE",,,,,"Fur Conf Samp Test View","FALSE"
"SAMP_TEST_VIEW","GLAUALK_CO","TRUE","FALSE",,,,,"Glaualk Co Samp Test View","FALSE"
"SAMP_TEST_VIEW","GLYCOP_RCK","TRUE","FALSE",,,,,"Glycop Rck Samp Test View","FALSE"
"SAMP_TEST_VIEW","GUAIF_CONF","TRUE","FALSE",,,,,"Guaif Conf Samp Test View","FALSE"
"SAMP_TEST_VIEW","HPLC_TEST_1","TRUE","FALSE",,"HPLC test number 1",,,"Samp Test View Hplc Test 1","TRUE"
"SAMP_TEST_VIEW","HYDROM_RCK","TRUE","FALSE",,,,,"Hydrom Rck Samp Test View","FALSE"
"SAMP_TEST_VIEW","IA_EPO_RCK","TRUE","FALSE",,,,,"Ia Epo Rck Samp Test View","FALSE"
"SAMP_TEST_VIEW","IA_EPO_SCR","TRUE","FALSE",,,,,"Ia Epo Scr Samp Test View","FALSE"
"SAMP_TEST_VIEW","IA_FUR_RCK","TRUE","FALSE",,,,,"Ia Fur Rck Samp Test View","FALSE"
"SAMP_TEST_VIEW","IA_FUR_SCN","TRUE","FALSE",,,,,"Ia Fur Scn Samp Test View","FALSE"
"SAMP_TEST_VIEW","IPATRO_RCK","TRUE","FALSE",,,,,"Ipatro Rck Samp Test View","FALSE"
"SAMP_TEST_VIEW","JM_LC_TEST","TRUE","FALSE",,,,,"Jm Lc Test Samp Test View","FALSE"
"SAMP_TEST_VIEW","JUSTINES70","TRUE","FALSE",,,,,"Justines70 Samp Test View","FALSE"
"SAMP_TEST_VIEW","KR_LC_TEST","TRUE","FALSE",,,,,"Kr Lc Test Samp Test View","FALSE"
"SAMP_TEST_VIEW","LC_1DRUG","TRUE","FALSE",,,,,"Lc 1Drug Samp Test View","FALSE"
"SAMP_TEST_VIEW","LC_8AAS_2","TRUE","FALSE",,,,,"Lc 8Aas 2 Samp Test View","FALSE"
"SAMP_TEST_VIEW","LC_8AAS_SC","TRUE","FALSE",,,,,"Lc 8Aas Sc Samp Test View","FALSE"
"SAMP_TEST_VIEW","LC_CON_2","TRUE","FALSE",,,,,"Lc Con 2 Samp Test View","FALSE"
"SAMP_TEST_VIEW","LC_CONFIRM","TRUE","FALSE",,,,,"Lc Confirm Samp Test View","FALSE"
"SAMP_TEST_VIEW","LC_DMSOPBT","TRUE","FALSE",,,,,"Lc Dmsopbt Samp Test View","FALSE"
"SAMP_TEST_VIEW","LCMS_CHECK","TRUE","FALSE",,,,,"Lcms Check Samp Test View","FALSE"
"SAMP_TEST_VIEW","LCMS_TEMP","TRUE","FALSE",,,,,"Lcms Temp Samp Test View","FALSE"
"SAMP_TEST_VIEW","LCMSCONF","TRUE","FALSE",,,,,"Lcmsconf Samp Test View","FALSE"
"SAMP_TEST_VIEW","LEVALL_RCK","TRUE","FALSE",,,,,"Levall Rck Samp Test View","FALSE"
"SAMP_TEST_VIEW","LEVP_CONF","TRUE","FALSE",,,,,"Levp Conf Samp Test View","FALSE"
"SAMP_TEST_VIEW","LEVU_CONF","TRUE","FALSE",,,,,"Levu Conf Samp Test View","FALSE"
"SAMP_TEST_VIEW","LIDO_CONF","TRUE","FALSE",,,,,"Lido Conf Samp Test View","FALSE"
"SAMP_TEST_VIEW","LIDOCA_RCK","TRUE","FALSE",,,,,"Lidoca Rck Samp Test View","FALSE"
"SAMP_TEST_VIEW","MEPHEN_RCK","TRUE","FALSE",,,,,"Mephen Rck Samp Test View","FALSE"
"SAMP_TEST_VIEW","MEPRED_RCK","TRUE","FALSE",,,,,"Mepred Rck Samp Test View","FALSE"
"SAMP_TEST_VIEW","METH_CONF","TRUE","FALSE",,,,,"Samp Test View Meth Conf","TRUE"
"SAMP_TEST_VIEW","METHCARB","TRUE","FALSE",,,,,"Methcarb Samp Test View","FALSE"
"SAMP_TEST_VIEW","MPRED_CONF","TRUE","FALSE",,,,,"Mpred Conf Samp Test View","FALSE"
"SAMP_TEST_VIEW","NAN_CONF","TRUE","FALSE",,,,,"Nan Conf Samp Test View","FALSE"
"SAMP_TEST_VIEW","NSAID_SCN","TRUE","FALSE",,,,,"Nsaid Scn Samp Test View","FALSE"
"SAMP_TEST_VIEW","OMEP_CONF","TRUE","FALSE",,,,,"Omep Conf Samp Test View","FALSE"
"SAMP_TEST_VIEW","OPIATE_RCK","TRUE","FALSE",,,,,"Opiate Rck Samp Test View","FALSE"
"SAMP_TEST_VIEW","OXYCO_CONU","TRUE","FALSE",,,,,"Oxyco Conu Samp Test View","FALSE"
"SAMP_TEST_VIEW","OXYCOD_CON","TRUE","FALSE",,,,,"Oxycod Con Samp Test View","FALSE"
"SAMP_TEST_VIEW","OXYMOR_RCK","TRUE","FALSE",,,,,"Oxymor Rck Samp Test View","FALSE"
"SAMP_TEST_VIEW","PBUTE_CONF","TRUE","FALSE",,,,,"Pbute Conf Samp Test View","FALSE"
"SAMP_TEST_VIEW","PEMO_CONF","TRUE","FALSE",,,,,"Samp Test View Pemo Conf","FALSE"
"SAMP_TEST_VIEW","PREDN_CONF","TRUE","FALSE",,,,,"Predn Conf Samp Test View","FALSE"
"SAMP_TEST_VIEW","PROMAZNE_U","TRUE","FALSE",,,,,"Promazne U Samp Test View","FALSE"
"SAMP_TEST_VIEW","PROMZ_RCK","TRUE","FALSE",,,,,"Promz Rck Samp Test View","FALSE"
"SAMP_TEST_VIEW","PROPRO_RCK","TRUE","FALSE",,,,,"Propro Rck Samp Test View","FALSE"
"SAMP_TEST_VIEW","QE_SCREEN","TRUE","FALSE",,,,,"Qe Screen Samp Test View","FALSE"
"SAMP_TEST_VIEW","RANIT_CONF","TRUE","FALSE",,,,,"Ranit Conf Samp Test View","FALSE"
"SAMP_TEST_VIEW","SILDE_CONF","TRUE","FALSE",,,,,"Silde Conf Samp Test View","FALSE"
"SAMP_TEST_VIEW","SPICEC_RCK","TRUE","FALSE",,,,,"Spicec Rck Samp Test View","FALSE"
"SAMP_TEST_VIEW","STAN_CONF","TRUE","FALSE",,,,,"Samp Test View Stan Conf","FALSE"
"SAMP_TEST_VIEW","TC_CONFIRM","TRUE","FALSE",,,,,"Tc Confirm Samp Test View","FALSE"
"SAMP_TEST_VIEW","TC_SCREEN","TRUE","FALSE",,,,,"Tc Screen Samp Test View","FALSE"
"SAMP_TEST_VIEW","TC_SCREENB","TRUE","FALSE",,,,,"Tc Screenb Samp Test View","FALSE"
"SAMP_TEST_VIEW","TEST_CONF","TRUE","FALSE",,,,,"Test Conf Samp Test View","FALSE"
"SAMP_TEST_VIEW","THEOP_CONF","TRUE","FALSE",,,,,"Theop Conf Samp Test View","FALSE"
"SAMP_TEST_VIEW","THEOU_CONF","TRUE","FALSE",,,,,"Theou Conf Samp Test View","FALSE"
"SAMP_TEST_VIEW","TJH_MY_BAT","TRUE","FALSE",,,,,"Tjh My Bat Samp Test View","FALSE"
"SAMP_TEST_VIEW","TRIAC_CONF","TRUE","FALSE",,,,,"Triac Conf Samp Test View","FALSE"
"SAMPLE","ALL_SAMPLES","TRUE","FALSE",,"All Active System Samples - No Standards",,,"All Samples Sample - No Standards","TRUE"
"SAMPLE","AUTHORIZED","TRUE","FALSE",,"Restricted to Authorized Samples",,,"Authorized Samples","TRUE"
"SAMPLE","EXPIRED","TRUE","FALSE",,"List of Samples at Expired Status",,,"Expired Sample","FALSE"
"SAMPLE","EXPLORE_DEFAULT_10_15","TRUE","FALSE",,,,,"Explore Default 10 15 Sample","FALSE"
"SAMPLE","EXPLORE_DEFAULT_11_15","TRUE","FALSE",,,,,"Explore Default 11 15 Sample","FALSE"
"SAMPLE","EXPLORE_DEFAULT_14_15","TRUE","FALSE",,,,,"Explore Default 14 15 Sample","FALSE"
"SAMPLE","EXPLORE_MOBILE_1_14","TRUE","FALSE",,,,,"Mobile Folders Location Prompt","FALSE"
"SAMPLE","EXPLORE_MOBILE_2_14","TRUE","FALSE",,,,,"Mobile Folders Customer Prompt","FALSE"
"SAMPLE","EXPLORE_MOBILE_3_14","TRUE","FALSE",,,,,"Mobile Folders Current Operator","FALSE"
"SAMPLE","EXPLORE_MOBILE_4_14","TRUE","FALSE",,,,,"Mobile Folders Logged Today","FALSE"
"SAMPLE","EXPLORE_MOBILE_5_14","TRUE","FALSE",,,,,"Mobile Folders Job Prompt","FALSE"
"SAMPLE","EXPLORE_MOBILE_6_14","TRUE","FALSE",,,,,"Mobile Folders Logged Between","FALSE"
"SAMPLE","EXPLORE_MOBILE_7_14","TRUE","FALSE",,,,,"Mobile Folders Logged Since","FALSE"
"SAMPLE","EXPLORE_MOBILE_8_14","TRUE","FALSE",,,,,"Mobile Folders All","FALSE"
"SAMPLE","EXPLORE_PETRL_12_13","TRUE","FALSE",,,,,"Explore Petrl 12 13 Sample","FALSE"
"SAMPLE","EXPLORE_PETRL_14_13","TRUE","FALSE",,,,,"Explore Petrl 14 13 Sample","FALSE"
"SAMPLE","EXPLORE_PETRL_16_13","TRUE","FALSE",,,,,"Explore Petrl 16 13 Sample","FALSE"
"SAMPLE","EXPLORE_PETRL_19_13","TRUE","FALSE",,,,,"Explore Petrl 19 13 Sample","FALSE"
"SAMPLE","EXPLORE_PETRL_22_13","TRUE","FALSE",,,,,"Explore Petrl 22 13 Sample","FALSE"
"SAMPLE","EXPLORE_PETRL_25_13","TRUE","FALSE",,,,,"Explore Petrl 25 13 Sample","FALSE"
"SAMPLE","EXPLORE_PETRL_MGT_3_17","TRUE","FALSE",,,,,"Explore Petrl Mgt 3 17 Sample","FALSE"
"SAMPLE","EXPLORE_PETRL_MGT_4_17","TRUE","FALSE",,,,,"Explore Petrl Mgt 4 17 Sample","FALSE"
"SAMPLE","EXPLORE_PETRL_MGT_7_17","TRUE","FALSE",,,,,"Explore Petrl Mgt 7 17 Sample","FALSE"
"SAMPLE","EXPLORE_TABLE_DETAILS_1_21","TRUE","FALSE",,,,,"Explore Table Details 1 21 Sample","FALSE"
"SAMPLE","EXPLORE_U$DEBORAH_1_17","TRUE","FALSE",,,,,"Explore U$deborah 1 17 Sample","FALSE"
"SAMPLE","EXPLORE_U$HODYT_1_15","TRUE","FALSE",,,,,"Explore U$hodyt 1 15 Sample","FALSE"
"SAMPLE","EXPLORE_U$SYSTEM_3_16","TRUE","FALSE",,,,,"Explore U$system 3 16 Sample","FALSE"
"SAMPLE","NEAR_EXPIRY","TRUE","FALSE",,"List of Retain Samples near Expiry Date (within 7 Days)",,,"Near Expiry Sample","FALSE"
"SAMPLE","NEAR_TEST","TRUE","FALSE",,"List of Retain Samples near Testing (within 7 Days)",,,"Near Test Sample","FALSE"
"SAMPLE","RETAIN","TRUE","FALSE",,"All Samples of Sample Type RETAIN",,,"Retain Samples","FALSE"
"SAMPLE","RETAIN_TEST","TRUE","FALSE",,"All Samples of Sample Type RETAIN currently under testing",,,"Retain Test Sample","FALSE"
"SAMPLE","ROOT_SAMPLES","TRUE","FALSE",,,,,"Samples with no parent","FALSE"
"SAMPLE","SAMPLES_ACTIVE","TRUE","FALSE",,,,,"Samples Active Sample","TRUE"
"SAMPLE","SAMPLES_OVERDUE","TRUE","FALSE",,,,,"Samples Overdue Sample","TRUE"
"SAMPLE","SAMPLES_SUSPENDED","TRUE","FALSE",,,,,"Samples Suspended Sample","TRUE"
"SAMPLE","TJH_SAMPLE_REPORT","TRUE","FALSE",,"get stuff from sample",,,"Tjh Sample Report Sample","TRUE"
"SAMPLE","USERS_AUTH_SAMPLES","TRUE","FALSE",,,,,"Users Authorised Samples","TRUE"
"SAMPLE","USERS_COMP_SAMPLES","TRUE","FALSE",,,,,"Users Complete Samples","TRUE"
"SAMPLE","USERS_IN_PROG_SAMPLES","TRUE","FALSE",,,,,"Users In-progress Samples","TRUE"
"SAMPLE","USERS_UNAVAIL_SAMPLES","TRUE","FALSE",,,,,"Users Unavailable Samples","TRUE"
"SAMPLE_INSPECT_VIEW","EXPLORE_DEFAULT_12_15","TRUE","FALSE",,,,,"Explore Default 12 15 Sample Inspect View","FALSE"
"SAMPLE_POINT","EXPLORE_RACETRACK_3_17","TRUE","FALSE",,,,,"Explore Racetrack 3 17 Sample Point","FALSE"
"SAMPLE_POINT","EXPLORE_TABLE_DETAILS_7_21","TRUE","FALSE",,,,,"Explore Table Details 7 21 Sample Point","FALSE"
"SAMPLE_POINT","SAMPLE_POINTEXPLORE_PETRL_3_2","TRUE","FALSE",,,,,"Sample Pointexplore Petrl 3 2 Sample Point","FALSE"
"SAMPLE_POINT","SAMPLE_POINTEXPLORE_RACETRACK_3_2","TRUE","FALSE",,,,,"Sample Pointexplore Racetrack 3 2 Sample Point","FALSE"
"STANDARD","EXPLORE_LABTABLE_44_16","TRUE","FALSE",,,,,"Explore Labtable 44 16 Standard","FALSE"
"STANDARD_VERSIONS","DEF_PARAM_S_CRIT","TRUE","FALSE",,"Criteria for sequence slots of control type.",,,"Def Param S Crit Standard Versions","TRUE"
"STOCK","EXPLORE_TABLE_DETAILS_93_21","TRUE","FALSE",,,,,"Explore Table Details 93 21 Stock","FALSE"
"STOCK_BATCH","DEF_PARAM_SK_CRIT","TRUE","FALSE",,"Criteria for sequence slots of control type for stock batches.",,,"Parameter Stock Batch Sequence Criteria","TRUE"
"STOCK_BATCH","STOCK_BATCH_ACTIVE","TRUE","FALSE",,,,,"Stock Batch Stock Batch Active","TRUE"
"STOCK_BATCH","STOCK_BATCH_ASSIGN","TRUE","FALSE",,"Criteria to automatically select stock batches at result entry. The location is passed into the criteria if the test used on the instrument and operator has no location a blank string is passed in.",,,"Assign default stock within result entry","TRUE"
"SUBSTANCE_HAZARD","EXPLORE_U$KATHLEEN_1_18","TRUE","FALSE",,,,,"Explore U$kathleen 1 18 Substance Hazard","FALSE"
"TEST","AUTHORIZED","TRUE","FALSE",,"Restricted to Authorized tests",,,"Authorized Tests","TRUE"
"TEST","DEF_PARAM_T_CRIT","TRUE","FALSE",,"Criteria for sequence slots of sample type.",,,"Parameter Test Sequence Criteria","TRUE"
"TEST","EXPLORE_MOBILE_10_14","TRUE","FALSE",,,,,"Mobile Folders Tests Started By","FALSE"
"TEST","EXPLORE_MOBILE_11_14","TRUE","FALSE",,,,,"Mobile Folders Tests for Instrument","FALSE"
"TEST","EXPLORE_MOBILE_9_14","TRUE","FALSE",,,,,"Mobile Folders Tests for Analysis","FALSE"
"TEST","EXPLORE_TABLE_DETAILS_66_21","TRUE","FALSE",,,,,"Explore Table Details 66 21 Test","FALSE"
"TEST","EXPLORE_U$SETHH_3_15","TRUE","FALSE",,,,,"Explore U$sethh 3 15 Test","FALSE"
"TEST","EXPLORE_U$SYSTEM_1_16","TRUE","FALSE",,,,,"Explore U$system 1 16 Test","FALSE"
"TEST","TEST_UNASSIGNED","TRUE","FALSE",,,,,"Test Unassigned Test","TRUE"
"WORKFLOW","EXPLORE_DATA_MANAGER_11_20","TRUE","FALSE",,,,,"Explore Data Manager 11 20 Workflow","FALSE"
"WORKFLOW","EXPLORE_PETRL_3_13","TRUE","FALSE",,,,,"Explore Petrl 3 13 Workflow","FALSE"
"WORKFLOW","EXPLORE_PETRL_6_13","TRUE","FALSE",,,,,"Explore Petrl 6 13 Workflow","FALSE"
"WORKSHEET","USERS_WORKSHEETS","TRUE","FALSE",,,,,"Worksheets assigned to current user","TRUE"
