﻿ENTITY_TEMPLATE
IDENTITY,ENTITY_TEMPLATE_VERSION,NAME,GROUP_ID,DESCRIPTION,TABLE_NAME,MODIFIABLE,REMOVEFLAG,ACTIVE,ACTIVE_FROM,ACTIVE_TO,APPROVAL_STATUS,INSPECTION_PLAN
30,10,100,10,234,30,1,1,1,32,32,1,10
                      36
"BROKE_SAMP","1","Broken Sample",,"Broken Sample","INCIDENTS","TRUE","FALSE","TRUE", , ,"A",
"DEFAULT_BATCH","1","Default Batch",,,"BATCH_HEADER","FALSE","FALSE","TRUE", , ,"A",
"DEFAULT_CERT","1","Default Certificate",,"Default Certificate copying values from the primary sample.","CERT","FALSE","FALSE","TRUE", , ,"A",
"DEFAULT_CERT_RESULT","1","Default Certificate Results",,,"CERT_RESULT","FALSE","FALSE","TRUE", , ,"A",
"DEFAULT_INCIDENT","1","Default Incident",,,"INCIDENTS","FALSE","FALSE","TRUE", , ,"A",
"DEFAULT_JOB","1","Default Job",,,"JOB_HEADER","FALSE","FALSE","TRUE", , ,"A",
"DEFAULT_LOT","1","Default Lot",,,"LOT_DETAILS","FALSE","FALSE","TRUE", , ,"A",
"DEFAULT_PLATE","1","Default Plate",,,"PLATE","FALSE","FALSE","TRUE", , ,"A",
"DEFAULT_RESULT","1","Default Result",,,"RESULT","FALSE","FALSE","TRUE", , ,"A",
"DEFAULT_RETAIN","1","Default Retain Sample",,,"SAMPLE","FALSE","FALSE","TRUE", , ,"A",
"DEFAULT_SAMPLE","1","Default Sample",,,"SAMPLE","FALSE","FALSE","TRUE", , ,"A",
"DEFAULT_SUB_SAMPLE","1","Default Sub Sample",,,"SAMPLE","FALSE","FALSE","TRUE", , ,"A",
"DEFAULT_TEST","1","Default Test",,,"TEST","FALSE","FALSE","TRUE", , ,"A",
"DT_BLOOD_GAS","1","Dt Blood Gas",,"Blood Gas Analysis","SAMPLE","TRUE","TRUE","TRUE", , ,"A",
"EQUINE_ACCESSION_JOB","1","Equine Accession Job",,"PA Equine Accession Job","JOB_HEADER","TRUE","FALSE","TRUE", , ,"A",
"EQUINE_ACCESSION_SAMPLE","1","Equine Accession Sample",,"PA Equine Accession Sample","SAMPLE","TRUE","FALSE","TRUE", , ,"A",
"EQUINE_SAMPLE_POOL","1","Equine Sample Pool",,"PA Equine Sample Composites for Elisa","SAMPLE","TRUE","FALSE","TRUE", , ,"A",
"FG_S_ENTITY_1","1","FGuan Sample Entity Template Example",,"Sample Entity Template Example","SAMPLE","TRUE","TRUE","TRUE", , ,"A",
"MANUAL_SAMPLE","1","Manual Sample",,"PETRL Manual Sample Entry","SAMPLE","TRUE","FALSE","TRUE", , ,"A",
"MANUALSPEC","1","Manual Specimen Creation",,"Manual Specimen Creation - B , U , T etc","SAMPLE","TRUE","FALSE","TRUE", , ,"A",
"P_CONTAINER_INCIDENT","1","PETRL Container Incident",,"Custom incident for PETRL Shipment Containers","INCIDENTS","TRUE","FALSE","TRUE", , ,"A",
"P_SAMPLE_INCIDENT","1","PETRL Sample Incident",,,"INCIDENTS","TRUE","FALSE","TRUE", , ,"A",
"PETRL","1","Petrl",,"PETRL Default plate","PLATE","TRUE","FALSE","TRUE", , ,"A",
"PETRL_BATCH","1","PETRL Batch",,"PETRL Batch Properties","BATCH_HEADER","TRUE","FALSE","TRUE", , ,"A",
"RACETRACK_JOB","1","Race Track Accession",,"PETRL Race Track Accession Job","JOB_HEADER","TRUE","FALSE","TRUE", , ,"A",
"RACETRACK_JOB_BKG","1","Race Track Job Background Job",,"PETRLRace Track Accession Job - created from Race Track","JOB_HEADER","TRUE","FALSE","TRUE", , ,"A",
"RACETRACK_SAMPLE","1","Racetrack Sample",,"PETRL Racetrack Sample","SAMPLE","TRUE","FALSE","TRUE", , ,"A",
"RACETRACK_SAMPLE_RT","1","Racetrack Sample RT",,"PETRL Racetrack Sample - from Race Track File","SAMPLE","TRUE","FALSE","TRUE", , ,"A",
"RACETRACK_SPECIMEN","1","Racetrack Specimen",,"Racetrack SubSample - B , U , T etc","SAMPLE","TRUE","FALSE","TRUE", , ,"A",
"RETAIN_SUB_SAMPLE","1","Default Retain Sub Sample",,,"SAMPLE","FALSE","FALSE","TRUE", , ,"A",
"RT_QC_SAMPLE","1","RaceTrack  Qc Sample",,"PETRL Racetrack QC Sample - for ICPMS Blank Spike","SAMPLE","TRUE","FALSE","TRUE", , ,"A",
"SAMPLE_TYPE_SUB_CUST","1","Sample with Sample Type, Substance, and Customers fields",,"Sample Entity Template which includes the Sample Type, Substance, and Customer fields for use in the workflow","SAMPLE","TRUE","TRUE","TRUE", , ,"A",
"TESTING1234","1","Testing1234",,"testing","SAMPLE","TRUE","TRUE","TRUE", , ,"A",
"TISSUE_MANUAL","1","Manual Sample for Tissues",,"PETRL Manual Sample Entry for Tissues","SAMPLE","TRUE","FALSE","TRUE", , ,"A",
"TJH_SAMPLE","1","TJH Sample Entity Template Example",,"example","SAMPLE","TRUE","TRUE","TRUE", , ,"A",
"TRACK_SAMPLING","1","Track Sampling",,"Track Sampling","SAMPLE","TRUE","TRUE","TRUE", , ,"A",
