﻿EXPLORER_HIERARCHY
TABLE_NAME,HIERARCHY,DESCRIPTION,GROUP_ID,MODIFIABLE,REMOVEFLAG,NAME
30,40,234,10,1,1,100
                       9
"JOB_HEADER","JOB_SAMP_TEST_RESL",,,"TRUE","FALSE","Job Header Job Samp Test Resl"
"JOB_HEADER","JOBNODRILLDOWN","Job No Drill Down",,"TRUE","FALSE","Job No Drill Down"
"JOB_HEADER","TEST_SUB","Test for viewing job sub sample",,"TRUE","FALSE","Test for viewing job sub sample"
"LOCATION","LOCATION_RECURSIVE",,,"TRUE","FALSE","Location Location Recursive"
"LOCATION","LOCATION_RECURSIVE_INST_DASH",,,"TRUE","FALSE","Location Location Recursive Inst Dash"
"LOCATION","LOCATION_RECURSIVE_SAMP_DASH",,,"TRUE","FALSE","Location Location Recursive Samp Dash"
"SAMPLE","SAMPLE_TEST",,,"TRUE","FALSE","Sample Sample Test"
"SAMPLE","SAMPLE_TEST_RESULT",,,"TRUE","FALSE","Sample Sample Test Result"
"STOCK","STOCK_INVENTORY","Hierarchy for stock inventory",,"TRUE","FALSE","Stock Stock Inventory"
