﻿EXPLORER_ROLE
CABINET,FOLDER_NUMBER,ROLE_ID
30,10,20
                      95
"DEFAULT","1","PETRL_DYNAMIC_DISP"
"DEFAULT","1","PETRL_DYNAMIC_MAIN"
"PETRL","3","DM_ADMINISTRATOR"
"PETRL","3","DYNAMIC_AUTHORISER"
"PETRL","3","QA_MANAGER"
"PETRL","3","SCHEMA_ADMINISTRATOR"
"PETRL","3","SYSTEM_ADMINISTRATOR"
"PETRL","3","SYSTEM_MANAGER"
"PETRL","6","PETRL_DYNAMIC_AUTH"
"PETRL","6","PETRL_DYNAMIC_DISP"
"PETRL","6","PETRL_DYNAMIC_MAIN"
"PETRL","7","DYNAMIC_AUTHORISER"
"PETRL","7","DYNAMIC_DISPLAYER"
"PETRL","7","DYNAMIC_MAINTAINER"
"PETRL","7","PETRL_DYNAMIC_AUTH"
"PETRL","7","PETRL_DYNAMIC_DISP"
"PETRL","7","PETRL_DYNAMIC_MAIN"
"PETRL","12","DM_ADMINISTRATOR"
"PETRL","12","DYNAMIC_AUTHORISER"
"PETRL","12","LABORATORY_MANAGER"
"PETRL","12","QA_MANAGER"
"PETRL","12","SYSTEM_ADMINISTRATOR"
"PETRL","12","SYSTEM_MANAGER"
"PETRL","14","DYNAMIC_MAINTAINER"
"PETRL","14","PETRL_DYNAMIC_MAIN"
"PETRL","14","SYSTEM_MANAGER"
"PETRL","16","DM_ADMINISTRATOR"
"PETRL","16","DYNAMIC_AUTHORISER"
"PETRL","16","LABORATORY_MANAGER"
"PETRL","16","QA_MANAGER"
"PETRL","16","SYSTEM_ADMINISTRATOR"
"PETRL","16","SYSTEM_MANAGER"
"PETRL","17","DM_ADMINISTRATOR"
"PETRL","17","DYNAMIC_AUTHORISER"
"PETRL","17","LABORATORY_MANAGER"
"PETRL","17","QA_MANAGER"
"PETRL","17","SYSTEM_ADMINISTRATOR"
"PETRL","17","SYSTEM_MANAGER"
"PETRL","18","DM_ADMINISTRATOR"
"PETRL","18","DYNAMIC_AUTHORISER"
"PETRL","18","LABORATORY_MANAGER"
"PETRL","18","QA_MANAGER"
"PETRL","18","SYSTEM_ADMINISTRATOR"
"PETRL","18","SYSTEM_MANAGER"
"PETRL","23","DM_ADMINISTRATOR"
"PETRL","23","DYNAMIC_AUTHORISER"
"PETRL","23","LABORATORY_MANAGER"
"PETRL","23","QA_MANAGER"
"PETRL","23","SYSTEM_ADMINISTRATOR"
"PETRL","23","SYSTEM_MANAGER"
"PETRL","24","DM_ADMINISTRATOR"
"PETRL","24","DYNAMIC_AUTHORISER"
"PETRL","24","LABORATORY_MANAGER"
"PETRL","24","QA_MANAGER"
"PETRL","24","SYSTEM_ADMINISTRATOR"
"PETRL","24","SYSTEM_MANAGER"
"PETRL_RT_MGT","2","SYSTEM_MANAGER"
"PETRL_RT_MGT","4","SYSTEM_MANAGER"
"RACETRACK","3","RACETRACK_DYN_DISP"
"RACETRACK","3","RACETRACK_DYN_MAIN"
"RACETRACK","3","SYSTEM_MANAGER"
"RACETRACK","4","PETRL_DYNAMIC_AUTH"
"RACETRACK","4","PETRL_DYNAMIC_MAIN"
"RACETRACK","4","RACETRACK_DYN_DISP"
"RACETRACK","4","RACETRACK_DYN_MAIN"
"RACETRACK","4","SYSTEM_MANAGER"
"RACETRACK","5","DM_ADMINISTRATOR"
"RACETRACK","5","SYSTEM_ADMINISTRATOR"
"RACETRACK","6","RACETRACK_DYN_DISP"
"RACETRACK","6","SYSTEM_MANAGER"
"RACETRACK","7","RACETRACK_DYN_DISP"
"RACETRACK","7","SYSTEM_MANAGER"
"RACETRACK_SI","1","RACETRACK_DYN_DISPSI"
"RACETRACK_SI","1","SYSTEM_MANAGER"
"SYSTEM","1","SYSTEM_ADMINISTRATOR"
"SYSTEM","2","SYSTEM_ADMINISTRATOR"
"SYSTEM","3","SYSTEM_ADMINISTRATOR"
"SYSTEM","4","SYSTEM_ADMINISTRATOR"
"SYSTEM","5","VGL_DEVELOPER"
"SYSTEM","6","VGL_DEVELOPER"
"SYSTEM","7","SYSTEM_MANAGER"
"SYSTEM","8","SYSTEM_MANAGER"
"SYSTEM","9","SYSTEM_MANAGER"
"SYSTEM","10","LABORATORY_MANAGER"
"SYSTEM","11","QA_USER"
"SYSTEM","12","SYSTEM_MANAGER"
"SYSTEM","13","LABORATORY_MANAGER"
"SYSTEM","14","LABORATORY_MANAGER"
"SYSTEM","15","SYSTEM_MANAGER"
"SYSTEM","16","SYSTEM_MANAGER"
"SYSTEM","17","SYSTEM_MANAGER"
"SYSTEM","18","SYSTEM_MANAGER"
"SYSTEM","19","SYSTEM_MANAGER"
"SYSTEM","20","LABORATORY_MANAGER"
"SYSTEM","21","USER"
