﻿EXPLORER_AUX
TABLE_NAME,IDENTITY,DESCRIPTION,GROUP_ID,MODIFIABLE,REMOVEFLAG,TITLE,FROM_STATUS,CHANGE_STATUS,CONFIRM_REQUIRED,USER_LIBRARY,VALIDATION_ROUTINE,ACTION_ROUTINE,POST_COMMIT_ROUTINE,PRE_CHANGE_STATUS_ROUTINE,NAME
30,10,234,10,1,1,30,20,1,1,20,50,50,50,50,100
                      44
"CHROMELEON_SEQUENCE","COMPLETE","Results Downloaded",,"TRUE","FALSE","Complete","V,P,X,U,A","C","TRUE",,,,,,"Results Downloaded"
"JOB_HEADER","AUTHORISE","Authorise Job(s)",,"TRUE","FALSE","Authorise","C","A","TRUE",,,,,,"Job Header Authorise"
"JOB_HEADER","CANCEL","Cancel Job(s)",,"TRUE","FALSE","Cancel","C,V","X","TRUE",,,,,,"Job Header Cancel"
"JOB_HEADER","COMPLETE","Complete Job(s)",,"TRUE","FALSE","Complete","V","C","TRUE",,,,,,"Job Header Complete"
"JOB_HEADER","REACTIVATE","Reactivate Job(s)",,"TRUE","FALSE","Reactivate","X,R,A",,"TRUE","$AUX_RAJ",,"AUXRAJEXPLORERUSERACTION",,"auxrajexplorerprechangestatus","Job Header Reactivate"
"JOB_HEADER","RELEASE","Release Job(s) from Suspension",,"TRUE","FALSE","Release","S","!","TRUE",,,,,,"Job Header Release"
"JOB_HEADER","SUSPEND","Suspend Job(s)",,"TRUE","FALSE","Suspend","V,C","S","TRUE",,,,,,"Job Header Suspend"
"LAB_EXECUTION","BLANK","Placeholder function for Lab Execution",,"FALSE","FALSE","Lab Execution",,,"TRUE",,,,,,"Lab Execution Blank"
"LAB_METHOD","BLANK","Placeholder function for Lab Methods",,"FALSE","FALSE","Lab Method",,,"TRUE",,,,,,"Lab Method Blank"
"LOT_DETAILS","AUTHORISE","Authorise Lot(s)",,"TRUE","FALSE","Authorise Lot","CV","A","TRUE",,,,,,"Lot Details Authorise"
"MASTER_MENU","CATEGORY","Categorise",,"TRUE","FALSE","Categorise",,,"TRUE",,,,,,"Master Menu Category"
"MASTER_MENU","IMP_TYPE","Change Implementation Type",,"TRUE","FALSE","Change Implementation Type",,,"TRUE",,,,,,"Master Menu Implementation Type"
"SAMPLE","ACTIVATE","Release Sample(s) from Hold.",,"TRUE","FALSE","Release from Hold","H","V","TRUE",,,,,,"Sample Activate"
"SAMPLE","AUTHORISE","Authorise Sample(s)",,"TRUE","FALSE","Authorise","C","A","TRUE","$AUX_ASP",,"AUXASPEXPLORERUSERACTION",,,"Sample Authorise"
"SAMPLE","CANCEL","Cancel Sample(s)",,"TRUE","FALSE","Cancel","U,W,V,C,I,H,B","X","TRUE","$AUX_XSP",,"AUXXSPEXPLORERUSERACTION",,,"Sample Cancel"
"SAMPLE","COMPLETE","Complete Sample(s)",,"TRUE","FALSE","Complete","H,U,V,W","C","TRUE",,,,,,"Sample Complete"
"SAMPLE","INSPECT","Inspect Sample(s)",,"TRUE","FALSE","Inspect","I",,"TRUE","$SAMP_INSPECT",,"SAMPINSPECTAUXUSERACTION",,,"Sample Inspect"
"SAMPLE","INSPECT_F","Fail Sample(s) Inspection",,"TRUE","FALSE","Inspect","I",,"TRUE","$SAMP_INSPECT",,"SAMPINSPECTAUXWEBFAIL",,,"Sample Inspect"
"SAMPLE","INSPECT_P","Pass Sample(s) Inspection",,"TRUE","FALSE","Inspect","I",,"TRUE","$SAMP_INSPECT",,"SAMPINSPECTAUXWEBPASS",,,"Sample Inspect"
"SAMPLE","LOCATION","Change Sample(s) Location",,"TRUE","FALSE","Move","U,H,W,V,C,I,A,R,X,S",,"TRUE",,,,,,"Sample Location"
"SAMPLE","PREPARE","Complete Sample(s) Preparation",,"TRUE","FALSE","Complete Prep.","W","V","TRUE",,,,,,"Sample Prepare"
"SAMPLE","PRIORITY","Change Sample(s) Priority",,"TRUE","FALSE","Change Priority","VW",,"TRUE",,,,,,"Sample Priority"
"SAMPLE","REACTIVATE","Reactivate Sample(s)",,"TRUE","FALSE","Reactivate","X,R,A",,"TRUE","$AUX_URP",,"AUXURPEXPLORERUSERACTION",,,"Sample Reactivate"
"SAMPLE","RECEIVE","Receive Sample(s)",,"TRUE","FALSE","Receive","U","V","TRUE","$AUX_RVP",,,"AUXPOSTCOMMITSAMPLERECEIVE",,"Sample Receive"
"SAMPLE","RELEASE","Release Sample(s) From Suspension",,"TRUE","FALSE","Release","S","!","TRUE",,,,,,"Sample Release"
"SAMPLE","SUBMIT","Submit Sample(s) for inspection",,"TRUE","FALSE","Submit for Inspection","C","I","TRUE",,,,,,"Sample Submit"
"SAMPLE","SUSPEND","Suspend Sample(s)",,"TRUE","FALSE","Suspend","C,H,U,V,W","S","TRUE",,,,,,"Sample Suspend"
"SAMPLE","TESTRETAIN","Test Retain Sample",,"TRUE","FALSE","Test Retain Sample","B","V","TRUE",,,,,,"Test Retain"
"SAMPLE","WEB_RE","Result Entry by Sample (WCF)",,"TRUE","FALSE","Result Entry","V,C",,"TRUE","$RES_ENTRY","ENTRYPOINTWCFVALIDATION",,,,"Sample Result Entry (WCF)"
"SAMPLE_PLAN_HEADER","AUTHORISE","Authorise Sample Plan Node(s)",,"TRUE","FALSE","Authorise","I","A","TRUE",,,,,,"Sample Plan Header Authorise"
"SAMPLE_PLAN_HEADER","CANCEL","Retire Sample Plan Node(s)",,"TRUE","FALSE","Retire","A","X","TRUE",,,,,,"Sample Plan Header Cancel"
"SAMPLE_PLAN_HEADER","EDIT","Change Sample Plan Node(s) state to In Editing",,"TRUE","FALSE","Edit","R","V","TRUE",,,,,,"Sample Plan Header Edit"
"SAMPLE_PLAN_HEADER","REJECT","Reject Sample Plan Node(s)",,"TRUE","FALSE","Reject","I","R","TRUE",,,,,,"Sample Plan Header Reject"
"SAMPLE_PLAN_HEADER","SUBMIT","Submit Sample Plan Node(s) for Approval",,"TRUE","FALSE","Submit","V","I","TRUE",,,,,,"Sample Plan Header Submit"
"SAMPLE_POINT_SCHEDULE","ACTIVATE","Activate / De-Activate Sample Point Schedule(s)",,"TRUE","FALSE","Active",,,"TRUE",,,,,,"Sample Point Schedule Activate"
"SAMPLE_POINT_SCHEDULE_GROUP","ACTIVATE","Activate / De-Activate Sample Point Schedule Group(s)",,"TRUE","FALSE","Active",,,"TRUE",,,,,,"Sample Point Schedule Group Activate"
"TEST","AUTHORISE","Authorise Test(s)",,"TRUE","FALSE","Authorise","C","A","TRUE","$AUX_ATP",,"AUXATPEXPLORERUSERACTION",,,"Test Authorise"
"TEST","CANCEL","Cancel Test(s)",,"TRUE","FALSE","Cancel","P,V,W,C","X","TRUE","$AUX_XTP",,"AUXXTPEXPLORERUSERACTION",,,"Test Cancel"
"TEST","COMPLETE","Complete Test(s)",,"TRUE","FALSE","Complete","V,P","C","TRUE",,,,,,"Test Complete"
"TEST","PREPARE","Complete Test(s) Preparation",,"TRUE","FALSE","Complete Prep.","W","V","TRUE",,,,,,"Test Prepare"
"TEST","REACTIVATE","Reactivate Test(s)",,"TRUE","FALSE","Reactivate","X,R,A","!","TRUE",,,,,,"Test Reactivate"
"TEST","RELEASE","Release Test(s) from Suspension",,"TRUE","FALSE","Release","S","!","TRUE",,,,,,"Test Release"
"TEST","SUSPEND","Suspend Test(s)",,"TRUE","FALSE","Suspend","V,W,U,C,P","S","TRUE",,,,,,"Test Suspend"
"TEST","WEB_RE","Result Entry by Test (WCF)",,"TRUE","FALSE","Result Entry by Test","V,P,C",,"TRUE","$RES_ENTRY","ENTRYPOINTWCFVALIDATION",,,,"Test Result Entry (WCF)"
