﻿EXPLORER_AUX_FIELDS
TABLE_NAME,IDENTITY,TYPE,ORDER_NUMBER,FIELD_NAME,WIDTH,NAME,DEFAULT_VALUE,VISIBLE
30,10,10,10,30,10,30,234,1
                      18
"JOB_HEADER","AUTHORISE","FORMAT","1","AUTHORISATION_NOTES","30","Authorisation notes",,"TRUE"
"JOB_HEADER","REACTIVATE","ROUTINE","1","AUXFIELDJOBCASCADE","10","Reactivate all lower entities?","TRUE","TRUE"
"JOB_HEADER","REACTIVATE","ROUTINE","2","AUXFIELDRESULTCASCADE","30","Reactivate for result entry?","TRUE","TRUE"
"MASTER_MENU","CATEGORY","FORMAT","1","CATEGORY","30","Category",,"TRUE"
"MASTER_MENU","IMP_TYPE","FORMAT","1","IMPLEMENTATION_TYPE","30","Implementation Type",,"TRUE"
"SAMPLE","AUTHORISE","FORMAT","1","AUTHORISATION_NOTES","30","Authorisation notes",,"TRUE"
"SAMPLE","INSPECT","FORMAT","1","AUTHORISATION_NOTES","30","Inspection notes",,"TRUE"
"SAMPLE","INSPECT","ROUTINE","2","SAMPINSPECTAUXFIELDPASS","10","Inspection Pass","TRUE","TRUE"
"SAMPLE","INSPECT_F","FORMAT","1","AUTHORISATION_NOTES","30","Inspection notes",,"TRUE"
"SAMPLE","INSPECT_P","FORMAT","1","AUTHORISATION_NOTES","30","Inspection notes",,"TRUE"
"SAMPLE","LOCATION","FORMAT","1","LOCATION_ID","11","New Location id",,"TRUE"
"SAMPLE","PRIORITY","FORMAT","1","PRIORITY","10","Priority",,"TRUE"
"SAMPLE","PRIORITY","FORMAT","2","DATERESREQ","11","New Date Required",,"TRUE"
"SAMPLE","REACTIVATE","ROUTINE","1","AUXFIELDSAMPLECASCADE","10","Reactivate all lower entities?","TRUE","TRUE"
"SAMPLE","REACTIVATE","ROUTINE","2","AUXFIELDRESULTCASCADE","10","Reactivate for result entry?","FALSE","TRUE"
"SAMPLE","RECEIVE","FORMAT","1","SAMPLED_DATE","12","Sampled date",,"TRUE"
"SAMPLE_POINT_SCHEDULE","ACTIVATE","FORMAT","1","ACTIVE","30","Active",,"TRUE"
"SAMPLE_POINT_SCHEDULE_GROUP","ACTIVATE","FORMAT","1","ACTIVE","30","Active",,"TRUE"
