﻿FORM_PAGE
FORM,PAGE,ORDER_NUM
30,30,10
                     160
"AttachmentSheet","AttachmentPage","1"
"BatchHeader","EntityTemplatePage","1"
"BatchHeader","AttachmentPage","2"
"BatchPropertySheet","PropertyListPage","1"
"BatchPropertySheet","LinksPage","2"
"BatchPropertySheet","AuditsPage","3"
"BatchPropertySheet","EsigsPage","4"
"BatchPropertySheet","WorkflowJournalPage","5"
"Cert","VersionPage","1"
"Cert","WorkflowJournalPage","2"
"Cert","InspectionPage","3"
"Cert","AttachmentPage","4"
"CertTemplate","AttachmentPage","1"
"CertTemplate","InspectionPage","2"
"CertTemplate","VersionPage","3"
"DataItemLinkSheet","DataItemLinkPage","1"
"DMAgentComputer","AttachmentPage","1"
"DMCaptureInterval","AttachmentPage","1"
"DMCaptureSource","AttachmentPage","1"
"DMClientComputer","AttachmentPage","1"
"DMDataDestination","AttachmentPage","1"
"DMDataItem","DMGamlViewerPage","1"
"DMDataPackage","AttachmentPage","1"
"DMDataPackage","VersionPage","2"
"DMDataPackage","EsigsPage","3"
"DMDataPackage","DMGamlViewerPage","4"
"DMPackageProperty","AttachmentPage","1"
"DMPackagingRule","AttachmentPage","1"
"DMPropertyScript","AttachmentPage","1"
"DMRuleTemplate","AttachmentPage","1"
"DMServerComputer","AttachmentPage","1"
"EntityTemplate","AttachmentPage","1"
"EntityTemplate","VersionPage","2"
"EntityTemplate","InspectionPage","3"
"EntityTemplate","EntityTemplateParameters","4"
"GenericPropertySheet","PropertyListPage","1"
"GenericPropertySheet","LinksPage","2"
"GenericPropertySheet","AuditsPage","3"
"GenericPropertySheet","EsigsPage","4"
"GenericPropertySheet","WorkflowJournalPage","5"
"GenericPropertySheet","IncidentPage","6"
"Hazard","AttachmentPage","1"
"Incident","ParameterDefinePage","1"
"Incident","EntityTemplatePage","2"
"Incident","AttachmentPage","3"
"Incidents","ParameterPage","1"
"Incidents","PropertyListPage","2"
"Incidents","LinksPage","3"
"Incidents","InspectionPage","4"
"Incidents","AttachmentPage","5"
"Incidents","WorkflowJournalPage","6"
"Instrument","MaintenancePage","1"
"InstrumentCategory","AttachmentPage","1"
"InstrumentPart","MaintenancePage","1"
"InstrumentPartTemplate","MaintenanceTemplatePage","1"
"InstrumentTemplate","MaintenanceTemplatePage","1"
"Job","AuditsPage","1"
"Job","EsigsPage","2"
"Job","WorkflowJournalPage","3"
"Job","ParameterPage","4"
"LabAlias","AttachmentPage","1"
"LabAlias","InspectionPage","2"
"LabAlias","VersionPage","3"
"LabDataSource","InspectionPage","1"
"LabDataSource","AttachmentPage","2"
"LabDataSource","VersionPage","3"
"LabelTemplate","VersionPage","1"
"LabMapping","VersionPage","1"
"LabMapping","AttachmentPage","2"
"LabMapping","InspectionPage","3"
"LabMethod","AttachmentPage","1"
"LabMethod","InspectionPage","2"
"LabMethod","VersionPage","3"
"LabParsingScript","AttachmentPage","1"
"LabParsingScript","InspectionPage","2"
"LabParsingScript","VersionPage","3"
"LabRackTemplate","PlatePreviewPage","1"
"LabRackTemplate","InspectionPage","2"
"LabRackTemplate","VersionPage","3"
"LabRackTemplate","AttachmentPage","4"
"LabSequence","AttachmentPage","1"
"Location","EntityTemplatePage","1"
"LotDetails","AttachmentPage","1"
"LotPropertySheet","PropertyListPage","1"
"LotPropertySheet","LinksPage","2"
"LotPropertySheet","AuditsPage","3"
"LotPropertySheet","EsigsPage","4"
"LotPropertySheet","WorkflowJournalPage","5"
"MlpHeader","AttachmentPage","1"
"MlpHeader","VersionPage","2"
"MlpHeader","InspectionPage","3"
"MlpLevel","AttachmentPage","1"
"ModularReport","AttachmentPage","1"
"ModularReport","VersionPage","2"
"ModularReport","InspectionPage","3"
"ModularReportPropertySheet","InspectionPage","1"
"ModularReportPropertySheet","VersionPage","2"
"P_RACE_CARD","AttachmentPage","1"
"P_RACE_CARD","PropertyListPage","2"
"P_SHIP_CONTAINER","AttachmentPage","1"
"P_SHIP_CONTAINER","PropertyListPage","2"
"Plate","AttachmentPage","1"
"Plate","EntityTemplatePage","2"
"Plate","InspectionPage","3"
"PlateAppearance","PlatePreviewPage","1"
"PlateAppearance","InspectionPage","2"
"PlateAppearance","VersionPage","3"
"PlateAppearance","AttachmentPage","4"
"PlateFillOrder","PlatePreviewPage","1"
"PlateFillOrder","InspectionPage","2"
"PlateFillOrder","VersionPage","3"
"PlateFillOrder","AttachmentPage","4"
"PlateType","PlatePreviewPage","1"
"PlateType","InspectionPage","2"
"PlateType","VersionPage","3"
"PlateType","AttachmentPage","4"
"Race","AttachmentPage","1"
"Race","PropertyListPage","2"
"Race","IncidentPage","3"
"Race","WorkflowJournalPage","4"
"Race","VersionPage","5"
"Race","ParameterPage","6"
"ReportTemplate","InspectionPage","1"
"ReportTemplate","VersionPage","2"
"ReportTemplatePropertySheet","InspectionPage","1"
"ReportTemplatePropertySheet","VersionPage","2"
"RetainTestPlan","VersionPage","1"
"RetainTestPlan","InspectionPage","2"
"RetainTestPlan","AttachmentPage","3"
"Sample","PropertyListPage","1"
"Sample","LinksPage","2"
"Sample","AuditsPage","3"
"Sample","EsigsPage","4"
"Sample","WorkflowJournalPage","5"
"Sample","AttachmentPage","6"
"Sample","ParameterPage","7"
"SamplePoint","PropertyListPage","1"
"SamplePoint","EsigsPage","2"
"SamplePoint","AttachmentPage","3"
"SchemaLayout","VersionPage","1"
"SchemaLayout","InspectionPage","2"
"SchemaLayout","AttachmentPage","3"
"Test","PropertyListPage","1"
"Test","LinksPage","2"
"Test","AuditsPage","3"
"Test","EsigsPage","4"
"Test","InspectionPage","5"
"Test","WorkflowJournalPage","6"
"Test","ParameterPage","7"
"VersionedAnalysis","VersionPage","1"
"VersionedAnalysisPropertySheet","PropertyListPage","1"
"VersionedAnalysisPropertySheet","LinksPage","2"
"VersionedAnalysisPropertySheet","AuditsPage","3"
"VersionedAnalysisPropertySheet","EsigsPage","4"
"VersionedAnalysisPropertySheet","WorkflowJournalPage","5"
"VersionedAnalysisPropertySheet","InspectionPage","6"
"VersionedAnalysisPropertySheet","VersionPage","7"
"Workflow","AttachmentPage","1"
"Workflow","VersionPage","2"
"Workflow","InspectionPage","3"
