﻿GROUP_HEADER
IDENTITY,DESCRIPTION,MODIFIABLE,REMOVEFLAG,OPERATOR_ID,GROUP_ID,PARENT_GROUP,NAME,OWNER_SITE
10,234,1,1,10,10,10,100,10
                       9
"EXTRACTION","Extraction chemists","TRUE","FALSE",,"EXTRACTION",,"Extraction",
"LAB","PETRL Lab General Reports, Forms, Worksheets","TRUE","FALSE",,"LAB",,"Lab",
"RACETRACK","Racetrack Side Staff Group","TRUE","FALSE",,"RACETRACK",,"Racetrack Group",
"RECEIPT","Container and Sample Receipt at Lab","TRUE","FALSE",,"RECEIPT",,"Receipt",
"REPORT_LF","applied to reports","TRUE","FALSE",,"REPORT_LF",,"Report Lab Finding",
"REPORT_NEG","applied to reports","TRUE","FALSE",,"REPORT_NEG",,"Report Negative",
"REPORT_RTK","Race Track Reports Track Side only","TRUE","FALSE",,"REPORT_RTK",,"Report Rtk",
"REPORT_STI","applied to reports","TRUE","FALSE",,"REPORT_STI",,"Report Short Term Investigation",
"SYSTEM","System Group","FALSE","FALSE",,"SYSTEM",,"System",
