﻿ICON
IDENTITY,DESCRIPTION,ICON_SOURCE,ICON_NUMBER,ICON_RESOURCE,MODIFIABLE,REMOVEFLAG,GROUP_ID,NAME
30,234,10,10,234,1,1,10,100
                    1059
"AISLE","Aisle","INTERNAL","-1",,"FALSE","FALSE",,"Aisle"
"AREA","Area","INTERNAL","-1",,"FALSE","FALSE",,"Area"
"BATCH","Batch","INTERNAL","-1",,"FALSE","FALSE",,"Batch"
"BATCH_ADD","Batch Add","INTERNAL","-1",,"FALSE","FALSE",,"Batch Add"
"BATCH_HEADER","Batch Header","INTERNAL","-1",,"FALSE","FALSE",,"Batch Header"
"BATCH_PREP","Batch Prep","INTERNAL","-1",,"FALSE","FALSE",,"Batch Prep"
"BATCH_TEMPLATE","Batch Template","INTERNAL","-1",,"FALSE","FALSE",,"Batch Template"
"BATCH_TEMPLATE_REPEAT","Batch Template Repeat","INTERNAL","-1",,"FALSE","FALSE",,"Batch Template Repeat"
"BATCH_TEMPLATE_START","Batch Template Start","INTERNAL","-1",,"FALSE","FALSE",,"Batch Template Start"
"BATCH_TEMPLATE_TRAIL","Batch Template Trail","INTERNAL","-1",,"FALSE","FALSE",,"Batch Template Trail"
"BOOK_BLUE","Blue Book","INTERNAL","-1",,"FALSE","FALSE",,"Book Blue"
"BOOK_BLUE_ADD","Book Blue Add","INTERNAL","-1",,"FALSE","FALSE",,"Book Blue Add"
"BOOK_BLUE_DELETE","Book Blue Delete","INTERNAL","-1",,"FALSE","FALSE",,"Book Blue Delete"
"BOOK_BLUE_FIND","Book Blue Find","INTERNAL","-1",,"FALSE","FALSE",,"Book Blue Find"
"BOOK_BLUE_NEW","Book Blue New","INTERNAL","-1",,"FALSE","FALSE",,"Book Blue New"
"BOOK_BLUE_NEXT","Blue Book Next","INTERNAL","-1",,"FALSE","FALSE",,"Book Blue Next"
"BOOK_BLUE_PREFER","Blue Book Preferences","INTERNAL","-1",,"FALSE","FALSE",,"Book Blue Prefer"
"BOOK_BLUE_PREV","Book Blue Previous","INTERNAL","-1",,"FALSE","FALSE",,"Book Blue Previous"
"BOOK_BLUE_VIEW","Book Blue View","INTERNAL","-1",,"FALSE","FALSE",,"Book Blue View"
"BOOK_GREEN","Green Book","INTERNAL","-1",,"FALSE","FALSE",,"Book Green"
"BOOK_OPEN","Blue Book Open","INTERNAL","-1",,"FALSE","FALSE",,"Book Open"
"BOOK_RED","Red Book","INTERNAL","-1",,"FALSE","FALSE",,"Book Red"
"BOOK_YELLOW","Yellow Book","INTERNAL","-1",,"FALSE","FALSE",,"Book Yellow"
"BOOKMARK","Bookmark","INTERNAL","-1",,"FALSE","FALSE",,"Bookmark"
"BOOKMARK_ADD","Bookmark Add","INTERNAL","-1",,"FALSE","FALSE",,"Bookmark Add"
"BOOKMARK_DELETE","Bookmark Delete","INTERNAL","-1",,"FALSE","FALSE",,"Bookmark Delete"
"BOOKMARK_DOWN","Bookmark Down","INTERNAL","-1",,"FALSE","FALSE",,"Bookmark Down"
"BOOKMARK_NEW","Bookmark New","INTERNAL","-1",,"FALSE","FALSE",,"Bookmark New"
"BOOKMARK_PREFER","Bookmark Preferences","INTERNAL","-1",,"FALSE","FALSE",,"Bookmark Preferences"
"BOOKMARK_UP","Bookmark Up","INTERNAL","-1",,"FALSE","FALSE",,"Bookmark Up"
"BOOKMARKS","Bookmarks","INTERNAL","-1",,"FALSE","FALSE",,"Bookmarks"
"BOOKMARKS_PREFER","Bookmarks Preferences","INTERNAL","-1",,"FALSE","FALSE",,"Bookmarks Preferences"
"BOOKS","Books","INTERNAL","-1",,"FALSE","FALSE",,"Books"
"BOOKS_PREFER","Books Preferences","INTERNAL","-1",,"FALSE","FALSE",,"Books Preferences"
"BOX","Box","INTERNAL","-1",,"FALSE","FALSE",,"Box"
"BOX_ADD","Box Add","INTERNAL","-1",,"FALSE","FALSE",,"Box Add"
"BOX_BLUE","Box Blue","INTERNAL","-1",,"TRUE","FALSE",,"Box Blue"
"BOX_CLOSED","Box Closed","INTERNAL","-1",,"FALSE","FALSE",,"Box Closed"
"BOX_CLOSED_ADD","Box Closed Add","INTERNAL","-1",,"FALSE","FALSE",,"Box Closed Add"
"BOX_CLOSED_DELETE","Box Closed Delete","INTERNAL","-1",,"FALSE","FALSE",,"Box Closed Delete"
"BOX_CLOSED_NEW","Box Closed New","INTERNAL","-1",,"FALSE","FALSE",,"Box Closed New"
"BOX_CLOSED_NEXT","Box Closed Next","INTERNAL","-1",,"FALSE","FALSE",,"Box Closed Next"
"BOX_CLOSED_PREVIOUS","Box Closed Previous","INTERNAL","-1",,"FALSE","FALSE",,"Box Closed Previous"
"BOX_CLOSED_VIEW","Box Closed View","INTERNAL","-1",,"FALSE","FALSE",,"Box Closed View"
"BOX_CROSS","Box Cross","INTERNAL","-1",,"TRUE","FALSE",,"Box Cross"
"BOX_DELETE","Box Delete","INTERNAL","-1",,"FALSE","FALSE",,"Box Delete"
"BOX_GREEN","Box Green","INTERNAL","-1",,"TRUE","FALSE",,"Box Green"
"BOX_INTO","Box Into","INTERNAL","-1",,"FALSE","FALSE",,"Box Into"
"BOX_NEW","Box New","INTERNAL","-1",,"FALSE","FALSE",,"Box New"
"BOX_NEXT","Box Next","INTERNAL","-1",,"FALSE","FALSE",,"Box Next"
"BOX_OUT","Box Out","INTERNAL","-1",,"FALSE","FALSE",,"Box Out"
"BOX_PREFERENCES","Box Preferences","INTERNAL","-1",,"FALSE","FALSE",,"Box Preferences"
"BOX_PREVIOUS","Box Previous","INTERNAL","-1",,"FALSE","FALSE",,"Box Previous"
"BOX_RED","Box Red","INTERNAL","-1",,"TRUE","FALSE",,"Box Red"
"BOX_VIEW","Box View","INTERNAL","-1",,"FALSE","FALSE",,"Box View"
"BOX_YELLOW","Box Yellow","INTERNAL","-1",,"TRUE","FALSE",,"Box Yellow"
"BRANCH","Branch","INTERNAL","-1",,"FALSE","FALSE",,"Branch"
"BRANCH_DELETE","Branch","INTERNAL","-1",,"FALSE","FALSE",,"Branch Delete"
"BRANCH_FIND","Branch Find","INTERNAL","-1",,"FALSE","FALSE",,"Branch Find"
"BRANCH_GREEN","Branch Green","INTERNAL","-1",,"FALSE","FALSE",,"Branch Green"
"BRANCH_NEW","Branch New","INTERNAL","-1",,"FALSE","FALSE",,"Branch New"
"BRANCH_VIEW","Branch View","INTERNAL","-1",,"FALSE","FALSE",,"Branch View"
"BUG_ACCEPT","Accept Bug","INTERNAL","-1",,"FALSE","FALSE",,"Bug Accept"
"BUG_GREEN","Green Bug","INTERNAL","-1",,"FALSE","FALSE",,"Bug Green"
"BUG_INSPECT","Inspect Bug","INTERNAL","-1",,"FALSE","FALSE",,"Bug Inspect"
"BUG_PAUSE","Pause Bug","INTERNAL","-1",,"FALSE","FALSE",,"Bug Pause"
"BUG_PLAY","Play Bug","INTERNAL","-1",,"FALSE","FALSE",,"Bug Play"
"BUG_RED","Red Bug","INTERNAL","-1",,"FALSE","FALSE",,"Bug Red"
"BUG_REJECT","Reject Bug","INTERNAL","-1",,"FALSE","FALSE",,"Bug Reject"
"BUG_STOP","Stop Bug","INTERNAL","-1",,"FALSE","FALSE",,"Bug Stop"
"BUG_TICK","Tick Bug","INTERNAL","-1",,"FALSE","FALSE",,"Bug Tick"
"BUG_WAIT","Wait Bug","INTERNAL","-1",,"FALSE","FALSE",,"Bug Wait"
"BUG_YELLOW","Yellow Bug","INTERNAL","-1",,"FALSE","FALSE",,"Bug Yellow"
"BUILDING","Building","INTERNAL","-1",,"FALSE","FALSE",,"Building"
"CALENDAR_VARIABLE","Calendar Variable","INTERNAL","-1",,"FALSE","FALSE",,"Calendar Variable"
"CAPACITOR","Capacitor","INTERNAL","-1",,"FALSE","FALSE",,"Capacitor"
"CERT","Certificate","INTERNAL","-1",,"FALSE","FALSE",,"Certificate"
"CERT_ADD","Certificate Add","INTERNAL","-1",,"FALSE","FALSE",,"Certificate Add"
"CERT_NEW","Certificate New","INTERNAL","-1",,"FALSE","FALSE",,"Certificate New"
"CERT_REFRESH","Certificate","INTERNAL","-1",,"FALSE","FALSE",,"Certificate Refresh"
"CERT_TEMPLATE","Certificate Template","INTERNAL","-1",,"FALSE","FALSE",,"Certificate Template"
"CERT_VIEW","Certificate View","INTERNAL","-1",,"FALSE","FALSE",,"Certificate View"
"CERTIFICATE","Prize Winning Rosette","INTERNAL","-1",,"FALSE","FALSE",,"Certificate"
"CHART","Chart","INTERNAL","-1",,"FALSE","FALSE",,"Chart"
"CHART_COLUMN","Column Chart","INTERNAL","-1",,"FALSE","FALSE",,"Chart Column"
"CHART_DOT","Dot Chart","INTERNAL","-1",,"FALSE","FALSE",,"Chart Dot"
"CHART_PIE","Pit Chart","INTERNAL","-1",,"FALSE","FALSE",,"Chart Pie"
"CHART_PIE_VIEW","View Pie Chart","INTERNAL","-1",,"FALSE","FALSE",,"Chart Pie View"
"CHECK","Check mark","INTERNAL","-1",,"FALSE","FALSE",,"Check"
"CHECK2","Check mark","INTERNAL","-1",,"FALSE","FALSE",,"Check2"
"CHECKS","Two check marks","INTERNAL","-1",,"FALSE","FALSE",,"Checks"
"CHEESE","Cheese Wedge","INTERNAL","-1",,"FALSE","FALSE",,"Cheese Wedge"
"CHEESE_PACKING","Packing Cheese for Shipment","INTERNAL","-1",,"FALSE","FALSE",,"Cheese Packing"
"CHROMELEON","Chromeleon","INTERNAL","-1",,"FALSE","FALSE",,"Chromeleon"
"CHROMELEON_BLANK","Chromeleon Blank Sample","INTERNAL","-1",,"FALSE","FALSE",,"Chromeleon Blank Sample"
"CHROMELEON_CALIB","Chromeleon Calibration Standard","INTERNAL","-1",,"FALSE","FALSE",,"Chromeleon Calibration Standard"
"CHROMELEON_CHECK","Chromeleon Check Standard","INTERNAL","-1",,"FALSE","FALSE",,"Chromeleon Check Standard"
"CHROMELEON_DATA","Chromeleon Data","INTERNAL","-1",,"FALSE","FALSE",,"Chromeleon Data"
"CHROMELEON_IMETH","Chromeleon Instrument Method","INTERNAL","-1",,"FALSE","FALSE",,"Chromeleon Instrument Method"
"CHROMELEON_INST_INFO","Chromeleon Instrument Info","INTERNAL","-1",,"FALSE","FALSE",,"Chromeleon Instrument Info"
"CHROMELEON_INSTRUMENT","Chromeleon Instrument","INTERNAL","-1",,"FALSE","FALSE",,"Chromeleon Instrument"
"CHROMELEON_MAPPING","Chromeleon Mapping","INTERNAL","-1",,"FALSE","FALSE",,"Chromeleon Mapping"
"CHROMELEON_MATRIX","Chromeleon Matrix","INTERNAL","-1",,"FALSE","FALSE",,"Chromeleon Matrix"
"CHROMELEON_PMETH","Chromeleon Processing Method","INTERNAL","-1",,"FALSE","FALSE",,"Chromeleon Processing Method"
"CHROMELEON_SEQUENCE","Chromeleon Sequence","INTERNAL","-1",,"FALSE","FALSE",,"Chromeleon Sequence"
"CHROMELEON_SEQUENCE_A","Chromeleon Sequence Status A","INTERNAL","-1",,"FALSE","FALSE",,"Chromeleon Sequence Status A"
"CHROMELEON_SEQUENCE_C","Chromeleon Sequence Status C","INTERNAL","-1",,"FALSE","FALSE",,"Chromeleon Sequence Status C"
"CHROMELEON_SEQUENCE_P","Chromeleon Sequence Status P","INTERNAL","-1",,"FALSE","FALSE",,"Chromeleon Sequence Status P"
"CHROMELEON_SEQUENCE_U","Chromeleon Sequence U","INTERNAL","-1",,"FALSE","FALSE",,"Chromeleon Sequence U"
"CHROMELEON_SEQUENCE_V","Chromeleon Sequence Status V","INTERNAL","-1",,"FALSE","FALSE",,"Chromeleon Sequence Status V"
"CHROMELEON_SEQUENCE_X","Chromeleon Sequence Status X","INTERNAL","-1",,"FALSE","FALSE",,"Chromeleon Sequence Status X"
"CHROMELEON_SERVER","Chromeleon Server","INTERNAL","-1",,"FALSE","FALSE",,"Chromeleon Server"
"CHROMELEON_SPIKE","Chromeleon Matrix","INTERNAL","-1",,"FALSE","FALSE",,"Chromeleon Spike"
"CHROMELEON_UNKNOWN","Chromeleon Unknown Sample","INTERNAL","-1",,"FALSE","FALSE",,"Chromeleon Unknown Sample"
"CHROMELEON_USPIKE","Chromeleon Unspiked Sample","INTERNAL","-1",,"FALSE","FALSE",,"Chromeleon Unspiked Sample"
"CHROMELEON_VAULT","Chromeleon Vault","INTERNAL","-1",,"FALSE","FALSE",,"Chromeleon Vault"
"CIRCLE_BLUE","Blue Circle","INTERNAL","-1",,"FALSE","FALSE",,"Circle Blue"
"CIRCLE_GREEN","Green Circle","INTERNAL","-1",,"FALSE","FALSE",,"Circle Green"
"CIRCLE_GREY","Grey Circle","INTERNAL","-1",,"FALSE","FALSE",,"Circle Grey"
"CIRCLE_ORANGE","Orange Circle","INTERNAL","-1",,"FALSE","FALSE",,"Circle Orange"
"CIRCLE_RED","Red Circle","INTERNAL","-1",,"FALSE","FALSE",,"Circle Red"
"CIRCLE_YELLOW","Yellow Circle","INTERNAL","-1",,"FALSE","FALSE",,"Circle Yellow"
"CLOCK_RUN","Clock Run","INTERNAL","-1",,"FALSE","FALSE",,"Clock Run"
"CODE","Code","INTERNAL","-1",,"FALSE","FALSE",,"Code"
"COMMENT","Code Comment Style Icon","INTERNAL","-1",,"FALSE","FALSE",,"Comment"
"CONSOLE","Console","INTERNAL","-1",,"FALSE","FALSE",,"Console"
"CONSOLE_NETWORK","Network Console","INTERNAL","-1",,"FALSE","FALSE",,"Console Network"
"CONTRACT","Contract","INTERNAL","-1",,"FALSE","FALSE",,"Contract"
"CUPBOARD","Cupboard","INTERNAL","-1",,"FALSE","FALSE",,"Cupboard"
"DASHBOARD","Dashboard","INTERNAL","-1",,"FALSE","FALSE",,"Dashboard"
"DASHBOARD_SELECTED","Dashboard Selected","INTERNAL","-1",,"FALSE","FALSE",,"Dashboard Selected"
"DATE_TIME","Date Time","INTERNAL","-1",,"FALSE","FALSE",,"Date Time"
"DATETIME_VARIABLE","DateTime Variable","INTERNAL","-1",,"FALSE","FALSE",,"DateTime Variable"
"DELETE","Delete","INTERNAL","-1",,"FALSE","FALSE",,"Delete"
"DIALOG","Translucent Dialog","INTERNAL","-1",,"FALSE","FALSE",,"Translucent Dialog"
"DIAMOND_GREEN","Green Diamond","INTERNAL","-1",,"FALSE","FALSE",,"Diamond Green"
"DIAMOND_RED","Red Diamond","INTERNAL","-1",,"FALSE","FALSE",,"Diamond Red"
"DIAMOND_YELLOW","Yellow Diamond","INTERNAL","-1",,"FALSE","FALSE",,"Diamond Yellow"
"DM_APPLICATION_TEMPLATE","Data Manager Application Template","INTERNAL","-1",,"FALSE","FALSE",,"DM Application Template"
"DM_APPLICATION_TYPE","Data Manager Application Type","INTERNAL","-1",,"FALSE","FALSE",,"DM Application Type"
"DM_DATA_DESTINATION","Data Manager Data Destination","INTERNAL","-1",,"FALSE","FALSE",,"DM Data Destination"
"DM_DATA_PACKAGE","Data Manager Data Package","INTERNAL","-1",,"FALSE","FALSE",,"DM Data Package"
"DM_DATA_PACKAGE_DELETE","Data Manager Data Package Delete","INTERNAL","-1",,"FALSE","FALSE",,"DM Data Package Delete"
"DM_DOWNLOAD_RAWFILES","Data Manager Download Raw Files","INTERNAL","-1",,"FALSE","FALSE",,"DM Download RawFiles"
"DM_EVENT_ERROR","Data Manager Error Events","INTERNAL","-1",,"FALSE","FALSE",,"DM Error Events"
"DM_EVENT_INFO","Data Manager Information Events","INTERNAL","-1",,"FALSE","FALSE",,"DM Information Events"
"DM_EVENT_WARNING","Data Manager Warning Events","INTERNAL","-1",,"FALSE","FALSE",,"DM Warning Events"
"DM_LINK_ADD","Data Manager Link Add","INTERNAL","-1",,"FALSE","FALSE",,"DM Link Add"
"DM_LINK_DELETE","Data Manager Link Delete","INTERNAL","-1",,"FALSE","FALSE",,"DM Link Delete"
"DM_PACKAGE_PROPERTY","Data Manager Package Property","INTERNAL","-1",,"FALSE","FALSE",,"DM Package Property"
"DM_PACKAGING_RULE","Data Manager Packaging Rule","INTERNAL","-1",,"FALSE","FALSE",,"DM Packaging Rule"
"DM_PACKAGING_RULE2","Data Manager Packaging Rule 2","INTERNAL","-1",,"FALSE","FALSE",,"DM Packaging Rule 2"
"DM_PACKAGING_SCHEDULE","Data Manager Packaging Schedule","INTERNAL","-1",,"FALSE","FALSE",,"DM Packaging Schedule"
"DM_PACKAGING_SCHEDULE2","Data Manager Packaging Schedule 2","INTERNAL","-1",,"FALSE","FALSE",,"DM Packaging Schedule 2"
"DM_PROPERTY_SCRIPT","Data Manager Property Script","INTERNAL","-1",,"FALSE","FALSE",,"DM Property Script"
"DM_PROPERTY_SCRIPT2","Data Manager Property Script 2","INTERNAL","-1",,"FALSE","FALSE",,"DM Property Script 2"
"DM_WORKSTATION","Data Manager Workstation","INTERNAL","-1",,"FALSE","FALSE",,"DM Workstation"
"DM_WORKSTATION_DELETE","Data Manager Workstation Delete","INTERNAL","-1",,"FALSE","FALSE",,"DM Workstation Delete"
"DOCUMENT","Document","INTERNAL","-1",,"FALSE","FALSE",,"Document"
"DOCUMENT_ADD","Document Add","INTERNAL","-1",,"FALSE","FALSE",,"Document Add"
"DOCUMENT_ATTACH","Document Attachment","INTERNAL","-1",,"FALSE","FALSE",,"Document Attach"
"DOCUMENT_DELETE","Document Delete","INTERNAL","-1",,"FALSE","FALSE",,"Document Delete"
"DOCUMENT_NEW","Document New","INTERNAL","-1",,"FALSE","FALSE",,"Document New"
"DRINK_BLUE","Blue Drink","INTERNAL","-1",,"FALSE","FALSE",,"Drink Blue"
"DRINK_GREEN","Green Drink","INTERNAL","-1",,"FALSE","FALSE",,"Drink Green"
"DRINK_RED","Red Drink","INTERNAL","-1",,"FALSE","FALSE",,"Drink Red"
"DRINK_YELLOW","Yellow Drink","INTERNAL","-1",,"FALSE","FALSE",,"Drink Yellow"
"ELEMENT_ADD","Add Element","INTERNAL","-1",,"FALSE","FALSE",,"Element Add"
"ELEMENT_FIND","Find Element","INTERNAL","-1",,"FALSE","FALSE",,"Element Find"
"ELEMENTS1","Elements","INTERNAL","-1",,"FALSE","FALSE",,"Elements1"
"ENT_PROPERTY","Entity Property","INTERNAL","-1",,"FALSE","FALSE",,"Ent Property"
"ENTITY_CSV","Entity Csv","INTERNAL","-1",,"FALSE","FALSE",,"Entity Csv"
"ENTITY_EXPORT","Export Entity","INTERNAL","-1",,"FALSE","FALSE",,"Export Entity"
"ENTITY_IMPORT","Import Entity","INTERNAL","-1",,"FALSE","FALSE",,"Import Entity"
"ERROR","Error","INTERNAL","-1",,"FALSE","FALSE",,"Error"
"EXCHANGE","Transfer between objects","INTERNAL","-1",,"FALSE","FALSE",,"Exchange"
"EXPORT_CREATE","Export Create","INTERNAL","-1",,"FALSE","FALSE",,"Export Create"
"EXPORT_LINE","Export Line","INTERNAL","-1",,"FALSE","FALSE",,"Export Line"
"EXPORT_WRITE","Export Write","INTERNAL","-1",,"FALSE","FALSE",,"Export Write"
"FACTORY","Factory","INTERNAL","-1",,"FALSE","FALSE",,"Factory"
"FILE_EXCEL","Excel File Icon","INTERNAL","-1",,"FALSE","FALSE",,"File Excel"
"FILE_HTML","HTML File Icon","INTERNAL","-1",,"FALSE","FALSE",,"File HTML"
"FILE_PDF","PDF File Icon","INTERNAL","-1",,"FALSE","FALSE",,"File Pdf"
"FILE_PPT","PowerPoint File Icon","INTERNAL","-1",,"FALSE","FALSE",,"File Ppt"
"FILE_TEXT","Text File Attachment Icon","INTERNAL","-1",,"FALSE","FALSE",,"File Text"
"FILE_WORD","Word File Icon","INTERNAL","-1",,"FALSE","FALSE",,"File Word"
"FLAG_ALGERIA","Algeria","INTERNAL","-1",,"FALSE","FALSE",,"Flag Algeria"
"FLAG_ARGENTINA","Argentina","INTERNAL","-1",,"FALSE","FALSE",,"Flag Argentina"
"FLAG_AUSTRALIA","Australia","INTERNAL","-1",,"FALSE","FALSE",,"Flag Australia"
"FLAG_AUSTRIA","Austria","INTERNAL","-1",,"FALSE","FALSE",,"Flag Austria"
"FLAG_BAHRAIN","Bahrain","INTERNAL","-1",,"FALSE","FALSE",,"Flag Bahrain"
"FLAG_BELARUS","Belarus","INTERNAL","-1",,"FALSE","FALSE",,"Flag Belarus"
"FLAG_BELGIUM","Belgium","INTERNAL","-1",,"FALSE","FALSE",,"Flag Belgium"
"FLAG_BLUE","Blue Flag","INTERNAL","-1",,"FALSE","FALSE",,"Flag Blue"
"FLAG_BRAZIL","Brazil","INTERNAL","-1",,"FALSE","FALSE",,"Flag Brazil"
"FLAG_CANADA","Canada","INTERNAL","-1",,"FALSE","FALSE",,"Flag Canada"
"FLAG_CHILE","Chile","INTERNAL","-1",,"FALSE","FALSE",,"Flag Chile"
"FLAG_CHINA","China","INTERNAL","-1",,"FALSE","FALSE",,"Flag China"
"FLAG_DENMARK","Denmark","INTERNAL","-1",,"FALSE","FALSE",,"Flag Denmark"
"FLAG_DUTCH","Netherlands","INTERNAL","-1",,"FALSE","FALSE",,"Flag Netherlands"
"FLAG_EGYPT","Egypt","INTERNAL","-1",,"FALSE","FALSE",,"Flag Egypt"
"FLAG_ENGLAND","England","INTERNAL","-1",,"FALSE","FALSE",,"Flag England"
"FLAG_EU","European Union","INTERNAL","-1",,"FALSE","FALSE",,"Flag European Union"
"FLAG_FINLAND","Finland","INTERNAL","-1",,"FALSE","FALSE",,"Flag Finland"
"FLAG_FRANCE","France","INTERNAL","-1",,"FALSE","FALSE",,"Flag France"
"FLAG_GERMANY","Germany","INTERNAL","-1",,"FALSE","FALSE",,"Flag Germany"
"FLAG_GREECE","Greece","INTERNAL","-1",,"FALSE","FALSE",,"Flag Greece"
"FLAG_GREEN","Green Flag","INTERNAL","-1",,"FALSE","FALSE",,"Flag Green"
"FLAG_HUNGARY","Hungary","INTERNAL","-1",,"FALSE","FALSE",,"Flag Hungary"
"FLAG_INDIA","India","INTERNAL","-1",,"FALSE","FALSE",,"Flag India"
"FLAG_INDONESIA","Indonesia","INTERNAL","-1",,"FALSE","FALSE",,"Flag Indonesia"
"FLAG_IRAN","Iran","INTERNAL","-1",,"FALSE","FALSE",,"Flag Iran"
"FLAG_IRAQ","Iraq","INTERNAL","-1",,"FALSE","FALSE",,"Flag Iraq"
"FLAG_IRELAND","Ireland","INTERNAL","-1",,"FALSE","FALSE",,"Flag Ireland"
"FLAG_ISRAEL","Israel","INTERNAL","-1",,"FALSE","FALSE",,"Flag Israel"
"FLAG_ITALY","Italy","INTERNAL","-1",,"FALSE","FALSE",,"Flag Italy"
"FLAG_JAPAN","Japan","INTERNAL","-1",,"FALSE","FALSE",,"Flag Japan"
"FLAG_JORDAN","Jordan","INTERNAL","-1",,"FALSE","FALSE",,"Flag Jordan"
"FLAG_KUWAIT","Kuwait","INTERNAL","-1",,"FALSE","FALSE",,"Flag Kuwait"
"FLAG_MALAYSIA","Malaysia","INTERNAL","-1",,"FALSE","FALSE",,"Flag Malaysia"
"FLAG_MEXICO","Mexico","INTERNAL","-1",,"FALSE","FALSE",,"Flag Mexico"
"FLAG_NEPAL","Nepal","INTERNAL","-1",,"FALSE","FALSE",,"Flag Nepal"
"FLAG_NORWAY","Norway","INTERNAL","-1",,"FALSE","FALSE",,"Flag Norway"
"FLAG_NZ","New Zealand","INTERNAL","-1",,"FALSE","FALSE",,"Flag New Zealand"
"FLAG_PAKISTAN","Pakistan","INTERNAL","-1",,"FALSE","FALSE",,"Flag Pakistan"
"FLAG_POLAND","Poland","INTERNAL","-1",,"FALSE","FALSE",,"Flag Poland"
"FLAG_PORTUGAL","Portugal","INTERNAL","-1",,"FALSE","FALSE",,"Flag Portugal"
"FLAG_PR","Puerto Rico","INTERNAL","-1",,"FALSE","FALSE",,"Flag Puerto Rico"
"FLAG_RED","Red Flag","INTERNAL","-1",,"FALSE","FALSE",,"Flag Red"
"FLAG_RUSSIA","Russian Federation","INTERNAL","-1",,"FALSE","FALSE",,"Flag Russia"
"FLAG_SA","South Africa","INTERNAL","-1",,"FALSE","FALSE",,"Flag South Africa"
"FLAG_SAUDI","Saudi Arabia","INTERNAL","-1",,"FALSE","FALSE",,"Flag Saudi Arabia"
"FLAG_SCOTLAND","Scotland","INTERNAL","-1",,"FALSE","FALSE",,"Flag Scotland"
"FLAG_SOUTH_KOREA","South Korea","INTERNAL","-1",,"FALSE","FALSE",,"Flag South Korea"
"FLAG_SPAIN","Spain","INTERNAL","-1",,"FALSE","FALSE",,"Flag Spain"
"FLAG_SWEDEN","Sweden","INTERNAL","-1",,"FALSE","FALSE",,"Flag Sweden"
"FLAG_SWISS","Switzerland","INTERNAL","-1",,"FALSE","FALSE",,"Flag Switzerland"
"FLAG_TAIWAN","Taiwan","INTERNAL","-1",,"FALSE","FALSE",,"Flag Taiwan"
"FLAG_THAILAND","Thailand","INTERNAL","-1",,"FALSE","FALSE",,"Flag Thailand"
"FLAG_TNT","Trinidad and Tobago","INTERNAL","-1",,"FALSE","FALSE",,"Flag Trinidad & Tobago"
"FLAG_TUNISIA","Tunisia","INTERNAL","-1",,"FALSE","FALSE",,"Flag Tunisia"
"FLAG_TURKEY","Turkey","INTERNAL","-1",,"FALSE","FALSE",,"Flag Turkey"
"FLAG_UAE","United Arab Emirates","INTERNAL","-1",,"FALSE","FALSE",,"Flag UAE"
"FLAG_UK","United Kingdom","INTERNAL","-1",,"FALSE","FALSE",,"Flag UK"
"FLAG_UKRAINE","Ukraine","INTERNAL","-1",,"FALSE","FALSE",,"Flag Ukraine"
"FLAG_US","United States","INTERNAL","-1",,"FALSE","FALSE",,"Flag USA"
"FLAG_WALES","Wales","INTERNAL","-1",,"FALSE","FALSE",,"Flag Wales"
"FLAG_YELLOW","Yellow Flag","INTERNAL","-1",,"FALSE","FALSE",,"Flag Yellow"
"FLAG_YEMEN","Bahrain","INTERNAL","-1",,"FALSE","FALSE",,"Flag Yemen"
"FLASH","Flash","INTERNAL","-1",,"FALSE","FALSE",,"Flash"
"FOLDER_HIERARCHY","Folder Hierarchy","INTERNAL","-1",,"FALSE","FALSE",,"Folder Hierarchy"
"FOLDER_INSERT","Folder Insert","INTERNAL","-1",,"FALSE","FALSE",,"Folder Insert"
"FORM_BLUE","Blue Form","INTERNAL","-1",,"FALSE","FALSE",,"Form Blue"
"FORM_GREEN","Green Form","INTERNAL","-1",,"FALSE","FALSE",,"Form Green"
"FORM_RED","Red Form","INTERNAL","-1",,"FALSE","FALSE",,"Form Red"
"FORM_YELLOW","Yellow Form","INTERNAL","-1",,"FALSE","FALSE",,"Form Yellow"
"FORMAT","Format","INTERNAL","-1",,"FALSE","FALSE",,"Format"
"FUME_HOOD","Fume Hood","RESOURCE","-1","FUME_HOOD.ico","TRUE","FALSE",,"Fume Hood"
"GEAR","Gear","INTERNAL","-1",,"FALSE","FALSE",,"Gear"
"GEAR_INV","Gear Inverted","INTERNAL","-1",,"FALSE","FALSE",,"Gear Inverted"
"GEAR_RUN","Gear Run","INTERNAL","-1",,"FALSE","FALSE",,"Gear Run"
"GEAR_STOP","Gear Stop","INTERNAL","-1",,"FALSE","FALSE",,"Gear Stop"
"GENERIC_VARIABLE","Generic Variable","INTERNAL","-1",,"FALSE","FALSE",,"Generic Variable"
"GHS_CORROSION","Corrosion GHS pictogram","INTERNAL","-1",,"FALSE","FALSE",,"Ghs Corrosion"
"GHS_ENVIRONMENT","Environment GHS pictogram","INTERNAL","-1",,"FALSE","FALSE",,"Ghs Environment"
"GHS_EXCLAMATION_MARK","Exclamation mark GHS pictogram","INTERNAL","-1",,"FALSE","FALSE",,"Ghs Exclamation Mark"
"GHS_EXPLODING_BOMB","Exploding bomb GHS pictogram","INTERNAL","-1",,"FALSE","FALSE",,"Ghs Exploding Bomb"
"GHS_FLAME","Flame GHS pictogram","INTERNAL","-1",,"FALSE","FALSE",,"Ghs Flame"
"GHS_FLAME_OVER_CIRCLE","Flame over circle GHS pictogram","INTERNAL","-1",,"FALSE","FALSE",,"Ghs Flame Over Circle"
"GHS_GAS_CYLINDER","Gas cylinder GHS pictogram","INTERNAL","-1",,"FALSE","FALSE",,"Ghs Gas Cylinder"
"GHS_HEALTH_HAZARD","Health hazard GHS pictogram","INTERNAL","-1",,"FALSE","FALSE",,"Ghs Health Hazard"
"GHS_SKULL_CROSSBONES","Skull and crossbones GHS pictogram","INTERNAL","-1",,"FALSE","FALSE",,"Ghs Skull Crossbones"
"HAMMER","Hammer","INTERNAL","-1",,"FALSE","FALSE",,"Hammer"
"HELP","Help","INTERNAL","-1",,"FALSE","FALSE",,"Help"
"HELP2","Help 2","INTERNAL","-1",,"FALSE","FALSE",,"Help 2"
"INCREMENT","Increment","INTERNAL","-1",,"FALSE","FALSE",,"Increment"
"INFORMATION","Information","INTERNAL","-1",,"FALSE","FALSE",,"Information"
"INT_ABOVE_LIMIT","Graph with the high part highlighted","INTERNAL","31",,"FALSE","FALSE",,"Int Above Limit"
"INT_ADD_SIGN","Plus sign","INTERNAL","299",,"FALSE","FALSE",,"Int Add Sign"
"INT_ADDRESS_BOOK","An Open Address Book","INTERNAL","213",,"FALSE","FALSE",,"Int Address Book"
"INT_ADHOC","A List of items with a big arrow pointing into it.","INTERNAL","26",,"FALSE","FALSE",,"Int Adhoc"
"INT_APPROVAL","Approval","INTERNAL","190",,"FALSE","FALSE",,"Int Approval"
"INT_AREA_CHART","An area chart","INTERNAL","303",,"FALSE","FALSE",,"Int Area Chart"
"INT_ARROW_ALL","Arrows Pointing in multiple directions","INTERNAL","20",,"FALSE","FALSE",,"Int Arrow All"
"INT_ARROW_DOWN","Arrow Pointing Downwards","INTERNAL","17",,"FALSE","FALSE",,"Int Arrow Down"
"INT_ARROW_LEFT","Arrow Pointing Leftwards","INTERNAL","18",,"FALSE","FALSE",,"Int Arrow Left"
"INT_ARROW_REPEAT","Arrow Turning to the left","INTERNAL","35",,"FALSE","FALSE",,"Int Arrow Repeat"
"INT_ARROW_RIGHT","Arrow Pointing to the Right","INTERNAL","19",,"FALSE","FALSE",,"Int Arrow Right"
"INT_ARROW_UP","Arrow pointing Upwards","INTERNAL","16",,"FALSE","FALSE",,"Int Arrow Up"
"INT_ASTERIX","Black Asterisk","INTERNAL","80",,"FALSE","FALSE",,"Int Asterix"
"INT_AUDIT_CONFIG","Audit Configuration","INTERNAL","199",,"FALSE","FALSE",,"Int Audit Config"
"INT_AUDITING","Database Auditing","INTERNAL","198",,"FALSE","FALSE",,"Int Auditing"
"INT_AUDITS","First Place Rosette","INTERNAL","25",,"FALSE","FALSE",,"Int Audits"
"INT_AUTHORIZE","Check Mark","INTERNAL","11",,"FALSE","FALSE",,"Int Authorize"
"INT_AUX_ACTION","Auxiliary Action","INTERNAL","244",,"FALSE","FALSE",,"Int Aux Action"
"INT_BADGER_GINGER","Ginger Badger","INTERNAL","318",,"FALSE","FALSE",,"Int Badger Ginger"
"INT_BALANCE","Balance","INTERNAL","240",,"FALSE","FALSE",,"Int Balance"
"INT_BATCH_HEADER_A","Batch Header Approved","INTERNAL","-1",,"FALSE","FALSE",,"Batch Header Approved"
"INT_BATCH_HEADER_C","Batch Header Complete","INTERNAL","-1",,"FALSE","FALSE",,"Batch Header Complete"
"INT_BATCH_HEADER_I","Batch Header Inspection","INTERNAL","-1",,"FALSE","FALSE",,"Batch Header Inspection"
"INT_BATCH_HEADER_U","Batch Header Used","INTERNAL","-1",,"FALSE","FALSE",,"Batch Header Used"
"INT_BATCH_HEADER_V","Batch Header Available","INTERNAL","-1",,"FALSE","FALSE",,"Batch Header Available"
"INT_BATCH_HEADER_X","Batch Header Cancelled","INTERNAL","-1",,"FALSE","FALSE",,"Batch Header Cancelled"
"INT_BELOW_LIMIT","Graph with the low part highlighted","INTERNAL","32",,"FALSE","FALSE",,"Int Below Limit"
"INT_BLANK","No Icon","INTERNAL","200",,"FALSE","FALSE",,"Int Blank"
"INT_BOOK_CLOSED","A closed book with a blue cover.","INTERNAL","70",,"FALSE","FALSE",,"Int Book Closed"
"INT_BOOK_OPEN","An open book with a blue cover","INTERNAL","71",,"FALSE","FALSE",,"Int Book Open"
"INT_BOOKS","Pile of Books","INTERNAL","163",,"FALSE","FALSE",,"Int Books"
"INT_BOX_CYAN","A Blue/Green Box","INTERNAL","68",,"FALSE","FALSE",,"Int Box Cyan"
"INT_BOX_PURPLE","A Purple Box","INTERNAL","67",,"FALSE","FALSE",,"Int Box Purple"
"INT_BOXES","A Set of Boxes","INTERNAL","88",,"FALSE","FALSE",,"Int Boxes"
"INT_BROWSE","Browse","INTERNAL","171",,"FALSE","FALSE",,"Int Browse"
"INT_BROWSE_DISPLAY_ALL","Display All Rows","INTERNAL","221",,"FALSE","FALSE",,"Int Browse Display All"
"INT_BROWSE_FROM_TOP","Restart browse from top","INTERNAL","219",,"FALSE","FALSE",,"Int Browse From Top"
"INT_BROWSE_MORE","Restart browse from top","INTERNAL","220",,"FALSE","FALSE",,"Int Browse More"
"INT_BUILD","Hammer","INTERNAL","174",,"FALSE","FALSE",,"Int Build"
"INT_CABINET_CLOSED","Closed Filing Cabinet","INTERNAL","165",,"FALSE","FALSE",,"Int Cabinet Closed"
"INT_CABINET_OPEN","Open Filing Cabinet","INTERNAL","166",,"FALSE","FALSE",,"Int Cabinet Open"
"INT_CALCULATOR","Calculator","INTERNAL","2",,"FALSE","FALSE",,"Int Calculator"
"INT_CALENDAR","Calendar Icon","INTERNAL","104",,"FALSE","FALSE",,"Int Calendar"
"INT_CERT_A","Int Certificate A","INTERNAL","-1",,"FALSE","FALSE",,"Int Certificate A"
"INT_CERT_D","Int Certificate D","INTERNAL","-1",,"FALSE","FALSE",,"Int Certificate D"
"INT_CERT_I","Int Certificate I","INTERNAL","-1",,"FALSE","FALSE",,"Int Certificate I"
"INT_CERT_R","Int Certificate R","INTERNAL","-1",,"FALSE","FALSE",,"Int Certificate R"
"INT_CERT_X","Int Certificate X","INTERNAL","-1",,"FALSE","FALSE",,"Int Certificate X"
"INT_CERTIFICATE","Certificate","INTERNAL","260",,"FALSE","FALSE",,"Int Certificate"
"INT_CHART","A Generic Chart","INTERNAL","297",,"FALSE","FALSE",,"Int Chart"
"INT_CHART_AFTER","Place chart after report","INTERNAL","319",,"FALSE","FALSE",,"Int Chart After"
"INT_CHART_BEFORE","Place chart before report","INTERNAL","320",,"FALSE","FALSE",,"Int Chart Before"
"INT_CHART_INSERT","Insert chart into report","INTERNAL","321",,"FALSE","FALSE",,"Int Chart Insert"
"INT_CHART_LEGEND","A chart legend","INTERNAL","307",,"FALSE","FALSE",,"Int Chart Legend"
"INT_CHART_ONLY","Chart only report","INTERNAL","322",,"FALSE","FALSE",,"Int Chart Only"
"INT_CHART_REPORT","Chart report","INTERNAL","324",,"FALSE","FALSE",,"Int Chart Report"
"INT_CHART_SEPARATE","Chart and report on separate pages","INTERNAL","323",,"FALSE","FALSE",,"Int Chart Separate"
"INT_CJMLP","Compare Job with MLP","INTERNAL","327",,"FALSE","FALSE",,"Int Cjmlp"
"INT_CLMLP","Compare Lot with MLP","INTERNAL","328",,"FALSE","FALSE",,"Int Clmlp"
"INT_CLOSE","Folder Icon with an arrow pointing up.","INTERNAL","23",,"FALSE","FALSE",,"Int Close"
"INT_CLOSED_FOLDER","Closed Folder","INTERNAL","36",,"FALSE","FALSE",,"Int Closed Folder"
"INT_COLUMN_CHART","A column chart","INTERNAL","304",,"FALSE","FALSE",,"Int Column Chart"
"INT_COMMIT","Database Commit","INTERNAL","203",,"FALSE","FALSE",,"Int Commit"
"INT_COMMIT_DEFAULT","Database Commit of default values","INTERNAL","-1",,"FALSE","FALSE",,"Int Commit Default"
"INT_COMPILE","Compile","INTERNAL","189",,"FALSE","FALSE",,"Int Compile"
"INT_COMPLETE","A big Letter C","INTERNAL","13",,"FALSE","FALSE",,"Int Complete"
"INT_COMPONENT_LIST","Component List","INTERNAL","-1",,"FALSE","FALSE",,"Int Component List"
"INT_COMPUTER","Computer with Monitor","INTERNAL","116",,"FALSE","FALSE",,"Int Computer"
"INT_COPY","Standard Copy Icon","INTERNAL","177",,"FALSE","FALSE",,"Int Copy"
"INT_CRITERIA","Filter Funnel","INTERNAL","162",,"FALSE","FALSE",,"Int Criteria"
"INT_CRITERIA_EDIT","Edit Criteria","INTERNAL","214",,"FALSE","FALSE",,"Int Criteria Edit"
"INT_CRITERIA_EXECUTE","Execute Criteria","INTERNAL","276",,"FALSE","FALSE",,"Int Criteria Execute"
"INT_CRITERIA_FORM","Criteria Form","INTERNAL","172",,"FALSE","FALSE",,"Int Criteria Form"
"INT_CRITERIA_IMPORT","Import Criteria","INTERNAL","285",,"FALSE","FALSE",,"Int Criteria Import"
"INT_CROSS_TAB_ADD_COL","CrossTab Grid Add Column.","INTERNAL","349",,"FALSE","FALSE",,"Int Cross Tab Add Col"
"INT_CROSS_TAB_ADD_ROW","CrossTab Grid Add Row.","INTERNAL","353",,"FALSE","FALSE",,"Int Cross Tab Add Row"
"INT_CROSS_TAB_DEL_COL","CrossTab Grid Delete Column.","INTERNAL","352",,"FALSE","FALSE",,"Int Cross Tab Del Col"
"INT_CROSS_TAB_DEL_ROW","CrossTab Grid Delete Row.","INTERNAL","356",,"FALSE","FALSE",,"Int Cross Tab Del Row"
"INT_CROSS_TAB_INS_COL","CrossTab Grid Insert Column.","INTERNAL","350",,"FALSE","FALSE",,"Int Cross Tab Ins Col"
"INT_CROSS_TAB_INS_ROW","CrossTab Grid Insert Row.","INTERNAL","354",,"FALSE","FALSE",,"Int Cross Tab Ins Row"
"INT_CROSS_TAB_MOD_COL","CrossTab Grid Modify Column.","INTERNAL","351",,"FALSE","FALSE",,"Int Cross Tab Mod Col"
"INT_CROSS_TAB_MOD_ROW","CrossTab Grid Modify Row.","INTERNAL","355",,"FALSE","FALSE",,"Int Cross Tab Mod Row"
"INT_CSMLP","Compare Sample with MLP","INTERNAL","243",,"FALSE","FALSE",,"Int Csmlp"
"INT_CUT","Standard Cut Icon","INTERNAL","176",,"FALSE","FALSE",,"Int Cut"
"INT_CYLINDERS","A set of measuring Cylinders","INTERNAL","57",,"FALSE","FALSE",,"Int Cylinders"
"INT_DATA_ROWS","A set of rows.","INTERNAL","52",,"FALSE","FALSE",,"Int Data Rows"
"INT_DEBUG","A Bug Like Icon","INTERNAL","6",,"FALSE","FALSE",,"Int Debug"
"INT_DECREASE_INDENT","Decrease Indent","INTERNAL","271",,"FALSE","FALSE",,"Int Decrease Indent"
"INT_DELETE_FOLDER","Delete folder.","INTERNAL","338",,"FALSE","FALSE",,"Int Delete Folder"
"INT_DELETE_ITEM","Delete an Item","INTERNAL","85",,"FALSE","FALSE",,"Int Delete Item"
"INT_DESKTOP","The desktop.","INTERNAL","336",,"FALSE","FALSE",,"Int Desktop"
"INT_DIAGRAM","A generic recursive diagram","INTERNAL","301",,"FALSE","FALSE",,"Int Diagram"
"INT_DILUTION","Two test tubes, one with less liquid than the other","INTERNAL","30",,"FALSE","FALSE",,"Int Dilution"
"INT_DISPLAY","Display.","INTERNAL","332",,"FALSE","FALSE",,"Int Display"
"INT_DOCUMENT_NEW","New Document","INTERNAL","225",,"FALSE","FALSE",,"Int Document New"
"INT_DOLLAR","Dollar Symbol","INTERNAL","154",,"FALSE","FALSE",,"Int Dollar"
"INT_DOT","Black Dot","INTERNAL","79",,"FALSE","FALSE",,"Int Dot"
"INT_DOT_GOLD","Golden Dot","INTERNAL","282",,"FALSE","FALSE",,"Int Dot Gold"
"INT_DOT_GREY","Grey Dot","INTERNAL","279",,"FALSE","FALSE",,"Int Dot Grey"
"INT_DOT_ORANGE","Orange Dot","INTERNAL","280",,"FALSE","FALSE",,"Int Dot Orange"
"INT_DOT_RED","Red Dot","INTERNAL","281",,"FALSE","FALSE",,"Int Dot Red"
"INT_DOT_WHITE","White Dot","INTERNAL","284",,"FALSE","FALSE",,"Int Dot White"
"INT_DOT_YELLOW","Yellow Dot","INTERNAL","283",,"FALSE","FALSE",,"Int Dot Yellow"
"INT_DROP_DOWN","Drop Down Arrow","INTERNAL","268",,"FALSE","FALSE",,"Int Drop Down"
"INT_EDIT_ITEM","Edit an Item","INTERNAL","84",,"FALSE","FALSE",,"Int Edit Item"
"INT_ENVELOPE_ALERT","Closed Envelope With an Exclamation Mark","INTERNAL","112",,"FALSE","FALSE",,"Int Envelope Alert"
"INT_ENVELOPE_CANCELLED","Cancelled Envelope","INTERNAL","267",,"FALSE","FALSE",,"Int Envelope Cancelled"
"INT_ENVELOPE_CLOSED","Closed Envelope","INTERNAL","110",,"FALSE","FALSE",,"Int Envelope Closed"
"INT_ENVELOPE_LOCKED","Closed Envelope With an Padlock","INTERNAL","113",,"FALSE","FALSE",,"Int Envelope Locked"
"INT_ENVELOPE_OPEN","Open Envelope","INTERNAL","111",,"FALSE","FALSE",,"Int Envelope Open"
"INT_ESIG","Electronic Signature","INTERNAL","256",,"FALSE","FALSE",,"Int Esig"
"INT_ESIG_AFTER","Electronic Signature After Event","INTERNAL","258",,"FALSE","FALSE",,"Int Esig After"
"INT_ESIG_BEFORE","Electronic Signature Before Event","INTERNAL","257",,"FALSE","FALSE",,"Int Esig Before"
"INT_ESIG_BEFORE_AFTER","Electronic Signature Before and After Event","INTERNAL","259",,"FALSE","FALSE",,"Int Esig Before After"
"INT_EXPLORER","Explorer","INTERNAL","123",,"FALSE","FALSE",,"Int Explorer"
"INT_FAVOURITES","Favourites","INTERNAL","296",,"FALSE","FALSE",,"Int Favourites"
"INT_FD_BLUE","Blue quadrant of fire diamond","INTERNAL","-1",,"FALSE","FALSE",,"Int Fd Blue"
"INT_FD_RED","Red quadrant of fire diamond","INTERNAL","-1",,"FALSE","FALSE",,"Int Fd Red"
"INT_FD_WHITE","White quadrant of fire diamond","INTERNAL","-1",,"FALSE","FALSE",,"Int Fd White"
"INT_FD_YELLOW","Yellow quadrant of fire diamond","INTERNAL","-1",,"FALSE","FALSE",,"Int Fd Yellow"
"INT_FILE_CSV","Comma Separated File","INTERNAL","247",,"FALSE","FALSE",,"Int File Csv"
"INT_FILE_HTML","HTML File","INTERNAL","246",,"FALSE","FALSE",,"Int File Html"
"INT_FILE_OPEN","Open File","INTERNAL","226",,"FALSE","FALSE",,"Int File Open"
"INT_FILE_VIEW","View File","INTERNAL","368",,"FALSE","FALSE",,"Int File View"
"INT_FLAG","A Flag","INTERNAL","207",,"FALSE","FALSE",,"Int Flag"
"INT_FLOW_BLUE","A Blue Flow Chart","INTERNAL","69",,"FALSE","FALSE",,"Int Flow Blue"
"INT_FOLDER","A Folder.","INTERNAL","339",,"FALSE","FALSE",,"Int Folder"
"INT_FOLDER_CONFIG","Folder configuration","INTERNAL","223",,"FALSE","FALSE",,"Int Folder Config"
"INT_FOLDER_NEW","New Folder","INTERNAL","224",,"FALSE","FALSE",,"Int Folder New"
"INT_FOLDER_PI","PI Folder","INTERNAL","120",,"FALSE","FALSE",,"Int Folder Pi"
"INT_FOLDER_UP","Folder up to next level","INTERNAL","222",,"FALSE","FALSE",,"Int Folder Up"
"INT_FORM_ACTIVATE","Activate Thermo Studio Form.","INTERNAL","342",,"FALSE","FALSE",,"Int Form Activate"
"INT_FORM_EXPORT","Thermo Studio Form Export.","INTERNAL","345",,"FALSE","FALSE",,"Int Form Export"
"INT_FORM_IMPORT","Thermo Studio Form Import.","INTERNAL","344",,"FALSE","FALSE",,"Int Form Import"
"INT_FORM_RESET","Reset Thermo Studio Form.","INTERNAL","341",,"FALSE","FALSE",,"Int Form Reset"
"INT_FORM_TEST","Test Thermo Studio Form.","INTERNAL","340",,"FALSE","FALSE",,"Int Form Test"
"INT_FORMS","A Set of Forms","INTERNAL","87",,"FALSE","FALSE",,"Int Forms"
"INT_FORMULA","Formula","INTERNAL","33",,"FALSE","FALSE",,"Int Formula"
"INT_GO","Green Curled Arrow","INTERNAL","193",,"FALSE","FALSE",,"Int Go"
"INT_GREEN_PIN","Green Pin","INTERNAL","118",,"FALSE","FALSE",,"Int Green Pin"
"INT_HAND_PICK","Hand picking a row","INTERNAL","73",,"FALSE","FALSE",,"Int Hand Pick"
"INT_HAPPY_FACE","Happy Face","INTERNAL","3",,"FALSE","FALSE",,"Int Happy Face"
"INT_HAZARD","Hazard","INTERNAL","153",,"FALSE","FALSE",,"Int Hazard"
"INT_HAZARD_BIOHAZARD","Hazard: Biohazard","INTERNAL","186",,"FALSE","FALSE",,"Int Hazard Biohazard"
"INT_HAZARD_COMPRESSED_GAS","Hazard: Compressed Gas","INTERNAL","181",,"FALSE","FALSE",,"Int Hazard Compressed Gas"
"INT_HAZARD_CORROSIVE","Hazard: Corrosive","INTERNAL","187",,"FALSE","FALSE",,"Int Hazard Corrosive"
"INT_HAZARD_ENVIRONMENT","Hazard: Environment","INTERNAL","-1",,"FALSE","FALSE",,"Int Hazard Environment"
"INT_HAZARD_EXPLOSIVE","Hazard: Explosive","INTERNAL","-1",,"FALSE","FALSE",,"Int Hazard Explosive"
"INT_HAZARD_FLAMMABLE","Hazard: Flammable","INTERNAL","182",,"FALSE","FALSE",,"Int Hazard Flammable"
"INT_HAZARD_HARMFUL","Hazard: Harmful","INTERNAL","-1",,"FALSE","FALSE",,"Int Hazard Harmful"
"INT_HAZARD_HIGH_TOXIC","Hazard: Highly Toxic","INTERNAL","184",,"FALSE","FALSE",,"Int Hazard High Toxic"
"INT_HAZARD_OXIDIZING","Hazard: Oxidizing","INTERNAL","183",,"FALSE","FALSE",,"Int Hazard Oxidizing"
"INT_HAZARD_REACTIVE","Hazard: Dangerously Reactive","INTERNAL","188",,"FALSE","FALSE",,"Int Hazard Reactive"
"INT_HAZARD_TOXIC","Hazard: Toxic","INTERNAL","185",,"FALSE","FALSE",,"Int Hazard Toxic"
"INT_HELP","Help Question Mark","INTERNAL","21",,"FALSE","FALSE",,"Int Help"
"INT_HELP_BUBBLE","Question Mark in a Quote Bubble","INTERNAL","180",,"FALSE","FALSE",,"Int Help Bubble"
"INT_HOME","Home","INTERNAL","170",,"FALSE","FALSE",,"Int Home"
"INT_HOME_PAGE","Active WorkBench Home Page","INTERNAL","192",,"FALSE","FALSE",,"Int Home Page"
"INT_HOURGLASS","Hourglass Icon","INTERNAL","103",,"FALSE","FALSE",,"Int Hourglass"
"INT_IMPORT_ERROR","Thermo Studio Form Import Error.","INTERNAL","346",,"FALSE","FALSE",,"Int Import Error"
"INT_IMPORT_SUCCESS","Thermo Studio Form Import Success.","INTERNAL","348",,"FALSE","FALSE",,"Int Import Success"
"INT_IMPORT_WARNING","Thermo Studio Form Import Warning.","INTERNAL","347",,"FALSE","FALSE",,"Int Import Warning"
"INT_IMPORTANT","Important","INTERNAL","210",,"FALSE","FALSE",,"Int Important"
"INT_INCIDENT","Incident","INTERNAL","158",,"FALSE","FALSE",,"Int Incident"
"INT_INCIDENT_TEMPLATE","Incident Template","INTERNAL","159",,"FALSE","FALSE",,"Int Incident Template"
"INT_INCIDENTS","Incident","INTERNAL","-1",,"FALSE","FALSE",,"Incident"
"INT_INCIDENTS_A","Incident A","INTERNAL","-1",,"FALSE","FALSE",,"Incident A"
"INT_INCIDENTS_ADD","Incident Add","INTERNAL","-1",,"FALSE","FALSE",,"Incident Add"
"INT_INCIDENTS_C","Incident C","INTERNAL","-1",,"FALSE","FALSE",,"Incident C"
"INT_INCIDENTS_I","Incident I","INTERNAL","-1",,"FALSE","FALSE",,"Incident I"
"INT_INCIDENTS_R","Incident R","INTERNAL","-1",,"FALSE","FALSE",,"Incident R"
"INT_INCIDENTS_U","Incident U","INTERNAL","-1",,"FALSE","FALSE",,"Incident U"
"INT_INCIDENTS_V","Incident V","INTERNAL","-1",,"FALSE","FALSE",,"Incident V"
"INT_INCIDENTS_W","Incident W","INTERNAL","-1",,"FALSE","FALSE",,"Incident W"
"INT_INCIDENTS_X","Incident X","INTERNAL","-1",,"FALSE","FALSE",,"Incident X"
"INT_INCREASE_INDENT","Increase Indent","INTERNAL","272",,"FALSE","FALSE",,"Int Increase Indent"
"INT_INFORMATION","Information Sign","INTERNAL","22",,"FALSE","FALSE",,"Int Information"
"INT_INST_CALIB","Instrument Calibration.","INTERNAL","364",,"FALSE","FALSE",,"Int Inst Calib"
"INT_INST_PART","Instrument Parts.","INTERNAL","361",,"FALSE","FALSE",,"Int Inst Part"
"INT_INST_PART_TMP","Instrument Part Templates.","INTERNAL","362",,"FALSE","FALSE",,"Int Inst Part Tmp"
"INT_INST_TMP","Instrument Templates.","INTERNAL","363",,"FALSE","FALSE",,"Int Inst Tmp"
"INT_INSTALL","Installer","INTERNAL","254",,"FALSE","FALSE",,"Int Install"
"INT_INSTRUMENT","Instrument","INTERNAL","263",,"FALSE","FALSE",,"Int Instrument"
"INT_INSTRUMENT_OUTPUT","Instrument Output","INTERNAL","262",,"FALSE","FALSE",,"Int Instrument Output"
"INT_ITEM_BACK","Two items with the back one highlighted","INTERNAL","50",,"FALSE","FALSE",,"Int Item Back"
"INT_ITEM_DOWN","Two selected items with an arrow pointing downwards","INTERNAL","51",,"FALSE","FALSE",,"Int Item Down"
"INT_ITEM_FRONT","Two items, with the front one highlighted","INTERNAL","49",,"FALSE","FALSE",,"Int Item Front"
"INT_JAR_000_FULL","Glass jar 0% full","INTERNAL","309",,"FALSE","FALSE",,"Int Jar 000 Full"
"INT_JAR_025_FULL_BLUE","Glass jar 25% full of blue liquid","INTERNAL","310",,"FALSE","FALSE",,"Int Jar 025 Full Blue"
"INT_JAR_025_FULL_RED","Glass jar 25% full of red liquid","INTERNAL","314",,"FALSE","FALSE",,"Int Jar 025 Full Red"
"INT_JAR_050_FULL_BLUE","Glass jar 50% full of blue liquid","INTERNAL","311",,"FALSE","FALSE",,"Int Jar 050 Full Blue"
"INT_JAR_050_FULL_RED","Glass jar 50% full of red liquid","INTERNAL","315",,"FALSE","FALSE",,"Int Jar 050 Full Red"
"INT_JAR_075_FULL_BLUE","Glass jar 75% full of blue liquid","INTERNAL","312",,"FALSE","FALSE",,"Int Jar 075 Full Blue"
"INT_JAR_075_FULL_RED","Glass jar 75% full of red liquid","INTERNAL","316",,"FALSE","FALSE",,"Int Jar 075 Full Red"
"INT_JAR_100_FULL_BLUE","Glass jar 100% full of blue liquid","INTERNAL","313",,"FALSE","FALSE",,"Int Jar 100 Full Blue"
"INT_JAR_100_FULL_RED","Glass jar 100% full of red liquid","INTERNAL","317",,"FALSE","FALSE",,"Int Jar 100 Full Red"
"INT_JOB_HEADER_A","Job Authorised","INTERNAL","151",,"FALSE","FALSE",,"Int Job Header A"
"INT_JOB_HEADER_C","Job Completed","INTERNAL","147",,"FALSE","FALSE",,"Int Job Header C"
"INT_JOB_HEADER_I","Job Undergoing Inspection","INTERNAL","152",,"FALSE","FALSE",,"Int Job Header I"
"INT_JOB_HEADER_R","Job Rejected","INTERNAL","150",,"FALSE","FALSE",,"Int Job Header R"
"INT_JOB_HEADER_S","Job Suspended","INTERNAL","149",,"FALSE","FALSE",,"Int Job Header S"
"INT_JOB_HEADER_V","Job Available","INTERNAL","146",,"FALSE","FALSE",,"Int Job Header V"
"INT_JOB_HEADER_X","Job Cancelled","INTERNAL","148",,"FALSE","FALSE",,"Int Job Header X"
"INT_JOB_LOGIN","New Job/ Job Login","INTERNAL","194",,"FALSE","FALSE",,"Int Job Login"
"INT_JOB_MODIFY","Modify Job","INTERNAL","241",,"FALSE","FALSE",,"Int Job Modify"
"INT_JOB_NEW_SAMPLE","Login Sample to Existing Job","INTERNAL","167",,"FALSE","FALSE",,"Int Job New Sample"
"INT_JOB_TEMPLATE","Job Template","INTERNAL","156",,"FALSE","FALSE",,"Int Job Template"
"INT_KEY","Key","INTERNAL","82",,"FALSE","FALSE",,"Int Key"
"INT_LAB_EXECUTION","Lab Execution","INTERNAL","-1",,"FALSE","FALSE",,"Int Lab Execution"
"INT_LAB_EXECUTION_A","Lab Execution Status Authorized","INTERNAL","-1",,"FALSE","FALSE",,"Int Lab Execution A"
"INT_LAB_EXECUTION_C","Lab Execution Status Complete","INTERNAL","-1",,"FALSE","FALSE",,"Int Lab Execution C"
"INT_LAB_EXECUTION_I","Lab Execution Status Inspection","INTERNAL","-1",,"FALSE","FALSE",,"Int Lab Execution I"
"INT_LAB_EXECUTION_P","Lab Execution Status In Progress","INTERNAL","-1",,"FALSE","FALSE",,"Int Lab Execution P"
"INT_LAB_EXECUTION_R","Lab Execution Status Review","INTERNAL","-1",,"FALSE","FALSE",,"Int Lab Execution R"
"INT_LAB_EXECUTION_STEP","Lab Execution Step","INTERNAL","-1",,"FALSE","FALSE",,"Int Lab Execution"
"INT_LAB_EXECUTION_STEP_C","Lab Execution Step Status Complete","INTERNAL","-1",,"FALSE","FALSE",,"Int Lab Execution Step C"
"INT_LAB_EXECUTION_STEP_P","Lab Execution Step Status In Progress","INTERNAL","-1",,"FALSE","FALSE",,"Int Lab Execution Step P"
"INT_LAB_EXECUTION_STEP_R","Lab Execution Step Status Review","INTERNAL","-1",,"FALSE","FALSE",,"Int Lab Execution Step R"
"INT_LAB_EXECUTION_STEP_V","Lab Execution Step Status Assigned","INTERNAL","-1",,"FALSE","FALSE",,"Int Lab Execution Step V"
"INT_LAB_EXECUTION_STEP_X","Lab Execution Step Status Cancelled","INTERNAL","-1",,"FALSE","FALSE",,"Int Lab Execution Step X"
"INT_LAB_EXECUTION_U","Lab Execution Status Unassigned","INTERNAL","-1",,"FALSE","FALSE",,"Int Lab Execution U"
"INT_LAB_EXECUTION_V","Lab Execution Status Assigned","INTERNAL","-1",,"FALSE","FALSE",,"Int Lab Execution V"
"INT_LAB_EXECUTION_X","Lab Execution Status Canceled","INTERNAL","-1",,"FALSE","FALSE",,"Int Lab Execution X"
"INT_LIGHTNING","Lightning Bolt","INTERNAL","122",,"FALSE","FALSE",,"Int Lightning"
"INT_LIMIT_PHRASE","Limit Phrase","INTERNAL","161",,"FALSE","FALSE",,"Int Limit Phrase"
"INT_LINE_CHART","A line chart","INTERNAL","305",,"FALSE","FALSE",,"Int Line Chart"
"INT_LIST","List.","INTERNAL","334",,"FALSE","FALSE",,"Int List"
"INT_LOT_DETAILS_A","Red Barrel with Check Mark","INTERNAL","108",,"FALSE","FALSE",,"Int Lot Details A"
"INT_LOT_DETAILS_C","Red Barrel Icon","INTERNAL","107",,"FALSE","FALSE",,"Int Lot Details C"
"INT_LOT_DETAILS_R","Red Barrel Icon","INTERNAL","105",,"FALSE","FALSE",,"Int Lot Details R"
"INT_LOT_DETAILS_V","Green Barrel Icon","INTERNAL","106",,"FALSE","FALSE",,"Int Lot Details V"
"INT_LOT_DETAILS_X","Red Icon with No Entry Sign","INTERNAL","109",,"FALSE","FALSE",,"Int Lot Details X"
"INT_LOT_TEMPLATE","Lot Template","INTERNAL","157",,"FALSE","FALSE",,"Int Lot Template"
"INT_LOW_PRIORITY","Low Priority","INTERNAL","209",,"FALSE","FALSE",,"Int Low Priority"
"INT_LTE","Lab Table Editor","INTERNAL","266",,"FALSE","FALSE",,"Int Lte"
"INT_MAGNIFIER","Magnifying Glass","INTERNAL","175",,"FALSE","FALSE",,"Int Magnifier"
"INT_MAIL_FORWARD","Forward Mail","INTERNAL","204",,"FALSE","FALSE",,"Int Mail Forward"
"INT_MAIL_FORWARDED","Mail that has been forwarded","INTERNAL","212",,"FALSE","FALSE",,"Int Mail Forwarded"
"INT_MAIL_NEW","Write New Mail","INTERNAL","206",,"FALSE","FALSE",,"Int Mail New"
"INT_MAIL_REPLIED","Mail that has been replied to","INTERNAL","211",,"FALSE","FALSE",,"Int Mail Replied"
"INT_MAIL_REPLY","Reply to Mail","INTERNAL","205",,"FALSE","FALSE",,"Int Mail Reply"
"INT_MAINTENANCE_I","Maintenance yellow","INTERNAL","369",,"FALSE","FALSE",,"Int Maintenance I"
"INT_MAINTENANCE_M","Maintenance red","INTERNAL","370",,"FALSE","FALSE",,"Int Maintenance M"
"INT_MAINTENANCE_U","Maintenance cyan","INTERNAL","371",,"FALSE","FALSE",,"Int Maintenance U"
"INT_MAINTENANCE_V","Maintenance white","INTERNAL","372",,"FALSE","FALSE",,"Int Maintenance V"
"INT_MCR_UP","White Flow Chart Icon","INTERNAL","27",,"FALSE","FALSE",,"Int Mcr Up"
"INT_MENU","Menu","INTERNAL","127",,"FALSE","FALSE",,"Int Menu"
"INT_MENU_SELECT","Arrow Selecting From Menu","INTERNAL","173",,"FALSE","FALSE",,"Int Menu Select"
"INT_MESSAGE_DELETED","Deleted Message","INTERNAL","264",,"FALSE","FALSE",,"Int Message Deleted"
"INT_MIX","Preparation","INTERNAL","14",,"FALSE","FALSE",,"Int Mix"
"INT_MLP_FAMILY","Shows a group of MLPs.","INTERNAL","329",,"FALSE","FALSE",,"Int Mlp Family"
"INT_MLPS","Winners Podium showing first, second and third places.","INTERNAL","24",,"FALSE","FALSE",,"Int Mlps"
"INT_MODIFY","Modify.","INTERNAL","330",,"FALSE","FALSE",,"Int Modify"
"INT_MOLECULE","Atomic Structure","INTERNAL","34",,"FALSE","FALSE",,"Int Molecule"
"INT_MULTI_PROPERTIES","Two Property Sheets","INTERNAL","59",,"FALSE","FALSE",,"Int Multi Properties"
"INT_NETWORK_COMPUTER","Computer on Network","INTERNAL","250",,"FALSE","FALSE",,"Int Network Computer"
"INT_NEW","New.","INTERNAL","333",,"FALSE","FALSE",,"Int New"
"INT_NEW_FOLDER","New Folder.","INTERNAL","337",,"FALSE","FALSE",,"Int New Folder"
"INT_NEW_ITEM","A New Item","INTERNAL","83",,"FALSE","FALSE",,"Int New Item"
"INT_NOTE","Pinned Note","INTERNAL","248",,"FALSE","FALSE",,"Int Note"
"INT_OMEGA","Omega symbol","INTERNAL","302",,"FALSE","FALSE",,"Int Omega"
"INT_ONLY_FAIL_TREE","Shows a tree with only failed items in it.","INTERNAL","325",,"FALSE","FALSE",,"Int Only Fail Tree"
"INT_OPEN_FOLDER","Open Folder","INTERNAL","37",,"FALSE","FALSE",,"Int Open Folder"
"INT_OPERATORS","Mathematical Operators","INTERNAL","273",,"FALSE","FALSE",,"Int Operators"
"INT_ORDER_ASCENDING","Ascending order","INTERNAL","277",,"FALSE","FALSE",,"Int Order Ascending"
"INT_ORDER_DESCENDING","Descending order","INTERNAL","278",,"FALSE","FALSE",,"Int Order Descending"
"INT_OUT_TRAY","Out Tray with Blue Arrow","INTERNAL","115",,"FALSE","FALSE",,"Int Out Tray"
"INT_OVERLAY_PADLOCK_BR","Padlock Overlay Bottom Right","INTERNAL","255",,"FALSE","FALSE",,"Int Overlay Padlock Br"
"INT_OVERLAY_STOP_BL","Stop Sign Overlay Bottom Left","INTERNAL","251",,"FALSE","FALSE",,"Int Overlay Stop Bl"
"INT_PADLOCK","Padlock","INTERNAL","119",,"FALSE","FALSE",,"Int Padlock"
"INT_PAPER_CLIP","A Paper Clip","INTERNAL","208",,"FALSE","FALSE",,"Int Paper Clip"
"INT_PARTIAL_PASS","Shows a half faded tick to indicate partial success.","INTERNAL","326",,"FALSE","FALSE",,"Int Partial Pass"
"INT_PASTE","Standard Paste Icon","INTERNAL","178",,"FALSE","FALSE",,"Int Paste"
"INT_PDS_STUDY_A","Study Activated","INTERNAL","286",,"FALSE","FALSE",,"Int Pds Study A"
"INT_PDS_STUDY_C","Study Completed","INTERNAL","287",,"FALSE","FALSE",,"Int Pds Study C"
"INT_PDS_STUDY_F","Study Finalised","INTERNAL","288",,"FALSE","FALSE",,"Int Pds Study F"
"INT_PDS_STUDY_O","Study Approved","INTERNAL","289",,"FALSE","FALSE",,"Int Pds Study O"
"INT_PDS_STUDY_S","Study Unapproved","INTERNAL","290",,"FALSE","FALSE",,"Int Pds Study S"
"INT_PDS_STUDY_X","Study Cancelled","INTERNAL","291",,"FALSE","FALSE",,"Int Pds Study X"
"INT_PEOPLE","Group of People","INTERNAL","102",,"FALSE","FALSE",,"Int People"
"INT_PHRASE","Phrase","INTERNAL","160",,"FALSE","FALSE",,"Int Phrase"
"INT_PI_OUT_TRAY","PI: Out Tray with Green Arrow","INTERNAL","114",,"FALSE","FALSE",,"Int Pi Out Tray"
"INT_PI_RED_PIN","PI: Red Pin","INTERNAL","117",,"FALSE","FALSE",,"Int Pi Red Pin"
"INT_PIE_CHART","A pie chart","INTERNAL","308",,"FALSE","FALSE",,"Int Pie Chart"
"INT_PLATE","Plate","INTERNAL","-1",,"FALSE","FALSE",,"Int Plate"
"INT_PLATE_A","Plate Status Authorized","INTERNAL","-1",,"FALSE","FALSE",,"Int Plate A"
"INT_PLATE_C","Plate Status Complete","INTERNAL","-1",,"FALSE","FALSE",,"Int Plate C"
"INT_PLATE_D","Plate Status Disposed","INTERNAL","-1",,"FALSE","FALSE",,"Int Plate D"
"INT_PLATE_I","Plate Status Inspection","INTERNAL","-1",,"FALSE","FALSE",,"Int Plate I"
"INT_PLATE_P","Plate Status In Progress","INTERNAL","-1",,"FALSE","FALSE",,"Int Plate P"
"INT_PLATE_R","Plate Status Rejected","INTERNAL","-1",,"FALSE","FALSE",,"Int Plate R"
"INT_PLATE_S","Plate Status Suspended","INTERNAL","-1",,"FALSE","FALSE",,"Int Plate S"
"INT_PLATE_U","Plate Status Unavailable","INTERNAL","-1",,"FALSE","FALSE",,"Int Plate U"
"INT_PLATE_V","Plate Status Available","INTERNAL","-1",,"FALSE","FALSE",,"Int Plate V"
"INT_PLATE_X","Plate Status Canceled","INTERNAL","-1",,"FALSE","FALSE",,"Int Plate X"
"INT_PORT","Communication Port","INTERNAL","261",,"FALSE","FALSE",,"Int Port"
"INT_PRESENT","Two white flowers on a white graph.","INTERNAL","29",,"FALSE","FALSE",,"Int Present"
"INT_PRINTER","Printer","INTERNAL","1",,"FALSE","FALSE",,"Int Printer"
"INT_PROPERTIES","Edit Properties Icon","INTERNAL","53",,"FALSE","FALSE",,"Int Properties"
"INT_PROPERTY_WINDOW","Thermo Studio Property Sheet.","INTERNAL","343",,"FALSE","FALSE",,"Int Property Window"
"INT_PROTOCOL","Protocol","INTERNAL","292",,"FALSE","FALSE",,"Int Protocol"
"INT_RE_BY_CRITERIA","Result Entry by Criteria","INTERNAL","230",,"FALSE","FALSE",,"Int Re By Criteria"
"INT_RE_BY_SAMPLE","Result Entry by Sample","INTERNAL","228",,"FALSE","FALSE",,"Int Re By Sample"
"INT_RE_BY_TEST","Result Entry by Test","INTERNAL","229",,"FALSE","FALSE",,"Int Re By Test"
"INT_RECENT_COMMANDS","Recent Commands","INTERNAL","275",,"FALSE","FALSE",,"Int Recent Commands"
"INT_RECENT_ITEMS","Recent Items","INTERNAL","274",,"FALSE","FALSE",,"Int Recent Items"
"INT_REDO","Redo Changes","INTERNAL","270",,"FALSE","FALSE",,"Int Redo"
"INT_REFRESH","Refresh","INTERNAL","169",,"FALSE","FALSE",,"Int Refresh"
"INT_REJECT","Cross Mark","INTERNAL","12",,"FALSE","FALSE",,"Int Reject"
"INT_REMOVE","Remove.","INTERNAL","335",,"FALSE","FALSE",,"Int Remove"
"INT_REPORT","Report Template Entity","INTERNAL","-1",,"FALSE","FALSE",,"Int Report"
"INT_RESTORE","Restore.","INTERNAL","331",,"FALSE","FALSE",,"Int Restore"
"INT_RESULT","Clipboard","INTERNAL","40",,"FALSE","FALSE",,"Int Result"
"INT_RESULT_A","Result Authorised","INTERNAL","141",,"FALSE","FALSE",,"Int Result A"
"INT_RESULT_COMMENT","Result Comment","INTERNAL","-1",,"FALSE","FALSE",,"Int Result Comment"
"INT_RESULT_E","Result Entered","INTERNAL","145",,"FALSE","FALSE",,"Int Result E"
"INT_RESULT_M","Result Modified","INTERNAL","144",,"FALSE","FALSE",,"Int Result M"
"INT_RESULT_R","Result Rejected","INTERNAL","142",,"FALSE","FALSE",,"Int Result R"
"INT_RESULT_U","Result Unavailable","INTERNAL","140",,"FALSE","FALSE",,"Int Result U"
"INT_RESULT_X","Result Cancelled","INTERNAL","143",,"FALSE","FALSE",,"Int Result X"
"INT_ROLLBACK","Database Rollback","INTERNAL","265",,"FALSE","FALSE",,"Int Rollback"
"INT_RULES","Rules","INTERNAL","202",,"FALSE","FALSE",,"Int Rules"
"INT_SAD_FACE","Not so Happy Face","INTERNAL","4",,"FALSE","FALSE",,"Int Sad Face"
"INT_SAMPLE","Green Flask with a Magnifying Glass","INTERNAL","0",,"FALSE","FALSE",,"Int Sample"
"INT_SAMPLE_A","Sample Authorised","INTERNAL","100",,"FALSE","FALSE",,"Int Sample A"
"INT_SAMPLE_B","Retain Sample","INTERNAL","-1",,"FALSE","FALSE",,"Int Sample B"
"INT_SAMPLE_C","Complete Sample","INTERNAL","90",,"FALSE","FALSE",,"Int Sample C"
"INT_SAMPLE_CANCEL","Rack of test tubes with a big red cross through them","INTERNAL","55",,"FALSE","FALSE",,"Int Sample Cancel"
"INT_SAMPLE_CREATE","Rack of test tubes with an arrow pointing towards them","INTERNAL","54",,"FALSE","FALSE",,"Int Sample Create"
"INT_SAMPLE_D","Disposed Sample","INTERNAL","-1",,"FALSE","FALSE",,"Int Sample D"
"INT_SAMPLE_E","Expired Sample","INTERNAL","-1",,"FALSE","FALSE",,"Int Sample E"
"INT_SAMPLE_FLASK","Big Green Flask","INTERNAL","38",,"FALSE","FALSE",,"Int Sample Flask"
"INT_SAMPLE_FROM_TEMPLATE","Login Sample Using Template","INTERNAL","231",,"FALSE","FALSE",,"Int Sample From Template"
"INT_SAMPLE_H","Sample Held","INTERNAL","93",,"FALSE","FALSE",,"Int Sample H"
"INT_SAMPLE_I","Sample Undergoing Inspection","INTERNAL","96",,"FALSE","FALSE",,"Int Sample I"
"INT_SAMPLE_LABEL","Sample Label","INTERNAL","232",,"FALSE","FALSE",,"Int Sample Label"
"INT_SAMPLE_LOCATION","Sample Location","INTERNAL","234",,"FALSE","FALSE",,"Int Sample Location"
"INT_SAMPLE_MODIFY","Modify Sample","INTERNAL","238",,"FALSE","FALSE",,"Int Sample Modify"
"INT_SAMPLE_NEW","Create Sample","INTERNAL","124",,"FALSE","FALSE",,"Int Sample New"
"INT_SAMPLE_P","Sample in Progress","INTERNAL","92",,"FALSE","FALSE",,"Int Sample P"
"INT_SAMPLE_PLAN_EDIT","Sample Plan Edit","INTERNAL","197",,"FALSE","FALSE",,"Int Sample Plan Edit"
"INT_SAMPLE_PLAN_LOGIN","Sample Plan Login","INTERNAL","196",,"FALSE","FALSE",,"Int Sample Plan Login"
"INT_SAMPLE_POINT","Sample Point","INTERNAL","164",,"FALSE","FALSE",,"Int Sample Point"
"INT_SAMPLE_R","A Rejected Sample","INTERNAL","91",,"FALSE","FALSE",,"Int Sample R"
"INT_SAMPLE_RECEIPT","Sample Receipt","INTERNAL","233",,"FALSE","FALSE",,"Int Sample Receipt"
"INT_SAMPLE_RECEIVE","Receive Sample","INTERNAL","242",,"FALSE","FALSE",,"Int Sample Receive"
"INT_SAMPLE_S","Suspended Sample","INTERNAL","99",,"FALSE","FALSE",,"Int Sample S"
"INT_SAMPLE_STATUS","Test Tube Rack with a finger pointing at it.","INTERNAL","61",,"FALSE","FALSE",,"Int Sample Status"
"INT_SAMPLE_TEMPLATE","Sample Template","INTERNAL","155",,"FALSE","FALSE",,"Int Sample Template"
"INT_SAMPLE_TEST","Test Tube Rack with an Tube being moved away","INTERNAL","60",,"FALSE","FALSE",,"Int Sample Test"
"INT_SAMPLE_TREE","Samples/Tests and Results","INTERNAL","195",,"FALSE","FALSE",,"Int Sample Tree"
"INT_SAMPLE_U","Unavailable Sample","INTERNAL","95",,"FALSE","FALSE",,"Int Sample U"
"INT_SAMPLE_V","Sample Available","INTERNAL","97",,"FALSE","FALSE",,"Int Sample V"
"INT_SAMPLE_W","Sample Waiting for Preparation","INTERNAL","98",,"FALSE","FALSE",,"Int Sample W"
"INT_SAMPLE_WORLD","A rack of test tubes in front of the Planet Earth.","INTERNAL","56",,"FALSE","FALSE",,"Int Sample World"
"INT_SAMPLE_X","Sample Cancelled","INTERNAL","101",,"FALSE","FALSE",,"Int Sample X"
"INT_SAMPLE_Z","Spare Sample Status Icon","INTERNAL","94",,"FALSE","FALSE",,"Int Sample Z"
"INT_SAMPLEMANAGER","SampleManager Icon","INTERNAL","249",,"FALSE","FALSE",,"Int Samplemanager"
"INT_SAMPLES_MULTI","Lots of Samples","INTERNAL","72",,"FALSE","FALSE",,"Int Samples Multi"
"INT_SAP","SAP","INTERNAL","74",,"FALSE","FALSE",,"Int SAP"
"INT_SAP_QUERY","SAP Query","INTERNAL","76",,"FALSE","FALSE",,"Int SAP Query"
"INT_SAP_QUERY2","SAP Query 2","INTERNAL","78",,"FALSE","FALSE",,"Int SAP Query 2"
"INT_SAP_SERVER","SAP Server","INTERNAL","75",,"FALSE","FALSE",,"Int SAP Server"
"INT_SAP_SERVER2","SAP Server 2","INTERNAL","77",,"FALSE","FALSE",,"Int SAP Server 2"
"INT_SAVE","Save","INTERNAL","227",,"FALSE","FALSE",,"Int Save"
"INT_SCATTER_CHART","A scatter chart","INTERNAL","306",,"FALSE","FALSE",,"Int Scatter Chart"
"INT_SCHEDULE","Calendar and Timer","INTERNAL","126",,"FALSE","FALSE",,"Int Schedule"
"INT_SEARCH","Search","INTERNAL","253",,"FALSE","FALSE",,"Int Search"
"INT_SEND_MAIL","Send Mail","INTERNAL","179",,"FALSE","FALSE",,"Int Send Mail"
"INT_SERVICE","Service Engineer","INTERNAL","365",,"FALSE","FALSE",,"Int Service"
"INT_SETTINGS","Settings & Configuration","INTERNAL","121",,"FALSE","FALSE",,"Int Settings"
"INT_SIGNATURE","Signature","INTERNAL","239",,"FALSE","FALSE",,"Int Signature"
"INT_SITE","Int Site","INTERNAL","-1",,"FALSE","FALSE",,"Int Site"
"INT_STB_PICKLIST_HEADER_C","Stability Picklist","INTERNAL","-1",,"FALSE","FALSE",,"Stability Picklist"
"INT_STB_PICKLIST_HEADER_V","Stability Picklist Available","INTERNAL","-1",,"FALSE","FALSE",,"Stability Picklist Available"
"INT_STB_PICKLIST_HEADER_X","Stability Picklist Cancel","INTERNAL","-1",,"FALSE","FALSE",,"Stability Picklist Cancel"
"INT_STB_STUDY_A","Stability Study Authorize","INTERNAL","-1",,"FALSE","FALSE",,"Stability Study Authorize"
"INT_STB_STUDY_C","Stability Study Complete","INTERNAL","-1",,"FALSE","FALSE",,"Stability Study Complete"
"INT_STB_STUDY_CELL_PULL_A","Stability Cell Available","INTERNAL","-1",,"FALSE","FALSE",,"Stability Cell Available"
"INT_STB_STUDY_CELL_PULL_C","Stability Cell Complete","INTERNAL","-1",,"FALSE","FALSE",,"Stability Cell Complete"
"INT_STB_STUDY_CELL_PULL_L","Stability Cell Logged in","INTERNAL","-1",,"FALSE","FALSE",,"Stability Cell Logged in"
"INT_STB_STUDY_CELL_PULL_M","Stability Cell Missed","INTERNAL","-1",,"FALSE","FALSE",,"Stability Cell Missed"
"INT_STB_STUDY_CELL_PULL_P","Stability Cell Pending","INTERNAL","-1",,"FALSE","FALSE",,"Stability Cell Pending"
"INT_STB_STUDY_D","Stability Study Dispose","INTERNAL","-1",,"FALSE","FALSE",,"Stability Study Dispose"
"INT_STB_STUDY_F","Stability Study Finalized","INTERNAL","-1",,"FALSE","FALSE",,"Stability Study Finalized"
"INT_STB_STUDY_H","Stability Study Suspended","INTERNAL","-1",,"FALSE","FALSE",,"Stability Study Suspended"
"INT_STB_STUDY_I","Stability Study Inspection","INTERNAL","-1",,"FALSE","FALSE",,"Stability Study Inspection"
"INT_STB_STUDY_R","Stability Study Rejected","INTERNAL","-1",,"FALSE","FALSE",,"Stability Study Rejected"
"INT_STB_STUDY_S","Stability Study Started","INTERNAL","-1",,"FALSE","FALSE",,"Stability Study Started"
"INT_STB_STUDY_V","Stability Study Available","INTERNAL","-1",,"FALSE","FALSE",,"Stability Study Available"
"INT_STB_STUDY_X","Stability Study Cancel","INTERNAL","-1",,"FALSE","FALSE",,"Stability Study Cancel"
"INT_STOCK","Stock Entity","INTERNAL","366",,"FALSE","FALSE",,"Int Stock"
"INT_STOCK_BATCH","Stock Batch Entity","INTERNAL","-1",,"FALSE","FALSE",,"Int Stock Batch"
"INT_STOCK_INVENTORY","Stock Inventory Entity","INTERNAL","-1",,"FALSE","FALSE",,"Int Stock Inventory"
"INT_STOCK_ORDER","Stock Order Entity","INTERNAL","-1",,"FALSE","FALSE",,"Int Stock Order"
"INT_STOP","Stop Sign","INTERNAL","168",,"FALSE","FALSE",,"Int Stop"
"INT_SUBSTANCE","Substance default icon","INTERNAL","-1",,"FALSE","FALSE",,"Int Substance"
"INT_SUM","Epsilon Symbol: Sum","INTERNAL","298",,"FALSE","FALSE",,"Int Sum"
"INT_SWISS_ARMY_KNIFE","Swiss Army Knife","INTERNAL","7",,"FALSE","FALSE",,"Int Swiss Army Knife"
"INT_TABLE","Table","INTERNAL","81",,"FALSE","FALSE",,"Int Table"
"INT_TABLE_LOADER","Table Loader","INTERNAL","235",,"FALSE","FALSE",,"Int Table Loader"
"INT_TABLE_SAVER","Table Saver","INTERNAL","236",,"FALSE","FALSE",,"Int Table Saver"
"INT_TABLE_SETTINGS","Table Settings","INTERNAL","237",,"FALSE","FALSE",,"Int Table Settings"
"INT_TABLES","A Set of Tables","INTERNAL","89",,"FALSE","FALSE",,"Int Tables"
"INT_TEMP_DOWN","Temperature with downwards pointing arrow","INTERNAL","44",,"FALSE","FALSE",,"Int Temp Down"
"INT_TEMP_LEFT","Temperature with Page on Left","INTERNAL","43",,"FALSE","FALSE",,"Int Temp Left"
"INT_TEMP_RIGHT","Temperature with Page on Right","INTERNAL","42",,"FALSE","FALSE",,"Int Temp Right"
"INT_TEMP_SELECTED","Temperature Selected","INTERNAL","41",,"FALSE","FALSE",,"Int Temp Selected"
"INT_TEST","Test Tube","INTERNAL","39",,"FALSE","FALSE",,"Int Test"
"INT_TEST_A","Test Authorised","INTERNAL","138",,"FALSE","FALSE",,"Int Test A"
"INT_TEST_AUTHORISE","A Set of Tests with a Big Check Mark.","INTERNAL","63",,"FALSE","FALSE",,"Int Test Authorise"
"INT_TEST_C","Complete Test","INTERNAL","128",,"FALSE","FALSE",,"Int Test C"
"INT_TEST_CANCEL","A Test with a big cross next to it.","INTERNAL","64",,"FALSE","FALSE",,"Int Test Cancel"
"INT_TEST_COMMENT","A test with a comment.","INTERNAL","-1",,"FALSE","FALSE",,"Int Test Comment"
"INT_TEST_H","Test Held","INTERNAL","131",,"FALSE","FALSE",,"Int Test H"
"INT_TEST_I","Test Undergoing Inspection","INTERNAL","134",,"FALSE","FALSE",,"Int Test I"
"INT_TEST_P","Test in Progress","INTERNAL","130",,"FALSE","FALSE",,"Int Test P"
"INT_TEST_PAIR","A Pair of Test Tubes","INTERNAL","66",,"FALSE","FALSE",,"Int Test Pair"
"INT_TEST_PROPERTIES","Test Tube Rack with a Magnifying glass","INTERNAL","65",,"FALSE","FALSE",,"Int Test Properties"
"INT_TEST_R","A Rejected Test","INTERNAL","129",,"FALSE","FALSE",,"Int Test R"
"INT_TEST_S","Suspended Test","INTERNAL","137",,"FALSE","FALSE",,"Int Test S"
"INT_TEST_SCHEDULE","Test Schedule","INTERNAL","-1",,"FALSE","FALSE",,"Int Test Schedule"
"INT_TEST_TUBES","Test Tube Rack","INTERNAL","15",,"FALSE","FALSE",,"Int Test Tubes"
"INT_TEST_U","Unavailable Test","INTERNAL","133",,"FALSE","FALSE",,"Int Test U"
"INT_TEST_V","Test Available","INTERNAL","135",,"FALSE","FALSE",,"Int Test V"
"INT_TEST_W","Test Waiting for Preparation","INTERNAL","136",,"FALSE","FALSE",,"Int Test W"
"INT_TEST_WORKSHEET","A Set of Tests on a Worksheet","INTERNAL","62",,"FALSE","FALSE",,"Int Test Worksheet"
"INT_TEST_X","Test Cancelled","INTERNAL","139",,"FALSE","FALSE",,"Int Test X"
"INT_TEST_Z","Spare Test Status Icon","INTERNAL","132",,"FALSE","FALSE",,"Int Test Z"
"INT_THERMOMETER","Thermometer","INTERNAL","8",,"FALSE","FALSE",,"Int Thermometer"
"INT_TIME_AM","Clock showing the time in the Morning","INTERNAL","47",,"FALSE","FALSE",,"Int Time Am"
"INT_TIME_DOWN","Clock with a Down Arrow","INTERNAL","48",,"FALSE","FALSE",,"Int Time Down"
"INT_TIME_FRONT","Two Clocks with the front one selected.","INTERNAL","58",,"FALSE","FALSE",,"Int Time Front"
"INT_TIME_NOON","Clock showing the time at noon.","INTERNAL","45",,"FALSE","FALSE",,"Int Time Noon"
"INT_TIME_PM","Clock Showing the time in the Afternoon","INTERNAL","46",,"FALSE","FALSE",,"Int Time Pm"
"INT_TOGGLE","Toggle on/off","INTERNAL","294",,"FALSE","FALSE",,"Int Toggle"
"INT_TOGGLE_TEMP","Toggle Temperatures","INTERNAL","295",,"FALSE","FALSE",,"Int Toggle Temp"
"INT_TOOLS","Hammer and a spanner","INTERNAL","201",,"FALSE","FALSE",,"Int Tools"
"INT_TREE_COLLAPSE","Collapse All Tree Nodes.","INTERNAL","357",,"FALSE","FALSE",,"Int Tree Collapse"
"INT_TREE_EXPAND","Expand All Tree Nodes.","INTERNAL","358",,"FALSE","FALSE",,"Int Tree Expand"
"INT_UNDO","Undo Changes","INTERNAL","269",,"FALSE","FALSE",,"Int Undo"
"INT_UNLOCK","Unlocked padlock","INTERNAL","367",,"FALSE","FALSE",,"Int Unlock"
"INT_USER","A Profile of a Person","INTERNAL","86",,"FALSE","FALSE",,"Int User"
"INT_VENN_DIAGRAM","A Venn Diagram","INTERNAL","300",,"FALSE","FALSE",,"Int Venn Diagram"
"INT_VESSELS","Measuring Cylinder and Beaker","INTERNAL","5",,"FALSE","FALSE",,"Int Vessels"
"INT_VGL_REPORT","VGL Report","INTERNAL","191",,"FALSE","FALSE",,"Int Vgl Report"
"INT_VIEW_LARGE_ICONS","List View - Large Icons","INTERNAL","215",,"FALSE","FALSE",,"Int View Large Icons"
"INT_VIEW_LIST","List View - List","INTERNAL","217",,"FALSE","FALSE",,"Int View List"
"INT_VIEW_REPORT","List View - Report","INTERNAL","218",,"FALSE","FALSE",,"Int View Report"
"INT_VIEW_SMALL_ICONS","List View - Small Icons","INTERNAL","216",,"FALSE","FALSE",,"Int View Small Icons"
"INT_WARNING","Warning Sign","INTERNAL","245",,"FALSE","FALSE",,"Int Warning"
"INT_WIDTH","Width","INTERNAL","293",,"FALSE","FALSE",,"Int Width"
"INT_WIZARD","Wizard","INTERNAL","252",,"FALSE","FALSE",,"Int Wizard"
"INT_WORKBOOK","An open workbook","INTERNAL","28",,"FALSE","FALSE",,"Int Workbook"
"INT_WORLD","World Globe","INTERNAL","125",,"FALSE","FALSE",,"Int World"
"INT_WRITING1","Certificate","INTERNAL","9",,"FALSE","FALSE",,"Int Writing1"
"INT_WRITING2","Notepad","INTERNAL","10",,"FALSE","FALSE",,"Int Writing2"
"JOB_ADD","Add Job","INTERNAL","-1",,"FALSE","FALSE",,"Job Add"
"JOIN","Join","INTERNAL","-1",,"FALSE","FALSE",,"Join"
"LAB","Lab","INTERNAL","-1",,"FALSE","FALSE",,"Lab"
"LE_ALIAS","Lab Execution Alias","INTERNAL","-1",,"FALSE","FALSE",,"Lab Alias"
"LE_ARROW_DOWN","Lab Down Arrow","INTERNAL","-1",,"FALSE","FALSE",,"Lab Down Arrow"
"LE_ARROW_GREEN","Lab Execution Green Arrow","INTERNAL","-1",,"FALSE","FALSE",,"Lab Arrow Green"
"LE_BLACKBOARD","Lab Execution Transform Rule","INTERNAL","-1",,"FALSE","FALSE",,"Lab Transform rule"
"LE_BOOKMARK_BLUE","Lab Blue Bookmark","INTERNAL","-1",,"FALSE","FALSE",,"Lab Bookmark Blue"
"LE_BOOKMARK_BLUE_END","Lab Blue Bookmark","INTERNAL","-1",,"FALSE","FALSE",,"Lab Bookmark Blue End"
"LE_BOOKMARK_BLUE_START","Lab Blue Bookmark","INTERNAL","-1",,"FALSE","FALSE",,"Lab Bookmark Blue Start"
"LE_BOOKMARK_BLUE_TEXT","Lab Blue Bookmark","INTERNAL","-1",,"FALSE","FALSE",,"Lab Bookmark Blue Text"
"LE_DATA_SOURCE","Lab Data Source","INTERNAL","-1",,"FALSE","FALSE",,"Lab Data Source"
"LE_GREATER","Lab Greater Than","INTERNAL","-1",,"FALSE","FALSE",,"Lab Greater"
"LE_IM_ICON","Lab Integration Manager Icon","INTERNAL","-1",,"FALSE","FALSE",,"Lab Integration Manager"
"LE_IMPORT_DEFINITION","Lab Import Definition","INTERNAL","-1",,"FALSE","FALSE",,"Lab Import Definition"
"LE_LESSER","Lab Less Than","INTERNAL","-1",,"FALSE","FALSE",,"Lab Lesser"
"LE_LIST_GET","Lab Parsing List Get","INTERNAL","-1",,"FALSE","FALSE",,"Lab List Get"
"LE_LIST_NEW","Lab Parsing List New","INTERNAL","-1",,"FALSE","FALSE",,"Lab List New"
"LE_LIST_SET","Lab Parsing List Set","INTERNAL","-1",,"FALSE","FALSE",,"Lab List Set"
"LE_LOOP","Lab Parsing Loop","INTERNAL","-1",,"FALSE","FALSE",,"Lab Loop"
"LE_MAPPING_DOCUMENT","Lab Mapping Document","INTERNAL","-1",,"FALSE","FALSE",,"Lab Mapping Document"
"LE_MAPPING_FIELD_ASSIGN","Lab Mapping Field Assign","INTERNAL","-1",,"FALSE","FALSE",,"Lab Mapping Field Assign"
"LE_MAPPING_PARSED_ITEM","Lab Mapping Parsed Item","INTERNAL","-1",,"FALSE","FALSE",,"Lab Mapping Parsed Item"
"LE_MAPPING_PARSED_LIST","Lab Mapping Parsed List","INTERNAL","-1",,"FALSE","FALSE",,"Lab Mapping Parsed List"
"LE_MAPPING_RESULT","Lab Mapping Result","INTERNAL","-1",,"FALSE","FALSE",,"Lab Mapping Result"
"LE_MAPPING_RESULT_ENTRY","Lab Mapping Result Entry","INTERNAL","-1",,"FALSE","FALSE",,"Lab Mapping Result Entry"
"LE_MAPPING_RESULT_LIST","Lab Mapping Result List","INTERNAL","-1",,"FALSE","FALSE",,"Lab Mapping Result List"
"LE_MAPPING_RESULT_TEMPLATE","Lab Mapping Result Template","INTERNAL","-1",,"FALSE","FALSE",,"Lab Mapping Result Template"
"LE_MAPPING_SAMPLE","Lab Mapping Sample","INTERNAL","-1",,"FALSE","FALSE",,"Lab Mapping Sample"
"LE_MAPPING_SAMPLE_LIST","Lab Mapping Sample List","INTERNAL","-1",,"FALSE","FALSE",,"Lab Mapping Sample List"
"LE_MAPPING_SECTION","Lab Mapping Section","INTERNAL","-1",,"FALSE","FALSE",,"Lab Mapping Section"
"LE_NUMBER_10","Lab Execution 10","INTERNAL","-1",,"FALSE","FALSE",,"Lab Execution 10"
"LE_NUMBER_10PLUS","Lab Execution 10+","INTERNAL","-1",,"FALSE","FALSE",,"Lab Execution 10+"
"LE_NUMBER_2","Lab Execution 2","INTERNAL","-1",,"FALSE","FALSE",,"Lab Execution 2"
"LE_NUMBER_3","Lab Execution 3","INTERNAL","-1",,"FALSE","FALSE",,"Lab Execution 3"
"LE_NUMBER_4","Lab Execution 4","INTERNAL","-1",,"FALSE","FALSE",,"Lab Execution 4"
"LE_NUMBER_5","Lab Execution 5","INTERNAL","-1",,"FALSE","FALSE",,"Lab Execution 5"
"LE_NUMBER_6","Lab Execution 6","INTERNAL","-1",,"FALSE","FALSE",,"Lab Execution 6"
"LE_NUMBER_7","Lab Execution 7","INTERNAL","-1",,"FALSE","FALSE",,"Lab Execution 7"
"LE_NUMBER_8","Lab Execution 8","INTERNAL","-1",,"FALSE","FALSE",,"Lab Execution 8"
"LE_NUMBER_9","Lab Execution 9","INTERNAL","-1",,"FALSE","FALSE",,"Lab Execution 9"
"LE_PILCROW","Lab Pilcrow","INTERNAL","-1",,"FALSE","FALSE",,"Lab Pilcrow"
"LE_PIN_RED","Lab Execution Red Pin","INTERNAL","-1",,"FALSE","FALSE",,"Lab Pin Red"
"LE_PROPERTIES_BOOKMARK","Lab Properties Bookmark","INTERNAL","-1",,"FALSE","FALSE",,"Lab Properties Bookmark"
"LE_PROPERTIES_NUM","Lab Parsing Number Property","INTERNAL","-1",,"FALSE","FALSE",,"Lab Properties Numeric"
"LE_PROPERTIES_TEXT","Lab Parsing Text Property","INTERNAL","-1",,"FALSE","FALSE",,"Lab Properties Text"
"LE_RACK","Lab Execution Rack Template","INTERNAL","-1",,"FALSE","FALSE",,"Lab Execution Rack Template"
"LE_SCRIPT","Lab Execution Parsing Script","INTERNAL","-1",,"FALSE","FALSE",,"Lab Script"
"LE_TASK_ADD","Lab Execution Task Add","INTERNAL","-1",,"FALSE","FALSE",,"Lab Task Add"
"LE_TASK_CANCEL","Lab Execution Task Cancel","INTERNAL","-1",,"FALSE","FALSE",,"Lab Task Cancel"
"LE_TASK_COMPLETE","Lab Execution Task Complete","INTERNAL","-1",,"FALSE","FALSE",,"Lab Task Complete"
"LE_TASK_CONTINUE","Lab Execution Task Continue","INTERNAL","-1",,"FALSE","FALSE",,"Lab Task Continue"
"LE_TASK_DISPLAY","Lab Execution Task Display","INTERNAL","-1",,"FALSE","FALSE",,"Lab Task Display"
"LE_TASK_EDIT","Lab Execution Task Edit","INTERNAL","-1",,"FALSE","FALSE",,"Lab Task Edit"
"LE_TASK_REACTIVATE","Lab Execution Task Reactivate","INTERNAL","-1",,"FALSE","FALSE",,"Lab Task Reactivate"
"LE_TASK_REASSIGN","Lab Execution Task Reassign","INTERNAL","-1",,"FALSE","FALSE",,"Lab Task Reassign"
"LE_TASK_REOPEN","Lab Execution Task Reopen","INTERNAL","-1",,"FALSE","FALSE",,"Lab Task Reopen"
"LE_TASK_REVIEW","Lab Execution Task Review","INTERNAL","-1",,"FALSE","FALSE",,"Lab Task Review"
"LE_TASK_START","Lab Execution Task Start","INTERNAL","-1",,"FALSE","FALSE",,"Lab Task Start"
"LE_TEST","Lab Mapping Test","INTERNAL","-1",,"FALSE","FALSE",,"Lab Test"
"LE_TEST_LIST","Lab Mapping Test List","INTERNAL","-1",,"FALSE","FALSE",,"Lab Test List"
"LE_WASH","Lab Execution Wash Icon","INTERNAL","-1",,"FALSE","FALSE",,"Lab Execution Wash"
"LE_WELL_BLANK_WASH","Lab Blank/Wash","INTERNAL","-1",,"FALSE","FALSE",,"Lab Blank/Wash"
"LE_WELL_CALIB_STANDARD","Lab Calib Standard","INTERNAL","-1",,"FALSE","FALSE",,"Lab Calib Standard"
"LE_WELL_CHK_STANDARD","Lab Check Standard","INTERNAL","-1",,"FALSE","FALSE",,"Lab Check Standard"
"LE_WELL_MATRIX","Lab Matrix","INTERNAL","-1",,"FALSE","FALSE",,"Lab Matrix"
"LE_WELL_SPIKED","Lab Spiked","INTERNAL","-1",,"FALSE","FALSE",,"Lab Spiked"
"LE_WELL_UNKNOWN","Lab Unknown/Sample","INTERNAL","-1",,"FALSE","FALSE",,"Lab Unknown/Sample"
"LE_WELL_UNSPIKED","Lab Unspiked","INTERNAL","-1",,"FALSE","FALSE",,"Lab Unspiked"
"LE_WELLS_ADD","Lab Parsing Wells Add","INTERNAL","-1",,"FALSE","FALSE",,"Lab Wells Add"
"LE_WELLS_GET","Lab Parsing Wells Get","INTERNAL","-1",,"FALSE","FALSE",,"Lab Wells Get"
"LE_WELLS_NEW","Lab Parsing Wells New","INTERNAL","-1",,"FALSE","FALSE",,"Lab Wells New"
"LE_WELLS_REMOVE","Lab Parsing Wells Remove","INTERNAL","-1",,"FALSE","FALSE",,"Lab Wells Remove"
"LE_WELLS_SET","Lab Parsing Wells Set","INTERNAL","-1",,"FALSE","FALSE",,"Lab Wells Set"
"LED_BLUE","LED Blue","INTERNAL","-1",,"FALSE","FALSE",,"LED Blue"
"LED_GREEN","LED Green","INTERNAL","-1",,"FALSE","FALSE",,"LED Green"
"LED_OFF","LED Off","INTERNAL","-1",,"FALSE","FALSE",,"LED Off"
"LED_RED","LED Red","INTERNAL","-1",,"FALSE","FALSE",,"LED Red"
"LED_YELLOW","LED Yellow","INTERNAL","-1",,"FALSE","FALSE",,"LED Yellow"
"LIGHT_REFRESH","Light Refresh","INTERNAL","-1",,"FALSE","FALSE",,"Light Refresh"
"LINE","Line","INTERNAL","-1",,"FALSE","FALSE",,"Line"
"LINK","Link","INTERNAL","-1",,"FALSE","FALSE",,"Link"
"LINK_ADD","Link Add","INTERNAL","-1",,"FALSE","FALSE",,"Link Add"
"LINK_DELETE","Link Delete","INTERNAL","-1",,"FALSE","FALSE",,"Link Delete"
"LINK_NEW","Link New","INTERNAL","-1",,"FALSE","FALSE",,"Link New"
"LOT_RES_CANCELED","Lot Reservation Cancelled","INTERNAL","-1",,"TRUE","FALSE",,"Lot Reservation Canceled"
"LOT_RES_COMPLETED","Lot Reservation Completed","INTERNAL","-1",,"TRUE","FALSE",,"Lot Reservation Completed"
"LOT_RES_INPROGRESS","Lot Reservation In Progress","INTERNAL","-1",,"TRUE","FALSE",,"Lot Reservation In Progress"
"LOT_RES_RESERVED","Lot Reservation Reserved","INTERNAL","-1",,"TRUE","FALSE",,"Lot Reservation Reserved"
"MAIL2","Mail","INTERNAL","-1",,"FALSE","FALSE",,"Mail2"
"MAP_POINT","Map Point","INTERNAL","-1",,"FALSE","FALSE",,"Map Point"
"MAPPING_FILTER","Mapping filter","INTERNAL","-1",,"FALSE","FALSE",,"Mapping filter"
"MEDIA_BEGINNING","Media Beginning","INTERNAL","-1",,"FALSE","FALSE",,"Media Beginning"
"MEDIA_END","Media End","INTERNAL","-1",,"FALSE","FALSE",,"Media End"
"MEDIA_FAST_FORWARD","Media Fast Forward","INTERNAL","-1",,"FALSE","FALSE",,"Media Fast Forward"
"MEDIA_PAUSE","Media Pause","INTERNAL","-1",,"FALSE","FALSE",,"Media Pause"
"MEDIA_REWIND","Media Rewind","INTERNAL","-1",,"FALSE","FALSE",,"Media Rewind"
"MEDIA_STEP_BACK","Media Step Back","INTERNAL","-1",,"FALSE","FALSE",,"Media Step Back"
"MEDIA_STEP_FORWARD","Media Step Forward","INTERNAL","-1",,"FALSE","FALSE",,"Media Step Forward"
"MEDIA_STOP","Media Stop","INTERNAL","-1",,"FALSE","FALSE",,"Media Stop"
"MEDIA_STOP_RED","Media Stop Red","INTERNAL","-1",,"FALSE","FALSE",,"Media Stop Red"
"MEGAPHONE","Megaphone","INTERNAL","-1",,"FALSE","FALSE",,"Megaphone"
"MESSAGE","Message","INTERNAL","-1",,"FALSE","FALSE",,"Message"
"MESSAGES","Messages","INTERNAL","-1",,"FALSE","FALSE",,"Messages"
"MUSIC","Music","INTERNAL","-1",,"FALSE","FALSE",,"Music"
"NEW_TAB_PAGE","New Tab Page Test","INTERNAL","-1",,"FALSE","FALSE",,"New Tab Page"
"NEW_TAB_PAGES","New Tab Pages","INTERNAL","-1",,"FALSE","FALSE",,"New Tab Pages"
"NOTE","Note","INTERNAL","-1",,"FALSE","FALSE",,"Note"
"NOTE_ADD","Note Add","INTERNAL","-1",,"FALSE","FALSE",,"Note Add"
"NOTE_DELETE","Note Delete","INTERNAL","-1",,"FALSE","FALSE",,"Note Delete"
"NOTE_EDIT","Note Edit","INTERNAL","-1",,"FALSE","FALSE",,"Note Edit"
"NOTE_FIND","Note Find","INTERNAL","-1",,"FALSE","FALSE",,"Note Find"
"NOTE_NEW","Note New","INTERNAL","-1",,"FALSE","FALSE",,"Note New"
"NOTE_PINNED","Note Pinned","INTERNAL","-1",,"FALSE","FALSE",,"Note Pinned"
"NOTE_VIEW","Note View","INTERNAL","-1",,"FALSE","FALSE",,"Note View"
"NUMBER_VARIABLE","Number Variable","INTERNAL","-1",,"FALSE","FALSE",,"Number Variable"
"OVERLAY_ACTIVE","Overlay Active","INTERNAL","-1",,"FALSE","FALSE",,"Overlay Active"
"OVERLAY_APPROVE_PROGRESS","Overlay approve progress","INTERNAL","-1",,"FALSE","FALSE",,"Overlay approve progress"
"OVERLAY_APPROVED","Overlay approved","INTERNAL","-1",,"FALSE","FALSE",,"Overlay approved"
"OVERLAY_CANCELLED","Overlay cancelled","INTERNAL","-1",,"FALSE","FALSE",,"Overlay cancelled"
"OVERLAY_CROSS_BACKGROUND","Overlay cross background","INTERNAL","-1",,"FALSE","FALSE",,"Overlay cross background"
"OVERLAY_CROSS_OUTLINE","Overlay cross outline","INTERNAL","-1",,"FALSE","FALSE",,"Overlay cross outline"
"OVERLAY_DOCUMENT","Overlay Document","INTERNAL","-1",,"FALSE","FALSE",,"Overlay Document"
"OVERLAY_FILE_TEXT","Overlay File Text","INTERNAL","-1",,"FALSE","FALSE",,"Overlay File Text"
"OVERLAY_NOTE","Overlay Note","INTERNAL","-1",,"FALSE","FALSE",,"Overlay Note"
"OVERLAY_READYFORAPPR","Overlay readyforappr","INTERNAL","-1",,"FALSE","FALSE",,"Overlay readyforappr"
"OVERLAY_RETIRED","Overlay retired","INTERNAL","-1",,"FALSE","FALSE",,"Overlay retired"
"OVERLAY_RETIRED_REVIEW","Overlay retired review","INTERNAL","-1",,"FALSE","FALSE",,"Overlay retired review"
"PHOTO_PORTRAIT","Photo Portrait","INTERNAL","-1",,"FALSE","FALSE",,"Photo Portrait"
"PHOTO_SCENERY","Photo Scenery","INTERNAL","-1",,"FALSE","FALSE",,"Photo Scenery"
"PILL_BLUE","Blue Pill","INTERNAL","-1",,"FALSE","FALSE",,"Pill Blue"
"PILL_GREEN","Green Pill","INTERNAL","-1",,"FALSE","FALSE",,"Pill Green"
"PILL_RED","Red Pill","INTERNAL","-1",,"FALSE","FALSE",,"Pill Red"
"PILL_YELLOW","Yellow Pill","INTERNAL","-1",,"FALSE","FALSE",,"Pill Yellow"
"PLATE","Plate","INTERNAL","-1",,"FALSE","FALSE",,"Plate"
"PLATE_ADD","Plate Add","INTERNAL","-1",,"FALSE","FALSE",,"Plate Add"
"PLATE_APPEARANCE","Plate Appearance","INTERNAL","-1",,"FALSE","FALSE",,"Plate Appearance"
"PLATE_FILL_ORDER","Plate Fill Order","INTERNAL","-1",,"FALSE","FALSE",,"Plate Fill Order"
"PLATE_TYPE","Plate Type","INTERNAL","-1",,"FALSE","FALSE",,"Plate Type"
"PLAY","Play Media","INTERNAL","-1",,"FALSE","FALSE",,"Play"
"PLAY_FLASH","Play Flash","INTERNAL","-1",,"FALSE","FALSE",,"Play Flash"
"PLAY_GREEN","Play Media (Green)","INTERNAL","-1",,"FALSE","FALSE",,"Play Green"
"POTION_BLUE","Blue Potion","INTERNAL","-1",,"FALSE","FALSE",,"Potion Blue"
"POTION_GREEN","Green Potion","INTERNAL","-1",,"FALSE","FALSE",,"Potion Green"
"POTION_RED","Red Potion","INTERNAL","-1",,"FALSE","FALSE",,"Potion Red"
"POTION_YELLOW","Yellow Potion","INTERNAL","-1",,"FALSE","FALSE",,"Potion Yellow"
"PREFERENCES","Preferences","INTERNAL","-1",,"FALSE","FALSE",,"Preferences"
"PRINTER","Printer","INTERNAL","-1",,"FALSE","FALSE",,"Printer"
"PRODUCT","Product","INTERNAL","-1",,"FALSE","FALSE",,"Product"
"PRODUCT2","Product 2","INTERNAL","-1",,"FALSE","FALSE",,"Product2"
"REMOVE_TABLE_32","Entity Template Entity","INTERNAL","-1",,"FALSE","FALSE",,"Remove Table 32"
"RESISTOR","Resistor","INTERNAL","-1",,"FALSE","FALSE",,"Resistor"
"RETAIN_BARCODE","Retain Barcode","INTERNAL","-1",,"FALSE","FALSE",,"Retain Barcode"
"RETAIN_MOVE","Retain Move","INTERNAL","-1",,"FALSE","FALSE",,"Retain Move"
"RETAIN_RECEIVE","Retain Receive","INTERNAL","-1",,"FALSE","FALSE",,"Retain Receive"
"RETAIN_TEST_PLAN","Retain Test Plan","INTERNAL","-1",,"FALSE","FALSE",,"Retain Test Plan"
"ROBOT","A Robot","INTERNAL","-1",,"FALSE","FALSE",,"Robot"
"ROBOT_BLUE","A Robot","INTERNAL","-1",,"FALSE","FALSE",,"Robot Blue"
"ROBOT_GRAY","A Gray Robot","INTERNAL","-1",,"FALSE","FALSE",,"Robot Gray"
"ROBOT_GREEN","A Green Robot","INTERNAL","-1",,"FALSE","FALSE",,"Robot Green"
"ROBOT_RED","A Red Robot","INTERNAL","-1",,"FALSE","FALSE",,"Robot Red"
"ROBOT_YELLOW","A Yellow Robot","INTERNAL","-1",,"FALSE","FALSE",,"Robot Yellow"
"ROOM","Room","INTERNAL","-1",,"FALSE","FALSE",,"Room"
"ROW_ADD","Add Row","INTERNAL","-1",,"FALSE","FALSE",,"Row Add"
"ROW_REMOVE","Row Remove Icon","INTERNAL","-1",,"FALSE","FALSE",,"Row Remove"
"RUBBERSTAMP","Rubber Stamp","INTERNAL","-1",,"FALSE","FALSE",,"Rubber Stamp"
"SAMPLE_ADD","Add Sample","INTERNAL","-1",,"FALSE","FALSE",,"Sample Add"
"SCHEDULE","Schedule","INTERNAL","-1",,"FALSE","FALSE",,"Schedule"
"SCHEDULES","Schedules","INTERNAL","-1",,"FALSE","FALSE",,"Schedules"
"SCHEMA","Schema","INTERNAL","-1",,"FALSE","FALSE",,"Schema"
"SCHEMA_BLOB","Schema Blob","INTERNAL","-1",,"FALSE","FALSE",,"Schema Blob"
"SCHEMA_BOOL","Schema Bool","INTERNAL","-1",,"FALSE","FALSE",,"Schema Bool"
"SCHEMA_COLLECTION","Schema Collection","INTERNAL","-1",,"FALSE","FALSE",,"Schema Collection"
"SCHEMA_CURRENT","Schema Current","INTERNAL","-1",,"FALSE","FALSE",,"Schema Current"
"SCHEMA_DATETIME","Schema DateTime","INTERNAL","-1",,"FALSE","FALSE",,"Schema DateTime"
"SCHEMA_DIFF","Schema Diff","INTERNAL","-1",,"FALSE","FALSE",,"Schema Diff"
"SCHEMA_EDIT","Schema Edit","INTERNAL","-1",,"FALSE","FALSE",,"Schema Edit"
"SCHEMA_FIELD","Schema Field","INTERNAL","-1",,"FALSE","FALSE",,"Schema Field"
"SCHEMA_FK","Schema Foreign Key","INTERNAL","-1",,"FALSE","FALSE",,"Schema Foreign Key"
"SCHEMA_IDENTITY","Schema Identity","INTERNAL","-1",,"FALSE","FALSE",,"Schema Identity"
"SCHEMA_INDEX","Schema Index","INTERNAL","-1",,"FALSE","FALSE",,"Schema Index"
"SCHEMA_INT","Schema Int","INTERNAL","-1",,"FALSE","FALSE",,"Schema Int"
"SCHEMA_INTERVAL","Schema Interval","INTERNAL","-1",,"FALSE","FALSE",,"Schema Interval"
"SCHEMA_KEY_OVERLAY","Schema Key","INTERNAL","-1",,"FALSE","FALSE",,"Schema Key"
"SCHEMA_LINK","Schema Link","INTERNAL","-1",,"FALSE","FALSE",,"Schema Link"
"SCHEMA_MERGE","Schema Merge","INTERNAL","-1",,"FALSE","FALSE",,"Schema Merge"
"SCHEMA_PACKED_DECIMAL","Schema PD","INTERNAL","-1",,"FALSE","FALSE",,"Schema PD"
"SCHEMA_REAL","Schema Real","INTERNAL","-1",,"FALSE","FALSE",,"Schema Real"
"SCHEMA_SM","Schema SM","INTERNAL","-1",,"FALSE","FALSE",,"Schema SM"
"SCHEMA_TABLE","Schema Table","INTERNAL","-1",,"FALSE","FALSE",,"Schema Table"
"SCHEMA_TABLESET","Schema Tableset","INTERNAL","-1",,"FALSE","FALSE",,"Schema Tableset"
"SCHEMA_TEXT","Schema Text","INTERNAL","-1",,"FALSE","FALSE",,"Schema Text"
"SCHEMA_VIEW","Schema View","INTERNAL","-1",,"FALSE","FALSE",,"Schema View"
"SCHEMA_VIEW_OVERLAY","Schema View Overlay","INTERNAL","-1",,"FALSE","FALSE",,"Schema View Overlay"
"SCROLL","Scroll","INTERNAL","-1",,"FALSE","FALSE",,"Scroll"
"SCROLL_RUN","Scroll Run","INTERNAL","-1",,"FALSE","FALSE",,"Scroll Run"
"SHELF","Shelf","INTERNAL","-1",,"FALSE","FALSE",,"Shelf"
"SPEECH_BUBBLE","Speech Bubble","INTERNAL","-1",,"FALSE","FALSE",,"Speech Bubble"
"SPELL_CHECKER","Spell Checker","INTERNAL","-1",,"FALSE","FALSE",,"Spell Checker"
"SQC_BAD_POINT","SQC Bad Point","INTERNAL","-1",,"FALSE","FALSE",,"SQC Bad Point"
"SQC_CHART","SQC Chart","INTERNAL","-1",,"FALSE","FALSE",,"SQC Chart"
"SQC_CPK","SQC Process Capability","INTERNAL","-1",,"FALSE","FALSE",,"SQC Process Capability"
"SQC_CUSUM","SQC CUSUM","INTERNAL","-1",,"FALSE","FALSE",,"SQC CUSUM"
"SQC_EWMA","SQC Exponentially Weighted Moving Average","INTERNAL","-1",,"FALSE","FALSE",,"SQC Exponentially Weighted Moving Average"
"SQC_FAIL_POINT","SQC Fail Point","INTERNAL","-1",,"FALSE","FALSE",,"SQC Fail Point"
"SQC_FIND_TREND","SQC Find Trend","INTERNAL","-1",,"FALSE","FALSE",,"SQC Find Trend"
"SQC_GOOD_POINT","SQC Good Point","INTERNAL","-1",,"FALSE","FALSE",,"SQC Good Point"
"SQC_IND","SQC Individual","INTERNAL","-1",,"FALSE","FALSE",,"SQC Individual"
"SQC_MEAN","SQC Mean","INTERNAL","-1",,"FALSE","FALSE",,"SQC Mean"
"SQC_MR","SQC Moving Range","INTERNAL","-1",,"FALSE","FALSE",,"SQC Moving Range"
"SQC_MU","SQC Mu","INTERNAL","-1",,"FALSE","FALSE",,"SQC Mu"
"SQC_POINT","SQC Point","INTERNAL","-1",,"FALSE","FALSE",,"SQC Point"
"SQC_RANGE","SQC Range","INTERNAL","-1",,"FALSE","FALSE",,"SQC Range"
"SQC_REPORT","SQC Report","INTERNAL","-1",,"FALSE","FALSE",,"SQC Report"
"SQC_S","SQC S","INTERNAL","-1",,"FALSE","FALSE",,"SQC S"
"SQC_SEGMENT","SQC Segment","INTERNAL","-1",,"FALSE","FALSE",,"SQC Segment"
"SQC_SEGMENT_NEXT","SQC Segment Next","INTERNAL","-1",,"FALSE","FALSE",,"SQC Segment Next"
"SQC_SEGMENT_PREV","SQC Segment Prev","INTERNAL","-1",,"FALSE","FALSE",,"SQC Segment Prev"
"SQC_SEGMENT_VIEW","SQC Segment View","INTERNAL","-1",,"FALSE","FALSE",,"SQC Segment View"
"SQC_SIGMA","SQC Sigma","INTERNAL","-1",,"FALSE","FALSE",,"SQC Sigma"
"SQC_SUBGROUP","SQC Sub Group","INTERNAL","-1",,"FALSE","FALSE",,"SQC Sub Group"
"SQC_SUBGROUP_ADD","SQC Sub Group Add","INTERNAL","-1",,"FALSE","FALSE",,"SQC Sub Group Add"
"SQC_SUBGROUP_NOTE","SQC Sub Group Note","INTERNAL","-1",,"FALSE","FALSE",,"SQC Sub Group Note"
"SQC_SUBGROUP_REMOVE","SQC Sub Group Remove","INTERNAL","-1",,"FALSE","FALSE",,"SQC Sub Group Remove"
"SQC_SUBGROUP_VIEW","SQC Sub Group View","INTERNAL","-1",,"FALSE","FALSE",,"SQC Sub Group View"
"SQC_TREND","SQC Trend","INTERNAL","-1",,"FALSE","FALSE",,"SQC Trend"
"SQC_VIEW_CONFIG","SQC View Config","INTERNAL","-1",,"FALSE","FALSE",,"SQC View Config"
"SQC_VIEW_CRITERIA","SQC View Criteria","INTERNAL","-1",,"FALSE","FALSE",,"SQC View Criteria"
"STAR_BLUE","Blue Star","INTERNAL","-1",,"FALSE","FALSE",,"Star Blue"
"STAR_GREEN","Green Star","INTERNAL","-1",,"FALSE","FALSE",,"Star Green"
"STAR_GREY","Grey Star","INTERNAL","-1",,"FALSE","FALSE",,"Star Grey"
"STAR_RED","Red Star","INTERNAL","-1",,"FALSE","FALSE",,"Star Red"
"STB_ARTICLE","Stability Article","INTERNAL","-1",,"FALSE","FALSE",,"Stability Article"
"STB_CONDITION","Stability Storage Condition","INTERNAL","-1",,"FALSE","FALSE",,"Stability Condition"
"STB_ERROR","Stability Validation Error","INTERNAL","-1",,"FALSE","FALSE",,"Stability Error"
"STB_IMPACT_ANALYSIS","Stability Impact Analysis","INTERNAL","-1",,"FALSE","FALSE",,"Stability Impact Analysis"
"STB_INFORMATION","Stability Validation Information","INTERNAL","-1",,"FALSE","FALSE",,"Stability Information"
"STB_INITIAL_OVERLAY","Stability Initial Overlay","INTERNAL","-1",,"FALSE","FALSE",,"Stability Initial Overlay"
"STB_INTERCEPT","Stability Graph Symbol Intercept","INTERNAL","-1",,"FALSE","FALSE",,"Stability Graph Symbol Intercept"
"STB_INVT","Stability Graph Symbol Inverse Student's t-distribution","INTERNAL","-1",,"FALSE","FALSE",,"Stability Graph Symbol Inverse Student's t-distribution"
"STB_MEAN_X","Stability Graph Symbol Mean x","INTERNAL","-1",,"FALSE","FALSE",,"Stability Graph Symbol Mean x"
"STB_MEAN_Y","Stability Graph Symbol Mean y","INTERNAL","-1",,"FALSE","FALSE",,"Stability Graph Symbol Mean y"
"STB_OBSERVATIONS","Stability Graph Symbol Observations","INTERNAL","-1",,"FALSE","FALSE",,"Stability Graph Symbol Observations"
"STB_ORIENT_DOWN","Stability Orientation - Down","INTERNAL","-1",,"FALSE","FALSE",,"Stability Orientation Down"
"STB_ORIENT_FLAT","Stability Orientation - Horizontal","INTERNAL","-1",,"FALSE","FALSE",,"Stability Orientation Flat"
"STB_ORIENT_UP","Stability Orientation - Up","INTERNAL","-1",,"FALSE","FALSE",,"Stability Orientation Up"
"STB_OVERLAY_REVIEW_APPROVED","Stability Overlay Review Approved","INTERNAL","-1",,"FALSE","FALSE",,"Stability Overlay Review Approved"
"STB_OVERLAY_REVIEW_OUTLINE","Stability Overlay Review Outline","INTERNAL","-1",,"FALSE","FALSE",,"Stability Overlay Review Overlay"
"STB_OVERLAY_REVIEW_PROGRESS","Stability Overlay Review Progress","INTERNAL","-1",,"FALSE","FALSE",,"Stability Overlay Review Progress"
"STB_OVERLAY_REVIEW_READY","Stability Overlay Review Ready","INTERNAL","-1",,"FALSE","FALSE",,"Stability Overlay Review Ready"
"STB_PACKAGING","Stability Packaging","INTERNAL","-1",,"FALSE","FALSE",,"Stability Packaging"
"STB_PACKAGING_BOTTLE","Stability Packaging Bottle","INTERNAL","-1",,"FALSE","FALSE",,"Stability Packaging Bottle"
"STB_PACKAGING_BOX","Stability Packaging Box","INTERNAL","-1",,"FALSE","FALSE",,"Stability Packaging Box"
"STB_PACKAGING_TUBE","Stability Packaging Tube","INTERNAL","-1",,"FALSE","FALSE",,"Stability Packaging Tube"
"STB_PICKLIST","Stability Picklist","INTERNAL","-1",,"FALSE","FALSE",,"Stability Picklist"
"STB_PICKLIST_PULL","Stability Picklist Pull","INTERNAL","-1",,"FALSE","FALSE",,"Stability Picklist Pull"
"STB_PULL_BLUE","Stability Pull Blue","INTERNAL","-1",,"FALSE","FALSE",,"Stability Pull Blue"
"STB_PULL_BLUE_OVERLAY","Stability Pull Blue Overlay","INTERNAL","-1",,"FALSE","FALSE",,"Stability Pull Blue Overlay"
"STB_PULL_EVENT_BLUE","Stability Pull Event Blue","INTERNAL","-1",,"FALSE","FALSE",,"Stability Pull Event Blue"
"STB_PULL_EVENT_GREEN","Stability Pull Event Green","INTERNAL","-1",,"FALSE","FALSE",,"Stability Pull Event Green"
"STB_PULL_GREEN","Stability Pull Green","INTERNAL","-1",,"FALSE","FALSE",,"Stability Pull Green"
"STB_PULL_GREEN_OVERLAY","Stability Pull Green Overlay","INTERNAL","-1",,"FALSE","FALSE",,"Stability Pull Green Overlay"
"STB_PULL_RED","Stability Pull Red","INTERNAL","-1",,"FALSE","FALSE",,"Stability Pull Red"
"STB_PULL_RED_OVERLAY","Stability Pull Red Overlay","INTERNAL","-1",,"FALSE","FALSE",,"Stability Pull Red Overlay"
"STB_PULL_YELLOW","Stability Pull Yellow","INTERNAL","-1",,"FALSE","FALSE",,"Stability Pull Yellow"
"STB_PULL_YELLOW_OVERLAY","Stability Pull Yellow Overlay","INTERNAL","-1",,"FALSE","FALSE",,"Stability Pull Yellow Overlay"
"STB_SLOPE","Stability Graph Symbol Slope","INTERNAL","-1",,"FALSE","FALSE",,"Stability Graph Symbol Slope"
"STB_SQUARES_DEVIATIONS","Stability Graph Symbol Sq Dev","INTERNAL","-1",,"FALSE","FALSE",,"Stability Graph Symbol Sq Dev"
"STB_STD_ERR_EST","Stability Graph Symbol Err Est","INTERNAL","-1",,"FALSE","FALSE",,"Stability Graph Symbol Err Est"
"STB_STUDY_BLUE","Stability Study Blue","INTERNAL","-1",,"FALSE","FALSE",,"Stability Study Blue"
"STB_STUDY_GREEN","Stability Study Green","INTERNAL","-1",,"FALSE","FALSE",,"Stability Study Green"
"STB_STUDY_RED","Stability Study Red","INTERNAL","-1",,"FALSE","FALSE",,"Stability Study Red"
"STB_STUDY_STORAGE","Stability Study Storage","INTERNAL","-1",,"FALSE","FALSE",,"Stability Study Storage"
"STB_STUDY_STORAGE_ALLOC","Stability Study Storage Alloc","INTERNAL","-1",,"FALSE","FALSE",,"Stability Study Storage Alloc"
"STB_STUDY_TEMPLATE","Stability Study Template","INTERNAL","-1",,"FALSE","FALSE",,"Stability Study Template"
"STB_STUDY_YELLOW","Stability Study Yellow","INTERNAL","-1",,"FALSE","FALSE",,"Stability Study Yellow"
"STB_TEST_GROUP","Stability Test Group","INTERNAL","-1",,"FALSE","FALSE",,"Stability Test Group"
"STB_TIME","Stability Time Point","INTERNAL","-1",,"FALSE","FALSE",,"Stability Time"
"STB_UPDATE","Stability Update","INTERNAL","-1",,"FALSE","FALSE",,"Stability Update"
"STB_VALIDATION_RULE","Stability Validation Rule","INTERNAL","-1",,"FALSE","FALSE",,"Stability Validation Rule"
"STB_WARNING","Stability Validation Warning","INTERNAL","-1",,"FALSE","FALSE",,"Stability Warning"
"STB_WELL_RED_OVERLAY","Stability Well Red Overlay","INTERNAL","-1",,"FALSE","FALSE",,"Stability Well Red Overlay"
"STEP","Step","INTERNAL","-1",,"FALSE","FALSE",,"Step"
"STEP_ADD","Step Add","INTERNAL","-1",,"FALSE","FALSE",,"Step Add"
"STEP_DELETE","Step Delete","INTERNAL","-1",,"FALSE","FALSE",,"Step Delete"
"STEP_NEW","Step New","INTERNAL","-1",,"FALSE","FALSE",,"Step New"
"SUPPLIER","Supplier","INTERNAL","-1",,"FALSE","FALSE",,"Supplier"
"TANK","Tank","INTERNAL","-1",,"FALSE","FALSE",,"Tank"
"TEST_ADD","Add Test","INTERNAL","-1",,"FALSE","FALSE",,"Test Add"
"TEXT","Text","INTERNAL","-1",,"FALSE","FALSE",,"Text"
"TEXT_CODE","Text Code","INTERNAL","-1",,"FALSE","FALSE",,"Text Code"
"TEXT_TREE","Text Tree","INTERNAL","-1",,"FALSE","FALSE",,"Text Tree"
"TEXT_TREE_BUG","Text Tree (With Bug)","INTERNAL","-1",,"FALSE","FALSE",,"Text Tree Bug"
"TEXT_TREE_FADE","Text Tree (Faded)","INTERNAL","-1",,"FALSE","FALSE",,"Text Tree Fade"
"TEXT_TREE_PLAY","Text Tree (With Play)","INTERNAL","-1",,"FALSE","FALSE",,"Text Tree Play"
"TEXT_VARIABLE","Text Variable","INTERNAL","-1",,"FALSE","FALSE",,"Text Variable"
"TRAFFIC_GREEN","Green Traffic Light","INTERNAL","-1",,"FALSE","FALSE",,"Traffic Green"
"TRAFFIC_RED","Red Traffic Light","INTERNAL","-1",,"FALSE","FALSE",,"Traffic Light Red"
"TRAFFIC_YELLOW","Yellow Traffic Light","INTERNAL","-1",,"FALSE","FALSE",,"Traffic Light Yellow"
"TRAINING_COURSE","Training Course","INTERNAL","-1",,"FALSE","FALSE",,"Training Course"
"TRAINING_HISTORY","Training History","INTERNAL","-1",,"FALSE","FALSE",,"Training History"
"TRANSFORM","Transform","INTERNAL","-1",,"FALSE","FALSE",,"Transform"
"TRANSFORM2","Transform - the other way","INTERNAL","-1",,"FALSE","FALSE",,"Transform2"
"TRANSLATE","Translate","INTERNAL","-1",,"FALSE","FALSE",,"Translate"
"TRAY","Tray","INTERNAL","-1",,"FALSE","FALSE",,"Tray"
"UNIT","Unit","INTERNAL","-1",,"FALSE","FALSE",,"Unit"
"UNKNOWN","Unknown","INTERNAL","-1",,"FALSE","FALSE",,"Unknown"
"VARIABLE","Variable","INTERNAL","-1",,"FALSE","FALSE",,"Variable"
"VERSIONED_ANALYSIS","Versioned Analysis","INTERNAL","-1",,"FALSE","FALSE",,"Versioned Analysis"
"VIEW","View","INTERNAL","-1",,"FALSE","FALSE",,"View"
"WELL_BLACK","Black Well","INTERNAL","-1",,"FALSE","FALSE",,"Well Black"
"WELL_BLUE","Blue Well","INTERNAL","-1",,"FALSE","FALSE",,"Well Blue"
"WELL_CYAN","Cyan Well","INTERNAL","-1",,"FALSE","FALSE",,"Well Cyan"
"WELL_EMPTY","Empty Well","INTERNAL","-1",,"FALSE","FALSE",,"Well Empty"
"WELL_GREEN","Green Well","INTERNAL","-1",,"FALSE","FALSE",,"Well Green"
"WELL_GREY","Grey Well","INTERNAL","-1",,"FALSE","FALSE",,"Well Grey"
"WELL_MAGENTA","Magenta Well","INTERNAL","-1",,"FALSE","FALSE",,"Well Magenta"
"WELL_ORANGE","Orange Well","INTERNAL","-1",,"FALSE","FALSE",,"Well Orange"
"WELL_RED","Red Well","INTERNAL","-1",,"FALSE","FALSE",,"Well Red"
"WELL_YELLOW","Yellow Well","INTERNAL","-1",,"FALSE","FALSE",,"Well Yellow"
"WELLS","Wells","INTERNAL","-1",,"FALSE","FALSE",,"Wells"
"WINDOW_INFO","Information Window","INTERNAL","-1",,"FALSE","FALSE",,"Window Info"
"WINDOW_TREE","Window Tree","INTERNAL","-1",,"FALSE","FALSE",,"Window Tree"
"WORKBENCH","Workbench","INTERNAL","-1",,"FALSE","FALSE",,"Workbench"
"WORLD","World","INTERNAL","-1",,"FALSE","FALSE",,"World"
