﻿INCIDENT_TEMPLATE
TEMPLATE_ID,GROUP_ID,INITIAL_STATUS,INCIDENT_SYNTAX,DESCRIPTION,SUBJECT_TABLE,MODIFIABLE,REMOVE_FLAG,NAME
10,10,1,10,234,40,1,1,100
                       5
"INSTSTOVER",,"V","INCIDENT","Record an override of instrument status which is preventing Result Entry","TEST","TRUE","FALSE","Inststover"
"TROVERANAL",,"V","INCIDENT","Record an override of training requirement for an analysis against a specific test","TEST","TRUE","FALSE","Troveranal"
"TROVERINST",,"V","INCIDENT","Record an override of training requirement for an instrument against a specific test","TEST","TRUE","FALSE","Troverinst"
"TROVERPSAM",,"V","INCIDENT","Record an override of training requirement for sample preparation","SAMPLE","TRUE","FALSE","Troverpsam"
"TROVERPTST",,"V","INCIDENT","Record an override of training requirement for test preparation","TEST","TRUE","FALSE","Troverptst"
