﻿INCIDENT_PARAMETER
INCIDENT_ID,PARAMETER_ID,PARAMETER_NAME,PARAMETER_TYPE,VALUE,DEFAULT_VALUE,CATEGORY,UNITS,PLACES,TABLE_NAME,PHRASE_TYPE_ID,MINIMUM,MAXIMUM,TARGET_VALUE,ENTERED_ON,ENTERED_BY,OUT_OF_RANGE,CRITERIA,VALIDATION_CRITERIA,TRUE_WORD,FALSE_WORD,TARGET_BOOLEAN,RAW_VALUE,DATE_VALUE,PHRASE_VALID_ONLY,ROUNDING_FORMULA,SIG_FIGS_NUMBER,SIG_FIGS_ROUNDING,SIG_FIGS_FILTER,ORDER_NUMBER
30,36,100,20,255,255,10,40,10,50,10,500,500,10,32,10,1,40,40,10,10,10,500,32,1,500,10,10,10,10
                     222
"BRK-SAMP-000001","076713D6-8077-47EC-B1C8-9DF5F37B8F26","Broken Sample Cleaned UP","BOOLEAN","T","FALSE",,,"0",,,,,"0.0000000000000000E+00"," 15-08-2019 12:00:20.64","HODYT","FALSE",,,,,"N","T", ,"FALSE",,"-1","-1",,"1"
"BRK-SAMP-000001","9ECD396A-8F3F-40C7-A2DB-45CFCF38C4CC","Has Sample been canceled","BOOLEAN","T","FALSE",,,"0",,,,,"0.0000000000000000E+00"," 15-08-2019 12:00:20.64","HODYT","FALSE",,,,,"N","T", ,"FALSE",,"-1","-1",,"2"
"BRK-SAMP-000001","97A10910-B064-460B-A259-39DC3B989BD2","Resample Requested","BOOLEAN","T","FALSE",,,"0",,,,,"0.0000000000000000E+00"," 15-08-2019 12:00:20.64","HODYT","FALSE",,,,,"N","T", ,"FALSE",,"-1","-1",,"3"
"BRK-SAMP-000001","904416D5-CB60-4E65-B826-32C01284DEE9","When Breakage Occured","DATE","2019-08-14 13:45:00Z",,,,"0",,,,,"0.0000000000000000E+00"," 15-08-2019 12:00:20.64","HODYT","FALSE",,,,,"N","2019-08-14 13:45:00Z"," 14-08-2019 09:45:00.00","FALSE",,"-1","-1",,"4"
"INC-CONT-000001","10709B19-1641-4DFF-8BCE-85F083B6F84B","Corrective action","TEXT","none",,,,"0",,,,,"0.0000000000000000E+00"," 14-08-2020 18:20:07.60","GARYW","FALSE",,,,,"N","none", ,"FALSE",,"0","0",,"1"
"INC-CONT-000001","21012CBD-D8F9-46AF-B71C-F155F005654C","Description","TEXT","Shipment:          6  Container: 62873  test desc",,,,"0",,,,,"0.0000000000000000E+00"," 14-08-2020 18:20:07.60","GARYW","FALSE",,,,,"N","Shipment:          6  Container: 62873  test desc", ,"FALSE",,"-1","-1",,"2"
"INC-CONT-000001","D510F806-EDC6-4D6A-B95F-7CE23E2F965F","Good Condition","BOOLEAN","T","T",,,"0",,,,,"0.0000000000000000E+00"," 14-08-2020 18:20:07.60","GARYW","FALSE",,,,,"N","T", ,"FALSE",,"-1","-1",,"3"
"INC-CONT-000001","82DEF033-D7B8-4704-8F92-BAB3270888BF","Locks Secure","BOOLEAN","T","T",,,"0",,,,,"0.0000000000000000E+00"," 14-08-2020 18:20:07.60","GARYW","FALSE",,,,,"N","T", ,"FALSE",,"-1","-1",,"4"
"INC-CONT-000001","9196A6D2-C102-40C7-8E87-DA450BD2F444","Notify Lab Manager","BOOLEAN","F","FALSE",,,"0",,,,,"0.0000000000000000E+00"," 14-08-2020 18:20:07.60","GARYW","FALSE",,,,,"N","F", ,"FALSE",,"-1","-1",,"5"
"INC-CONT-000001","EF643A00-8D38-4DC2-AF42-93D025B8A1A5","Seals Intact","BOOLEAN","T","T",,,"0",,,,,"0.0000000000000000E+00"," 14-08-2020 18:20:07.60","GARYW","FALSE",,,,,"N","T", ,"FALSE",,"-1","-1",,"6"
"INC-CONT-000002","DEF73BF6-4510-45AB-BF54-0584506BDFFA","Corrective action","TEXT","None - problem with shipper",,,,"0",,,,,"0.0000000000000000E+00"," 29-09-2020 18:25:22.49","GARYW","FALSE",,,,,"N","None - problem with shipper", ,"FALSE",,"0","0",,"1"
"INC-CONT-000002","F716D550-D34F-49B1-8C87-A6A87738A532","Description","TEXT","Shipment:          7  Container: 60241",,,,"0",,,,,"0.0000000000000000E+00"," 29-09-2020 18:25:22.49","GARYW","FALSE",,,,,"N","Shipment:          7  Container: 60241", ,"FALSE",,"-1","-1",,"2"
"INC-CONT-000002","C1D90DE6-1E15-4501-9496-EB93DB402D98","Good Condition","BOOLEAN","F","T",,,"0",,,,,"0.0000000000000000E+00"," 29-09-2020 18:25:22.49","GARYW","FALSE",,,,,"N","F", ,"FALSE",,"-1","-1",,"3"
"INC-CONT-000002","8F87BCF4-1AFC-40D8-BE98-C1D460AD3785","Locks Secure","BOOLEAN","T","T",,,"0",,,,,"0.0000000000000000E+00"," 29-09-2020 18:25:22.49","GARYW","FALSE",,,,,"N","T", ,"FALSE",,"-1","-1",,"4"
"INC-CONT-000002","651EABF0-339F-4A13-AB9B-4AFCDDB37A61","Notify Lab Manager","BOOLEAN","F","FALSE",,,"0",,,,,"0.0000000000000000E+00"," 29-09-2020 18:25:22.51","GARYW","FALSE",,,,,"N","F", ,"FALSE",,"-1","-1",,"5"
"INC-CONT-000002","0057ED6F-976E-45A1-8AC1-471D115A65D4","Seals Intact","BOOLEAN","T","T",,,"0",,,,,"0.0000000000000000E+00"," 29-09-2020 18:25:22.51","GARYW","FALSE",,,,,"N","T", ,"FALSE",,"-1","-1",,"6"
"INC-CONT-000003","1860A423-276B-422F-85DE-8770AC66A995","Corrective action","TEXT",,,,,"0",,,,,"0.0000000000000000E+00", ,,"FALSE",,,,,"N",, ,"FALSE",,"0","0",,"1"
"INC-CONT-000003","395B4572-9EB4-4AAF-B9E7-7CF1348B3DB8","Description","TEXT","Shipment:         26  Container: 1107",,,,"0",,,,,"0.0000000000000000E+00", ,,"FALSE",,,,,"N","Shipment:         26  Container: 1107", ,"FALSE",,"-1","-1",,"2"
"INC-CONT-000003","8D93A92F-DC1E-4587-B16B-798ED6E67B72","Good Condition","BOOLEAN","T","T",,,"0",,,,,"0.0000000000000000E+00", ,,"FALSE",,,,,"N","T", ,"FALSE",,"-1","-1",,"3"
"INC-CONT-000003","703B2DE5-4CD7-4098-A7C7-BDB9A791229A","Locks Secure","BOOLEAN","T","T",,,"0",,,,,"0.0000000000000000E+00", ,,"FALSE",,,,,"N","T", ,"FALSE",,"-1","-1",,"4"
"INC-CONT-000003","AD1E6A79-98F8-474A-8142-FE9E19A26366","Notify Lab Manager","BOOLEAN","F","FALSE",,,"0",,,,,"0.0000000000000000E+00", ,,"FALSE",,,,,"N","F", ,"FALSE",,"-1","-1",,"5"
"INC-CONT-000003","29C86A22-058B-42ED-B180-2768658F2535","Seals Intact","BOOLEAN","T","T",,,"0",,,,,"0.0000000000000000E+00", ,,"FALSE",,,,,"N","T", ,"FALSE",,"-1","-1",,"6"
"INC-CONT-000004","8865A1DE-C9CC-4D5D-B461-F9A1EBA41951","Corrective action","TEXT","none , outside container damaged",,,,"0",,,,,"0.0000000000000000E+00"," 10-11-2020 10:39:40.44","GARYW","FALSE",,,,,"N","none , outside container damaged", ,"FALSE",,"0","0",,"1"
"INC-CONT-000004","9452DF92-A78A-4EE0-B817-896326708EDF","Description","TEXT","Shipment:         28  Container: 62946  Harrah's Philadelphia PA Shipment:         28  Container: 62946 : more description",,,,"0",,,,,"0.0000000000000000E+00"," 10-11-2020 10:39:40.44","GARYW","FALSE",,,,,"N","Shipment:         28  Container: 62946  Harrah's Philadelphia PA Shipment:         28  Container: 62946 : more description", ,"FALSE",,"-1","-1",,"2"
"INC-CONT-000004","8A459ACA-A4FE-498C-8E75-4818B0349EEC","Good Condition","BOOLEAN","F","T",,,"0",,,,,"0.0000000000000000E+00"," 10-11-2020 10:39:40.44","GARYW","FALSE",,,,,"N","F", ,"FALSE",,"-1","-1",,"3"
"INC-CONT-000004","45ECFA3B-AD10-4EC5-A1D6-2666235DF25B","Locks Secure","BOOLEAN","T","T",,,"0",,,,,"0.0000000000000000E+00"," 10-11-2020 10:39:40.44","GARYW","FALSE",,,,,"N","T", ,"FALSE",,"-1","-1",,"4"
"INC-CONT-000004","CC957624-ECBF-4BBE-A47B-14083BD33A4D","Notify Lab Manager","BOOLEAN","T","FALSE",,,"0",,,,,"0.0000000000000000E+00"," 10-11-2020 10:39:40.44","GARYW","FALSE",,,,,"N","T", ,"FALSE",,"-1","-1",,"5"
"INC-CONT-000004","56212E90-B642-4B67-9C5F-3190F4966D9A","Seals Intact","BOOLEAN","T","T",,,"0",,,,,"0.0000000000000000E+00"," 10-11-2020 10:39:40.44","GARYW","FALSE",,,,,"N","T", ,"FALSE",,"-1","-1",,"6"
"INC-CONT-000005","5F47A46E-BD7B-4CA7-935D-58F21D3EDE71","Corrective action","TEXT",,,,,"0",,,,,"0.0000000000000000E+00", ,,"FALSE",,,,,"N",, ,"FALSE",,"0","0",,"1"
"INC-CONT-000005","4E95CBAF-3BF9-410D-9C36-1FED31834E04","Description","TEXT","Shipment:         47  Container: 7  broken lock",,,,"0",,,,,"0.0000000000000000E+00", ,,"FALSE",,,,,"N","Shipment:         47  Container: 7  broken lock", ,"FALSE",,"-1","-1",,"2"
"INC-CONT-000005","D14C77D1-B762-4B3E-B0D2-4E6C06255332","Good Condition","BOOLEAN","T","T",,,"0",,,,,"0.0000000000000000E+00", ,,"FALSE",,,,,"N","T", ,"FALSE",,"-1","-1",,"3"
"INC-CONT-000005","DE10931C-1FDF-4D16-9D27-998AAC99A3C3","Locks Secure","BOOLEAN","T","T",,,"0",,,,,"0.0000000000000000E+00", ,,"FALSE",,,,,"N","T", ,"FALSE",,"-1","-1",,"4"
"INC-CONT-000005","1577BD22-4F92-4434-AB43-2C97C9499BC3","Notify Lab Manager","BOOLEAN","F","FALSE",,,"0",,,,,"0.0000000000000000E+00", ,,"FALSE",,,,,"N","F", ,"FALSE",,"-1","-1",,"5"
"INC-CONT-000005","B98B589D-0201-4BD6-B1EF-DED81B465AE6","Seals Intact","BOOLEAN","T","T",,,"0",,,,,"0.0000000000000000E+00", ,,"FALSE",,,,,"N","T", ,"FALSE",,"-1","-1",,"6"
"INC-CONT-000006","4C206502-E4B6-4FB7-8C67-42789EC29351","Corrective action","TEXT",,,,,"0",,,,,"0.0000000000000000E+00", ,,"FALSE",,,,,"N",, ,"FALSE",,"0","0",,"1"
"INC-CONT-000006","5B8069DE-C8BA-40B4-9C54-64C6FBC17C2F","Description","TEXT","Shipment:         77  Container: 62911  This container had  a crack on the lock.",,,,"0",,,,,"0.0000000000000000E+00", ,,"FALSE",,,,,"N","Shipment:         77  Container: 62911  This container had  a crack on the lock.", ,"FALSE",,"-1","-1",,"2"
"INC-CONT-000006","EEB9B4E6-A244-4391-8A62-04C7CC3073A3","Good Condition","BOOLEAN","T","T",,,"0",,,,,"0.0000000000000000E+00", ,,"FALSE",,,,,"N","T", ,"FALSE",,"-1","-1",,"3"
"INC-CONT-000006","8E9CCDDD-AA31-4353-ADF5-2B9ADC96233D","Locks Secure","BOOLEAN","T","T",,,"0",,,,,"0.0000000000000000E+00", ,,"FALSE",,,,,"N","T", ,"FALSE",,"-1","-1",,"4"
"INC-CONT-000006","6DF21615-8290-47FE-A09E-E1B7D32AC127","Notify Lab Manager","BOOLEAN","F","FALSE",,,"0",,,,,"0.0000000000000000E+00", ,,"FALSE",,,,,"N","F", ,"FALSE",,"-1","-1",,"5"
"INC-CONT-000006","00411207-CAE7-4ADB-A7B9-9408F3C29E80","Seals Intact","BOOLEAN","T","T",,,"0",,,,,"0.0000000000000000E+00", ,,"FALSE",,,,,"N","T", ,"FALSE",,"-1","-1",,"6"
"INC-CONT-000007","D748633D-8BFE-4F34-9866-5DDEBE6B7BEB","Corrective action","TEXT",,,,,"0",,,,,"0.0000000000000000E+00", ,,"FALSE",,,,,"N",, ,"FALSE",,"0","0",,"1"
"INC-CONT-000007","B6DC5D16-EE81-4FBD-8C55-957F33A11C94","Description","TEXT","Shipment:        150  Container: 62938  Hinges on container were broken",,,,"0",,,,,"0.0000000000000000E+00", ,,"FALSE",,,,,"N","Shipment:        150  Container: 62938  Hinges on container were broken", ,"FALSE",,"-1","-1",,"2"
"INC-CONT-000007","A67D42DA-4471-4AD4-BCDE-D96634471489","Good Condition","BOOLEAN","T","T",,,"0",,,,,"0.0000000000000000E+00", ,,"FALSE",,,,,"N","T", ,"FALSE",,"-1","-1",,"3"
"INC-CONT-000007","4A9F711B-A161-4825-A683-12D0ECF52CC4","Locks Secure","BOOLEAN","T","T",,,"0",,,,,"0.0000000000000000E+00", ,,"FALSE",,,,,"N","T", ,"FALSE",,"-1","-1",,"4"
"INC-CONT-000007","E5D5779F-6FDA-4F6B-BC82-DF1720F86D07","Notify Lab Manager","BOOLEAN","F","FALSE",,,"0",,,,,"0.0000000000000000E+00", ,,"FALSE",,,,,"N","F", ,"FALSE",,"-1","-1",,"5"
"INC-CONT-000007","69F8F408-C012-4A62-B97B-A94E32DA4C08","Seals Intact","BOOLEAN","T","T",,,"0",,,,,"0.0000000000000000E+00", ,,"FALSE",,,,,"N","T", ,"FALSE",,"-1","-1",,"6"
"INC-CONT-000008","4FA92485-8877-4AE9-8609-E95E4D19F731","Corrective action","TEXT",,,,,"0",,,,,"0.0000000000000000E+00", ,,"FALSE",,,,,"N",, ,"FALSE",,"0","0",,"1"
"INC-CONT-000008","7E996667-EEBB-4A4D-966D-F944096D38E2","Description","TEXT","Shipment:        154  Container: 01261  locks not secure for container 01261",,,,"0",,,,,"0.0000000000000000E+00", ,,"FALSE",,,,,"N","Shipment:        154  Container: 01261  locks not secure for container 01261", ,"FALSE",,"-1","-1",,"2"
"INC-CONT-000008","8F61A734-3ED1-4EE9-B497-23AA1353EFAC","Good Condition","BOOLEAN","T","T",,,"0",,,,,"0.0000000000000000E+00", ,,"FALSE",,,,,"N","T", ,"FALSE",,"-1","-1",,"3"
"INC-CONT-000008","AD4BF4D5-3949-446E-9FB2-48389BD3AEDA","Locks Secure","BOOLEAN","T","T",,,"0",,,,,"0.0000000000000000E+00", ,,"FALSE",,,,,"N","T", ,"FALSE",,"-1","-1",,"4"
"INC-CONT-000008","D15F07EA-1350-4916-9FA1-6CEC57A6201C","Notify Lab Manager","BOOLEAN","F","FALSE",,,"0",,,,,"0.0000000000000000E+00", ,,"FALSE",,,,,"N","F", ,"FALSE",,"-1","-1",,"5"
"INC-CONT-000008","0E29F783-4CF3-4394-9684-11018F1CCF6F","Seals Intact","BOOLEAN","T","T",,,"0",,,,,"0.0000000000000000E+00", ,,"FALSE",,,,,"N","T", ,"FALSE",,"-1","-1",,"6"
"INC-CONT-000009","21BE0E0B-9084-41B7-B953-775EA6596DAB","Corrective action","TEXT",,,,,"0",,,,,"0.0000000000000000E+00", ,,"FALSE",,,,,"N",, ,"FALSE",,"0","0",,"1"
"INC-CONT-000009","927F530A-A53E-460C-B51B-85BA59455C5C","Description","TEXT","Shipment:        199  Container: 000063  Container 01260 was already received for this accession",,,,"0",,,,,"0.0000000000000000E+00", ,,"FALSE",,,,,"N","Shipment:        199  Container: 000063  Container 01260 was already received for this accession", ,"FALSE",,"-1","-1",,"2"
"INC-CONT-000009","1071A3E6-746C-412B-9606-CC3DCB5D5936","Good Condition","BOOLEAN","T","T",,,"0",,,,,"0.0000000000000000E+00", ,,"FALSE",,,,,"N","T", ,"FALSE",,"-1","-1",,"3"
"INC-CONT-000009","E39687B6-3F00-4E8A-9CE1-67C464A4DAA2","Locks Secure","BOOLEAN","T","T",,,"0",,,,,"0.0000000000000000E+00", ,,"FALSE",,,,,"N","T", ,"FALSE",,"-1","-1",,"4"
"INC-CONT-000009","3ABB8406-40DD-407C-8ED2-FD37E5528A33","Notify Lab Manager","BOOLEAN","F","FALSE",,,"0",,,,,"0.0000000000000000E+00", ,,"FALSE",,,,,"N","F", ,"FALSE",,"-1","-1",,"5"
"INC-CONT-000009","AD592FA2-2AD2-4CE4-977B-B53CC88EDDED","Seals Intact","BOOLEAN","T","T",,,"0",,,,,"0.0000000000000000E+00", ,,"FALSE",,,,,"N","T", ,"FALSE",,"-1","-1",,"6"
"INC-CONT-000010","633DDF04-F48E-4FC5-A8DE-9BA8A48C5A5D","Corrective action","TEXT",,,,,"0",,,,,"0.0000000000000000E+00", ,,"FALSE",,,,,"N",, ,"FALSE",,"0","0",,"1"
"INC-CONT-000010","09187DB6-8DBB-4D3F-B0F5-E413E3D5D95C","Description","TEXT","Shipment:        238  Container: 01261  Seal # reported and actual seal # received were different for container 01261.",,,,"0",,,,,"0.0000000000000000E+00", ,,"FALSE",,,,,"N","Shipment:        238  Container: 01261  Seal # reported and actual seal # received were different for container 01261.", ,"FALSE",,"-1","-1",,"2"
"INC-CONT-000010","80095BEB-C8FD-4E7A-AFAD-288ADFB0ACC9","Good Condition","BOOLEAN","T","T",,,"0",,,,,"0.0000000000000000E+00", ,,"FALSE",,,,,"N","T", ,"FALSE",,"-1","-1",,"3"
"INC-CONT-000010","DCDF64BF-94D4-4B9C-BE65-D1D5EE33B02D","Locks Secure","BOOLEAN","T","T",,,"0",,,,,"0.0000000000000000E+00", ,,"FALSE",,,,,"N","T", ,"FALSE",,"-1","-1",,"4"
"INC-CONT-000010","04B863F0-6740-44D6-B451-E59A3515B3B7","Notify Lab Manager","BOOLEAN","F","FALSE",,,"0",,,,,"0.0000000000000000E+00", ,,"FALSE",,,,,"N","F", ,"FALSE",,"-1","-1",,"5"
"INC-CONT-000010","63A36367-A161-420D-8241-5B94BA524E58","Seals Intact","BOOLEAN","T","T",,,"0",,,,,"0.0000000000000000E+00", ,,"FALSE",,,,,"N","T", ,"FALSE",,"-1","-1",,"6"
"INC-CONT-000011","814AD7BE-85D7-4C28-A429-B41E7661D890","Corrective action","TEXT","N/A",,,,"0",,,,,"0.0000000000000000E+00"," 23-07-2021 11:05:39.32","GPEHLERT","FALSE",,,,,"N","N/A", ,"FALSE",,"0","0",,"1"
"INC-CONT-000011","0A46E21D-A64B-4B86-873B-1BFAF847E5D2","Description","TEXT","Shipment:         40  Container: 1288",,,,"0",,,,,"0.0000000000000000E+00"," 23-07-2021 11:05:39.32","GPEHLERT","FALSE",,,,,"N","Shipment:         40  Container: 1288", ,"FALSE",,"-1","-1",,"2"
"INC-CONT-000011","27DE6A3B-207C-48B6-987E-07B1BD5C8D01","Good Condition","BOOLEAN","T","T",,,"0",,,,,"0.0000000000000000E+00"," 23-07-2021 11:05:39.32","GPEHLERT","FALSE",,,,,"N","T", ,"FALSE",,"-1","-1",,"3"
"INC-CONT-000011","3402C206-7167-409C-9712-CD0D8CC58861","Locks Secure","BOOLEAN","T","T",,,"0",,,,,"0.0000000000000000E+00"," 23-07-2021 11:05:39.32","GPEHLERT","FALSE",,,,,"N","T", ,"FALSE",,"-1","-1",,"4"
"INC-CONT-000011","6983F093-E292-45BD-BDF7-EFE5FBCBB27D","Notify Lab Manager","BOOLEAN","F","FALSE",,,"0",,,,,"0.0000000000000000E+00"," 23-07-2021 11:05:39.32","GPEHLERT","FALSE",,,,,"N","F", ,"FALSE",,"-1","-1",,"5"
"INC-CONT-000011","EA069607-1744-43CA-805B-A4D4877A16C8","Seals Intact","BOOLEAN","T","T",,,"0",,,,,"0.0000000000000000E+00"," 23-07-2021 11:05:39.32","GPEHLERT","FALSE",,,,,"N","T", ,"FALSE",,"-1","-1",,"6"
"INC-CONT-000012","9E3E576D-FFDF-4DBE-9338-0EC3D8EC6F7D","Corrective action","TEXT",,,,,"0",,,,,"0.0000000000000000E+00", ,,"FALSE",,,,,"N",, ,"FALSE",,"0","0",,"1"
"INC-CONT-000012","4AB27CB0-BF1C-4E26-9CD2-EF2801C8B470","Description","TEXT","Shipment:        248  Container: 2223  Meadows Racetrack PA Shipment:        248  Container: 2223 :  GW test from Explorer",,,,"0",,,,,"0.0000000000000000E+00", ,,"FALSE",,,,,"N","Shipment:        248  Container: 2223  Meadows Racetrack PA Shipment:        248  Container: 2223 :  GW test from Explorer", ,"FALSE",,"-1","-1",,"2"
"INC-CONT-000012","38B89F0E-93DC-42F9-A589-7C747C0DEE55","Good Condition","BOOLEAN","T","T",,,"0",,,,,"0.0000000000000000E+00", ,,"FALSE",,,,,"N","T", ,"FALSE",,"-1","-1",,"3"
"INC-CONT-000012","613E541E-4A7F-4F83-9EA5-33EC26756EC2","Locks Secure","BOOLEAN","T","T",,,"0",,,,,"0.0000000000000000E+00", ,,"FALSE",,,,,"N","T", ,"FALSE",,"-1","-1",,"4"
"INC-CONT-000012","B4EFDB73-CBF0-4828-AFC3-39BB3517CED2","Notify Lab Manager","BOOLEAN","F","FALSE",,,"0",,,,,"0.0000000000000000E+00", ,,"FALSE",,,,,"N","F", ,"FALSE",,"-1","-1",,"5"
"INC-CONT-000012","DF8B28F9-1530-4C59-80A5-61F5C0227803","Seals Intact","BOOLEAN","T","T",,,"0",,,,,"0.0000000000000000E+00", ,,"FALSE",,,,,"N","T", ,"FALSE",,"-1","-1",,"6"
"INC-CONT-000013","C13174F3-E6C5-464F-8FAF-240E729767AE","Corrective action","TEXT",,,,,"0",,,,,"0.0000000000000000E+00", ,,"FALSE",,,,,"N",, ,"FALSE",,"0","0",,"1"
"INC-CONT-000013","34097A58-15A6-4E3C-A21F-B120C8DC327D","Description","TEXT","Shipment:        406  Container: 2345",,,,"0",,,,,"0.0000000000000000E+00", ,,"FALSE",,,,,"N","Shipment:        406  Container: 2345", ,"FALSE",,"-1","-1",,"2"
"INC-CONT-000013","EE40A6FE-A476-4E98-B062-29B5114382F6","Good Condition","BOOLEAN","T","T",,,"0",,,,,"0.0000000000000000E+00", ,,"FALSE",,,,,"N","T", ,"FALSE",,"-1","-1",,"3"
"INC-CONT-000013","C55EEF82-9D03-4FDD-AAE2-D44F7EB6FFB5","Locks Secure","BOOLEAN","T","T",,,"0",,,,,"0.0000000000000000E+00", ,,"FALSE",,,,,"N","T", ,"FALSE",,"-1","-1",,"4"
"INC-CONT-000013","23A44115-09B5-4BA5-946B-2466CB74870E","Notify Lab Manager","BOOLEAN","F","FALSE",,,"0",,,,,"0.0000000000000000E+00", ,,"FALSE",,,,,"N","F", ,"FALSE",,"-1","-1",,"5"
"INC-CONT-000013","BFF28917-484D-4F16-B5CF-7AE1146E8A0C","Seals Intact","BOOLEAN","T","T",,,"0",,,,,"0.0000000000000000E+00", ,,"FALSE",,,,,"N","T", ,"FALSE",,"-1","-1",,"6"
"INC-CONT-000014","CA579BC2-BCBF-4CB2-BA38-0EBA1267C34D","Corrective action","TEXT","racetrack staff issue","racetrack staff issue",,,"0",,,,,"0.0000000000000000E+00"," 09-08-2021 14:11:08.40","GPEHLERT","FALSE",,,,,"N","racetrack staff issue", ,"FALSE",,"0","0",,"1"
"INC-CONT-000014","FE316ADF-C88E-49A7-98D6-110D55600238","Description","TEXT","Shipment:        414  Container: 199100  Presque Isle Downs Shipment:        414  Container: 199100 : seal not clicked in",,,,"0",,,,,"0.0000000000000000E+00"," 09-08-2021 14:11:08.40","GPEHLERT","FALSE",,,,,"N","Shipment:        414  Container: 199100  Presque Isle Downs Shipment:        414  Container: 199100 : seal not clicked in", ,"FALSE",,"-1","-1",,"2"
"INC-CONT-000014","8DAA43CD-22B9-48B6-9036-3D26EF315554","Good Condition","BOOLEAN","T","T",,,"0",,,,,"0.0000000000000000E+00"," 09-08-2021 14:11:08.40","GPEHLERT","FALSE",,,,,"N","T", ,"FALSE",,"-1","-1",,"3"
"INC-CONT-000014","951C1B31-32A0-4762-B96B-9A69D602D8B9","Locks Secure","BOOLEAN","T","T",,,"0",,,,,"0.0000000000000000E+00"," 09-08-2021 14:11:08.40","GPEHLERT","FALSE",,,,,"N","T", ,"FALSE",,"-1","-1",,"4"
"INC-CONT-000014","B6BBC343-17A6-454B-B293-54335043EB2C","Notify Lab Manager","BOOLEAN","F","FALSE",,,"0",,,,,"0.0000000000000000E+00"," 09-08-2021 14:11:08.40","GPEHLERT","FALSE",,,,,"N","F", ,"FALSE",,"-1","-1",,"5"
"INC-CONT-000014","2E4870A3-E3FE-43F0-8E72-7C06F6E4E010","Seals Intact","BOOLEAN","F","F",,,"0",,,,,"0.0000000000000000E+00"," 09-08-2021 14:11:08.40","GPEHLERT","FALSE",,,,,"N","F", ,"FALSE",,"-1","-1",,"6"
"INC-CONT-000015","704C09FD-65B1-427E-9568-CFD25B46BCE3","Corrective action","TEXT",,,,,"0",,,,,"0.0000000000000000E+00", ,,"FALSE",,,,,"N",, ,"FALSE",,"0","0",,"1"
"INC-CONT-000015","4DCA1C20-C21A-462B-8BBD-07F7393E6A47","Description","TEXT","Shipment:        286  Container: D1  Presque Isle Downs Shipment:        286  Container: D1 
Date Received 6/14/2021 
","no paperwork included",,,"0",,,,,"0.0000000000000000E+00", ,,"FALSE",,,,,"N","Shipment:        286  Container: D1  Presque Isle Downs Shipment:        286  Container: D1 
Date Received 6/14/2021 
", ,"FALSE",,"-1","-1",,"2"
"INC-CONT-000015","66FDD47E-71DE-426B-B4C7-86468ED91896","Good Condition","BOOLEAN","T","T",,,"0",,,,,"0.0000000000000000E+00", ,,"FALSE",,,,,"N","T", ,"FALSE",,"-1","-1",,"3"
"INC-CONT-000015","A8D29E52-DCAD-4BFD-8109-F44079EFBE26","Locks Secure","BOOLEAN","T","T",,,"0",,,,,"0.0000000000000000E+00", ,,"FALSE",,,,,"N","T", ,"FALSE",,"-1","-1",,"4"
"INC-CONT-000015","FF3A1F96-CF6A-488C-93DD-3D4A6A1D6FAE","Notify Lab Manager","BOOLEAN","F","FALSE",,,"0",,,,,"0.0000000000000000E+00", ,,"FALSE",,,,,"N","F", ,"FALSE",,"-1","-1",,"5"
"INC-CONT-000015","60BD81CD-F5A7-49F2-B271-DD211DE5D47D","Seals Intact","BOOLEAN","T","T",,,"0",,,,,"0.0000000000000000E+00", ,,"FALSE",,,,,"N","T", ,"FALSE",,"-1","-1",,"6"
"INC-CONT-000016","E77D2830-DF22-482D-B69D-0FA72023AF28","Corrective action","TEXT","inform racetrack","inform racetrack",,,"0",,,,,"0.0000000000000000E+00", ,,"FALSE",,,,,"N","inform racetrack", ,"FALSE",,"0","0",,"1"
"INC-CONT-000016","8DF59F06-50E5-4F93-ADFB-379B53C1FA94","Description","TEXT","Shipment:        287  Container: D2  Presque Isle Downs Shipment:        287  Container: D2 :
received date 6/14/2021","delivered late",,,"0",,,,,"0.0000000000000000E+00", ,,"FALSE",,,,,"N","Shipment:        287  Container: D2  Presque Isle Downs Shipment:        287  Container: D2 :
received date 6/14/2021", ,"FALSE",,"-1","-1",,"2"
"INC-CONT-000016","A5AB1191-E6CA-419C-891C-B2F38E651009","Good Condition","BOOLEAN","T","T",,,"0",,,,,"0.0000000000000000E+00", ,,"FALSE",,,,,"N","T", ,"FALSE",,"-1","-1",,"3"
"INC-CONT-000016","1067314E-6F8A-43C7-BB65-22E1D6D6B774","Locks Secure","BOOLEAN","T","T",,,"0",,,,,"0.0000000000000000E+00", ,,"FALSE",,,,,"N","T", ,"FALSE",,"-1","-1",,"4"
"INC-CONT-000016","2FC531AE-9402-4C7E-8C9F-CEF5AB9191E6","Notify Lab Manager","BOOLEAN","F","FALSE",,,"0",,,,,"0.0000000000000000E+00", ,,"FALSE",,,,,"N","F", ,"FALSE",,"-1","-1",,"5"
"INC-CONT-000016","0E2D9DFA-28DC-4369-8E79-1A0B26063C0F","Seals Intact","BOOLEAN","T","T",,,"0",,,,,"0.0000000000000000E+00", ,,"FALSE",,,,,"N","T", ,"FALSE",,"-1","-1",,"6"
"INC-CONT-000017","5EBD9A22-266C-4F37-B9A3-84AB99FDF2E1","Corrective action","TEXT",,,,,"0",,,,,"0.0000000000000000E+00", ,,"FALSE",,,,,"N",, ,"FALSE",,"0","0",,"1"
"INC-CONT-000017","A55B19E0-2E8D-4CC1-8EBE-3D670BD8B1E2","Description","TEXT","Shipment:        415  Container: D3",,,,"0",,,,,"0.0000000000000000E+00", ,,"FALSE",,,,,"N","Shipment:        415  Container: D3", ,"FALSE",,"-1","-1",,"2"
"INC-CONT-000017","9ED64287-FFE6-4EEF-8A68-866DC982E7BD","Good Condition","BOOLEAN","T","T",,,"0",,,,,"0.0000000000000000E+00", ,,"FALSE",,,,,"N","T", ,"FALSE",,"-1","-1",,"3"
"INC-CONT-000017","4B43EDF4-C6E7-4E25-8AF6-A35C08D39F5C","Locks Secure","BOOLEAN","T","T",,,"0",,,,,"0.0000000000000000E+00", ,,"FALSE",,,,,"N","T", ,"FALSE",,"-1","-1",,"4"
"INC-CONT-000017","ABEEC5CA-360D-42AA-BBC7-103962BA1F1B","Notify Lab Manager","BOOLEAN","F","FALSE",,,"0",,,,,"0.0000000000000000E+00", ,,"FALSE",,,,,"N","F", ,"FALSE",,"-1","-1",,"5"
"INC-CONT-000017","3E495B83-432B-4476-ACB4-359E5890EAE9","Seals Intact","BOOLEAN","T","T",,,"0",,,,,"0.0000000000000000E+00", ,,"FALSE",,,,,"N","T", ,"FALSE",,"-1","-1",,"6"
"INC-CONT-000018","396127AF-5579-427E-B5A5-286870B75ECD","Corrective action","TEXT",,,,,"0",,,,,"0.0000000000000000E+00", ,,"FALSE",,,,,"N",, ,"FALSE",,"0","0",,"1"
"INC-CONT-000018","454B52EC-8E8A-483D-89AB-B99FBC2FBD88","Description","TEXT","Shipment:        413  Container: GP3",,,,"0",,,,,"0.0000000000000000E+00", ,,"FALSE",,,,,"N","Shipment:        413  Container: GP3", ,"FALSE",,"-1","-1",,"2"
"INC-CONT-000018","E41F3E00-F386-4DA8-95BB-57E5CEF3C60C","Good Condition","BOOLEAN","T","T",,,"0",,,,,"0.0000000000000000E+00", ,,"FALSE",,,,,"N","T", ,"FALSE",,"-1","-1",,"3"
"INC-CONT-000018","438099FA-824A-4F87-9B30-9DDC5B235FA4","Locks Secure","BOOLEAN","T","T",,,"0",,,,,"0.0000000000000000E+00", ,,"FALSE",,,,,"N","T", ,"FALSE",,"-1","-1",,"4"
"INC-CONT-000018","4A44B940-1C41-4CA6-A164-2DDC5949D337","Notify Lab Manager","BOOLEAN","F","FALSE",,,"0",,,,,"0.0000000000000000E+00", ,,"FALSE",,,,,"N","F", ,"FALSE",,"-1","-1",,"5"
"INC-CONT-000018","61750CA8-DAD8-4374-83D6-3B22940ADB80","Seals Intact","BOOLEAN","T","T",,,"0",,,,,"0.0000000000000000E+00", ,,"FALSE",,,,,"N","T", ,"FALSE",,"-1","-1",,"6"
"INC-CONT-000019","8855CB39-84F6-43AC-BB78-CC8608136C8F","Corrective action","TEXT",,,,,"0",,,,,"0.0000000000000000E+00", ,,"FALSE",,,,,"N",, ,"FALSE",,"0","0",,"1"
"INC-CONT-000019","B3C58251-F056-42A6-8015-6997C76EF6AE","Description","TEXT","Shipment:        440  Container: 05793",,,,"0",,,,,"0.0000000000000000E+00"," 04-10-2021 14:24:57.24","GPEHLERT","FALSE",,,,,"N","Shipment:        440  Container: 05793", ,"FALSE",,"-1","-1",,"2"
"INC-CONT-000019","3319B12B-9F2A-4F51-A7C9-134476B5782D","Good Condition","BOOLEAN","T","T",,,"0",,,,,"0.0000000000000000E+00"," 04-10-2021 14:24:57.24","GPEHLERT","FALSE",,,,,"N","T", ,"FALSE",,"-1","-1",,"3"
"INC-CONT-000019","0F6E609D-92BF-4175-9FDF-BC26DE6B6B87","Locks Secure","BOOLEAN","T","T",,,"0",,,,,"0.0000000000000000E+00"," 04-10-2021 14:24:57.24","GPEHLERT","FALSE",,,,,"N","T", ,"FALSE",,"-1","-1",,"4"
"INC-CONT-000019","A3C01C1F-4D09-44A2-BB1B-A35C9F9EEDC0","Notify Lab Manager","BOOLEAN","F","FALSE",,,"0",,,,,"0.0000000000000000E+00"," 04-10-2021 14:24:57.24","GPEHLERT","FALSE",,,,,"N","F", ,"FALSE",,"-1","-1",,"5"
"INC-CONT-000019","0CF02CC8-D9C7-4BC7-91E3-8D8CD398924E","Seals Intact","BOOLEAN","T","T",,,"0",,,,,"0.0000000000000000E+00"," 04-10-2021 14:24:57.24","GPEHLERT","FALSE",,,,,"N","T", ,"FALSE",,"-1","-1",,"6"
"INC-CONT-000020","73D9D2B5-EC16-42CC-B0C9-6D778BCD1EAC","Corrective action","TEXT",,,,,"0",,,,,"0.0000000000000000E+00", ,,"FALSE",,,,,"N",, ,"FALSE",,"0","0",,"1"
"INC-CONT-000020","AA7CADD9-311C-4E80-A7A2-2D5F279D9D20","Description","TEXT","Shipment:        408  Container: 62393",,,,"0",,,,,"0.0000000000000000E+00", ,,"FALSE",,,,,"N","Shipment:        408  Container: 62393", ,"FALSE",,"-1","-1",,"2"
"INC-CONT-000020","20A31636-CB47-4AB7-85B4-CFE2DBA149C4","Good Condition","BOOLEAN","T","T",,,"0",,,,,"0.0000000000000000E+00", ,,"FALSE",,,,,"N","T", ,"FALSE",,"-1","-1",,"3"
"INC-CONT-000020","48E01BDC-D190-405D-8798-D483FEA46F02","Locks Secure","BOOLEAN","T","T",,,"0",,,,,"0.0000000000000000E+00", ,,"FALSE",,,,,"N","T", ,"FALSE",,"-1","-1",,"4"
"INC-CONT-000020","701AA8E9-9B2E-4735-9DBE-8F23A3BBDB0E","Notify Lab Manager","BOOLEAN","F","FALSE",,,"0",,,,,"0.0000000000000000E+00", ,,"FALSE",,,,,"N","F", ,"FALSE",,"-1","-1",,"5"
"INC-CONT-000020","669200D5-DCF6-4133-B409-A107CF1B1562","Seals Intact","BOOLEAN","T","T",,,"0",,,,,"0.0000000000000000E+00", ,,"FALSE",,,,,"N","T", ,"FALSE",,"-1","-1",,"6"
"INC-CONT-000021","B1895B2D-B3C2-42F6-9C26-13C797A3A204","Description","TEXT","Shipment:        393  Container: 9",,,,"0",,,,,"0.0000000000000000E+00", ,,"FALSE",,,,,"N","Shipment:        393  Container: 9", ,"FALSE",,"-1","-1",,"1"
"INC-CONT-000021","57CC6FB6-EB2F-4D66-B22C-55368BCAC32F","Good Condition","BOOLEAN","T","T",,,"0",,,,,"0.0000000000000000E+00", ,,"FALSE",,,,,"N","T", ,"FALSE",,"-1","-1",,"2"
"INC-CONT-000021","56524081-BB99-4AC2-AA81-79EE70606682","Locks Secure","BOOLEAN","T","T",,,"0",,,,,"0.0000000000000000E+00", ,,"FALSE",,,,,"N","T", ,"FALSE",,"-1","-1",,"3"
"INC-CONT-000021","019463DA-E8D5-4725-9182-D9925FC2F398","Notify Lab Manager","BOOLEAN","F","FALSE",,,"0",,,,,"0.0000000000000000E+00", ,,"FALSE",,,,,"N","F", ,"FALSE",,"-1","-1",,"4"
"INC-CONT-000021","DBD00615-1D7F-4A14-8E0A-D2C43320CAB9","Seals Intact","BOOLEAN","T","T",,,"0",,,,,"0.0000000000000000E+00", ,,"FALSE",,,,,"N","T", ,"FALSE",,"-1","-1",,"5"
"INC-CONT-000022","B9E64083-6751-4923-AC9B-23A1A3C3CEE3","Description","TEXT","Shipment:        412  Container: 00486",,,,"0",,,,,"0.0000000000000000E+00", ,,"FALSE",,,,,"N","Shipment:        412  Container: 00486", ,"FALSE",,"-1","-1",,"1"
"INC-CONT-000022","C1BDA332-042C-4BC1-95E5-9E560550F1EF","Good Condition","BOOLEAN","T","T",,,"0",,,,,"0.0000000000000000E+00", ,,"FALSE",,,,,"N","T", ,"FALSE",,"-1","-1",,"2"
"INC-CONT-000022","A0709B96-543E-43E9-9CC4-F6119BEEB18D","Locks Secure","BOOLEAN","T","T",,,"0",,,,,"0.0000000000000000E+00", ,,"FALSE",,,,,"N","T", ,"FALSE",,"-1","-1",,"3"
"INC-CONT-000022","2E82A0B9-D8AC-455C-BE4C-22D474CA935B","Notify Lab Manager","BOOLEAN","F","FALSE",,,"0",,,,,"0.0000000000000000E+00", ,,"FALSE",,,,,"N","F", ,"FALSE",,"-1","-1",,"4"
"INC-CONT-000022","DF706A23-6AC2-49EA-B5DF-07E33DCC2DA8","Seals Intact","BOOLEAN","T","T",,,"0",,,,,"0.0000000000000000E+00", ,,"FALSE",,,,,"N","T", ,"FALSE",,"-1","-1",,"5"
"INC-CONT-000023","1B01BDD5-B4DF-45F9-B444-E701D62B1697","Description","TEXT","Shipment:        319  Container: 62917",,,,"0",,,,,"0.0000000000000000E+00", ,,"FALSE",,,,,"N","Shipment:        319  Container: 62917", ,"FALSE",,"-1","-1",,"1"
"INC-CONT-000023","A5CE182C-36F6-4E7C-9D7B-B278460EE939","Good Condition","BOOLEAN","T","T",,,"0",,,,,"0.0000000000000000E+00", ,,"FALSE",,,,,"N","T", ,"FALSE",,"-1","-1",,"2"
"INC-CONT-000023","BBF86B65-1FD4-4F88-8BA4-0FF89777532D","Locks Secure","BOOLEAN","T","T",,,"0",,,,,"0.0000000000000000E+00", ,,"FALSE",,,,,"N","T", ,"FALSE",,"-1","-1",,"3"
"INC-CONT-000023","6A62990E-6997-4C8A-B891-AA2EE0352575","Notify Lab Manager","BOOLEAN","F","FALSE",,,"0",,,,,"0.0000000000000000E+00", ,,"FALSE",,,,,"N","F", ,"FALSE",,"-1","-1",,"4"
"INC-CONT-000023","2565D63C-4DC4-4548-941C-2618A2E9B7A5","Seals Intact","BOOLEAN","T","T",,,"0",,,,,"0.0000000000000000E+00", ,,"FALSE",,,,,"N","T", ,"FALSE",,"-1","-1",,"5"
"INC-CONT-000024","F0652581-CF25-4066-BD77-F51DED828579","Description","TEXT","Shipment:        433  Container: 8",,,,"0",,,,,"0.0000000000000000E+00", ,,"FALSE",,,,,"N","Shipment:        433  Container: 8", ,"FALSE",,"-1","-1",,"1"
"INC-CONT-000024","10F6EA71-3C5E-414C-BE1A-853EC966CA5E","Good Condition","BOOLEAN","T","T",,,"0",,,,,"0.0000000000000000E+00", ,,"FALSE",,,,,"N","T", ,"FALSE",,"-1","-1",,"2"
"INC-CONT-000024","D94767F6-72BB-4750-8127-ED21A8F789A5","Locks Secure","BOOLEAN","T","T",,,"0",,,,,"0.0000000000000000E+00", ,,"FALSE",,,,,"N","T", ,"FALSE",,"-1","-1",,"3"
"INC-CONT-000024","8882A52C-2E59-4ADA-8150-812031405493","Notify Lab Manager","BOOLEAN","F","FALSE",,,"0",,,,,"0.0000000000000000E+00", ,,"FALSE",,,,,"N","F", ,"FALSE",,"-1","-1",,"4"
"INC-CONT-000024","72FA8412-FB80-4E40-8CD8-80E3C98C449F","Seals Intact","BOOLEAN","T","T",,,"0",,,,,"0.0000000000000000E+00", ,,"FALSE",,,,,"N","T", ,"FALSE",,"-1","-1",,"5"
"INC-CONT-000025","3490B624-7DC9-40C4-B4C7-0630779BDC66","Description","TEXT","Shipment:        441  Container: 8",,,,"0",,,,,"0.0000000000000000E+00", ,,"FALSE",,,,,"N","Shipment:        441  Container: 8", ,"FALSE",,"-1","-1",,"1"
"INC-CONT-000025","B79D0721-ADC3-4529-A906-EF6DEE92E115","Good Condition","BOOLEAN","T","T",,,"0",,,,,"0.0000000000000000E+00", ,,"FALSE",,,,,"N","T", ,"FALSE",,"-1","-1",,"2"
"INC-CONT-000025","B36BBABC-B00D-46E6-9910-B1B0DBBB33D0","Locks Secure","BOOLEAN","T","T",,,"0",,,,,"0.0000000000000000E+00", ,,"FALSE",,,,,"N","T", ,"FALSE",,"-1","-1",,"3"
"INC-CONT-000025","05AE707D-7597-42FA-B190-41FC425ADFF3","Notify Lab Manager","BOOLEAN","F","FALSE",,,"0",,,,,"0.0000000000000000E+00", ,,"FALSE",,,,,"N","F", ,"FALSE",,"-1","-1",,"4"
"INC-CONT-000025","5DD277B3-05CA-433A-AD98-BEA6B03D1651","Seals Intact","BOOLEAN","T","T",,,"0",,,,,"0.0000000000000000E+00", ,,"FALSE",,,,,"N","T", ,"FALSE",,"-1","-1",,"5"
"INC-CONT-000026","8B896A68-77D8-465C-812E-6B9B05F29347","Description","TEXT","Shipment:        460  Container: D4",,,,"0",,,,,"0.0000000000000000E+00", ,,"FALSE",,,,,"N","Shipment:        460  Container: D4", ,"FALSE",,"-1","-1",,"1"
"INC-CONT-000026","53C06EA7-6582-47E3-8C6B-C4FA5DB2A8D8","Good Condition","BOOLEAN","T","T",,,"0",,,,,"0.0000000000000000E+00", ,,"FALSE",,,,,"N","T", ,"FALSE",,"-1","-1",,"2"
"INC-CONT-000026","5EE759F3-51D1-47AD-9539-67EF8C35BB40","Locks Secure","BOOLEAN","T","T",,,"0",,,,,"0.0000000000000000E+00", ,,"FALSE",,,,,"N","T", ,"FALSE",,"-1","-1",,"3"
"INC-CONT-000026","B91314BE-CED5-4578-96E0-EBB444693568","Notify Lab Manager","BOOLEAN","F","FALSE",,,"0",,,,,"0.0000000000000000E+00", ,,"FALSE",,,,,"N","F", ,"FALSE",,"-1","-1",,"4"
"INC-CONT-000026","2643B458-4B35-4604-86A3-7B4A11E3DE19","Seals Intact","BOOLEAN","T","T",,,"0",,,,,"0.0000000000000000E+00", ,,"FALSE",,,,,"N","T", ,"FALSE",,"-1","-1",,"5"
"INC-CONT-000027","3043C582-5AEC-40AB-A9B7-AFFA962AEADE","Description","TEXT","Shipment:        475  Container: GP2",,,,"0",,,,,"0.0000000000000000E+00", ,,"FALSE",,,,,"N","Shipment:        475  Container: GP2", ,"FALSE",,"-1","-1",,"1"
"INC-CONT-000027","59642DA7-FCE0-4F3E-9425-A83614EBF16C","Good Condition","BOOLEAN","T","T",,,"0",,,,,"0.0000000000000000E+00", ,,"FALSE",,,,,"N","T", ,"FALSE",,"-1","-1",,"2"
"INC-CONT-000027","467A97B8-6C73-4FC0-9358-61A38A564C6A","Locks Secure","BOOLEAN","T","T",,,"0",,,,,"0.0000000000000000E+00", ,,"FALSE",,,,,"N","T", ,"FALSE",,"-1","-1",,"3"
"INC-CONT-000027","BBF53184-0967-4B78-81EE-EF3E17EF3BF8","Notify Lab Manager","BOOLEAN","F","FALSE",,,"0",,,,,"0.0000000000000000E+00", ,,"FALSE",,,,,"N","F", ,"FALSE",,"-1","-1",,"4"
"INC-CONT-000027","DA801CED-3DC4-46F0-A6E7-841AAAD5A3B8","Seals Intact","BOOLEAN","T","T",,,"0",,,,,"0.0000000000000000E+00", ,,"FALSE",,,,,"N","T", ,"FALSE",,"-1","-1",,"5"
"INC-CONT-000028","04A489CB-A258-4B4B-B55F-2A1ECD6C9595","Description","TEXT","Shipment:        427  Container: GP1",,,,"0",,,,,"0.0000000000000000E+00", ,,"FALSE",,,,,"N","Shipment:        427  Container: GP1", ,"FALSE",,"-1","-1",,"1"
"INC-CONT-000028","3552448C-5550-497A-9C6C-95FEA02C3806","Good Condition","BOOLEAN","T","T",,,"0",,,,,"0.0000000000000000E+00", ,,"FALSE",,,,,"N","T", ,"FALSE",,"-1","-1",,"2"
"INC-CONT-000028","B0C197F4-6B31-431D-A706-E69572F6335D","Locks Secure","BOOLEAN","T","T",,,"0",,,,,"0.0000000000000000E+00", ,,"FALSE",,,,,"N","T", ,"FALSE",,"-1","-1",,"3"
"INC-CONT-000028","9F02B9F2-DEF2-463C-B818-E4E7402D51EE","Notify Lab Manager","BOOLEAN","F","FALSE",,,"0",,,,,"0.0000000000000000E+00", ,,"FALSE",,,,,"N","F", ,"FALSE",,"-1","-1",,"4"
"INC-CONT-000028","A8704DA8-D9F9-471C-A20C-43D99B320BAA","Seals Intact","BOOLEAN","T","T",,,"0",,,,,"0.0000000000000000E+00", ,,"FALSE",,,,,"N","T", ,"FALSE",,"-1","-1",,"5"
"INC-CONT-000029","8FD16A75-B1CC-4AB6-BD8F-13E2A1961FC8","Description","TEXT","Shipment:        427  Container: gp5",,,,"0",,,,,"0.0000000000000000E+00", ,,"FALSE",,,,,"N","Shipment:        427  Container: gp5", ,"FALSE",,"-1","-1",,"1"
"INC-CONT-000029","5453B1EE-43A2-4252-B304-5388D47AF973","Good Condition","BOOLEAN","T","T",,,"0",,,,,"0.0000000000000000E+00", ,,"FALSE",,,,,"N","T", ,"FALSE",,"-1","-1",,"2"
"INC-CONT-000029","E844C881-34F6-460D-AA2C-86422C3C210B","Locks Secure","BOOLEAN","T","T",,,"0",,,,,"0.0000000000000000E+00", ,,"FALSE",,,,,"N","T", ,"FALSE",,"-1","-1",,"3"
"INC-CONT-000029","F2510311-2532-4225-9C51-D3D76AEBB61F","Notify Lab Manager","BOOLEAN","F","FALSE",,,"0",,,,,"0.0000000000000000E+00", ,,"FALSE",,,,,"N","F", ,"FALSE",,"-1","-1",,"4"
"INC-CONT-000029","46B6D264-AE71-466F-92E6-2C2F97B4E840","Seals Intact","BOOLEAN","T","T",,,"0",,,,,"0.0000000000000000E+00", ,,"FALSE",,,,,"N","T", ,"FALSE",,"-1","-1",,"5"
"INC-CONT-000030","6CFBEC86-FA69-4984-A9CB-A6EB1A6AC51C","Description","TEXT","Shipment:        478  Container: GP3  Penn National Racetrack Shipment:        478  Container: GP3 Jobs: T001121  : track submitted incorrect seal #, reported was 6659, actual was 6658",,,,"0",,,,,"0.0000000000000000E+00", ,,"FALSE",,,,,"N","Shipment:        478  Container: GP3  Penn National Racetrack Shipment:        478  Container: GP3 Jobs: T001121  : track submitted incorrect seal #, reported was 6659, actual was 6658", ,"FALSE",,"-1","-1",,"1"
"INC-CONT-000030","C1075037-1409-4513-A705-751D117E8DF3","Good Condition","BOOLEAN","T","T",,,"0",,,,,"0.0000000000000000E+00", ,,"FALSE",,,,,"N","T", ,"FALSE",,"-1","-1",,"2"
"INC-CONT-000030","C951EBB5-B157-4988-BFA8-836E9BE83F39","Locks Secure","BOOLEAN","T","T",,,"0",,,,,"0.0000000000000000E+00", ,,"FALSE",,,,,"N","T", ,"FALSE",,"-1","-1",,"3"
"INC-CONT-000030","1E0DE725-805B-48EA-98B0-D9040EFF8B28","Notify Lab Manager","BOOLEAN","F","FALSE",,,"0",,,,,"0.0000000000000000E+00", ,,"FALSE",,,,,"N","F", ,"FALSE",,"-1","-1",,"4"
"INC-CONT-000030","DE6064FB-7A66-41AF-BF72-3B0C8059241B","Seals Intact","BOOLEAN","T","T",,,"0",,,,,"0.0000000000000000E+00", ,,"FALSE",,,,,"N","T", ,"FALSE",,"-1","-1",,"5"
"INC-CONT-000031","FBDCDEE3-7CE8-4A07-9D4B-5A5E7853AEA4","Description","TEXT","Shipment:        480  Container: gp6  Pocono Downs PA Shipment:        480  Container: gp6 Jobs: T001136  : urine sample for ID 500540 collected but not entered in LIMS",,,,"0",,,,,"0.0000000000000000E+00", ,,"FALSE",,,,,"N","Shipment:        480  Container: gp6  Pocono Downs PA Shipment:        480  Container: gp6 Jobs: T001136  : urine sample for ID 500540 collected but not entered in LIMS", ,"FALSE",,"-1","-1",,"1"
"INC-CONT-000031","90C8F7DF-D6AE-4F3C-A2B0-9100E3625642","Good Condition","BOOLEAN","T","T",,,"0",,,,,"0.0000000000000000E+00", ,,"FALSE",,,,,"N","T", ,"FALSE",,"-1","-1",,"2"
"INC-CONT-000031","C6210771-8F66-49F2-977A-A352934D08DB","Locks Secure","BOOLEAN","T","T",,,"0",,,,,"0.0000000000000000E+00", ,,"FALSE",,,,,"N","T", ,"FALSE",,"-1","-1",,"3"
"INC-CONT-000031","78606A02-F4E9-429F-BC3F-CAC3A181A6A9","Notify Lab Manager","BOOLEAN","F","FALSE",,,"0",,,,,"0.0000000000000000E+00", ,,"FALSE",,,,,"N","F", ,"FALSE",,"-1","-1",,"4"
"INC-CONT-000031","08AB3ECD-3203-4457-AC04-57888CBDC690","Seals Intact","BOOLEAN","T","T",,,"0",,,,,"0.0000000000000000E+00", ,,"FALSE",,,,,"N","T", ,"FALSE",,"-1","-1",,"5"
"INC-CONT-000032","984E16C8-D5BF-4A42-BBFE-3AF33CB13C95","Description","TEXT","Please be advised that the official race specimens fromPocono Downs PArace date ofShipment:        496  Container: GP10  Testing for description",,,,"0",,,,,"0.0000000000000000E+00", ,,"FALSE",,,,,"N","Please be advised that the official race specimens fromPocono Downs PArace date ofShipment:        496  Container: GP10  Testing for description", ,"FALSE",,"-1","-1",,"1"
"INC-CONT-000032","CCFE6FF9-728E-4B70-B77D-D1340F75C55D","Good Condition","BOOLEAN","T","T",,,"0",,,,,"0.0000000000000000E+00", ,,"FALSE",,,,,"N","T", ,"FALSE",,"-1","-1",,"2"
"INC-CONT-000032","6EB2B161-F8C1-4AEA-AD3D-340AFBCEC21A","Locks Secure","BOOLEAN","T","T",,,"0",,,,,"0.0000000000000000E+00", ,,"FALSE",,,,,"N","T", ,"FALSE",,"-1","-1",,"3"
"INC-CONT-000032","A0DD83C1-CB0D-4DB9-9F65-5F02279B239A","Notify Lab Manager","BOOLEAN","F","FALSE",,,"0",,,,,"0.0000000000000000E+00", ,,"FALSE",,,,,"N","F", ,"FALSE",,"-1","-1",,"4"
"INC-CONT-000032","1346ACB6-00A1-4578-B1EA-70BC7F10C62F","Seals Intact","BOOLEAN","T","T",,,"0",,,,,"0.0000000000000000E+00", ,,"FALSE",,,,,"N","T", ,"FALSE",,"-1","-1",,"5"
"INC-CONT-000033","8B951953-3467-4026-8AE0-178221B0E9BB","Description","TEXT","Please be advised that the official race specimens fromPenn National Racetrack race date of  Shipment:        397  Container: 60002  Broken Tube",,,,"0",,,,,"0.0000000000000000E+00"," 05-11-2021 14:20:49.34","EXTESTCHEM","FALSE",,,,,"N","Please be advised that the official race specimens fromPenn National Racetrack race date of  Shipment:        397  Container: 60002  Broken Tube", ,"FALSE",,"-1","-1",,"1"
"INC-CONT-000033","08004159-8B65-4A3F-8E2A-E1220F090C80","Good Condition","BOOLEAN","T","T",,,"0",,,,,"0.0000000000000000E+00"," 05-11-2021 14:20:49.34","EXTESTCHEM","FALSE",,,,,"N","T", ,"FALSE",,"-1","-1",,"2"
"INC-CONT-000033","E6715EE5-7A6E-4EA8-A75B-5CF16312FC11","Locks Secure","BOOLEAN","T","T",,,"0",,,,,"0.0000000000000000E+00"," 05-11-2021 14:20:49.34","EXTESTCHEM","FALSE",,,,,"N","T", ,"FALSE",,"-1","-1",,"3"
"INC-CONT-000033","FBBF5B58-193A-45FE-8A4E-7BAD955EB908","Notify Lab Manager","BOOLEAN","F","FALSE",,,"0",,,,,"0.0000000000000000E+00"," 05-11-2021 14:20:49.34","EXTESTCHEM","FALSE",,,,,"N","F", ,"FALSE",,"-1","-1",,"4"
"INC-CONT-000033","4D863DF2-5757-4D49-A08C-E95CEDF9A81B","Seals Intact","BOOLEAN","T","T",,,"0",,,,,"0.0000000000000000E+00"," 05-11-2021 14:20:49.34","EXTESTCHEM","FALSE",,,,,"N","T", ,"FALSE",,"-1","-1",,"5"
"INC-CONT-000034","30370A3F-97A8-4166-8997-13338D1DC311","Description","TEXT","Please be advised that the official race specimens from Penn National Racetrack race date of  arrived at this laboratory on  arrived at this laboratory on 10/18/2021 11:13 AM with the following discrepancy  Shipment:       474  Container: D8  Broken Tube",,,,"0",,,,,"0.0000000000000000E+00", ,,"FALSE",,,,,"N","Please be advised that the official race specimens from Penn National Racetrack race date of  arrived at this laboratory on  arrived at this laboratory on 10/18/2021 11:13 AM with the following discrepancy  Shipment:       474  Container: D8  Broken Tube test for EX", ,"FALSE",,"-1","-1",,"1"
"INC-CONT-000034","FCCCD02E-E73F-4019-8029-51D089F555C3","Good Condition","BOOLEAN","T","T",,,"0",,,,,"0.0000000000000000E+00", ,,"FALSE",,,,,"N","T", ,"FALSE",,"-1","-1",,"2"
"INC-CONT-000034","15D2C672-A07E-4E75-9405-657F09BD493C","Locks Secure","BOOLEAN","T","T",,,"0",,,,,"0.0000000000000000E+00", ,,"FALSE",,,,,"N","T", ,"FALSE",,"-1","-1",,"3"
"INC-CONT-000034","748169CE-B3D2-41A2-A789-4263E3ED1BC1","Notify Lab Manager","BOOLEAN","F","FALSE",,,"0",,,,,"0.0000000000000000E+00", ,,"FALSE",,,,,"N","F", ,"FALSE",,"-1","-1",,"4"
"INC-CONT-000034","A64A531A-C107-4A45-8FF4-EDE135A2F8AB","Seals Intact","BOOLEAN","T","T",,,"0",,,,,"0.0000000000000000E+00", ,,"FALSE",,,,,"N","T", ,"FALSE",,"-1","-1",,"5"
"INC-CONT-000035","548DA078-D551-4915-B130-C72DC533C835","Description","TEXT","Please be advised that the official race specimens from Presque Isle Downs race date of  arrived at this laboratory on 10/14/2021 11:15 AM with the following discrepancy  Shipment:       458  Container: D3  EX Testing again for incident description",,,,"0",,,,,"0.0000000000000000E+00", ,,"FALSE",,,,,"N","Please be advised that the official race specimens from Presque Isle Downs race date of  arrived at this laboratory on 10/14/2021 11:15 AM with the following discrepancy  Shipment:       458  Container: D3  EX Testing again for incident description", ,"FALSE",,"-1","-1",,"1"
"INC-CONT-000035","2E879348-664F-4128-975C-C10D0305B797","Good Condition","BOOLEAN","T","T",,,"0",,,,,"0.0000000000000000E+00", ,,"FALSE",,,,,"N","T", ,"FALSE",,"-1","-1",,"2"
"INC-CONT-000035","0877438F-0825-4E99-92C1-ED68165C9BF0","Locks Secure","BOOLEAN","T","T",,,"0",,,,,"0.0000000000000000E+00", ,,"FALSE",,,,,"N","T", ,"FALSE",,"-1","-1",,"3"
"INC-CONT-000035","8318FFA6-B0E8-4619-9E8F-96CB720D4AC3","Notify Lab Manager","BOOLEAN","F","FALSE",,,"0",,,,,"0.0000000000000000E+00", ,,"FALSE",,,,,"N","F", ,"FALSE",,"-1","-1",,"4"
"INC-CONT-000035","5128ACBD-FF66-460B-8967-B0148D5F3290","Seals Intact","BOOLEAN","T","T",,,"0",,,,,"0.0000000000000000E+00", ,,"FALSE",,,,,"N","T", ,"FALSE",,"-1","-1",,"5"
"INC-CONT-000036","938D6F69-5AA3-47FC-A507-91A1DE9A73E5","Description","TEXT","Please be advised that the official race specimens from Meadows Racetrack PA race date of 9/20/2021 9/21/2021 9/22/2021  arrived at this laboratory on 9/28/2021 11:44 AM with the following discrepancy  Shipment:       440  Container: 1107  Testing Inciden",,,,"0",,,,,"0.0000000000000000E+00", ,,"FALSE",,,,,"N","Please be advised that the official race specimens from Meadows Racetrack PA race date of 9/20/2021 9/21/2021 9/22/2021  arrived at this laboratory on 9/28/2021 11:44 AM with the following discrepancy  Shipment:       440  Container: 1107  Testing Incidents race dates", ,"FALSE",,"-1","-1",,"1"
"INC-CONT-000036","4BE4BD43-7126-47D3-BEE0-D1775C596947","Good Condition","BOOLEAN","T","T",,,"0",,,,,"0.0000000000000000E+00", ,,"FALSE",,,,,"N","T", ,"FALSE",,"-1","-1",,"2"
"INC-CONT-000036","12184563-702E-48BD-9E2C-508B384F6E1E","Locks Secure","BOOLEAN","T","T",,,"0",,,,,"0.0000000000000000E+00", ,,"FALSE",,,,,"N","T", ,"FALSE",,"-1","-1",,"3"
"INC-CONT-000036","CEDC2249-99E6-4FB5-A7D0-4826B881BFB2","Notify Lab Manager","BOOLEAN","F","FALSE",,,"0",,,,,"0.0000000000000000E+00", ,,"FALSE",,,,,"N","F", ,"FALSE",,"-1","-1",,"4"
"INC-CONT-000036","D3F8C14A-C52C-44AB-8127-1A8A49E361EB","Seals Intact","BOOLEAN","T","T",,,"0",,,,,"0.0000000000000000E+00", ,,"FALSE",,,,,"N","T", ,"FALSE",,"-1","-1",,"5"
"INC-CONT-000037","FA7C6A1C-64F8-4441-81E7-A52DFCE80CF1","Description","TEXT","Please be advised that the official race specimens from Meadows Racetrack PA race date of 11/4/2021  arrived at this laboratory on 11/8/2021 10:30 AM with the following discrepancy  Shipment:       494  Container: 00372  incorrect seal number",,,,"0",,,,,"0.0000000000000000E+00", ,,"FALSE",,,,,"N","Please be advised that the official race specimens from Meadows Racetrack PA race date of 11/4/2021  arrived at this laboratory on 11/8/2021 10:30 AM with the following discrepancy  Shipment:       494  Container: 00372  incorrect seal number", ,"FALSE",,"-1","-1",,"1"
"INC-CONT-000037","3D381B2E-14D8-4AAF-AC2F-8A85244ADF64","Good Condition","BOOLEAN","T","T",,,"0",,,,,"0.0000000000000000E+00", ,,"FALSE",,,,,"N","T", ,"FALSE",,"-1","-1",,"2"
"INC-CONT-000037","634BE49C-D180-4F17-A9F9-670948A96B87","Locks Secure","BOOLEAN","T","T",,,"0",,,,,"0.0000000000000000E+00", ,,"FALSE",,,,,"N","T", ,"FALSE",,"-1","-1",,"3"
"INC-CONT-000037","268BD512-4FAE-4048-9E7A-20615EFA68FC","Notify Lab Manager","BOOLEAN","F","FALSE",,,"0",,,,,"0.0000000000000000E+00", ,,"FALSE",,,,,"N","F", ,"FALSE",,"-1","-1",,"4"
"INC-CONT-000037","43A2E939-9FB6-4E15-A564-722197A44CA5","Seals Intact","BOOLEAN","T","T",,,"0",,,,,"0.0000000000000000E+00", ,,"FALSE",,,,,"N","T", ,"FALSE",,"-1","-1",,"5"
"INC-SAMP-000001","C4012FB5-5DC1-4B80-BFFC-E537830F55B3","Corrective action","TEXT",,,,,"0",,,,,"0.0000000000000000E+00", ,,"FALSE",,,,,"N",, ,"FALSE",,"0","0",,"1"
"INC-SAMP-000001","BECCBC96-7AD7-4E4D-B24E-5A1E277A7E00","Description","TEXT","HP_170919_1B_5F",,,,"0",,,,,"0.0000000000000000E+00", ,,"FALSE",,,,,"N","HP_170919_1B_5F", ,"FALSE",,"-1","-1",,"2"
"INC-SAMP-000001","96588F57-40A0-424F-84ED-8F690D1CE1F8","Notify Lab Manager","BOOLEAN","F","FALSE",,,"0",,,,,"0.0000000000000000E+00", ,,"FALSE",,,,,"N","F", ,"FALSE",,"-1","-1",,"3"
"INC-SAMP-000002","30DCC1EB-8A01-43DD-800A-2A684096E1BC","Corrective action","TEXT",,,,,"0",,,,,"0.0000000000000000E+00", ,,"FALSE",,,,,"N",, ,"FALSE",,"0","0",,"1"
"INC-SAMP-000002","8DF9E48C-3E28-4820-8B36-1FD71DCA0A3E","Description","TEXT","PN_072221_1_343247",,,,"0",,,,,"0.0000000000000000E+00", ,,"FALSE",,,,,"N","PN_072221_1_343247", ,"FALSE",,"-1","-1",,"2"
"INC-SAMP-000002","F0B3BBF2-67FD-4C2E-8CA8-6F935E5ABE48","Notify Lab Manager","BOOLEAN","F","FALSE",,,"0",,,,,"0.0000000000000000E+00", ,,"FALSE",,,,,"N","F", ,"FALSE",,"-1","-1",,"3"
"INC-SAMP-000003","94CC6974-7B82-48A4-B724-0ECFB198E416","Corrective action","TEXT",,,,,"0",,,,,"0.0000000000000000E+00", ,,"FALSE",,,,,"N",, ,"FALSE",,"0","0",,"1"
"INC-SAMP-000003","F374E7C3-BA76-4951-B133-4DC47F909534","Description","TEXT","PI_030121_9_300374",,,,"0",,,,,"0.0000000000000000E+00", ,,"FALSE",,,,,"N","PI_030121_9_300374", ,"FALSE",,"-1","-1",,"2"
"INC-SAMP-000003","C0B9A9B3-EC4D-437D-BB28-BD8C49398E7E","Notify Lab Manager","BOOLEAN","F","FALSE",,,"0",,,,,"0.0000000000000000E+00", ,,"FALSE",,,,,"N","F", ,"FALSE",,"-1","-1",,"3"
"INC-SAMP-000004","B06D5B2D-4107-49A8-B56F-D8435EAA1B1A","Corrective action","TEXT",,,,,"0",,,,,"0.0000000000000000E+00", ,,"FALSE",,,,,"N",, ,"FALSE",,"0","0",,"1"
"INC-SAMP-000004","4F82A706-09A3-4B8C-98CA-92B6F0303BA6","Description","TEXT","PX_012021_3_890004",,,,"0",,,,,"0.0000000000000000E+00", ,,"FALSE",,,,,"N","PX_012021_3_890004", ,"FALSE",,"-1","-1",,"2"
"INC-SAMP-000004","E07F5822-A231-475B-AAFA-B475693EB94F","Notify Lab Manager","BOOLEAN","F","FALSE",,,"0",,,,,"0.0000000000000000E+00", ,,"FALSE",,,,,"N","F", ,"FALSE",,"-1","-1",,"3"
"INC-TEST-000001","6B005CF1-2708-4966-AFF8-83A1A859A715","Corrective action","TEXT",,,,,"0",,,,,"0.0000000000000000E+00", ,,"FALSE",,,,,"N",, ,"FALSE",,"0","0",,"1"
