﻿INFOMAKER_PARAMETERS
INFOMAKER_LINK,IDENTITY,ORDER_NUMBER,DESCRIPTION,DEFAULT_VALUE,TYPE,PROMPT1,PROMPT2,MANDATORY
30,10,10,30,30,10,30,30,1
                     164
"R_$LTE_COA","ARG_1","1","Enter Template",,"BROWSE","CERT_SECTION","TEMPLATE","TRUE"
"R_$LTE_COA","ARG_2","2","Enter Template type",,"BROWSE","CERT_SECTION","TEMPLATE_TYPE","TRUE"
"R_$LTE_COA","ARG_3","3","Enter Template version",,"BROWSE","CERT_SECTION","TEMPLATE_VERSION","TRUE"
"R_$LTE_COA","ARG_4","4","Enter Date and time",,"FORMAT","DATETIME",,"TRUE"
"R_ACTIVE_SAMPLES","ARG_1","1","Enter Date and time",,"ROUTINE","$INFOMAKER_TEMP","READONLYDATETIMEPROMPT","TRUE"
"R_ALL_TABLES_COMPOSITE","ARG_1","1","Enter Date and time",,"ROUTINE","$INFOMAKER_TEMP","READONLYDATETIMEPROMPT","TRUE"
"R_ALL_TRANSACTIONS_COMPOSITE","ARG_1","1","Enter Date and time",,"ROUTINE","$INFOMAKER_TEMP","READONLYDATETIMEPROMPT","TRUE"
"R_AUDIT_DATA","ARG_1","1","Enter Data id",,"BROWSE","AUDIT_DATA","DATA","TRUE"
"R_AUDIT_DATA_COMPOSITE","ARG_1","1","Enter Transaction id",,"BROWSE","AUDIT_TRANSACTION","TRANSACTION","TRUE"
"R_AUDIT_DATA_COMPOSITE","ARG_2","2","Enter Data id",,"BROWSE","AUDIT_DATA","DATA","TRUE"
"R_AUDIT_DATA_COMPOSITE","ARG_3","3","Enter Date and time",,"ROUTINE","$INFOMAKER_TEMP","READONLYDATETIMEPROMPT","TRUE"
"R_AUDIT_EVENT","ARG_1","1","Enter Event id",,"BROWSE","AUDIT_EVENT","EVENT","TRUE"
"R_AUDIT_EVENT_COMPOSITE","ARG_1","1","Enter Transaction id",,"BROWSE","AUDIT_TRANSACTION","TRANSACTION","TRUE"
"R_AUDIT_EVENT_COMPOSITE","ARG_2","2","Enter Event id",,"BROWSE","AUDIT_EVENT","EVENT","TRUE"
"R_AUDIT_EVENT_COMPOSITE","ARG_3","3","Enter Date and time",,"ROUTINE","$INFOMAKER_TEMP","READONLYDATETIMEPROMPT","TRUE"
"R_AUDIT_TRANSACTION","ARG_1","1","Enter Transaction id",,"BROWSE","AUDIT_TRANSACTION","TRANSACTION","TRUE"
"R_AUDIT_TRANSACTION_COMPOSITE","ARG_1","1","Enter Transaction id",,"BROWSE","AUDIT_TRANSACTION","TRANSACTION","TRUE"
"R_AUDIT_TRANSACTION_COMPOSITE","ARG_2","2","Enter Date and time",,"ROUTINE","$INFOMAKER_TEMP","READONLYDATETIMEPROMPT","TRUE"
"R_BACKLOG_ALL_SAMPLES","ARG_1","1","Enter Date and time",,"ROUTINE","$INFOMAKER_TEMP","READONLYDATETIMEPROMPT","TRUE"
"R_BACKLOG_ANALYSES","ARG_1","1","Enter Analysis id",,"BROWSE","VERSIONED_ANALYSIS","IDENTITY","TRUE"
"R_BACKLOG_ANALYSES_GROUP","ARG_1","1","Enter Group id",,"BROWSE","GROUP_HEADER","IDENTITY","TRUE"
"R_BACKLOG_ANALYSES_GROUP","ARG_2","2","Enter Analysis id",,"BROWSE","VERSIONED_ANALYSIS","IDENTITY","TRUE"
"R_BACKLOG_GROUP_ANALYSES","ARG_1","1","Enter Group id",,"BROWSE","GROUP_HEADER","IDENTITY","TRUE"
"R_BACKLOG_GROUP_SAMPLES","ARG_1","1","Enter Group id",,"BROWSE","GROUP_HEADER","IDENTITY","TRUE"
"R_BACKLOG_GROUP_SAMPLES","ARG_2","2","Enter Date and time",,"ROUTINE","$INFOMAKER_TEMP","READONLYDATETIMEPROMPT","TRUE"
"R_BACKLOG_REPORT_ALL","ARG_1","1","Enter Date and time",,"ROUTINE","$INFOMAKER_TEMP","READONLYDATETIMEPROMPT","TRUE"
"R_BACKLOG_REPORT_G","ARG_1","1","Enter Group id",,"BROWSE","GROUP_HEADER","IDENTITY","TRUE"
"R_BACKLOG_REPORT_G","ARG_2","2","Enter Date and time",,"ROUTINE","$INFOMAKER_TEMP","READONLYDATETIMEPROMPT","TRUE"
"R_BACKLOG_REPORT_S","ARG_1","1","Enter Analysis",,"BROWSE","VERSIONED_ANALYSIS","IDENTITY","TRUE"
"R_BACKLOG_REPORT_S","ARG_2","2","Enter Date and time",,"ROUTINE","$INFOMAKER_TEMP","READONLYDATETIMEPROMPT","TRUE"
"R_BACKLOG_REPORT_SG","ARG_1","1","Enter Analysis id",,"BROWSE","VERSIONED_ANALYSIS","IDENTITY","TRUE"
"R_BACKLOG_REPORT_SG","ARG_2","2","Enter Group id",,"BROWSE","GROUP_HEADER","IDENTITY","TRUE"
"R_BACKLOG_REPORT_SG","ARG_3","3","Enter Date and time",,"ROUTINE","$INFOMAKER_TEMP","READONLYDATETIMEPROMPT","TRUE"
"R_BACKLOG_SAMPLES","ARG_1","1","Enter Analysis id",,"BROWSE","VERSIONED_ANALYSIS","IDENTITY","TRUE"
"R_BACKLOG_SAMPLES","ARG_2","2","Enter Date and time",,"ROUTINE","$INFOMAKER_TEMP","READONLYDATETIMEPROMPT","TRUE"
"R_BACKLOG_SAMPLES_GROUP","ARG_1","1","Enter Group id",,"BROWSE","GROUP_HEADER","IDENTITY","TRUE"
"R_BACKLOG_SAMPLES_GROUP","ARG_2","2","Enter Analysis",,"BROWSE","VERSIONED_ANALYSIS","IDENTITY","TRUE"
"R_BACKLOG_SAMPLES_GROUP","ARG_3","3","Enter Date and time",,"ROUTINE","$INFOMAKER_TEMP","READONLYDATETIMEPROMPT","TRUE"
"R_BACKLOG_SUMMARY_ALL","ARG_1","1","Enter Date and time",,"ROUTINE","$INFOMAKER_TEMP","READONLYDATETIMEPROMPT","TRUE"
"R_BACKLOG_SUMMARY_ANALYSIS","ARG_1","1","Enter Analysis id",,"BROWSE","VERSIONED_ANALYSIS","IDENTITY","TRUE"
"R_BACKLOG_SUMMARY_ANALYSIS","ARG_2","2","Enter Date and time",,"ROUTINE","$INFOMAKER_TEMP","READONLYDATETIMEPROMPT","TRUE"
"R_BACKLOG_SUMMARY_ANALYSIS_GRO","ARG_1","1","Enter Analysis id",,"BROWSE","VERSIONED_ANALYSIS","IDENTITY","TRUE"
"R_BACKLOG_SUMMARY_ANALYSIS_GRO","ARG_2","2","Enter Group id",,"BROWSE","GROUP_HEADER","IDENTITY","TRUE"
"R_BACKLOG_SUMMARY_ANALYSIS_GRO","ARG_3","3","Enter Date and time",,"ROUTINE","$INFOMAKER_TEMP","READONLYDATETIMEPROMPT","TRUE"
"R_BACKLOG_SUMMARY_GROUP","ARG_1","1","Enter Group id",,"BROWSE","GROUP_HEADER","IDENTITY","TRUE"
"R_BACKLOG_SUMMARY_GROUP","ARG_2","2","Enter Date and time",,"ROUTINE","$INFOMAKER_TEMP","READONLYDATETIMEPROMPT","TRUE"
"R_BATCH_BODY","ARG_1","1","Enter Batch identity",,"BROWSE","BATCH_HEADER","IDENTITY","TRUE"
"R_BATCH_COMPOSITE","ARG_1","1","Enter Main arg",,"BROWSE","BATCH_HEADER","IDENTITY","TRUE"
"R_BATCH_COMPOSITE","ARG_2","2","Enter Date and time",,"ROUTINE","$INFOMAKER_TEMP","READONLYDATETIMEPROMPT","TRUE"
"R_BATCH_FAILURES","ARG_1","1","Enter Batch id",,"BROWSE","BATCH_HEADER","IDENTITY","TRUE"
"R_BATCH_FAILURES_COMPOSITE","ARG_1","1","Enter Batch id",,"BROWSE","BATCH_HEADER","IDENTITY","TRUE"
"R_BATCH_FAILURES_COMPOSITE","ARG_2","2","Enter Date and time",,"ROUTINE","$INFOMAKER_TEMP","READONLYDATETIMEPROMPT","TRUE"
"R_BATCH_FAILURES_HEADER","ARG_1","1","Enter Header arg",,"BROWSE","BATCH_HEADER","IDENTITY","TRUE"
"R_BATCH_HEADER","ARG_1","1","Enter Batch identity",,"BROWSE","BATCH_HEADER","IDENTITY","TRUE"
"R_BATCH_HEADER","ARG_2","2","Enter Date and time",,"ROUTINE","$INFOMAKER_TEMP","READONLYDATETIMEPROMPT","TRUE"
"R_BATCH_JOB_REPORT","ARG_1","1","Enter Job id",,"BROWSE","JOB_HEADER","JOB_NAME","TRUE"
"R_BATCH_JOB_REPORT","ARG_2","2","Enter Date and time",,"ROUTINE","$INFOMAKER_TEMP","READONLYDATETIMEPROMPT","TRUE"
"R_BATCH_REPORT_BODY","ARG_1","1","Enter Ident arg",,"BROWSE","BATCH_HEADER","IDENTITY","TRUE"
"R_BATCH_REPORT_COMPOSITE","ARG_1","1","Enter Main arg",,"BROWSE","BATCH_HEADER","IDENTITY","TRUE"
"R_BATCH_REPORT_COMPOSITE","ARG_2","2","Enter Date and time",,"ROUTINE","$INFOMAKER_TEMP","READONLYDATETIMEPROMPT","TRUE"
"R_BATCH_REPORT_HEADER","ARG_1","1","Enter Header arg",,"BROWSE","BATCH_HEADER","IDENTITY","TRUE"
"R_CHECKLIST_DETAILS","ARG_1","1","Enter Checklist",,"BROWSE","INC_CHECKLIST_ACTIONS","CHECKLIST_ID","TRUE"
"R_COA_JOB","ARG_1","1","Enter Certificate",,"BROWSE","CERTIFICATE_ENTRY","ID_NUMERIC","TRUE"
"R_COA_JOB","ARG_2","2","Enter Job",,"FORMAT","TEXT",,"TRUE"
"R_COA_JOB","ARG_3","3","Enter Product",,"FORMAT","TEXT",,"TRUE"
"R_COA_JOB","ARG_4","4","Enter Result",,"FORMAT","TEXT",,"TRUE"
"R_COA_JOB","ARG_5","5","Enter Summary",,"FORMAT","TEXT",,"TRUE"
"R_COA_LOT","ARG_1","1","Enter Certificate",,"BROWSE","CERTIFICATE_ENTRY","ID_NUMERIC","TRUE"
"R_COA_LOT","ARG_2","2","Enter Lot",,"FORMAT","TEXT",,"TRUE"
"R_COA_LOT","ARG_3","3","Enter Result",,"FORMAT","TEXT",,"TRUE"
"R_COA_SAMPLE","ARG_1","1","Enter Cert num",,"FORMAT","TEXT",,"TRUE"
"R_COA_SAMPLE","ARG_2","2","Enter Sample",,"FORMAT","TEXT",,"TRUE"
"R_COA_SAMPLE","ARG_3","3","Enter Product",,"FORMAT","TEXT",,"TRUE"
"R_COA_SAMPLE","ARG_4","4","Enter Instrument",,"FORMAT","TEXT",,"TRUE"
"R_COA_SAMPLE","ARG_5","5","Enter Result",,"FORMAT","TEXT",,"TRUE"
"R_COA_SAMPLE","ARG_6","6","Enter Comment",,"FORMAT","TEXT",,"TRUE"
"R_COMPONENT_DETAILS","ARG_1","1","Enter Analysis",,"BROWSE","versioned_component","ANALYSIS","TRUE"
"R_COMPONENT_DETAILS","ARG_2","2","Enter Version",,"BROWSE","versioned_component","ANALYSIS_VERSION","TRUE"
"R_COMPONENT_LISTS","ARG_1","1","Enter Analysis",,"BROWSE","VERSIONED_C_L_HEADER","ANALYSIS","TRUE"
"R_COMPONENT_LISTS","ARG_2","2","Enter Version",,"BROWSE","VERSIONED_C_L_HEADER","ANALYSIS_VERSION","TRUE"
"R_EXPLORER_AUX_DETAILS","ARG_1","1","Enter Identity",,"BROWSE","EXPLORER_AUX_FIELDS","IDENTITY","TRUE"
"R_EXPLORER_AUX_DETAILS","ARG_2","2","Enter Table name",,"BROWSE","EXPLORER_AUX_FIELDS","TABLE_NAME","TRUE"
"R_GENRESLIS","ARG_1","1","Enter Id numeric",,"BROWSE","SAMPLE","ID_NUMERIC","TRUE"
"R_GENRESLIS","ARG_2","2","Enter Date and time",,"ROUTINE","$INFOMAKER_TEMP","READONLYDATETIMEPROMPT","TRUE"
"R_INCIDENT_TEMPLATE","ARG_1","1","Enter Identity",,"BROWSE","INCIDENT_TEMPLATE","TEMPLATE_ID","TRUE"
"R_INSTRUMENT_CALIBRATION","ARG_1","1","Enter Calib due date",,"FORMAT","DATE",,"TRUE"
"R_INSTRUMENT_CALIBRATION","ARG_2","2","Enter Date and time",,"ROUTINE","$INFOMAKER_TEMP","READONLYDATETIMEPROMPT","TRUE"
"R_INSTRUMENT_LOADING","ARG_1","1","Enter Date and time",,"ROUTINE","$INFOMAKER_TEMP","READONLYDATETIMEPROMPT","TRUE"
"R_INSTRUMENT_SERVICE","ARG_1","1","Enter Service due date",,"FORMAT","DATE",,"TRUE"
"R_INSTRUMENT_SERVICE","ARG_2","2","Enter Date and time",,"ROUTINE","$INFOMAKER_TEMP","READONLYDATETIMEPROMPT","TRUE"
"R_JOB_CONTROL_PARAMETERS","ARG_1","1","Enter Template id",,"BROWSE","JOB_TEMPLATE","IDENTITY","TRUE"
"R_JOB_TEMPLATE_FIELDS","ARG_1","1","Enter Template name",,"BROWSE","TEMPLATE_FIELDS","TEMPLATE_ID","TRUE"
"R_JOBHEADER","ARG_1","1","Enter Job identity",,"BROWSE","JOB_HEADER","JOB_NAME","TRUE"
"R_JOBHEADER","ARG_2","2","Enter Date and time",,"ROUTINE","$INFOMAKER_TEMP","READONLYDATETIMEPROMPT","TRUE"
"R_JOBLIST","ARG_1","1","Enter Date and time",,"ROUTINE","$INFOMAKER_TEMP","READONLYDATETIMEPROMPT","TRUE"
"R_LIMIT_PHRASE_ENTRIES","ARG_1","1","Enter Identity",,"BROWSE","LIMIT_PHRASE_ENTRY","LIMIT_PHRASE","TRUE"
"R_LOGIN_SCHEDULE_ENTRIES","ARG_1","1","Enter Login schedule id",,"BROWSE","LOG_SCHED_ENTRY","IDENTITY","TRUE"
"R_MENU_MASTER_ROLES","ARG_1","1","Enter Identity",,"BROWSE","ROLE_ENTRY","PROCEDURE_NUM","TRUE"
"R_MENU_MASTER_USED","ARG_1","1","Enter Identity",,"BROWSE","MASTER_MENU","PROCEDURE_NUM","TRUE"
"R_OP_APPROVAL_LIST","ARG_1","1","Enter Date and time",,"ROUTINE","$INFOMAKER_TEMP","READONLYDATETIMEPROMPT","TRUE"
"R_OP_APPROVAL_PRINT","ARG_1","1","Enter Operator id",,"BROWSE","APPROVAL","OPERATOR_ID","TRUE"
"R_OP_APPROVAL_PRINT","ARG_2","2","Enter Date and time",,"ROUTINE","$INFOMAKER_TEMP","READONLYDATETIMEPROMPT","TRUE"
"R_OPERATOR_ID_AUDIT","ARG_1","1","Enter User id",,"BROWSE","PERSONNEL","IDENTITY","TRUE"
"R_OPERATOR_ID_AUDIT_COMPOSITE","ARG_1","1","Enter User id",,"BROWSE","PERSONNEL","IDENTITY","TRUE"
"R_OPERATOR_ID_AUDIT_COMPOSITE","ARG_2","2","Enter Date and time",,"ROUTINE","$INFOMAKER_TEMP","READONLYDATETIMEPROMPT","TRUE"
"R_OPERATOR_ID_AUDIT_HEADER","ARG_1","1","Enter User id",,"BROWSE","PERSONNEL","IDENTITY","TRUE"
"R_OPERATOR_INTERVAL_AUDIT","ARG_1","1","Enter From",,"FORMAT","DATE",,"TRUE"
"R_OPERATOR_INTERVAL_AUDIT","ARG_2","2","Enter To",,"FORMAT","DATE",,"TRUE"
"R_OPERATOR_INTERVAL_AUDIT","ARG_3","3","Enter Operator",,"BROWSE","PERSONNEL","IDENTITY","TRUE"
"R_OPERATOR_INTERVAL_COMPOSITE","ARG_1","1","Enter From",,"FORMAT","DATE",,"TRUE"
"R_OPERATOR_INTERVAL_COMPOSITE","ARG_2","2","Enter To",,"FORMAT","DATE",,"TRUE"
"R_OPERATOR_INTERVAL_COMPOSITE","ARG_3","3","Enter Operator",,"BROWSE","PERSONNEL","IDENTITY","TRUE"
"R_OPERATOR_INTERVAL_COMPOSITE","ARG_4","4","Enter Date and time",,"ROUTINE","$INFOMAKER_TEMP","READONLYDATETIMEPROMPT","TRUE"
"R_OUTSTANDING","ARG_1","1","Enter Date and time",,"ROUTINE","$INFOMAKER_TEMP","READONLYDATETIMEPROMPT","TRUE"
"R_OVERDUE","ARG_1","1","Enter Date and time",,"FORMAT","DATE",,"TRUE"
"R_OVERDUE","ARG_2","2","Enter Date and time",,"ROUTINE","$INFOMAKER_TEMP","READONLYDATETIMEPROMPT","TRUE"
"R_SAMPLE_PREP_WORKSHEET","ARG_1","1","Enter Wks id",,"BROWSE","WORKSHEET","IDENTITY","TRUE"
"R_SAMPLE_PREP_WORKSHEET","ARG_2","2","Enter Prep id",,"BROWSE","PREPARATION","IDENTITY","TRUE"
"R_SAMPLE_PREP_WORKSHEET","ARG_3","3","Enter Date and time",,"ROUTINE","$INFOMAKER_TEMP","READONLYDATETIMEPROMPT","TRUE"
"R_SAMPLE_WORKSHEET","ARG_1","1","Enter Worksheet arg",,"BROWSE","SAMPLE_WORKSHEET","IDENTITY","TRUE"
"R_SAMPLE_WORKSHEET","ARG_2","2","Enter Date and time",,"ROUTINE","$INFOMAKER_TEMP","READONLYDATETIMEPROMPT","TRUE"
"R_SAMPLES_BY_CUSTOMER","ARG_1","1","Enter Cust id",,"BROWSE","CUSTOMER","IDENTITY","TRUE"
"R_SAMPLES_BY_CUSTOMER","ARG_2","2","Enter Date and time",,"ROUTINE","$INFOMAKER_TEMP","READONLYDATETIMEPROMPT","TRUE"
"R_SAMPLES_BY_INSTRUMENT","ARG_1","1","Enter Instrument id",,"BROWSE","INSTRUMENT","IDENTITY","TRUE"
"R_SAMPLES_BY_INSTRUMENT","ARG_2","2","Enter Date and time",,"ROUTINE","$INFOMAKER_TEMP","READONLYDATETIMEPROMPT","TRUE"
"R_SAMPLES_BY_JOB","ARG_1","1","Enter Job id",,"BROWSE","JOB_HEADER","JOB_NAME","TRUE"
"R_SAMPLES_BY_JOB","ARG_2","2","Enter Date and time",,"ROUTINE","$INFOMAKER_TEMP","READONLYDATETIMEPROMPT","TRUE"
"R_SAMPLES_BY_LOCATION","ARG_1","1","Enter Location id",,"BROWSE","LOCATION","IDENTITY","TRUE"
"R_SAMPLES_BY_LOCATION","ARG_2","2","Enter Date and time",,"ROUTINE","$INFOMAKER_TEMP","READONLYDATETIMEPROMPT","TRUE"
"R_SAMPLES_BY_STATUS","ARG_1","1","Enter Sample id",,"BROWSE","SAMPLE","ID_NUMERIC","TRUE"
"R_SAMPLES_BY_STATUS","ARG_2","2","Enter Date and time",,"ROUTINE","$INFOMAKER_TEMP","READONLYDATETIMEPROMPT","TRUE"
"R_SAMPLES_WAITING_AUTH","ARG_1","1","Enter Date and time",,"ROUTINE","$INFOMAKER_TEMP","READONLYDATETIMEPROMPT","TRUE"
"R_STANDARD_VERSIONS","ARG_1","1","Enter Std identity",,"BROWSE","STANDARD_VERSIONS","IDENTITY","TRUE"
"R_SUMMARY_ALL_WKS","ARG_1","1","Enter Date and time",,"ROUTINE","$INFOMAKER_TEMP","READONLYDATETIMEPROMPT","TRUE"
"R_SUMMARY_SAMP_PREP_WKS","ARG_1","1","Enter Date and time",,"ROUTINE","$INFOMAKER_TEMP","READONLYDATETIMEPROMPT","TRUE"
"R_SUMMARY_SAMPLE_WKS","ARG_1","1","Enter Date and time",,"ROUTINE","$INFOMAKER_TEMP","READONLYDATETIMEPROMPT","TRUE"
"R_SUMMARY_TEST_PREP_WKS","ARG_1","1","Enter Date and time",,"ROUTINE","$INFOMAKER_TEMP","READONLYDATETIMEPROMPT","TRUE"
"R_SUMMARY_TEST_WKS","ARG_1","1","Enter Date and time",,"ROUTINE","$INFOMAKER_TEMP","READONLYDATETIMEPROMPT","TRUE"
"R_SUMMARY_USER_DEFINED_WKS","ARG_1","1","Enter Date and time",,"ROUTINE","$INFOMAKER_TEMP","READONLYDATETIMEPROMPT","TRUE"
"R_SUSPENDED","ARG_1","1","Enter Date and time",,"ROUTINE","$INFOMAKER_TEMP","READONLYDATETIMEPROMPT","TRUE"
"R_TABLE_ID_AUDIT_COMPOSITE","ARG_1","1","Enter Table id",,"BROWSE","AUDIT_EVENT","TABLE_NAME","TRUE"
"R_TABLE_ID_AUDIT_COMPOSITE","ARG_2","2","Enter Date and time",,"ROUTINE","$INFOMAKER_TEMP","READONLYDATETIMEPROMPT","TRUE"
"R_TABLE_RECORD_AUDIT","ARG_1","1","Enter Table id",,"BROWSE","AUDIT_EVENT","TABLE_NAME","TRUE"
"R_TABLE_RECORD_AUDIT","ARG_2","2","Enter Record id",,"BROWSE","AUDIT_EVENT","RECORD_KEY0","TRUE"
"R_TABLE_RECORD_AUDIT_COMPOSITE","ARG_1","1","Enter Table id",,"BROWSE","AUDIT_EVENT","TABLE_NAME","TRUE"
"R_TABLE_RECORD_AUDIT_COMPOSITE","ARG_2","2","Enter Record id",,"BROWSE","AUDIT_EVENT","RECORD_KEY0","TRUE"
"R_TABLE_RECORD_AUDIT_COMPOSITE","ARG_3","3","Enter Date and time",,"ROUTINE","$INFOMAKER_TEMP","READONLYDATETIMEPROMPT","TRUE"
"R_TEMPLATE_FIELDS","ARG_1","1","Enter Template name",,"BROWSE","TEMPLATE_FIELDS","TEMPLATE_ID","TRUE"
"R_TEMPLATE_FIELDS","ARG_2","2","Enter Table name",,"BROWSE","TEMPLATE_FIELDS","TABLE_NAME","TRUE"
"R_TEST_PREP_WORKSHEET","ARG_1","1","Enter Wks id",,"BROWSE","WORKSHEET","IDENTITY","TRUE"
"R_TEST_PREP_WORKSHEET","ARG_2","2","Enter Prep id",,"BROWSE","PREPARATION","IDENTITY","TRUE"
"R_TEST_PREP_WORKSHEET","ARG_3","3","Enter Date and time",,"ROUTINE","$INFOMAKER_TEMP","READONLYDATETIMEPROMPT","TRUE"
"R_TRANSACTION_INTERVAL_COMPOSI","ARG_1","1","Enter From",,"FORMAT","DATE",,"TRUE"
"R_TRANSACTION_INTERVAL_COMPOSI","ARG_2","2","Enter To",,"FORMAT","DATE",,"TRUE"
"R_TRANSACTION_INTERVAL_COMPOSI","ARG_3","3","Enter Date and time",,"ROUTINE","$INFOMAKER_TEMP","READONLYDATETIMEPROMPT","TRUE"
"R_TRANSACTIONS_INTERVAL_AUDIT","ARG_1","1","Enter From",,"FORMAT","DATE",,"TRUE"
"R_TRANSACTIONS_INTERVAL_AUDIT","ARG_2","2","Enter To",,"FORMAT","DATE",,"TRUE"
"R_UNCOMPLETED_SAMPLES","ARG_1","1","Enter Date and time",,"ROUTINE","$INFOMAKER_TEMP","READONLYDATETIMEPROMPT","TRUE"
"R_WORKSHEET","ARG_1","1","Enter Analysis id",,"BROWSE","VERSIONED_ANALYSIS","IDENTITY","TRUE"
"R_WORKSHEET","ARG_2","2","Enter Worksheet id",,"BROWSE","WORKSHEET","IDENTITY","TRUE"
"SAMPLE_REP","ID_NUMERIC","1","Sample Id",,"BROWSE","SAMPLE","ID_NUMERIC","TRUE"
"SAMPLE_REP","DATE_TIME","2","Date and Time",,"ROUTINE","$INFOMAKER_TEMP","READONLYDATETIMEPROMPT","TRUE"
"TEST_DURATION_REPORT","DATE_TIME","1","Date and Time",,"ROUTINE","$INFOMAKER_TEMP","READONLYDATETIMEPROMPT","TRUE"
"VALIDATE_ROUTINE_EXAMPLE","ARG_1","1","Enter Sample Identity",,"ROUTINE","GETSAMPLE",,"FALSE"
