﻿INSPECTOR
TABLE_NAME,RECORD_KEY0,VERSION,ORDER_NUM,INSPECTION_USER_TYPE,PERSONNEL_ID,ROLE_ID,INSPECTION_IDENTITY,STATUS,INSPECTION_TEXT,OLD_STATUS,APPROVAL_USER,APPROVAL_DATE,ACTUAL_USER,INSPECTION_PRESENTER
30,50,10,10,10,10,20,10,1,234,1,10,32,10,10
                      16
"INCIDENTS","INC-TEST-000001","1","1","ROLE",,"INSPECT_PEER","DTINSP","V",,,, ,,"GPEHLERT"
"INCIDENTS","INC-TEST-000001","1","2","ROLE",,"INSPECT_SUPERVISOR","DTINSP","V",,,, ,,"GPEHLERT"
"SAMPLE","       221","1","1","ROLE",,"INSPECT_PEER","TJH_RR","A","looks good","V","BARNEY"," 15-08-2019 10:44:02.26","BARNEY","HODYT"
"SAMPLE","       221","1","2","ROLE",,"INSPECT_SUPERVISOR","TJH_RR","A","it's good","V","BETTY"," 15-08-2019 10:54:52.44","BETTY","HODYT"
"SAMPLE","       222","1","1","ROLE",,"INSPECT_PEER","TJH_RR","A",,"V","BARNEY"," 15-08-2019 10:48:49.90","BARNEY","HODYT"
"SAMPLE","       222","1","2","ROLE",,"INSPECT_SUPERVISOR","TJH_RR","A","it's good","V","BETTY"," 15-08-2019 10:54:52.80","BETTY","HODYT"
"SAMPLE","       223","1","1","ROLE",,"INSPECT_PEER","TJH_RR","A",,"V","BARNEY"," 15-08-2019 10:53:31.54","BARNEY","HODYT"
"SAMPLE","       223","1","2","ROLE",,"INSPECT_SUPERVISOR","TJH_RR","A","it's good","V","BETTY"," 15-08-2019 10:54:52.83","BETTY","HODYT"
"SAMPLE","       224","1","1","ROLE",,"INSPECT_PEER","TJH_RR","A",,"V","BARNEY"," 15-08-2019 10:53:37.39","BARNEY","HODYT"
"SAMPLE","       224","1","2","ROLE",,"INSPECT_SUPERVISOR","TJH_RR","A","it's good","V","BETTY"," 15-08-2019 10:54:52.88","BETTY","HODYT"
"SAMPLE","       225","1","1","ROLE",,"INSPECT_PEER","TJH_RR","X",,"A","BARNEY"," 15-08-2019 10:53:43.60","BARNEY","HODYT"
"SAMPLE","       225","1","2","ROLE",,"INSPECT_SUPERVISOR","TJH_RR","X","needs more work","R","BETTY"," 15-08-2019 10:55:29.16","BETTY","HODYT"
"SAMPLE","       225","2","1","ROLE",,"INSPECT_PEER","TJH_RR","A","Looks good, but what do I know, I'm the admin","V","FRED"," 15-08-2019 10:58:27.57","SYSTEM","HODYT"
"SAMPLE","       225","2","2","ROLE",,"INSPECT_SUPERVISOR","TJH_RR","A","looks good","V","WILMA"," 15-08-2019 10:58:57.77","WILMA","HODYT"
"SAMPLE","       233","1","1","ROLE",,"INSPECT_PEER","DTINSP","V",,,, ,,"DEBORAH"
"SAMPLE","       233","1","2","ROLE",,"INSPECT_SUPERVISOR","DTINSP","V",,,, ,,"DEBORAH"
