﻿INSTRUMENT_EVENT
INSTRUMENT,IDENTITY,EVENT_TYPE,COMMENTS,ENTERED_ON,ENTERED_BY
10,10,10,255,32,10
                      45
"5600_1","1","COMMENT","Instrument definition created"," 08-09-2021 13:36:42.96","GPEHLERT"
"6500_1","1","COMMENT","my comment"," 21-11-2019 12:24:11.55","GARYW"
"7500_1","1","COMMENT","Instrument definition created"," 08-09-2021 13:35:54.31","GPEHLERT"
"BALNACE_01","1","COMMENT","Instrument definition created"," 14-08-2019 14:10:52.52","HODYT"
"EXACTIVE","1","RETIRED",," 08-09-2021 14:23:31.32","GPEHLERT"
"GC_01","1","COMMENT","Instrument definition created"," 14-08-2019 14:01:05.55","HODYT"
"GC_01","2","MAINT","Servicing, has been added"," 14-08-2019 14:33:33.39","HODYT"
"GC_01","3","MAINT","Servicing, is require on 8/14/2019 2:29 PM"," 14-08-2019 14:33:33.45","HODYT"
"GC_01","4","MAINT","Calibration, has been added"," 14-08-2019 14:33:33.48","HODYT"
"GC_01","5","MAINT","Calibration, is require on 8/14/2019 2:32 PM"," 14-08-2019 14:33:33.53","HODYT"
"GC_01","6","MAINT","Servicing, completed on 8/14/2019 2:36 PM : Washed and waxed it."," 14-08-2019 14:36:40.56","HODYT"
"GC_01","7","MAINT","Servicing, is currently valid"," 14-08-2019 14:36:58.36","HODYT"
"GC_01","8","MAINT","Calibration, is in maintenance"," 14-08-2019 14:36:58.36","HODYT"
"GC_01","9","MAINT","Calibration, completed on 8/14/2019 2:37 PM : within spec"," 14-08-2019 14:37:05.04","HODYT"
"GC_01","10","MAINT","Calibration, is currently valid"," 14-08-2019 14:37:15.98","HODYT"
"GC_01","11","COMMENT","weird smoke comming out of instrument"," 14-08-2019 14:43:17.53","HODYT"
"GC_01","12","COMMENT","hello"," 14-08-2019 14:43:38.09","HODYT"
"GC_01","13","UNAVAIL","instrument on fire"," 14-08-2019 14:43:59.61","HODYT"
"GC_01","14","AVAIL","fire out, water all over lab though"," 14-08-2019 14:44:18.60","HODYT"
"GC_01","15","MAINT","Calibration, is in maintenance"," 20-08-2019 00:01:06.91",
"GC_01","16","MAINT","Calibration, is require on 8/19/2019 8:00 AM"," 11-09-2019 00:01:04.98",
"GC_02","1","COMMENT","Instrument definition created"," 14-08-2019 14:08:23.39","HODYT"
"GC_02","2","MAINT","Service, has been added"," 14-08-2019 14:35:22.79","HODYT"
"GC_02","3","MAINT","Service, is require on 8/14/2019 2:33 PM"," 14-08-2019 14:35:22.81","HODYT"
"GC_02","4","MAINT","Calibration, has been added"," 14-08-2019 14:35:22.81","HODYT"
"GC_02","5","MAINT","Calibration, is require on 8/14/2019 2:34 PM"," 14-08-2019 14:35:22.81","HODYT"
"GC_02","6","MAINT","Service, completed on 8/14/2019 2:37 PM : everything ok"," 14-08-2019 14:37:26.47","HODYT"
"GC_02","7","MAINT","Service, is currently valid"," 14-08-2019 14:37:34.50","HODYT"
"GC_02","8","MAINT","Calibration, is in maintenance"," 14-08-2019 14:37:34.50","HODYT"
"GC_02","9","MAINT","Calibration, completed on 8/14/2019 2:37 PM : hello"," 14-08-2019 14:37:50.64","HODYT"
"GC_02","10","MAINT","Calibration, is currently valid"," 14-08-2019 14:38:00.08","HODYT"
"GC_02","11","MAINT","Calibration, is in maintenance"," 14-08-2019 14:38:24.89","HODYT"
"GC_02","12","MAINT","Calibration, completed on 8/14/2019 2:39 PM : OH Kay"," 14-08-2019 14:39:11.21","HODYT"
"GC_02","13","MAINT","Calibration, is currently valid"," 14-08-2019 14:39:27.35","HODYT"
"GC_02","14","MAINT","Calibration, is in maintenance"," 20-08-2019 00:01:06.94",
"GC_02","15","MAINT","Calibration, sample SM-11-SEP-2019-000181 (254) was created"," 19-08-2019 08:00:00.00",
"GC_03","1","COMMENT","Instrument definition created"," 14-08-2019 14:49:01.55","HODYT"
"GC_03","2","MAINT","Calibration, has been added"," 14-08-2019 14:51:14.58","HODYT"
"GC_03","3","MAINT","Calibration, is in maintenance"," 14-08-2019 14:51:14.60","HODYT"
"GC_03","4","MAINT","Calibration, sample SM-14-AUG-2019-000153 (208) was created"," 14-08-2019 14:50:17.56","HODYT"
"GC_03","5","MAINT","Calibration, completed on 8/14/2019 2:54 PM : hello"," 14-08-2019 14:54:01.95","HODYT"
"GC_03","6","MAINT","Calibration, is currently valid"," 14-08-2019 14:54:53.20","HODYT"
"GC_03","7","MAINT","Calibration, is in maintenance"," 16-08-2019 00:01:04.62",
"GC_03","8","MAINT","Calibration, sample SM-11-SEP-2019-000182 (255) was created"," 15-08-2019 08:00:00.00",
"QE_NORTH_2","1","COMMENT","Instrument definition created"," 08-09-2021 13:34:07.85","GPEHLERT"
