﻿INSTRUMENT_PART_LINK
INSTRUMENT,INSTRUMENT_PART,ORDER_NUMBER,INSTRUMENT_PART_TEMPLATE,MANDATORY
10,10,10,10,1
                      27
"5600_1",,"1","DETECTOR","FALSE"
"5600_1",,"2","GC_AUTO","FALSE"
"5600_1",,"3","GC_COLUMN","FALSE"
"6500_1","WSI_1","1","DETECTOR","FALSE"
"6500_1","WSI_2","2","AUTOSAMP","FALSE"
"6500_1","WSI_3","3","LC_PUMP","FALSE"
"6500_1","WSI_4","4","LC_PUMP","FALSE"
"6500_1","WSI_5","5","LC_OVEN","FALSE"
"6500_1","WSI_6","6","CBM","FALSE"
"6500_1","WSI_7","7","DEGAS","FALSE"
"6500_1","WSI_8","8","COMPUTER","FALSE"
"6500_1","WSI_103","9","UPS","FALSE"
"6500_2","WSI_9","1","DETECTOR","FALSE"
"6500_2","WSI_10","2","AUTOSAMP","FALSE"
"6500_2","WSI_11","3","LC_PUMP","FALSE"
"6500_2","WSI_12","4","LC_PUMP","FALSE"
"6500_2","WSI_13","5","LC_OVEN","FALSE"
"6500_2","WSI_14","6","CBM","FALSE"
"6500_2","WSI_15","7","DEGAS","FALSE"
"6500_2","WSI_16","8","COMPUTER","FALSE"
"6500_2","WSI_104","9","UPS","FALSE"
"7500_1",,"1","DETECTOR","FALSE"
"7500_1",,"2","GC_AUTO","FALSE"
"7500_1",,"3","GC_COLUMN","FALSE"
"QE_NORTH_2",,"1","DETECTOR","FALSE"
"QE_NORTH_2",,"2","GC_AUTO","FALSE"
"QE_NORTH_2",,"3","GC_COLUMN","FALSE"
