﻿INSTRUMENT_PART_TEMPLATE
IDENTITY,NAME,GROUP_ID,DESCRIPTION,MODIFIABLE,REMOVEFLAG,INSTRUCTIONS,SOP_REFERENCE,OPERATOR_ID,MANUFACTURER,REQUIRES_CALIBRATION,CALIBRATION_PLAN,CALIB_CONTRACTOR,CALIB_LEAD_TIME,REQUIRES_SERVICING,SERVICE_INTERVAL,SERVICE_CONTRACTOR,SERVICE_LEAD_TIME,USE_MAINTENANCE
10,100,10,255,1,1,255,100,10,20,1,255,20,16,1,16,20,16,1
                      24
"AUTOSAMP","AutoSampler",,"AutoSampler","TRUE","FALSE",,,"JESSEV",,"FALSE",,,,"FALSE",,,,"FALSE"
"BG_ANLZ","Blood Gas Analyzer",,"Blood Gas Analyzer","TRUE","FALSE",,,"JESSEV",,"FALSE",,,,"FALSE",,,,"FALSE"
"CBM","CBM",,"CBM","TRUE","FALSE",,,"JESSEV",,"FALSE",,,,"FALSE",,,,"FALSE"
"CHILLER","Chiller",,"Chiller","TRUE","FALSE",,,"JESSEV",,"FALSE",,,,"FALSE",,,,"FALSE"
"COMPUTER","Computer",,"Computer","TRUE","FALSE",,,"JESSEV",,"FALSE",,,,"FALSE",,,,"FALSE"
"CONC_PUMP","SpeedVac Concentrator Vacuum Pump",,"SpeedVac Concentrator Vacuum Pump","TRUE","FALSE",,,"JESSEV",,"FALSE",,,,"FALSE",,,,"TRUE"
"CONC_VPTRP","SpeedVac Concentrator Ref Vapor Trap",,"SpeedVac Concentrator Ref Vapor Trap","TRUE","FALSE",,,"JESSEV",,"FALSE",,,,"FALSE",,,,"TRUE"
"DEGAS","DEGAS",,"DEGAS","TRUE","FALSE",,,"JESSEV",,"FALSE",,,,"FALSE",,,,"FALSE"
"DETECTOR","Detector",,"Detector","TRUE","FALSE",,,"JESSEV",,"FALSE",,,,"FALSE",,,,"FALSE"
"DNA_ANLZ","DNA Analyzer",,"DNA Analyzer","TRUE","FALSE",,,"JESSEV",,"FALSE",,,,"FALSE",,,,"FALSE"
"GC_COLUMN","GC Column",,"Column","TRUE","FALSE",,,"JESSEV",,"FALSE",,,,"FALSE",,,,"FALSE"
"GC_INST","GC Instrument",,"GC Instrument","TRUE","FALSE",,,"JESSEV",,"FALSE",,,,"FALSE",,,,"FALSE"
"GC_PUMP","GC Pump",,"GC Pump","TRUE","FALSE",,,"JESSEV",,"FALSE",,,,"FALSE",,,,"FALSE"
"ICP_INST","ICP Instrument",,"ICP Instrument","TRUE","FALSE",,,"JESSEV",,"FALSE",,,,"FALSE",,,,"FALSE"
"LC_OVEN","LC Oven",,"LC Oven","TRUE","FALSE",,,"JESSEV",,"FALSE",,,,"FALSE",,,,"FALSE"
"LC_PUMP","LC Pump",,"LC Pump","TRUE","FALSE",,,"JESSEV",,"FALSE",,,,"FALSE",,,,"FALSE"
"N2_CMPR","N2 Compressor",,"N2 Compressor","TRUE","FALSE",,,"JESSEV",,"FALSE",,,,"FALSE",,,,"FALSE"
"N2_GEN","N2 Generator",,"N2 Generator","TRUE","FALSE",,,"JESSEV",,"FALSE",,,,"FALSE",,,,"FALSE"
"PLATE_READ","Plate Reader",,"Plate Reader","TRUE","FALSE",,,"JESSEV",,"FALSE",,,,"FALSE",,,,"FALSE"
"ROBOT","Robot",,"Robot","TRUE","FALSE",,,"JESSEV",,"FALSE",,,,"FALSE",,,,"FALSE"
"THRMCYCLR","Thermocycler",,"Thermocycler","TRUE","FALSE",,,"JESSEV",,"FALSE",,,,"FALSE",,,,"FALSE"
"UPS","UPS",,"UPS","TRUE","FALSE",,,"JESSEV",,"FALSE",,,,"FALSE",,,,"FALSE"
"UV_DETCTR","UV Detector",,"UV Detector","TRUE","FALSE",,,"JESSEV",,"FALSE",,,,"FALSE",,,,"FALSE"
"VAC_PUMP","Vacuum Pump",,"Vacuum Pump","TRUE","FALSE",,,"JESSEV",,"FALSE",,,,"FALSE",,,,"FALSE"
