﻿INSTRUMENT
IDENTITY,GROUP_ID,DESCRIPTION,MODIFIABLE,REMOVEFLAG,MANUFACTURER,INSTTYPE_ID,INSTRUMENT_TEMPLATE,SERIAL_NO,INSTRUCTIONS,LOCATION_ID,SOP_REFERENCE,AVAILABLE,RETIRED,OPERATOR_ID,DATE_INSTALLED,CALIBRATION_PLAN,CALIB_SAMPLE_TEMPLATE,REQUIRES_CALIBRATION,LAST_CALIB_DATE,NEXT_CALIB_DATE,CALIB_CONTRACTOR,CALIB_LEAD_TIME,CALIBRATION_SAMPLE,REQUIRES_SERVICING,LAST_SERVICE_DATE,NEXT_SERVICE_DATE,SERVICE_CONTRACTOR,SERVICE_LEAD_TIME,SERVICE_INTV,SERVICE_DATE,SERVICE_TQE,WORKFILE,SERVER,APPROVAL_REQD,CHANNEL,STATUS,CALIB_DATE,CALIB_INTV,CALIB_TQE,WORKSTATION_NAME,COMM_PORT,COMM_BAUD,COMM_PARITY,COMM_DATABITS,COMM_STOPBITS,COMM_SEND_STRING,COMM_TIMEOUT,COMM_PREAMBLE,COMM_POSTAMBLE,NAME,INSTRUMENT_CATEGORY,LAB_DATA_SOURCE_ID,LAB_DATA_SOURCE_VERSION,LAB_PARSING_SCRIPT_ID,LAB_PARSING_SCRIPT_VERSION,VARIABLE_ALIAS_ID,VARIABLE_ALIAS_VERSION,VALUE_ALIAS_ID,VALUE_ALIAS_VERSION,CUSTOM_ICON,USE_MAINTENANCE
10,10,255,1,1,20,10,10,78,255,50,100,1,1,10,32,255,10,1,32,32,20,16,10,1,32,32,20,16,16,32,10,234,10,1,10,1,32,16,10,30,10,10,10,10,10,234,10,234,234,100,30,36,10,36,10,36,10,36,10,30,1
                      21
"5600_1",,"Workstation 5","TRUE","FALSE","SCIEX",,"LCMS","BN20461209",,"ROOM_118",,"TRUE","FALSE","JESSEV", ,,,"FALSE", , ,,,"0","FALSE", , ,,,, ,"0",,,"FALSE",,"V", ,,"0",,,"9600","N","8","1",,"5",,,"5600",,,"0",,"0",,"0",,"0","INT_INST_TMP","FALSE"
"6500_1",,"Workstation 1","TRUE","FALSE","SCIEX",,"LCMS","BL29811503",,"ROOM_122",,"TRUE","FALSE","JESSEV"," 23-09-2015 00:00:00.00",,,"FALSE", , ,,,"0","FALSE", , ,,,, ,"0",,,"FALSE",,"V", ,,"0",,,"9600","N","8","1",,"5",,,"Qtrap 6500-1",,,"0",,"0",,"0",,"0","INT_BALANCE","FALSE"
"6500_2",,"Workstation 2","TRUE","FALSE","SCIEX",,"LCMS","BL29711503",,"ROOM_122",,"TRUE","FALSE","JESSEV", ,,,"FALSE", , ,,,"0","FALSE", , ,,,, ,"0",,,"FALSE",,"V", ,,"0",,,"9600","N","8","1",,"5",,,"Qtrap 6500-2",,,"0",,"0",,"0",,"0","INT_BALANCE","FALSE"
"6500_3",,"Workstation 3","TRUE","FALSE","SCIEX",,"LCMS","BL210081505",,"ROOM_118",,"TRUE","FALSE","JESSEV"," 29-09-2015 00:00:00.00",,,"FALSE", , ,,,"0","FALSE", , ,,,, ,"0",,,"FALSE",,"V", ,,"0",,,"9600","N","8","1",,"5",,,"Qtrap 6500-3",,,"0",,"0",,"0",,"0","INT_BALANCE","FALSE"
"6500_4",,"Workstation 13","TRUE","FALSE","SCIEX",,"LCMS","BL29161412",,"ROOM_122",,"TRUE","FALSE","JESSEV", ,,,"FALSE", , ,,,"0","FALSE", , ,,,, ,"0",,,"FALSE",,"V", ,,"0",,,"9600","N","8","1",,"5",,,"Qtrap 6500-4",,,"0",,"0",,"0",,"0","INT_BALANCE","FALSE"
"7500_1",,"Workstation 16","TRUE","FALSE","SCIEX",,"LCMS","FA210552009",,"ROOM_150A",,"TRUE","FALSE",," 23-12-2020 00:00:00.00",,,"FALSE", , ,,,"0","FALSE", , ,,,, ,"0",,,"FALSE",,"V", ,,"0",,,"9600","N","8","1",,"5",,,"7500",,,"0",,"0",,"0",,"0","INT_INST_TMP","FALSE"
"ABL835",,"Blood Gas Analyzer","TRUE","FALSE","RADIOMETER",,"BGA",,,"NBC_PRC_OFFICE",,"TRUE","FALSE","GPEHLERT", ,,,"FALSE", , ,,,"0","FALSE", , ,,,, ,"0",,,"FALSE",,"V", ,,"0",,,"9600","N","8","1",,"5",,,"ABL835 Blood Gas Analyzer",,,"0",,"0",,"0",,"0","INT_BALANCE","FALSE"
"ACCESS",,"Workstation 10","TRUE","FALSE","THERMO",,"LCMS","TQU01395",,,,"TRUE","FALSE",, ,,,"FALSE", , ,,,"0","FALSE", , ,,,, ,"0",,,"FALSE",,"V", ,,"0",,,"9600","N","8","1",,"5",,,"TSQ Quantum Access",,,"0",,"0",,"0",,"0","INT_BALANCE","FALSE"
"BIOMEK_RBT",,"Automated Workstation 1","TRUE","FALSE","BECKMAN_COULTER",,"ROBOT","B8758418A01",,"ROOM_122",,"TRUE","FALSE","JESSEV"," 02-07-2019 00:00:00.00",,,"FALSE", , ,,,"0","FALSE", , ,,,, ,"0",,,"FALSE",,"V", ,,"0",,,"9600","N","8","1",,"5",,,"BIOMEK ROBOT",,,"0",,"0",,"0",,"0","INT_BALANCE","FALSE"
"CEQ8800",,"DNA Workstation 1","TRUE","FALSE","BECKMAN_COULTER",,"DNA","3908800130",,"ROOM_150",,"TRUE","FALSE","JESSEV"," 22-08-2008 00:00:00.00",,,"FALSE", , ,,,"0","FALSE", , ,,,, ,"0",,,"FALSE",,"V", ,,"0",,,"9600","N","8","1",,"5",,,"CEQ8800 Genetic Analysis System",,,"0",,"0",,"0",,"0","INT_BALANCE","FALSE"
"EXACTIVE",,"Workstation 11","TRUE","FALSE","THERMO",,"LCMS","SN01186P",,,,"TRUE","TRUE",, ,,,"FALSE", , ,,,"0","FALSE", , ,,,, ,"0",,,"FALSE",,"R", ,,"0",,,"9600","N","8","1",,"5",,,"Exactive",,,"0",,"0",,"0",,"0","INT_BALANCE","FALSE"
"GC_TRACE",,"Workstation 12","TRUE","FALSE","THERMO",,"GCMS","718001860",,"ROOM_118",,"TRUE","FALSE","JESSEV"," 21-08-2019 00:00:00.00",,,"FALSE", , ,,,"0","FALSE", , ,,,, ,"0",,,"FALSE",,"V", ,,"0",,,"9600","N","8","1",,"5",,,"GC - MS/MS",,,"0",,"0",,"0",,"0","INT_BALANCE","FALSE"
"ICP_MS",,"Workstation 14","TRUE","FALSE","PERKIN_ELMER",,"ICPMS","85XN5111801",,"ROOM_142",,"TRUE","FALSE","JESSEV", ,,,"FALSE", , ,,,"0","FALSE", , ,,,, ,"0",,,"FALSE",,"V", ,,"0",,,"9600","N","8","1",,"5",,,"ICP - MS",,,"0",,"0",,"0",,"0","INT_BALANCE","FALSE"
"LTQ_XL",,"Workstation 8","TRUE","FALSE","THERMO",,"LCMS","LTQ21317",,"ROOM_150D",,"TRUE","FALSE","JESSEV", ,,,"FALSE", , ,,,"0","FALSE", , ,,,, ,"0",,,"FALSE",,"V", ,,"0",,,"9600","N","8","1",,"5",,,"LTQ XL",,,"0",,"0",,"0",,"0","INT_BALANCE","FALSE"
"QE_NORTH",,"Workstation 9","TRUE","FALSE","THERMO",,"LCMS","SN03733L",,"ROOM_150C",,"TRUE","FALSE","JESSEV", ,,,"FALSE", , ,,,"0","FALSE", , ,,,, ,"0",,,"FALSE",,"V", ,,"0",,,"9600","N","8","1",,"5",,,"North Lab QExactive Plus",,,"0",,"0",,"0",,"0","INT_BALANCE","FALSE"
"QE_NORTH_2",,"Workstation 15","TRUE","FALSE","THERMO",,"LCMS","04534L",,"ROOM_150B",,"TRUE","FALSE","JESSEV"," 25-02-2020 00:00:00.00",,,"FALSE", , ,,,"0","FALSE", , ,,,, ,"0",,,"FALSE",,"V", ,,"0",,,"9600","N","8","1",,"5",,,"North Lab QExactive 2",,,"0",,"0",,"0",,"0","INT_INST_TMP","FALSE"
"QE_SOUTH",,"Workstation 6","TRUE","FALSE","THERMO",,"LCMS","SN 03732L",,"ROOM_118",,"TRUE","FALSE","JESSEV"," 26-06-2016 00:00:00.00",,,"FALSE", , ,,,"0","FALSE", , ,,,, ,"0",,,"FALSE",,"V", ,,"0",,,"9600","N","8","1",,"5",,,"South Lab QExactive Plus",,,"0",,"0",,"0",,"0","INT_BALANCE","FALSE"
"QTRAP_4000",,"Workstation 4","TRUE","FALSE","SCIEX",,"LCMS","U18290703",,"ROOM_141",,"TRUE","FALSE","JESSEV", ,,,"FALSE", , ,,,"0","FALSE", , ,,,, ,"0",,,"FALSE",,"V", ,,"0",,,"9600","N","8","1",,"5",,,"Qtrap 4000",,,"0",,"0",,"0",,"0","INT_BALANCE","FALSE"
"SUN_1",,"ELISA Workstation 1","TRUE","FALSE","TECAN",,"ELISA","3930001271",,"ROOM_119",,"TRUE","FALSE","JESSEV"," 28-03-2001 00:00:00.00",,,"FALSE", , ,,,"0","FALSE", , ,,,, ,"0",,,"FALSE",,"V", ,,"0",,,"9600","N","8","1",,"5",,,"Plate Reader #1",,,"0",,"0",,"0",,"0","INT_BALANCE","FALSE"
"SUN_2",,"ELISA Workstation 2","TRUE","FALSE","TECAN",,"ELISA","1410010819",,"ROOM_119",,"TRUE","FALSE","JESSEV"," 12-01-2017 00:00:00.00",,,"FALSE", , ,,,"0","FALSE", , ,,,, ,"0",,,"FALSE",,"V", ,,"0",,,"9600","N","8","1",,"5",,,"Plate Reader #2",,,"0",,"0",,"0",,"0","INT_BALANCE","FALSE"
"VELOS_PRO",,"Workstation 7","TRUE","FALSE","THERMO",,"LCMS","LTQ40612",,"ROOM_118",,"TRUE","FALSE","JESSEV", ,,,"FALSE", , ,,,"0","FALSE", , ,,,, ,"0",,,"FALSE",,"V", ,,"0",,,"9600","N","8","1",,"5",,,"Velos Pro",,,"0",,"0",,"0",,"0","INT_BALANCE","FALSE"
