﻿LAB_DATA_SOURCE_SETTING
LAB_DATA_SOURCE_SETTING_ID,LAB_DATA_SOURCE_ID,LAB_DATA_SOURCE_VERSION,SETTING_NAME,SETTING_VALUE,ORDER_NUM
36,36,10,500,500,10
                       4
"0E5910FB-2584-42EA-985A-9FCD9DBFADA9","89D2B039-D2F7-456F-89FE-E0F492A7AF99","1","ArchiveAction","O","1"
"F7DC98F2-57F5-4E2D-A6FB-C6BD23558A91","89D2B039-D2F7-456F-89FE-E0F492A7AF99","1","ArchiveDirectory","C:\IM\FinalRaceArchive","2"
"091F8CBE-901F-4206-88EF-46780FBA7FBA","89D2B039-D2F7-456F-89FE-E0F492A7AF99","1","Filter","*.txt","3"
"231EDD99-88BF-4A36-9DF0-BF8B2ED807D7","89D2B039-D2F7-456F-89FE-E0F492A7AF99","1","SourceDirectory","C:\IM\FinalRace","4"
