﻿LAB_DATA_SOURCE
LAB_DATA_SOURCE_ID,LAB_DATA_SOURCE_VERSION,NAME,GROUP_ID,DESCRIPTION,MODIFIABLE,ORDER_NUMBER,REMOVEFLAG,ACTIVE,ACTIVE_FROM,ACTIVE_TO,APPROVAL_STATUS,INSPECTION_PLAN,DATA_SOURCE,LOG_RAW_DATA_TO_FILE,RAW_DATA_LOG_FOLDER,RAW_DATA_LOG_FILENAME,RAW_DATA_LOG_EXTENSION,RAW_DATA_STORE_METHOD
36,10,100,10,255,1,10,1,1,32,32,1,10,100,1,120,100,10,3
                       1
"89D2B039-D2F7-456F-89FE-E0F492A7AF99","1","FinalRaceSet",,,"TRUE","0","FALSE","TRUE", , ,"A",,"LabDirectoryDataSource","FALSE","GetFolder(&apos;smp$datastore&apos;)","[Timestamp]","txt","RAW"
