﻿LABEL_SPECIFICATION
IDENTITY,GROUP_ID,DESCRIPTION,MODIFIABLE,REMOVEFLAG,NAME,LABEL_WIDTH,LABEL_HEIGHT,VERTICAL_PITCH,HORIZONTAL_PITCH,MEASUREMENT_UNIT,BOTTOM_MARGIN,TOP_MARGIN,LEFT_MARGIN,RIGHT_MARGIN,PAPER_KIND,PAPER_WIDTH,PAPER_HEIGHT,ROLL_PAPER
10,10,234,1,1,100,10,10,10,10,10,10,10,10,10,10,10,10,1
                       3
"2X3",,"2x3 inch continuous roll label","TRUE","FALSE","2x3 inch continuous roll label","0.0000000000000000E+00","0.0000000000000000E+00","0.0000000000000000E+00","0.0000000000000000E+00","INCH","5.0000000000000000E-02","5.0000000000000000E-02","5.0000000000000000E-02","5.0000000000000000E-02","0","3.0000000000000000E+00","2.0000000000000000E+00","TRUE"
"A4_SMALL",,"Example small label, printed on a4 paper","TRUE","FALSE","A4 (Small)","8.5000000000000000E+02","3.0000000000000000E+02","3.5000000000000000E+02","9.0000000000000000E+02","TENTH_MILL","2.5400000000000000E+02","2.5400000000000000E+02","2.5400000000000000E+02","2.5400000000000000E+02","1","0.0000000000000000E+00","0.0000000000000000E+00","FALSE"
"A4_TALL",,"Example tall label, printed on a4 paper","TRUE","FALSE","A4 (Tall)","8.5000000000000000E+02","5.5000000000000000E+02","6.0000000000000000E+02","9.0000000000000000E+02","TENTH_MILL","2.5400000000000000E+02","2.5400000000000000E+02","2.5400000000000000E+02","2.5400000000000000E+02","1","0.0000000000000000E+00","0.0000000000000000E+00","FALSE"
