﻿LABEL_TEMPLATE
IDENTITY,NAME,VERSION,GROUP_ID,DESCRIPTION,DATA_ENTITY_DEFINITION,MODIFIABLE,REMOVEFLAG,IS_DEVEXPRESS,LABEL_SPECIFICATION,APPROVAL_STATUS,INSPECTION_PLAN,ACTIVE,ACTIVE_FROM,ACTIVE_TO
10,100,10,10,234,50,1,1,1,10,1,10,1,32,32
                       8
"BARCODES","Barcode Commands","1",,"Barcode Processing Commands","LOCATION","TRUE","FALSE","TRUE","A4_SMALL","A",,"TRUE", , 
"DEF_HAZARD","Default Hazard","1",,"An example label template for hazard.","HAZARD","TRUE","FALSE","TRUE","A4_TALL","A",,"TRUE", , 
"DEF_LOCAT","Default Location","1",,"An example label template for location.","LOCATION","TRUE","FALSE","TRUE","A4_SMALL","A",,"TRUE", , 
"DEF_MENU","Default Menu Item Label","1",,"Produces a label for use with the quick search functionality of SampleManager - preamble is configurable within the label designer..","MASTER_MENU","TRUE","FALSE","TRUE","A4_SMALL","A",,"TRUE", , 
"DEF_PLATE","Default Plate","1",,"An example label template for plate.","PLATE","TRUE","FALSE","TRUE","A4_SMALL","A",,"TRUE", , 
"DEF_SAMPLE","Default Sample","1",,"An example label template for sample.","SAMPLE","TRUE","FALSE","TRUE","A4_SMALL","A",,"TRUE", , 
"DEF_SUBST","Default Substance","1",,"An example label template for substances.","SUBSTANCE","TRUE","FALSE","TRUE","A4_TALL","A",,"TRUE", , 
"RET_SAMPLE","Retain Sample Label","1",,"An example label template for sample retains.","SAMPLE","TRUE","FALSE","TRUE","A4_SMALL","A",,"TRUE", , 
