﻿LIMIT_CALCULATION
IDENTITY,NAME,DESCRIPTION,MODIFIABLE,REMOVEFLAG
10,100,234,1,1
                       7
"EQL_REPT","Eql Rept","Rescale PQL value based on dilution and spike amount","TRUE","FALSE"
"EQL_REPT_P","Eql Rept PETRL","Rescale PQL value based on dilution and spike amount
set min pql","TRUE","FALSE"
"LIMCALC_SD","Limit Calculation using Standard Deviation","Limit calculation using mean and standard deviation","TRUE","FALSE"
"PASS_STAT","Pass Stat","Pass if the batch meets the statistical quality level","TRUE","FALSE"
"PASSBLANK","Pass Blank","Pass if result is between -MIN_PQL and +MIN_PQL","TRUE","FALSE"
"PASSLTPQL","Pass LTPQL","Pass if result is between -MIN_PQL and +MIN_PQL","TRUE","FALSE"
"UNIT_CHECK","Unit Check","Pass if the correct number of sample elements (units) has been tested","TRUE","FALSE"
