﻿LIMS_TABLE
TABLE_NAME,GROUP_FIELD,TABLE_SET,PARENT_TABLE
40,20,234,20
                     347
"ACCESS_LOG",,,
"ANAL_WORKS_TEMPL","GROUP_ID",,
"ANALYSIS_VIEW","GROUP_ID",,
"ANALYSIS_WORKSHEET",,,
"APPROVAL",,,
"ARCHIVE_AUDIT_DATA",,"ARCHIVE_TABLE_SET","AUDIT_DATA"
"ARCHIVE_AUDIT_EVENT",,"ARCHIVE_TABLE_SET","AUDIT_EVENT"
"ARCHIVE_AUDIT_TRANS",,"ARCHIVE_TABLE_SET","AUDIT_TRANSACTION"
"ARCHIVE_AUDIT_VALUES",,"ARCHIVE_TABLE_SET","AUDIT_VALUES"
"ARCHIVE_AUDIT_VIEW",,"ARCHIVE_TABLE_SET","AUDIT_VIEW"
"ARCHIVE_BATCH_ENTRY",,"ARCHIVE_TABLE_SET","BATCH_ENTRY"
"ARCHIVE_BATCH_HEADER",,"ARCHIVE_TABLE_SET","BATCH_HEADER"
"ARCHIVE_ESIG_DATA",,"ARCHIVE_TABLE_SET","ESIG_DATA"
"ARCHIVE_ESIG_DATA_VIEW",,"ARCHIVE_TABLE_SET","ESIG_DATA_VIEW"
"ARCHIVE_ESIG_EVENT",,"ARCHIVE_TABLE_SET","ESIG_EVENT"
"ARCHIVE_JOB_HEADER","GROUP_ID","ARCHIVE_TABLE_SET","JOB_HEADER"
"ARCHIVE_RESULT","GROUP_ID","ARCHIVE_TABLE_SET","RESULT"
"ARCHIVE_S_FORMULATION",,"ARCHIVE_TABLE_SET","SAMPLE_FORMULATION"
"ARCHIVE_SAMPLE",,"ARCHIVE_TABLE_SET","SAMPLE"
"ARCHIVE_SJ_VIEW",,"ARCHIVE_TABLE_SET","SAMP_JOB_VIEW"
"ARCHIVE_ST_VIEW",,"ARCHIVE_TABLE_SET","SAMP_TEST_VIEW"
"ARCHIVE_TEST",,"ARCHIVE_TABLE_SET","TEST"
"ATTACHMENT","GROUP_ID",,
"AUDIT_DATA",,,
"AUDIT_EVENT",,,
"AUDIT_TRANSACTION",,,
"AUDIT_VALUES",,,
"AUDIT_VIEW",,,
"BARMENU","GROUP_ID",,
"BATCH_ENTRY",,,
"BATCH_HEADER",,,
"BATCH_SQC_ACTIVE_VIE",,,
"BATCH_SQC_ACTIVE_VIEW",,,
"BATCH_SQC_COMMITTED_",,,
"BATCH_SQC_COMMITTED_VIEW",,,
"BATCH_SQC_HEADER","GROUP_ID",,
"BATCH_TMPL_ENTRY",,,
"BATCH_TMPL_HEADER","GROUP_ID",,
"BATCH_TMPL_SQC",,,
"BL_RELATIONSHIP",,,
"BL_RELATIONSHIP_CLAUSE",,,
"BL_TYPE",,,
"BLOB_VALUES",,,
"C_AUDIT_DATA",,"DEFAULT_TABLE_SET","AUDIT_DATA"
"C_AUDIT_EVENT",,"DEFAULT_TABLE_SET","AUDIT_EVENT"
"C_AUDIT_TRANSACTION",,"DEFAULT_TABLE_SET","AUDIT_TRANSACTION"
"C_AUDIT_VALUES",,"DEFAULT_TABLE_SET","AUDIT_VALUES"
"C_AUDIT_VIEW",,"DEFAULT_TABLE_SET","AUDIT_VIEW"
"C_BATCH_ENTRY",,"DEFAULT_TABLE_SET","BATCH_ENTRY"
"C_BATCH_HEADER",,"DEFAULT_TABLE_SET","BATCH_HEADER"
"C_ESIG_DATA",,"DEFAULT_TABLE_SET","ESIG_DATA"
"C_ESIG_DATA_VIEW",,"DEFAULT_TABLE_SET","ESIG_DATA_VIEW"
"C_ESIG_EVENT",,"DEFAULT_TABLE_SET","ESIG_EVENT"
"C_JOB_HEADER","GROUP_ID","DEFAULT_TABLE_SET","JOB_HEADER"
"C_RESULT","GROUP_ID","DEFAULT_TABLE_SET","RESULT"
"C_SAMP_JOB_VIEW",,"DEFAULT_TABLE_SET","SAMP_JOB_VIEW"
"C_SAMP_TEST_VIEW",,"DEFAULT_TABLE_SET","SAMP_TEST_VIEW"
"C_SAMPLE",,"DEFAULT_TABLE_SET","SAMPLE"
"C_SAMPLE_FORMULATION",,"DEFAULT_TABLE_SET","SAMPLE_FORMULATION"
"C_TEST",,"DEFAULT_TABLE_SET","TEST"
"CALC_FUNCTION","GROUP_ID",,
"CALC_FUNCTION_PARAMETER",,,
"CALCULATION",,,
"CERT_DESTINATION",,,
"CERT_SECTION",,,
"CERT_SECTION_DATA",,,
"CERT_SECTION_PROMPT",,,
"CERT_SECTION_RESULT",,,
"CERTIFICATE","GROUP_ID",,
"CERTIFICATE_ENTRY",,,
"CERTIFICATE_TEMPLATE","GROUP_ID",,
"CGI_SCRIPT",,,
"CHAPTER",,,
"CHARGE_ENTRY",,,
"CHARGE_HEADER","GROUP_ID",,
"CLIENT_ACCESS",,,
"COLUMN_SET_ENTRY",,,
"COLUMN_SET_HEADER","GROUP_ID",,
"COMPLIST_ENTRY_VIEW",,,
"COMPLIST_HEADER_VIEW",,,
"COMPONENT_EQUIVALENCE",,,
"COMPONENT_VIEW",,,
"CONFIG_HEADER",,,
"CONFIG_ITEM",,,
"CONTENTS",,,
"CRITERIA",,,
"CRITERIA_CONDITION",,,
"CRITERIA_HEADER","GROUP_ID",,
"CRITERIA_ORDER",,,
"CRITERIA_SAVED","GROUP_ID",,
"CRITERIA_VARIABLE",,,
"CUSTOMER","GROUP_ID",,
"DAILY_TOOLBAR",,,
"DATA_TRAIL_ENTRY",,,
"DESTINATION","GROUP_ID",,
"DESTINATION_FAILURE",,,
"DIARY",,,
"DISTRIBUTION",,,
"ENHANCED_WORKSHEET","GROUP_ID",,
"ENTITY_DEFINITION",,,
"ENTITY_DEFINITION_FIELD",,,
"ENTITY_DEFINITION_PROPERTY",,,
"ENTITY_GENERIC_PROPERTY",,,
"ENTITY_TEMPLATE","GROUP_ID",,
"ENTITY_TEMPLATE_FIELD",,,
"ENTITY_TEMPLATE_PROPERTY",,,
"ESIG_CHECKSUM_FIELDS",,,
"ESIG_DATA",,,
"ESIG_DATA_VIEW",,,
"ESIG_EVENT",,,
"ESIG_MENU_LEVEL",,,
"ESIG_MENU_LEVEL_VIEW",,,
"EXPLORER_AUX","GROUP_ID",,
"EXPLORER_AUX_FIELDS",,,
"EXPLORER_CABINET","GROUP_ID",,
"EXPLORER_CABINET_ROLE",,,
"EXPLORER_COLUMN","GROUP_ID",,
"EXPLORER_COLUMN_USER","GROUP_ID",,
"EXPLORER_EXPRESSION",,,
"EXPLORER_FOLDER","GROUP_ID",,
"EXPLORER_FOLDER_ICON",,,
"EXPLORER_FOLDER_LINK",,,
"EXPLORER_GROUP",,,
"EXPLORER_HIERARCHY","GROUP_ID",,
"EXPLORER_HIERARCHY_LEVEL",,,
"EXPLORER_RMB","GROUP_ID",,
"EXPLORER_ROLE",,,
"FAVOURITE",,,
"FORM","GROUP_ID",,
"FORM_PAGE",,,
"GROUP_HEADER","GROUP_ID",,
"GROUPLINK",,,
"HAZARD","GROUP_ID",,
"HELP_CONTEXT",,,
"ICON","GROUP_ID",,
"INC_CHECKLIST_ACTIONS",,,
"INC_CHECKLIST_RESULTS",,,
"INCIDENT_CHECKLIST","GROUP_ID",,
"INCIDENT_TEMPLATE","GROUP_ID",,
"INCIDENTS",,,
"INCREMENTS",,,
"INFOMAKER_LINK","GROUP_ID",,
"INFOMAKER_PARAMETERS",,,
"INSPECT_HISTORY_VIEW",,,
"INSPECTION_HEADER","GROUP_ID",,
"INSPECTION_RECORD",,,
"INSPECTOR",,,
"INSTRUMENT","GROUP_ID",,
"INSTRUMENT_CALIB_SAMPLE",,,
"INSTRUMENT_EVENT",,,
"INSTRUMENT_PART","GROUP_ID",,
"INSTRUMENT_PART_EVENT",,,
"INSTRUMENT_PART_LINK",,,
"INSTRUMENT_PART_LINK_TEMPLATE",,,
"INSTRUMENT_PART_TEMPLATE","GROUP_ID",,
"INSTRUMENT_PROPERTY",,,
"INSTRUMENT_PROPERTY_TEMPLATE",,,
"INSTRUMENT_TEMPLATE","GROUP_ID",,
"INSTRUMENT_TRAINING",,,
"INTERFACE","GROUP_ID",,
"INTERFACE_ACTION",,,
"INTERFACE_FIELD",,,
"JOB_HEADER","GROUP_ID",,
"JOB_INSPECT_VIEW",,,
"JOB_LOT_VIEW",,,
"JOB_TEMPLATE","GROUP_ID",,
"JOBTAB_HEADER","GROUP_ID",,
"LABEL_TEMPLATE","GROUP_ID",,
"LANGUAGE","GROUP_ID",,
"LICENSE",,,
"LIMIT_CALCULATION",,,
"LIMIT_PHRASE_ENTRY",,,
"LIMIT_PHRASE_HEADER","GROUP_ID",,
"LIMIT_VIEW",,,
"LIMS_TABLE",,,
"LIMSML_ENTITY_ACTION","GROUP_ID",,
"LIMSML_ENTITY_PARAM",,,
"LIST_RESULT",,,
"LIST_RESULT_FORMAT","GROUP_ID",,
"LOCATION","GROUP_ID",,
"LOCATION_TYPE","GROUP_ID",,
"LOCATION_TYPE_LIST",,,
"LOG_SCHED_ENTRY",,,
"LOG_SCHED_HEADER","GROUP_ID",,
"LOT_DETAILS",,,
"LOT_RELATION",,,
"LOT_TEMPLATE","GROUP_ID",,
"MASTER_MENU",,,
"MENU","GROUP_ID",,
"MENU_IE_VIEW",,,
"MENU_MYTASKS",,,
"MENU_TOOLBAR",,,
"MESSAGING",,,
"MLP_ANALYSIS",,,
"MLP_COMPONENTS",,,
"MLP_FAMILY",,,
"MLP_FAMILY_HEADER","GROUP_ID",,
"MLP_HEADER","GROUP_ID",,
"MLP_LATEST_VERSION_VIEW",,,
"MLP_LEVEL","GROUP_ID",,
"MLP_SCHEDULE",,,
"MLP_VALUES",,,
"MLP_VERSIONS",,,
"MLP_VERSIONS_VIEW",,,
"MLP_VIEW",,,
"MT_FIELDS",,,
"NOTEKEY",,,
"NOTES",,,
"OBSOLETE_ESIG_MENU_LEVEL",,,
"OBSOLETE_MLP_VERSIONS",,,
"PASSWORD",,,
"PERSONNEL","GROUP_ID",,
"PERSONNEL_TRAINING",,,
"PHRASE",,,
"PHRASE_HEADER","GROUP_ID",,
"PREPARATION","GROUP_ID",,
"PREPARATION_TRAINING",,,
"PRINTER","GROUP_ID",,
"PROJECT_INFO","GROUP_ID",,
"R_BATCH_FAILURES",,,
"R_BATCH_REPORT",,,
"R_BATCH_TMPL_COMPONENTS_LIST",,,
"R_SAMPLE_WORKSHEET",,,
"R_WORK_PROFILE_COMPONENTS_LIST",,,
"R_WORKSHEET",,,
"R_WORKSHEET_BODY",,,
"REPORT","GROUP_ID",,
"REPORT_TEMPLATE","GROUP_ID",,
"REPORT_TMPL_ADV_OPTS",,,
"REPORT_TMPL_DATA_BLO",,,
"REPORT_TMPL_DATA_BLOCK",,,
"REPORT_TMPL_DOC_FOOT",,,
"REPORT_TMPL_DOC_FOOTER",,,
"REPORT_TMPL_DOC_HEAD",,,
"REPORT_TMPL_DOC_HEADER",,,
"REPORT_TMPL_FONT",,,
"REPORT_TMPL_GRAPH_BL",,,
"REPORT_TMPL_GRAPH_BLOCK",,,
"REPORT_TMPL_HEADER","GROUP_ID",,
"REPORT_TMPL_LAYOUT",,,
"REPORT_TMPL_TABS",,,
"REPORT_TMPL_TEXT_BLO",,,
"REPORT_TMPL_TEXT_BLOCK",,,
"REPORTER","GROUP_ID",,
"RESULT","GROUP_ID",,
"ROLE_ASSIGNMENT",,,
"ROLE_ENTRY",,,
"ROLE_ENTRY_DETAILS",,,
"ROLE_HEADER","GROUP_ID",,
"ROLE_MENU",,,
"RULE","GROUP_ID",,
"RULE_COUNT",,,
"SAMP_JOB_TEST_RESULT",,,
"SAMP_JOB_VIEW",,,
"SAMP_TEST_RESULT",,,
"SAMP_TEST_VIEW",,,
"SAMP_TMPL_HEADER","GROUP_ID",,
"SAMPLE",,,
"SAMPLE_FORMULATION",,,
"SAMPLE_INSPECT_VIEW",,,
"SAMPLE_PLAN_ENTRY",,,
"SAMPLE_PLAN_HEADER","GROUP_ID",,
"SAMPLE_PLAN_MATRIX",,,
"SAMPLE_PLAN_RULE",,,
"SAMPLE_POINT","GROUP_ID",,
"SAMPLE_WORKSHEET",,,
"SAMPLING_PROCEDURE","GROUP_ID",,
"SCHEDULE","GROUP_ID",,
"SCHEDULE_CALENDAR","GROUP_ID",,
"SCHEDULE_CALENDAR_PERIOD",,,
"SCHEDULE_GROUP","GROUP_ID",,
"SCHEDULE_POINT",,,
"SCHEDULE_POINT_ANALYSIS",,,
"SCHEDULE_POINT_TEST_SCHEDULE",,,
"SIG_FIGS","GROUP_ID",,
"SMW_MENU",,,
"STANDARD","GROUP_ID",,
"STANDARD_CONCENTRATI",,,
"STANDARD_CONCENTRATION",,,
"STANDARD_VERSIONS",,,
"STAT_ATRIB_DOUBLE",,,
"STAT_ATRIB_SINGLE",,,
"STAT_CODE",,,
"STAT_VARBL_SINGLE",,,
"STOCK","GROUP_ID",,
"STOCK_BATCH",,,
"STOCK_BATCH_PROPERTY",,,
"STOCK_INVENTORY",,,
"STOCK_ORDER",,,
"STOCK_ORDER_ITEM",,,
"STOCK_PROPERTY",,,
"SUBSTANCE","GROUP_ID",,
"SUBSTANCE_GHS_HAZARD",,,
"SUBSTANCE_GHS_PICTOGRAM",,,
"SUBSTANCE_GHS_PRECAUTIONARY",,,
"SUBSTANCE_HAZARD",,,
"SUBSTANCE_RISK",,,
"SUBSTANCE_SAFETY",,,
"SUPERTEMPLATELIST",,,
"SUPPLIER","GROUP_ID",,
"SUPPLIER_DETAIL",,,
"SYNTAX",,,
"TAB_CRITERIA",,,
"TAB_GUI","GROUP_ID",,
"TAB_HEADER","GROUP_ID",,
"TAB_OUTPUT_COLUMNS",,,
"TAB_RESULT_CRITERIA",,,
"TABLE_RELATIONSHIP",,,
"TABLE_RELATIONSHIP_CLAUSE",,,
"TEMPLATE_FIELDS",,,
"TEST",,,
"TEST_INSPECT_VIEW",,,
"TEST_SCHED_ENTRY",,,
"TEST_SCHED_HEADER","GROUP_ID",,
"TIMER_SCHEDULE","GROUP_ID",,
"TIMERQUEUE",,,
"TRAINING_COURSE","GROUP_ID",,
"UNIT_ALIAS",,,
"UNIT_HEADER",,,
"USER_SETTING",,,
"USER_VIEW","GROUP_ID",,
"USER_WORKSHEET",,,
"VERSIONED_ANALYSIS","GROUP_ID",,
"VERSIONED_ANALYSIS_STOCK_USE",,,
"VERSIONED_ANALYSIS_TRAINING",,,
"VERSIONED_C_L_ENTRY",,,
"VERSIONED_C_L_HEADER",,,
"VERSIONED_CATEGORY_COMPONENT",,,
"VERSIONED_COMPONENT",,,
"WEB_LINK","GROUP_ID",,
"WEB_MENU",,,
"WEB_MENU_ITEM",,,
"WEB_MENU_SECTION","GROUP_ID",,
"WORK_PROFILE","GROUP_ID",,
"WORKFLOW","GROUP_ID",,
"WORKFLOW_ACTION_ROLE",,,
"WORKFLOW_ACTION_TYPE","GROUP_ID",,
"WORKFLOW_EVENT_TYPE","GROUP_ID",,
"WORKFLOW_JOURNAL",,,
"WORKFLOW_LINK",,,
"WORKFLOW_NODE",,,
"WORKFLOW_ROLE",,,
"WORKFLOW_STATE","GROUP_ID",,
"WORKFLOW_STATE_CONDITION",,,
"WORKING_SCHEDULE",,,
"WORKING_SCHEDULE_HEADER","GROUP_ID",,
"WORKSHEET",,,
