﻿LIMSML_ENTITY_PARAM
ENTITY,ACTION,PARAMETER,IS_MANDATORY,DESCRIPTION
20,20,20,1,234
                     150
"ANALYSIS","GET_COMPONENTS","ANALYSIS_ID","TRUE","Analysis Identity"
"ANALYSIS","GET_COMPONENTS","ANALYSIS_VERSION","FALSE","Analysis Version"
"CHROMELEON_MAPPING","GET","TEST_NUMBER","TRUE","Test Number"
"CRITERIA","GET","TABLE_NAME","TRUE","Table name to fetch criteria for"
"EXPLORER_AUX","EXECUTE","IDENTITY","TRUE","Explorer Aux Identity"
"EXPLORER_AUX","EXECUTE","TABLE","TRUE","Table Name"
"EXPLORER_AUX","GET_PARAMETERS","IDENTITY","FALSE","Explorer Aux Identity"
"EXPLORER_AUX","GET_PARAMETERS","TABLE","FALSE","Table Name"
"EXPLORER_AUX","VALIDATE","IDENTITY","TRUE","Explorer Aux Identity"
"EXPLORER_AUX","VALIDATE","TABLE","TRUE","Table Name"
"EXPLORER_FOLDER","GET_COLUMNS","CABINET_ID","TRUE","Explorer cabinet identity"
"EXPLORER_FOLDER","GET_COLUMNS","FOLDER_NUMBER","TRUE","Explorer folder number"
"EXPLORER_FOLDER","GET_CONTENT_COUNT","CABINET_ID","TRUE","Explorer cabinet identity"
"EXPLORER_FOLDER","GET_CONTENT_COUNT","FOLDER_NUMBER","TRUE","Explorer folder number"
"EXPLORER_FOLDER","GET_CONTENTS","CABINET_ID","TRUE","Explorer cabinet identity"
"EXPLORER_FOLDER","GET_CONTENTS","FOLDER_NUMBER","TRUE","Explorer folder number"
"EXPLORER_FOLDER","GET_CONTENTS","PAGE","FALSE","Page number to display"
"EXPLORER_FOLDER","GET_CONTENTS","PAGESIZE","FALSE","Number of items to fit on a page"
"EXPLORER_FOLDER","GET_CONTENTS","SCHEMA","FALSE","Should the schema be included in the output?"
"EXPLORER_FOLDER","GET_RMB","CABINET_ID","TRUE","Explorer cabinet identity"
"EXPLORER_FOLDER","GET_RMB","FOLDER_NUMBER","TRUE","Explorer folder number"
"EXPLORER_FOLDER","SET_COLUMNS","CABINET_ID","TRUE","Explorer cabinet identity"
"EXPLORER_FOLDER","SET_COLUMNS","FOLDER_NUMBER","TRUE","Explorer folder number"
"EXPLORER_RMB","CHECK_CONTEXT","CABINET_ID","TRUE","Explorer cabinet identity"
"EXPLORER_RMB","CHECK_CONTEXT","FOLDER_NUMBER","TRUE","Explorer folder number"
"EXPLORER_RMB","CHECK_CONTEXT","RMB_NUMBER","TRUE","Explorer RMB number"
"GENERIC","BROWSE","ALL_VERSIONS","FALSE","If true then all versions of each item will be included otherwise only the maximum applicable version will be included"
"GENERIC","BROWSE","CRITERIA","FALSE","The predefined criteria to be used"
"GENERIC","BROWSE","FIELD","TRUE","Field to browse upon"
"GENERIC","BROWSE","FILTER_1_PROPERTY","FALSE","Property to use in filtering results."
"GENERIC","BROWSE","FILTER_1_VALUE","FALSE","The value that each item's property must be equal to in order to be included in the browse"
"GENERIC","BROWSE","FILTER_2_PROPERTY","FALSE","Property to use in filtering results."
"GENERIC","BROWSE","FILTER_2_VALUE","FALSE","The value that each item's property must be equal to in order to be included in the browse"
"GENERIC","BROWSE","ONLY_APPROVED","FALSE","If true then only the approved versions will be shown otherwise all status will be displayed"
"GENERIC","BROWSE","PAGE","FALSE","Page number to display"
"GENERIC","BROWSE","PAGESIZE","FALSE","Number of items to fit on a page"
"GENERIC","BROWSE","SCHEMA","FALSE","Should the schema be included in the output?"
"GENERIC","BROWSE","SORT_ASCENDING","FALSE","True to sort Ascending, False to sort Descending"
"GENERIC","BROWSE","SORT_BY","FALSE","Column to sort by"
"GENERIC","BROWSE","STARTTEXT","FALSE","The text to indicate what filtering to apply to the browse initially."
"GENERIC","BROWSE_COUNT","ALL_VERSIONS","FALSE","If true then all versions of each item will be included otherwise only the maximum applicable version will be included"
"GENERIC","BROWSE_COUNT","CRITERIA","FALSE","The predefined criteria to apply"
"GENERIC","BROWSE_COUNT","FIELD","TRUE","Field to browse upon"
"GENERIC","BROWSE_COUNT","FILTER_1_PROPERTY","FALSE","Property to use in filtering results."
"GENERIC","BROWSE_COUNT","FILTER_1_VALUE","FALSE","The value that each item's property must be equal to in order to be included in the browse"
"GENERIC","BROWSE_COUNT","FILTER_2_PROPERTY","FALSE","Property to use in filtering results."
"GENERIC","BROWSE_COUNT","FILTER_2_VALUE","FALSE","The value that each item's property must be equal to in order to be included in the browse"
"GENERIC","BROWSE_COUNT","ONLY_APPROVED","FALSE","If true then only the approved versions will be shown otherwise all status will be displayed"
"GENERIC","BROWSE_COUNT","STARTTEXT","FALSE","The text to indicate what filtering to apply to the browse initially."
"GENERIC","CREATE","IDENTITY","TRUE","Record Identity to Create"
"GENERIC","FAVORITES_ADD","KEY0","TRUE","Key0 for the record to be added"
"GENERIC","FAVORITES_REMOVE","KEY0","TRUE","Key0 for the record to be removed"
"GENERIC","FIND","PAGE","FALSE","Page number to display"
"GENERIC","FIND","PAGESIZE","FALSE","Number of items to fit on a page"
"GENERIC","FIND","SCHEMA","FALSE","Should the schema be included in the output?"
"GENERIC","GET_BY_IDENTITY","IDENTITY","TRUE","Padded Record Identity (without version)"
"GENERIC","GET_BY_IDENTITY","SCHEMA","FALSE","Should the schema be included in the output?"
"GENERIC","GET_BY_IDENTITY","VERSION","FALSE","Record version"
"GENERIC","GET_COLUMNS","AVAILABLE","TRUE","Indicates whether all fields or only the user selected fields are to be returned"
"GENERIC","GET_RELATED_ITEMS","IDENTITY","TRUE","Padded Record Identity (without version)"
"GENERIC","GET_RELATED_ITEMS","INVERSE_RELATIONSHIP","FALSE","Should the relationship be followed in the opposite direction to normal?"
"GENERIC","GET_RELATED_ITEMS","RELATIONSHIP_ID","TRUE","The name of the relationship to use"
"GENERIC","GET_RELATED_ITEMS","VERSION","FALSE","Record version"
"GENERIC","RUN_WORKFLOW","REPLICATES","FALSE","Number of times to run workflow"
"GENERIC","RUN_WORKFLOW","WORKFLOW_NAME","TRUE","Workflow name"
"GENERIC","SEARCH","BROWSE_ONLY","FALSE","Get Browse Fields Only"
"GENERIC","SEARCH","FILTER_1_OPERATOR","FALSE","Operator for Filter One"
"GENERIC","SEARCH","FILTER_1_PROPERTY","FALSE","Property to use in filtering results."
"GENERIC","SEARCH","FILTER_1_VALUE","FALSE","The value that each item's property must be equal to in order to be included in the browse"
"GENERIC","SEARCH","FILTER_2_OPERATOR","FALSE","Operator for Filter Two"
"GENERIC","SEARCH","FILTER_2_PREDICATE","FALSE","Filter 2 Predicate AND/OR"
"GENERIC","SEARCH","FILTER_2_PROPERTY","FALSE","Property to use in filtering results."
"GENERIC","SEARCH","FILTER_2_VALUE","FALSE","The value that each item's property must be equal to in order to be included in the browse"
"GENERIC","SEARCH","FILTER_3_OPERATOR","FALSE","Operator for Filter Three"
"GENERIC","SEARCH","FILTER_3_PREDICATE","FALSE","Filter 3 Predicate AND/OR"
"GENERIC","SEARCH","FILTER_3_PROPERTY","FALSE","Propert for Filter Three"
"GENERIC","SEARCH","FILTER_3_VALUE","FALSE","Value for Filter Three"
"GENERIC","SEARCH","PAGE","FALSE","Page number to display"
"GENERIC","SEARCH","PAGESIZE","FALSE","Number of items to fit on a page"
"GENERIC","SEARCH_COUNT","FILTER_1_OPERATOR","FALSE","Operator for Filter One"
"GENERIC","SEARCH_COUNT","FILTER_1_PROPERTY","FALSE","Property to use in filtering results."
"GENERIC","SEARCH_COUNT","FILTER_1_VALUE","FALSE","The value that each item's property must be equal to in order to be included in the browse"
"GENERIC","SEARCH_COUNT","FILTER_2_OPERATOR","FALSE","Operator for Filter Two"
"GENERIC","SEARCH_COUNT","FILTER_2_PREDICATE","FALSE","Filter 2 Predicate AND/OR"
"GENERIC","SEARCH_COUNT","FILTER_2_PROPERTY","FALSE","Property to use in filtering results."
"GENERIC","SEARCH_COUNT","FILTER_2_VALUE","FALSE","The value that each item's property must be equal to in order to be included in the browse"
"GENERIC","SEARCH_COUNT","FILTER_3_OPERATOR","FALSE","Operator for Filter Three"
"GENERIC","SEARCH_COUNT","FILTER_3_PREDICATE","FALSE","Filter 3 Predicate AND/OR"
"GENERIC","SEARCH_COUNT","FILTER_3_PROPERTY","FALSE","Propert for Filter Three"
"GENERIC","SEARCH_COUNT","FILTER_3_VALUE","FALSE","Value for Filter Three"
"GENERIC","UPDATE","IDENTITY","TRUE","Record Identity to Create"
"INFOMAKER_REPORT","GENERATE","REPORT_ID","TRUE","Infomaker report identity"
"INFOMAKER_REPORT","GET_PARAMETERS","REPORT_ID","TRUE","Infomaker report identity"
"INFOMAKER_REPORT","VALIDATE_VALUES","REPORT_ID","TRUE","Infomaker report identity"
"JOB","CREATE_BY_TEMPLATE","IGNORE_SAMPLE_TEMP","FALSE","Ignore Sample Template"
"JOB","CREATE_BY_TEMPLATE","JOB_NAME","FALSE","The job's name."
"JOB","CREATE_BY_TEMPLATE","TEMPLATE","FALSE","Job Template"
"JOB_TEMPLATE","GET_FIELDS","TEMPLATE_ID","TRUE","Job Template identity"
"JOB_TEMPLATE","VALIDATE_VALUES","TEMPLATE_ID","TRUE","Job Template Identity"
"LIMSML_ENTITY_ACTION","GET_BY_IDENTITY","IDENTITY","TRUE","The padded id of the Entity Action"
"LIMSML_ENTITY_ACTION","GET_BY_IDENTITY","SCHEMA","FALSE","output schema"
"LIMSML_ENTITY_ACTION","GET_BY_RELATIONSHIP","IDENTITY","TRUE","Padded id for Entity and Action"
"RESULT","GET_AUDITS","COMPONENT_NAME","TRUE","Component Name"
"RESULT","GET_AUDITS","TEST_ID","TRUE","Test Number"
"SAMPLE","CREATE_BY_TEMPLATE","IGNORE_TEST_SCHEDULE","FALSE","Should Test schedule tests be logged in as well as the tests supplied"
"SAMPLE","CREATE_BY_TEMPLATE","JOB_NAME","FALSE","Job name"
"SAMPLE","CREATE_BY_TEMPLATE","REPLICATES","FALSE","Number of replicates to create"
"SAMPLE","CREATE_BY_TEMPLATE","TEMPLATE","FALSE","Sample Template identity"
"SAMPLE","CREATE_BY_WORKFLOW","REPLICATES","FALSE","Number of replicates to create"
"SAMPLE","CREATE_BY_WORKFLOW","WORKFLOW_NAME","FALSE","Workflow Name"
"SAMPLE","GET_COMPONENT_LIMITS","COMPONENT_NAME","TRUE","Component Name"
"SAMPLE","GET_COMPONENT_LIMITS","SAMPLE_ID","TRUE","Sample ID"
"SAMPLE","GET_COMPONENT_LIMITS","TEST_ID","TRUE","Test ID"
"SAMPLE","GET_RESULTS","SAMPLE_ID","TRUE","Sample identity"
"SAMPLE","RESULT_ENTRY","COMPLETE_SAMPLE","FALSE","Force completion of the sample"
"SAMPLE","RESULT_ENTRY","COMPLETE_TESTS","FALSE","Force completion of updated tests"
"SAMPLE","RESULT_ENTRY","CREATE_SAMPLE","FALSE","Create Sample record if one is not identified"
"SAMPLE","RESULT_ENTRY","CREATE_SAMPLE_TEMP","FALSE","Sample Template to use when creating samples"
"SAMPLE","RESULT_ENTRY","CREATE_SAMPLE_WORKFL","FALSE","Workflow name to use when creating samples"
"SAMPLE","RESULT_ENTRY","CREATE_TESTS","FALSE","Create Test records if they are not identified"
"SAMPLE","RESULT_ENTRY","FULL_RESPONSE","FALSE","Build a full response detailing any unsaved results"
"SAMPLE","RESULT_ENTRY","IGNORE_ADHOC","FALSE","If TRUE then Adhoc Components will be ignored"
"SAMPLE","RESULT_ENTRY","IGNORE_ALL_RESULT_ER","FALSE","If TRUE then all result entry errors will be ignored"
"SAMPLE","RESULT_ENTRY","IGNORE_RESULT_ERRORS","FALSE","If TRUE then non mapping result errors will be ignored"
"SAMPLE","RESULT_ENTRY","RECALCULATE","FALSE","Ensure that calculated components are recalculated for updated tests"
"SAMPLE","RESULT_ENTRY","REQUIRE_VALID_SAMPLE","FALSE","If TRUE then failing to find a sample will result in an error."
"SAMPLE","RESULT_ENTRY","REQUIRE_VALID_TEST","FALSE","If TRUE then failing to find a test will result in an error."
"SAMPLE","RESULT_ENTRY","TEST_REPS_ENABLED","FALSE","If TRUE then test replicates will be used."
"SAMPLE","RESULT_ENTRY","UPDATE_SAMPLE","FALSE","Update the Sample record with the passed in fields"
"SAMPLE","RESULT_ENTRY","UPDATE_TESTS","FALSE","Update the Test records with the passed in fields"
"SAMPLE","RESULT_ENTRY","VALID_TEST_STATUS","FALSE","List of acceptable test status - e.g. CVP"
"SAMPLE","RESULT_ENTRY","ANAL_TRAIN_REASON","FALSE","If training is required and the user has the TRAINING_OVERRIDE role."
"SAMPLE","RESULT_ENTRY","INST_TRAIN_REASON","FALSE","If training is required and the user has the TRAINING_OVERRIDE role."
"SAMPLE_TEMPLATE","GET_FIELDS","JOB_NAME","FALSE","Job name"
"SAMPLE_TEMPLATE","GET_FIELDS","TEMPLATE_ID","TRUE","Sample Template Identity"
"SAMPLE_TEMPLATE","VALIDATE_VALUES","TEMPLATE_ID","TRUE","Sample Template Identity"
"SYSTEM","GET_FILE","FILENAME","TRUE","Absolute path to the file to fetch"
"SYSTEM","PING","MESSAGE","FALSE","Message to return back from the LIMSML Processor"
"SYSTEM","SIGN_FAILURE","PROCEDURE_NUMBER","TRUE","Procedure Number to Sign"
"SYSTEM","SIGN_MENU_ITEM","PROCEDURE_NUMBER","TRUE","Procedure Number to Sign"
"TEST","GET_CHROM_MAPPED","ANALYSISID","FALSE","SampleManager Analysis ID"
"TEST","GET_CHROM_MAPPED","INSTRUMENT","FALSE","Chromeleon Instrument URI"
"TEST","GET_CHROM_MAPPED","PAGE","FALSE","Page Number"
"TEST","GET_CHROM_MAPPED","PAGESIZE","FALSE","Page Size"
"TEST","GET_CHROM_MAPPED","SCHEMA","FALSE","Include Schema"
"TEST_SCHEDULE","GET_CONTENTS","TEST_SCHEDULE_ID","TRUE","Test Schedule identity"
"USER_INTERFACE","GET_FIELDS","INTERFACE","TRUE","Interface identity"
"USER_INTERFACE","GET_FIELDS","TYPE_ID","TRUE","Type the interface is based on"
"USER_INTERFACE","VALIDATE_VALUES","INTERFACE","TRUE","Interface identity"
"USER_INTERFACE","VALIDATE_VALUES","TYPE_ID","TRUE","Type the interface is based on"
