﻿MAINTENANCE
MAINTENANCE_GUID,TABLE_NAME,RECORD_KEY0,NAME,DESCRIPTION,TYPE,STATUS,WORKFLOW_ID,AUTO_LOGIN,PLAN,LEAD_TIME,LAST_MAINTENANCE_DATE,NEXT_MAINTENANCE_DATE,USE_COMPLETION_DATE,CONTRACTOR,SAMPLE,OWNER,HAS_ATTACHMENTS
36,30,50,100,234,10,10,36,1,255,16,32,32,1,20,10,10,1
                       4
"B1B62D4A-B95D-47B8-BB9C-3205B62DF21B","INSTRUMENT_PART","WSI_1","PM-180","Preventative Maintenance 180 day interval","GEN_MNT","M",,"FALSE","DAY=(S=3Apr2020,F=365)TIME=(S=0:00,F=1:00)","60 00:00:00.00"," 10-04-2019 14:27:00.00"," 03-04-2020 14:27:00.00","TRUE",,"0","JESSEV","FALSE"
"D0C913D8-7A41-4204-B785-0671A8694F1F","INSTRUMENT_PART","WSI_10","PM-365","Preventative Maintenance 365 days","GEN_MNT","M",,"FALSE","DAY=(S=4Apr2020,F=365)TIME=(0:00)",," 04-04-2019 14:33:00.00"," 03-04-2020 14:33:00.00","TRUE",,"0","JESSEV","FALSE"
"DC78E6F9-3AC4-4ADF-8AD2-9AFFCAF3B608","INSTRUMENT_PART","WSI_10","SC-365","Service Contract 365 days ABSciex","SERV_CONT","M",,"FALSE","DAY=(S=1Jan2017,F=999)TIME=(0:00)","100 00:00:00.00"," 31-12-2017 14:51:00.00"," 31-12-2020 14:51:00.00","TRUE",,"0","JESSEV","FALSE"
"E28E58BB-C89E-4564-B429-251D64DDE7B3","INSTRUMENT_PART","WSI_1","SC-3yr","Service contract 1095 days","SERV_CONT","M",,"FALSE","DAY=(S=1Jan2017,F=1095)TIME=(0:00)","60 00:00:00.00"," 31-12-2017 14:47:00.00"," 31-12-2020 14:47:00.00","TRUE",,"0","JESSEV","FALSE"
