﻿MLP_LEVEL
LEVEL_ID,DESCRIPTION,LEVEL_TYPE,MESSAGE_ACTION,REPORT_ACTION,RESULT_ACTION,DISPLAY_MESSAGE,REPORT_NAME,ROUTINE_NAME,GROUP_ID,AQL_LEVEL,INCIDENT,INCIDENT_TEMPLATE,INCIDENT_WORKFLOW_ID,NAME,MODIFIABLE,REMOVEFLAG,INCLUDE_EXPRESSION
10,234,10,1,1,1,234,20,50,10,1,1,10,36,100,1,1,500
                      15
"BLANK","Automatically created via standards",,"TRUE","D","D","Value does not conform to standard","NONE",,,"FALSE","FALSE",,,"Blank","TRUE","FALSE",
"CALIB","Automatically created via standards",,"TRUE","D","A","Value does not conform to standard","NONE",,,"FALSE","FALSE",,,"Calib","TRUE","FALSE",
"CONFIRM","Confirmation required based on Recheck result",,"FALSE","D","A","Confirmation required based on Recheck result",,,,"FALSE","FALSE",,,"Confirmation","TRUE","FALSE",
"CONTROL","Automatically created via standards",,"TRUE","D","A","Value does not conform to standard","NONE",,,"FALSE","FALSE",,,"Control","TRUE","FALSE",
"DT_TCO2","Dt TCO2 Threshold",,"TRUE","D","A","Result is over threhshold",,,,"FALSE","FALSE",,,"Dt TCO2 Threshold","TRUE","TRUE",
"HIGH_TSH","High TSH level",,"FALSE","D","A",,,,,"FALSE","FALSE",,,"High TSH","TRUE","TRUE",
"LOW_TSH","Low TSH level",,"FALSE","D","A",,,,,"FALSE","FALSE",,,"Low TSH","TRUE","TRUE",
"RANGE","Range",,"FALSE","D","A",,,,,"FALSE","FALSE",,,"Range","TRUE","TRUE",
"RECHECK","Recheck required based on Screen result",,"FALSE","D","A","Recheck required based on Screen result",,,,"FALSE","FALSE",,,"Recheck","TRUE","FALSE",
"STANDARD","for Batches","FAILURE","TRUE","D","A","Fails QC Limit",,,,"FALSE","FALSE",,,"Standard","TRUE","FALSE",
"T1_F_T","Track 1, Female, Thoroughbred",,"TRUE","D","N","Notify Supervisor of result faiure",,,,"FALSE","FALSE",,,"Track 1, Female, Thoroughbred","TRUE","TRUE",
"T1_M_T","Track 1, Male, Thoroughbred",,"TRUE","D","N","Notify Supervisor of result faiure",,,,"FALSE","FALSE",,,"Track 1, Male, Thoroughbred","TRUE","TRUE",
"T2_F_S","Track 2, Female, Standard",,"TRUE","D","A","Notify Supervisor of result faiure",,,,"FALSE","FALSE",,,"Track 2, Female, Standard","TRUE","TRUE",
"T2_M_S","Track 2, Male, Standard",,"TRUE","D","A","Notify Supervisor of result faiure",,,,"FALSE","FALSE",,,"Track 2, Male, Standard","TRUE","TRUE",
"TESTINGMLP","Testing",,"TRUE","D","A","No",,,,"FALSE","FALSE",,,"Testingmlp","TRUE","TRUE",
