﻿MLP_HEADER
IDENTITY,PRODUCT_CODE,ENTRY_CODE,PRODUCT_GROUP,DESCRIPTION,TEST_SCHEDULE,PRODUCT_STATUS,MODIFIABLE,REMOVEFLAG,GROUP_ID,PRODUCT_VERSION,VERSION_COMMENT,VERSION_STATUS,CREATED_DATE,APPROVAL_REQD,APPROVAL_STATUS,INSPECTION_PLAN,SUBSTANCE,NAME,AQL_LEVEL,ACTIVE,ACTIVE_FROM,ACTIVE_TO
10,50,10,10,234,10,1,1,1,10,10,234,1,32,1,1,10,10,100,1,1,32,32
                     510
"100",,"918",,"Master Version for Standard",,"V","TRUE","FALSE",,"0","Master Version for Standard",," 17-04-2020 15:35:21.38","FALSE","A",,,"100","FALSE","TRUE", , 
"100",,"919",,"Created as Standard",,"V","TRUE","FALSE",,"1","Created as Standard",," 17-04-2020 15:35:21.38","FALSE","A",,,"100","FALSE","TRUE", , 
"10000NGML",,"1268",,"Master Version for Standard",,"V","TRUE","FALSE",,"0","Master Version for Standard",," 10-06-2020 15:33:13.08","FALSE","A",,,"10000ngml","FALSE","TRUE", , 
"10000NGML",,"1269",,"Created as Standard",,"V","TRUE","FALSE",,"1","Created as Standard",," 10-06-2020 15:33:13.10","FALSE","A",,,"10000ngml","FALSE","TRUE", , 
"1000AASMIX",,"392",,"Master Version for Standard",,"V","TRUE","FALSE",,"0","Master Version for Standard",," 10-10-2019 14:47:13.83","FALSE","A",,,"1000aasmix","FALSE","TRUE", , 
"1000AASMIX",,"393",,"Created as Standard",,"V","TRUE","FALSE",,"1","Created as Standard",," 10-10-2019 14:47:13.91","FALSE","A",,,"1000aasmix","FALSE","TRUE", , 
"100AASMIX",,"386",,"Master Version for Standard",,"V","TRUE","FALSE",,"0","Master Version for Standard",," 10-10-2019 14:45:36.14","FALSE","A",,,"100aasmix","FALSE","TRUE", , 
"100AASMIX",,"387",,"Created as Standard",,"V","TRUE","FALSE",,"1","Created as Standard",," 10-10-2019 14:45:36.16","FALSE","A",,,"100aasmix","FALSE","TRUE", , 
"100AASMIX",,"534",,"Created as Standard",,"V","TRUE","FALSE",,"2","Created as Standard",," 05-11-2019 11:21:37.51","FALSE","A",,,"100aasmix","FALSE","TRUE", , 
"150",,"923",,"Master Version for Standard",,"V","TRUE","FALSE",,"0","Master Version for Standard",," 17-04-2020 15:37:13.80","FALSE","A",,,"150","FALSE","TRUE", , 
"150",,"924",,"Created as Standard",,"V","TRUE","FALSE",,"1","Created as Standard",," 17-04-2020 15:37:13.80","FALSE","A",,,"150","FALSE","TRUE", , 
"175",,"925",,"Master Version for Standard",,"V","TRUE","FALSE",,"0","Master Version for Standard",," 17-04-2020 15:37:27.33","FALSE","A",,,"175","FALSE","TRUE", , 
"175",,"926",,"Created as Standard",,"V","TRUE","FALSE",,"1","Created as Standard",," 17-04-2020 15:37:27.33","FALSE","A",,,"175","FALSE","TRUE", , 
"200",,"927",,"Master Version for Standard",,"V","TRUE","FALSE",,"0","Master Version for Standard",," 17-04-2020 15:38:00.62","FALSE","A",,,"200","FALSE","TRUE", , 
"200",,"928",,"Created as Standard",,"V","TRUE","FALSE",,"1","Created as Standard",," 17-04-2020 15:38:00.62","FALSE","A",,,"200","FALSE","TRUE", , 
"2500AASMIX",,"394",,"Master Version for Standard",,"V","TRUE","FALSE",,"0","Master Version for Standard",," 10-10-2019 14:47:44.84","FALSE","A",,,"2500aasmix","FALSE","TRUE", , 
"2500AASMIX",,"395",,"Created as Standard",,"V","TRUE","FALSE",,"1","Created as Standard",," 10-10-2019 14:47:44.89","FALSE","A",,,"2500aasmix","FALSE","TRUE", , 
"250AASMIX",,"388",,"Master Version for Standard",,"V","TRUE","FALSE",,"0","Master Version for Standard",," 10-10-2019 14:46:04.97","FALSE","A",,,"250aasmix","FALSE","TRUE", , 
"250AASMIX",,"389",,"Created as Standard",,"V","TRUE","FALSE",,"1","Created as Standard",," 10-10-2019 14:46:05.23","FALSE","A",,,"250aasmix","FALSE","TRUE", , 
"25AANEAT",,"404",,"Master Version for Standard",,"V","TRUE","FALSE",,"0","Master Version for Standard",," 10-10-2019 14:52:26.42","FALSE","A",,,"25aaneat","FALSE","TRUE", , 
"25AANEAT",,"405",,"Created as Standard",,"V","TRUE","FALSE",,"1","Created as Standard",," 10-10-2019 14:52:26.46","FALSE","A",,,"25aaneat","FALSE","TRUE", , 
"25AASMIX",,"383",,"Master Version for Standard",,"V","TRUE","FALSE",,"0","Master Version for Standard",," 10-10-2019 14:44:22.26","FALSE","A",,,"25aasmix","FALSE","TRUE", , 
"25AASMIX",,"455",,"Created as Standard",,"V","TRUE","FALSE",,"1","Created as Standard",," 28-10-2019 15:57:48.73","FALSE","A",,,"25aasmix","FALSE","TRUE", , 
"25AASMIX",,"487",,"Created as Standard",,"V","TRUE","FALSE",,"2","Created as Standard",," 30-10-2019 10:12:29.68","FALSE","A",,,"25aasmix","FALSE","TRUE", , 
"456456",,"1079",,,,,"TRUE","FALSE",,"1",,," 04-06-2020 09:36:36.20","FALSE","A",,,"456456","FALSE","TRUE", , 
"5000AASMIX",,"396",,"Master Version for Standard",,"V","TRUE","FALSE",,"0","Master Version for Standard",," 10-10-2019 14:48:11.22","FALSE","A",,,"5000aasmix","FALSE","TRUE", , 
"5000AASMIX",,"397",,"Created as Standard",,"V","TRUE","FALSE",,"1","Created as Standard",," 10-10-2019 14:48:11.28","FALSE","A",,,"5000aasmix","FALSE","TRUE", , 
"500AASMIX",,"390",,"Master Version for Standard",,"V","TRUE","FALSE",,"0","Master Version for Standard",," 10-10-2019 14:46:42.92","FALSE","A",,,"500aasmix","FALSE","TRUE", , 
"500AASMIX",,"391",,"Created as Standard",,"V","TRUE","FALSE",,"1","Created as Standard",," 10-10-2019 14:46:42.93","FALSE","A",,,"500aasmix","FALSE","TRUE", , 
"50AASMIX",,"384",,"Master Version for Standard",,"V","TRUE","FALSE",,"0","Master Version for Standard",," 10-10-2019 14:44:53.33","FALSE","A",,,"50aasmix","FALSE","TRUE", , 
"50AASMIX",,"385",,"Created as Standard",,"V","TRUE","FALSE",,"1","Created as Standard",," 10-10-2019 14:44:53.33","FALSE","A",,,"50aasmix","FALSE","TRUE", , 
"56654",,"1078",,,,,"TRUE","FALSE",,"1",,," 04-06-2020 09:28:09.22","FALSE","A",,,"56654","FALSE","TRUE", , 
"5698",,"1077",,,,,"TRUE","FALSE",,"1",,," 04-06-2020 09:12:11.78","FALSE","A",,,"5698","FALSE","TRUE", , 
"8AAS_LC_SC",,"866",,"LCMS 8AAS Daily Screen Batch Template","8AAS_LC_SC",,"TRUE","FALSE",,"1",,," 17-04-2020 11:05:23.66","FALSE","A",,,"8aas Lc Sc","FALSE","TRUE", , 
"BARBIT_RCK",,"787",,"ELISA Barbituates Recheck Test","BARBIT_RCK",,"TRUE","FALSE",,"1",,," 04-02-2020 09:46:21.30","FALSE","A",,,"Barbit Rck","FALSE","TRUE", , 
"BG_TCO2_SC",,"371",,"Blood Gas TCO2 Screen","BG_TCO2_SC",,"TRUE","FALSE",,"1",,," 10-10-2019 13:59:06.29","FALSE","A",,,"Bg Tco2 Sc","FALSE","TRUE", , 
"BUPR_CONF",,"1370",,"Buprenorphine LCMS Confirmation Template","BUPR_CONF",,"TRUE","FALSE",,"1",,," 25-06-2020 10:26:52.55","FALSE","A",,,"Bupr Conf","FALSE","TRUE", , 
"BUPREN_RCK",,"781",,"ELISA Buprenorphine Recheck Test","BUPREN_RCK",,"TRUE","FALSE",,"1",,," 04-02-2020 09:46:04.33","FALSE","A",,,"Bupren Rck","FALSE","TRUE", , 
"C_0025NGML",,"1106",,"Master Version for Standard",,"V","TRUE","FALSE",,"0","Master Version for Standard",," 05-06-2020 11:57:13.07","FALSE","A",,,"C 0025ngml","FALSE","TRUE", , 
"C_0025NGML",,"1107",,"Created as Standard",,"V","TRUE","FALSE",,"1","Created as Standard",," 05-06-2020 11:57:13.14","FALSE","A",,,"C 0025ngml","FALSE","TRUE", , 
"C_005_NGML",,"1356",,"Master Version for Standard",,"V","TRUE","FALSE",,"0","Master Version for Standard",," 23-06-2020 15:09:59.84","FALSE","A",,,"C 005 Ngml","FALSE","TRUE", , 
"C_005_NGML",,"1357",,"Created as Standard",,"V","TRUE","FALSE",,"1","Created as Standard",," 23-06-2020 15:09:59.92","FALSE","A",,,"C 005 Ngml","FALSE","TRUE", , 
"C_025_NGML",,"813",,"Master Version for Standard",,"V","TRUE","FALSE",,"0","Master Version for Standard",," 10-03-2020 10:48:49.68","FALSE","A",,,"C 025 Ngml","FALSE","TRUE", , 
"C_025_NGML",,"814",,"Created as Standard",,"V","TRUE","FALSE",,"1","Created as Standard",," 10-03-2020 10:48:49.71","FALSE","A",,,"C 025 Ngml","FALSE","TRUE", , 
"C_025_NGML",,"887",,"Created as Standard",,"V","TRUE","FALSE",,"2","Created as Standard",," 17-04-2020 14:14:06.98","FALSE","A",,,"C 025 Ngml","FALSE","TRUE", , 
"C_025_PGML",,"1098",,"Master Version for Standard",,"V","TRUE","FALSE",,"0","Master Version for Standard",," 04-06-2020 15:55:42.48","FALSE","A",,,"C 025 Pgml","FALSE","TRUE", , 
"C_025_PGML",,"1099",,"Created as Standard",,"V","TRUE","FALSE",,"1","Created as Standard",," 04-06-2020 15:55:42.51","FALSE","A",,,"C 025 Pgml","FALSE","TRUE", , 
"C_05_NGML",,"807",,"Master Version for Standard",,"V","TRUE","FALSE",,"0","Master Version for Standard",," 10-03-2020 09:19:26.75","FALSE","A",,,"C 05 Ngml","FALSE","TRUE", , 
"C_05_NGML",,"808",,"Created as Standard",,"V","TRUE","FALSE",,"1","Created as Standard",," 10-03-2020 09:19:26.77","FALSE","A",,,"C 05 Ngml","FALSE","TRUE", , 
"C_05_NGML",,"888",,"Created as Standard",,"V","TRUE","FALSE",,"2","Created as Standard",," 17-04-2020 14:14:11.76","FALSE","A",,,"C 05 Ngml","FALSE","TRUE", , 
"C_05_NGML",,"889",,"Created as Standard",,"V","TRUE","FALSE",,"3","Created as Standard",," 17-04-2020 14:14:17.95","FALSE","A",,,"C 05 Ngml","FALSE","TRUE", , 
"C_05UGML",,"1169",,"Master Version for Standard",,"V","TRUE","FALSE",,"0","Master Version for Standard",," 10-06-2020 13:05:30.50","FALSE","A",,,"C 05ugml","FALSE","TRUE", , 
"C_05UGML",,"1170",,"Created as Standard",,"V","TRUE","FALSE",,"1","Created as Standard",," 10-06-2020 13:05:30.53","FALSE","A",,,"C 05ugml","FALSE","TRUE", , 
"C_075_NGML",,"1108",,"Master Version for Standard",,"V","TRUE","FALSE",,"0","Master Version for Standard",," 05-06-2020 12:03:29.13","FALSE","A",,,"C 075 Ngml","FALSE","TRUE", , 
"C_075_NGML",,"1109",,"Created as Standard",,"V","TRUE","FALSE",,"1","Created as Standard",," 05-06-2020 12:03:29.13","FALSE","A",,,"C 075 Ngml","FALSE","TRUE", , 
"C_1_NGML",,"811",,"Master Version for Standard",,"V","TRUE","FALSE",,"0","Master Version for Standard",," 10-03-2020 10:33:39.23","FALSE","A",,,"C 1 Ngml","FALSE","TRUE", , 
"C_1_NGML",,"812",,"Created as Standard",,"V","TRUE","FALSE",,"1","Created as Standard",," 10-03-2020 10:33:39.26","FALSE","A",,,"C 1 Ngml","FALSE","TRUE", , 
"C_1_NGML",,"891",,"Created as Standard",,"V","TRUE","FALSE",,"2","Created as Standard",," 17-04-2020 14:14:35.68","FALSE","A",,,"C 1 Ngml","FALSE","TRUE", , 
"C_1_PGML",,"1100",,"Master Version for Standard",,"V","TRUE","FALSE",,"0","Master Version for Standard",," 04-06-2020 15:59:38.76","FALSE","A",,,"C 1 Pgml","FALSE","TRUE", , 
"C_1_PGML",,"1101",,"Created as Standard",,"V","TRUE","FALSE",,"1","Created as Standard",," 04-06-2020 15:59:38.76","FALSE","A",,,"C 1 Pgml","FALSE","TRUE", , 
"C_10_NGML",,"817",,"Master Version for Standard",,"V","TRUE","FALSE",,"0","Master Version for Standard",," 10-03-2020 10:56:22.23","FALSE","A",,,"C 10 Ngml","FALSE","TRUE", , 
"C_10_NGML",,"818",,"Created as Standard",,"V","TRUE","FALSE",,"1","Created as Standard",," 10-03-2020 10:56:22.28","FALSE","A",,,"C 10 Ngml","FALSE","TRUE", , 
"C_10_NGML",,"892",,"Created as Standard",,"V","TRUE","FALSE",,"2","Created as Standard",," 17-04-2020 14:14:40.10","FALSE","A",,,"C 10 Ngml","FALSE","TRUE", , 
"C_10_PGML",,"1110",,"Master Version for Standard",,"V","TRUE","FALSE",,"0","Master Version for Standard",," 05-06-2020 12:27:17.62","FALSE","A",,,"C 10 Pgml","FALSE","TRUE", , 
"C_10_PGML",,"1111",,"Created as Standard",,"V","TRUE","FALSE",,"1","Created as Standard",," 05-06-2020 12:27:17.64","FALSE","A",,,"C 10 Pgml","FALSE","TRUE", , 
"C_100_NGML",,"826",,"Master Version for Standard",,"V","TRUE","FALSE",,"0","Master Version for Standard",," 11-03-2020 11:45:35.45","FALSE","A",,,"C 100 Ngml","FALSE","TRUE", , 
"C_100_NGML",,"827",,"Created as Standard",,"V","TRUE","FALSE",,"1","Created as Standard",," 11-03-2020 11:45:35.45","FALSE","A",,,"C 100 Ngml","FALSE","TRUE", , 
"C_100_NGML",,"893",,"Created as Standard",,"V","TRUE","FALSE",,"2","Created as Standard",," 17-04-2020 14:14:43.96","FALSE","A",,,"C 100 Ngml","FALSE","TRUE", , 
"C_100_PGML",,"1116",,"Master Version for Standard",,"V","TRUE","FALSE",,"0","Master Version for Standard",," 05-06-2020 12:28:38.17","FALSE","A",,,"C 100 Pgml","FALSE","TRUE", , 
"C_100_PGML",,"1117",,"Created as Standard",,"V","TRUE","FALSE",,"1","Created as Standard",," 05-06-2020 12:28:38.23","FALSE","A",,,"C 100 Pgml","FALSE","TRUE", , 
"C_1000NGML",,"1252",,"Master Version for Standard",,"V","TRUE","FALSE",,"0","Master Version for Standard",," 10-06-2020 15:26:41.25","FALSE","A",,,"C 1000ngml","FALSE","TRUE", , 
"C_1000NGML",,"1253",,"Created as Standard",,"V","TRUE","FALSE",,"1","Created as Standard",," 10-06-2020 15:26:41.26","FALSE","A",,,"C 1000ngml","FALSE","TRUE", , 
"C_1000PGML",,"1122",,"Master Version for Standard",,"V","TRUE","FALSE",,"0","Master Version for Standard",," 05-06-2020 12:30:19.69","FALSE","A",,,"C 1000pgml","FALSE","TRUE", , 
"C_1000PGML",,"1123",,"Created as Standard",,"V","TRUE","FALSE",,"1","Created as Standard",," 05-06-2020 12:30:19.75","FALSE","A",,,"C 1000pgml","FALSE","TRUE", , 
"C_100PGML",,"1199",,"Master Version for Standard",,"V","TRUE","FALSE",,"0","Master Version for Standard",," 10-06-2020 13:57:43.67","FALSE","A",,,"C 100pgml","FALSE","TRUE", , 
"C_100PGML",,"1200",,"Created as Standard",,"V","TRUE","FALSE",,"1","Created as Standard",," 10-06-2020 13:57:43.71","FALSE","A",,,"C 100pgml","FALSE","TRUE", , 
"C_10PGML",,"1193",,"Master Version for Standard",,"V","TRUE","FALSE",,"0","Master Version for Standard",," 10-06-2020 13:55:19.58","FALSE","A",,,"C 10pgml","FALSE","TRUE", , 
"C_10PGML",,"1194",,"Created as Standard",,"V","TRUE","FALSE",,"1","Created as Standard",," 10-06-2020 13:55:19.58","FALSE","A",,,"C 10pgml","FALSE","TRUE", , 
"C_10UGML",,"1177",,"Master Version for Standard",,"V","TRUE","FALSE",,"0","Master Version for Standard",," 10-06-2020 13:09:26.53","FALSE","A",,,"C 10ugml","FALSE","TRUE", , 
"C_10UGML",,"1178",,"Created as Standard",,"V","TRUE","FALSE",,"1","Created as Standard",," 10-06-2020 13:09:26.53","FALSE","A",,,"C 10ugml","FALSE","TRUE", , 
"C_125_NGML",,"916",,"Master Version for Standard",,"V","TRUE","FALSE",,"0","Master Version for Standard",," 17-04-2020 15:29:59.81","FALSE","A",,,"C 125 Ngml","FALSE","TRUE", , 
"C_125_NGML",,"917",,"Created as Standard",,"V","TRUE","FALSE",,"1","Created as Standard",," 17-04-2020 15:29:59.83","FALSE","A",,,"C 125 Ngml","FALSE","TRUE", , 
"C_15_NGML",,"1379",,"Master Version for Standard",,"V","TRUE","FALSE",,"0","Master Version for Standard",," 28-10-2020 14:09:55.45","FALSE","A",,,"C 15 Ngml","FALSE","TRUE", , 
"C_15_NGML",,"1380",,"Created as Standard",,"V","TRUE","FALSE",,"1","Created as Standard",," 28-10-2020 14:09:55.47","FALSE","A",,,"C 15 Ngml","FALSE","TRUE", , 
"C_150_NGML",,"912",,"Master Version for Standard",,"V","TRUE","FALSE",,"0","Master Version for Standard",," 17-04-2020 15:19:17.07","FALSE","A",,,"C 150 Ngml","FALSE","TRUE", , 
"C_150_NGML",,"913",,"Created as Standard",,"V","TRUE","FALSE",,"1","Created as Standard",," 17-04-2020 15:19:17.10","FALSE","A",,,"C 150 Ngml","FALSE","TRUE", , 
"C_150_PGML",,"1139",,"Master Version for Standard",,"V","TRUE","FALSE",,"0","Master Version for Standard",," 05-06-2020 13:13:37.82","FALSE","A",,,"C 150 Pgml","FALSE","TRUE", , 
"C_150_PGML",,"1140",,"Created as Standard",,"V","TRUE","FALSE",,"1","Created as Standard",," 05-06-2020 13:13:37.85","FALSE","A",,,"C 150 Pgml","FALSE","TRUE", , 
"C_15UGML",,"1179",,"Master Version for Standard",,"V","TRUE","FALSE",,"0","Master Version for Standard",," 10-06-2020 13:10:09.83","FALSE","A",,,"C 15ugml","FALSE","TRUE", , 
"C_15UGML",,"1180",,"Created as Standard",,"V","TRUE","FALSE",,"1","Created as Standard",," 10-06-2020 13:10:09.85","FALSE","A",,,"C 15ugml","FALSE","TRUE", , 
"C_1UGML",,"1171",,"Master Version for Standard",,"V","TRUE","FALSE",,"0","Master Version for Standard",," 10-06-2020 13:06:34.05","FALSE","A",,,"C 1ugml","FALSE","TRUE", , 
"C_1UGML",,"1172",,"Created as Standard",,"V","TRUE","FALSE",,"1","Created as Standard",," 10-06-2020 13:06:34.05","FALSE","A",,,"C 1ugml","FALSE","TRUE", , 
"C_20_NGML",,"900",,"Master Version for Standard",,"V","TRUE","FALSE",,"0","Master Version for Standard",," 17-04-2020 15:06:26.01","FALSE","A",,,"C 20 Ngml","FALSE","TRUE", , 
"C_20_NGML",,"901",,"Created as Standard",,"V","TRUE","FALSE",,"1","Created as Standard",," 17-04-2020 15:06:26.04","FALSE","A",,,"C 20 Ngml","FALSE","TRUE", , 
"C_20_PGML",,"1112",,"Master Version for Standard",,"V","TRUE","FALSE",,"0","Master Version for Standard",," 05-06-2020 12:27:53.35","FALSE","A",,,"C 20 Pgml","FALSE","TRUE", , 
"C_20_PGML",,"1113",,"Created as Standard",,"V","TRUE","FALSE",,"1","Created as Standard",," 05-06-2020 12:27:53.35","FALSE","A",,,"C 20 Pgml","FALSE","TRUE", , 
"C_200_NGML",,"908",,"Master Version for Standard",,"V","TRUE","FALSE",,"0","Master Version for Standard",," 17-04-2020 15:18:26.33","FALSE","A",,,"C 200 Ngml","FALSE","TRUE", , 
"C_200_NGML",,"909",,"Created as Standard",,"V","TRUE","FALSE",,"1","Created as Standard",," 17-04-2020 15:18:26.36","FALSE","A",,,"C 200 Ngml","FALSE","TRUE", , 
"C_200_NGML",,"1347",,"Created as Standard",,"V","TRUE","FALSE",,"2","Created as Standard",," 18-06-2020 11:17:33.44","FALSE","A",,,"C 200 Ngml","FALSE","TRUE", , 
"C_200_PGML",,"1141",,"Master Version for Standard",,"V","TRUE","FALSE",,"0","Master Version for Standard",," 05-06-2020 13:14:14.62","FALSE","A",,,"C 200 Pgml","FALSE","TRUE", , 
"C_200_PGML",,"1142",,"Created as Standard",,"V","TRUE","FALSE",,"1","Created as Standard",," 05-06-2020 13:14:14.62","FALSE","A",,,"C 200 Pgml","FALSE","TRUE", , 
"C_2000NGML",,"1254",,"Master Version for Standard",,"V","TRUE","FALSE",,"0","Master Version for Standard",," 10-06-2020 15:27:34.10","FALSE","A",,,"C 2000ngml","FALSE","TRUE", , 
"C_2000NGML",,"1255",,"Created as Standard",,"V","TRUE","FALSE",,"1","Created as Standard",," 10-06-2020 15:27:34.11","FALSE","A",,,"C 2000ngml","FALSE","TRUE", , 
"C_2000PGML",,"1282",,"Master Version for Standard",,"V","TRUE","FALSE",,"0","Master Version for Standard",," 11-06-2020 13:53:03.49","FALSE","A",,,"C 2000pgml","FALSE","TRUE", , 
"C_2000PGML",,"1283",,"Created as Standard",,"V","TRUE","FALSE",,"1","Created as Standard",," 11-06-2020 13:53:03.49","FALSE","A",,,"C 2000pgml","FALSE","TRUE", , 
"C_20PGMLU",,"1365",,"Master Version for Standard",,"V","TRUE","FALSE",,"0","Master Version for Standard",," 24-06-2020 15:22:58.79","FALSE","A",,,"C 20pgmlu","FALSE","TRUE", , 
"C_20PGMLU",,"1366",,"Created as Standard",,"V","TRUE","FALSE",,"1","Created as Standard",," 24-06-2020 15:22:58.79","FALSE","A",,,"C 20pgmlu","FALSE","TRUE", , 
"C_20UGML",,"1181",,"Master Version for Standard",,"V","TRUE","FALSE",,"0","Master Version for Standard",," 10-06-2020 13:10:37.48","FALSE","A",,,"C 20ugml","FALSE","TRUE", , 
"C_20UGML",,"1182",,"Created as Standard",,"V","TRUE","FALSE",,"1","Created as Standard",," 10-06-2020 13:10:37.49","FALSE","A",,,"C 20ugml","FALSE","TRUE", , 
"C_25_NGML",,"822",,"Master Version for Standard",,"V","TRUE","FALSE",,"0","Master Version for Standard",," 11-03-2020 11:43:55.98","FALSE","A",,,"C 25 Ngml","FALSE","TRUE", , 
"C_25_NGML",,"823",,"Created as Standard",,"V","TRUE","FALSE",,"1","Created as Standard",," 11-03-2020 11:43:55.98","FALSE","A",,,"C 25 Ngml","FALSE","TRUE", , 
"C_25_NGML",,"894",,"Created as Standard",,"V","TRUE","FALSE",,"2","Created as Standard",," 17-04-2020 14:14:47.65","FALSE","A",,,"C 25 Ngml","FALSE","TRUE", , 
"C_25_PGML",,"1145",,"Master Version for Standard",,"V","TRUE","FALSE",,"0","Master Version for Standard",," 05-06-2020 15:51:59.58","FALSE","A",,,"C 25 Pgml","FALSE","TRUE", , 
"C_25_PGML",,"1146",,"Created as Standard",,"V","TRUE","FALSE",,"1","Created as Standard",," 05-06-2020 15:51:59.59","FALSE","A",,,"C 25 Pgml","FALSE","TRUE", , 
"C_250_NGML",,"1161",,"Master Version for Standard",,"V","TRUE","FALSE",,"0","Master Version for Standard",," 09-06-2020 14:21:12.02","FALSE","A",,,"C 250 Ngml","FALSE","TRUE", , 
"C_250_NGML",,"1162",,"Created as Standard",,"V","TRUE","FALSE",,"1","Created as Standard",," 09-06-2020 14:21:12.02","FALSE","A",,,"C 250 Ngml","FALSE","TRUE", , 
"C_250_PGML",,"1118",,"Master Version for Standard",,"V","TRUE","FALSE",,"0","Master Version for Standard",," 05-06-2020 12:28:59.66","FALSE","A",,,"C 250 Pgml","FALSE","TRUE", , 
"C_250_PGML",,"1119",,"Created as Standard",,"V","TRUE","FALSE",,"1","Created as Standard",," 05-06-2020 12:28:59.72","FALSE","A",,,"C 250 Pgml","FALSE","TRUE", , 
"C_2500PGML",,"1124",,"Master Version for Standard",,"V","TRUE","FALSE",,"0","Master Version for Standard",," 05-06-2020 12:30:39.32","FALSE","A",,,"C 2500pgml","FALSE","TRUE", , 
"C_2500PGML",,"1125",,"Created as Standard",,"V","TRUE","FALSE",,"1","Created as Standard",," 05-06-2020 12:30:39.38","FALSE","A",,,"C 2500pgml","FALSE","TRUE", , 
"C_250PGML",,"1201",,"Master Version for Standard",,"V","TRUE","FALSE",,"0","Master Version for Standard",," 10-06-2020 13:58:26.62","FALSE","A",,,"C 250pgml","FALSE","TRUE", , 
"C_250PGML",,"1202",,"Created as Standard",,"V","TRUE","FALSE",,"1","Created as Standard",," 10-06-2020 13:58:26.67","FALSE","A",,,"C 250pgml","FALSE","TRUE", , 
"C_25PGML",,"1195",,"Master Version for Standard",,"V","TRUE","FALSE",,"0","Master Version for Standard",," 10-06-2020 13:56:34.53","FALSE","A",,,"C 25pgml","FALSE","TRUE", , 
"C_25PGML",,"1196",,"Created as Standard",,"V","TRUE","FALSE",,"1","Created as Standard",," 10-06-2020 13:56:34.58","FALSE","A",,,"C 25pgml","FALSE","TRUE", , 
"C_2UGML",,"1173",,"Master Version for Standard",,"V","TRUE","FALSE",,"0","Master Version for Standard",," 10-06-2020 13:07:59.45","FALSE","A",,,"C 2ugml","FALSE","TRUE", , 
"C_2UGML",,"1174",,"Created as Standard",,"V","TRUE","FALSE",,"1","Created as Standard",," 10-06-2020 13:07:59.45","FALSE","A",,,"C 2ugml","FALSE","TRUE", , 
"C_30_NGML",,"1157",,"Master Version for Standard",,"V","TRUE","FALSE",,"0","Master Version for Standard",," 09-06-2020 14:18:57.45","FALSE","A",,,"C 30 Ngml","FALSE","TRUE", , 
"C_30_NGML",,"1158",,"Created as Standard",,"V","TRUE","FALSE",,"1","Created as Standard",," 09-06-2020 14:18:57.46","FALSE","A",,,"C 30 Ngml","FALSE","TRUE", , 
"C_30_NGML",,"1353",,"Created as Standard",,"V","TRUE","FALSE",,"2","Created as Standard",," 23-06-2020 14:33:04.54","FALSE","A",,,"C 30 Ngml","FALSE","TRUE", , 
"C_300_NGML",,"1244",,"Master Version for Standard",,"V","TRUE","FALSE",,"0","Master Version for Standard",," 10-06-2020 15:22:46.29","FALSE","A",,,"C 300 Ngml","FALSE","TRUE", , 
"C_300_NGML",,"1245",,"Created as Standard",,"V","TRUE","FALSE",,"1","Created as Standard",," 10-06-2020 15:22:46.32","FALSE","A",,,"C 300 Ngml","FALSE","TRUE", , 
"C_40_NGML",,"1159",,"Master Version for Standard",,"V","TRUE","FALSE",,"0","Master Version for Standard",," 09-06-2020 14:20:21.76","FALSE","A",,,"C 40 Ngml","FALSE","TRUE", , 
"C_40_NGML",,"1160",,"Created as Standard",,"V","TRUE","FALSE",,"1","Created as Standard",," 09-06-2020 14:20:21.77","FALSE","A",,,"C 40 Ngml","FALSE","TRUE", , 
"C_40_NGML2",,"1371",,"Master Version for Standard",,"V","TRUE","FALSE",,"0","Master Version for Standard",," 26-06-2020 14:48:08.07","FALSE","A",,,"C 40 Ngml2","FALSE","TRUE", , 
"C_40_NGML2",,"1372",,"Created as Standard",,"V","TRUE","FALSE",,"1","Created as Standard",," 26-06-2020 14:48:08.08","FALSE","A",,,"C 40 Ngml2","FALSE","TRUE", , 
"C_400_NGML",,"904",,"Master Version for Standard",,"V","TRUE","FALSE",,"0","Master Version for Standard",," 17-04-2020 15:16:04.58","FALSE","A",,,"C 400 Ngml","FALSE","TRUE", , 
"C_400_NGML",,"905",,"Created as Standard",,"V","TRUE","FALSE",,"1","Created as Standard",," 17-04-2020 15:16:04.61","FALSE","A",,,"C 400 Ngml","FALSE","TRUE", , 
"C_400_NGML",,"1350",,"Created as Standard",,"V","TRUE","FALSE",,"2","Created as Standard",," 18-06-2020 12:11:26.12","FALSE","A",,,"C 400 Ngml","FALSE","TRUE", , 
"C_5_NGML",,"815",,"Master Version for Standard",,"V","TRUE","FALSE",,"0","Master Version for Standard",," 10-03-2020 10:52:16.83","FALSE","A",,,"C 5 Ngml","FALSE","TRUE", , 
"C_5_NGML",,"816",,"Created as Standard",,"V","TRUE","FALSE",,"1","Created as Standard",," 10-03-2020 10:52:16.86","FALSE","A",,,"C 5 Ngml","FALSE","TRUE", , 
"C_5_NGML",,"895",,"Created as Standard",,"V","TRUE","FALSE",,"2","Created as Standard",," 17-04-2020 14:14:51.48","FALSE","A",,,"C 5 Ngml","FALSE","TRUE", , 
"C_5_PGML",,"1102",,"Master Version for Standard",,"V","TRUE","FALSE",,"0","Master Version for Standard",," 04-06-2020 16:00:38.70","FALSE","A",,,"C 5 Pgml","FALSE","TRUE", , 
"C_5_PGML",,"1103",,"Created as Standard",,"V","TRUE","FALSE",,"1","Created as Standard",," 04-06-2020 16:00:38.71","FALSE","A",,,"C 5 Pgml","FALSE","TRUE", , 
"C_50_NGML",,"824",,"Master Version for Standard",,"V","TRUE","FALSE",,"0","Master Version for Standard",," 11-03-2020 11:44:33.72","FALSE","A",,,"C 50 Ngml","FALSE","TRUE", , 
"C_50_NGML",,"825",,"Created as Standard",,"V","TRUE","FALSE",,"1","Created as Standard",," 11-03-2020 11:44:33.72","FALSE","A",,,"C 50 Ngml","FALSE","TRUE", , 
"C_50_NGML",,"896",,"Created as Standard",,"V","TRUE","FALSE",,"2","Created as Standard",," 17-04-2020 14:15:02.92","FALSE","A",,,"C 50 Ngml","FALSE","TRUE", , 
"C_50_PGML",,"1114",,"Master Version for Standard",,"V","TRUE","FALSE",,"0","Master Version for Standard",," 05-06-2020 12:28:16.27","FALSE","A",,,"C 50 Pgml","FALSE","TRUE", , 
"C_50_PGML",,"1115",,"Created as Standard",,"V","TRUE","FALSE",,"1","Created as Standard",," 05-06-2020 12:28:16.34","FALSE","A",,,"C 50 Pgml","FALSE","TRUE", , 
"C_500_NGML",,"1246",,"Master Version for Standard",,"V","TRUE","FALSE",,"0","Master Version for Standard",," 10-06-2020 15:23:30.14","FALSE","A",,,"C 500 Ngml","FALSE","TRUE", , 
"C_500_NGML",,"1247",,"Created as Standard",,"V","TRUE","FALSE",,"1","Created as Standard",," 10-06-2020 15:23:30.19","FALSE","A",,,"C 500 Ngml","FALSE","TRUE", , 
"C_500_PGML",,"1120",,"Master Version for Standard",,"V","TRUE","FALSE",,"0","Master Version for Standard",," 05-06-2020 12:29:46.67","FALSE","A",,,"C 500 Pgml","FALSE","TRUE", , 
"C_500_PGML",,"1121",,"Created as Standard",,"V","TRUE","FALSE",,"1","Created as Standard",," 05-06-2020 12:29:46.74","FALSE","A",,,"C 500 Pgml","FALSE","TRUE", , 
"C_5000NGML",,"1258",,"Master Version for Standard",,"V","TRUE","FALSE",,"0","Master Version for Standard",," 10-06-2020 15:28:53.25","FALSE","A",,,"C 5000ngml","FALSE","TRUE", , 
"C_5000NGML",,"1259",,"Created as Standard",,"V","TRUE","FALSE",,"1","Created as Standard",," 10-06-2020 15:28:53.25","FALSE","A",,,"C 5000ngml","FALSE","TRUE", , 
"C_500PGML",,"1203",,"Master Version for Standard",,"V","TRUE","FALSE",,"0","Master Version for Standard",," 10-06-2020 13:59:01.33","FALSE","A",,,"C 500pgml","FALSE","TRUE", , 
"C_500PGML",,"1204",,"Created as Standard",,"V","TRUE","FALSE",,"1","Created as Standard",," 10-06-2020 13:59:01.39","FALSE","A",,,"C 500pgml","FALSE","TRUE", , 
"C_50PGML",,"1197",,"Master Version for Standard",,"V","TRUE","FALSE",,"0","Master Version for Standard",," 10-06-2020 13:57:05.57","FALSE","A",,,"C 50pgml","FALSE","TRUE", , 
"C_50PGML",,"1198",,"Created as Standard",,"V","TRUE","FALSE",,"1","Created as Standard",," 10-06-2020 13:57:05.57","FALSE","A",,,"C 50pgml","FALSE","TRUE", , 
"C_5UGML",,"1175",,"Master Version for Standard",,"V","TRUE","FALSE",,"0","Master Version for Standard",," 10-06-2020 13:08:40.60","FALSE","A",,,"C 5ugml","FALSE","TRUE", , 
"C_5UGML",,"1176",,"Created as Standard",,"V","TRUE","FALSE",,"1","Created as Standard",," 10-06-2020 13:08:40.61","FALSE","A",,,"C 5ugml","FALSE","TRUE", , 
"C_75_NGML",,"906",,"Master Version for Standard",,"V","TRUE","FALSE",,"0","Master Version for Standard",," 17-04-2020 15:16:34.78","FALSE","A",,,"C 75 Ngml","FALSE","TRUE", , 
"C_75_NGML",,"907",,"Created as Standard",,"V","TRUE","FALSE",,"1","Created as Standard",," 17-04-2020 15:16:34.79","FALSE","A",,,"C 75 Ngml","FALSE","TRUE", , 
"C_75_NGML",,"1344",,"Created as Standard",,"V","TRUE","FALSE",,"2","Created as Standard",," 17-06-2020 12:38:02.86","FALSE","A",,,"C 75 Ngml","FALSE","TRUE", , 
"C_75_PGML",,"1134",,"Master Version for Standard",,"V","TRUE","FALSE",,"0","Master Version for Standard",," 05-06-2020 12:35:05.73","FALSE","A",,,"C 75 Pgml","FALSE","TRUE", , 
"C_75_PGML",,"1135",,"Created as Standard",,"V","TRUE","FALSE",,"1","Created as Standard",," 05-06-2020 12:35:05.81","FALSE","A",,,"C 75 Pgml","FALSE","TRUE", , 
"C_75_PGML",,"1346",,"Created as Standard",,"V","TRUE","FALSE",,"2","Created as Standard",," 17-06-2020 14:23:45.79","FALSE","A",,,"C 75 Pgml","FALSE","TRUE", , 
"C_750_PGML",,"1153",,"Master Version for Standard",,"V","TRUE","FALSE",,"0","Master Version for Standard",," 08-06-2020 15:27:34.44","FALSE","A",,,"C 750 Pgml","FALSE","TRUE", , 
"C_750_PGML",,"1154",,"Created as Standard",,"V","TRUE","FALSE",,"1","Created as Standard",," 08-06-2020 15:27:34.47","FALSE","A",,,"C 750 Pgml","FALSE","TRUE", , 
"C_750_PGML",,"1345",,"Created as Standard",,"V","TRUE","FALSE",,"2","Created as Standard",," 17-06-2020 12:40:03.54","FALSE","A",,,"C 750 Pgml","FALSE","TRUE", , 
"C_7500NGML",,"1262",,"Master Version for Standard",,"V","TRUE","FALSE",,"0","Master Version for Standard",," 10-06-2020 15:30:09.09","FALSE","A",,,"C 7500ngml","FALSE","TRUE", , 
"C_7500NGML",,"1263",,"Created as Standard",,"V","TRUE","FALSE",,"1","Created as Standard",," 10-06-2020 15:30:09.11","FALSE","A",,,"C 7500ngml","FALSE","TRUE", , 
"C_750PGML",,"1205",,"Master Version for Standard",,"V","TRUE","FALSE",,"0","Master Version for Standard",," 10-06-2020 13:59:34.01","FALSE","A",,,"C 750pgml","FALSE","TRUE", , 
"C_750PGML",,"1206",,"Created as Standard",,"V","TRUE","FALSE",,"1","Created as Standard",," 10-06-2020 13:59:34.04","FALSE","A",,,"C 750pgml","FALSE","TRUE", , 
"C10000NGML",,"1266",,"Master Version for Standard",,"V","TRUE","FALSE",,"0","Master Version for Standard",," 10-06-2020 15:32:34.41","FALSE","A",,,"C10000ngml","FALSE","TRUE", , 
"C10000NGML",,"1267",,"Created as Standard",,"V","TRUE","FALSE",,"1","Created as Standard",," 10-06-2020 15:32:34.42","FALSE","A",,,"C10000ngml","FALSE","TRUE", , 
"C1000NGML",,"1250",,"Master Version for Standard",,"V","TRUE","FALSE",,"0","Master Version for Standard",," 10-06-2020 15:25:36.16","FALSE","A",,,"C1000ngml","FALSE","TRUE", , 
"C1000NGML",,"1251",,"Created as Standard",,"V","TRUE","FALSE",,"1","Created as Standard",," 10-06-2020 15:25:36.20","FALSE","A",,,"C1000ngml","FALSE","TRUE", , 
"C1000PGML",,"1207",,"Master Version for Standard",,"V","TRUE","FALSE",,"0","Master Version for Standard",," 10-06-2020 14:00:05.77","FALSE","A",,,"C1000pgml","FALSE","TRUE", , 
"C1000PGML",,"1208",,"Created as Standard",,"V","TRUE","FALSE",,"1","Created as Standard",," 10-06-2020 14:00:05.80","FALSE","A",,,"C1000pgml","FALSE","TRUE", , 
"C100NGML",,"1238",,"Master Version for Standard",,"V","TRUE","FALSE",,"0","Master Version for Standard",," 10-06-2020 15:20:12.47","FALSE","A",,,"C100ngml","FALSE","TRUE", , 
"C100NGML",,"1239",,"Created as Standard",,"V","TRUE","FALSE",,"1","Created as Standard",," 10-06-2020 15:20:12.47","FALSE","A",,,"C100ngml","FALSE","TRUE", , 
"C2000NGML",,"1256",,"Master Version for Standard",,"V","TRUE","FALSE",,"0","Master Version for Standard",," 10-06-2020 15:28:12.10","FALSE","A",,,"C2000ngml","FALSE","TRUE", , 
"C2000NGML",,"1257",,"Created as Standard",,"V","TRUE","FALSE",,"1","Created as Standard",," 10-06-2020 15:28:12.10","FALSE","A",,,"C2000ngml","FALSE","TRUE", , 
"C-2000NGML",,"1351",,"Master Version for Standard",,"V","TRUE","FALSE",,"0","Master Version for Standard",," 18-06-2020 13:38:55.23","FALSE","A",,,"C 2000ngml","FALSE","TRUE", , 
"C-2000NGML",,"1352",,"Created as Standard",,"V","TRUE","FALSE",,"1","Created as Standard",," 18-06-2020 13:38:55.24","FALSE","A",,,"C 2000ngml","FALSE","TRUE", , 
"C2000PGML",,"1209",,"Master Version for Standard",,"V","TRUE","FALSE",,"0","Master Version for Standard",," 10-06-2020 14:00:41.15","FALSE","A",,,"C2000pgml","FALSE","TRUE", , 
"C2000PGML",,"1210",,"Created as Standard",,"V","TRUE","FALSE",,"1","Created as Standard",," 10-06-2020 14:00:41.20","FALSE","A",,,"C2000pgml","FALSE","TRUE", , 
"C200NGML",,"1240",,"Master Version for Standard",,"V","TRUE","FALSE",,"0","Master Version for Standard",," 10-06-2020 15:21:26.44","FALSE","A",,,"C200ngml","FALSE","TRUE", , 
"C200NGML",,"1241",,"Created as Standard",,"V","TRUE","FALSE",,"1","Created as Standard",," 10-06-2020 15:21:26.47","FALSE","A",,,"C200ngml","FALSE","TRUE", , 
"C2500PGML",,"1228",,"Master Version for Standard",,"V","TRUE","FALSE",,"0","Master Version for Standard",," 10-06-2020 14:58:16.67","FALSE","A",,,"C2500pgml","FALSE","TRUE", , 
"C2500PGML",,"1229",,"Created as Standard",,"V","TRUE","FALSE",,"1","Created as Standard",," 10-06-2020 14:58:16.67","FALSE","A",,,"C2500pgml","FALSE","TRUE", , 
"C3000PGML",,"1211",,"Master Version for Standard",,"V","TRUE","FALSE",,"0","Master Version for Standard",," 10-06-2020 14:01:03.45","FALSE","A",,,"C3000pgml","FALSE","TRUE", , 
"C3000PGML",,"1212",,"Created as Standard",,"V","TRUE","FALSE",,"1","Created as Standard",," 10-06-2020 14:01:03.45","FALSE","A",,,"C3000pgml","FALSE","TRUE", , 
"C300NGML",,"1242",,"Master Version for Standard",,"V","TRUE","FALSE",,"0","Master Version for Standard",," 10-06-2020 15:22:13.73","FALSE","A",,,"C300ngml","FALSE","TRUE", , 
"C300NGML",,"1243",,"Created as Standard",,"V","TRUE","FALSE",,"1","Created as Standard",," 10-06-2020 15:22:13.76","FALSE","A",,,"C300ngml","FALSE","TRUE", , 
"C4000PGML",,"1213",,"Master Version for Standard",,"V","TRUE","FALSE",,"0","Master Version for Standard",," 10-06-2020 14:01:31.84","FALSE","A",,,"C4000pgml","FALSE","TRUE", , 
"C4000PGML",,"1214",,"Created as Standard",,"V","TRUE","FALSE",,"1","Created as Standard",," 10-06-2020 14:01:31.84","FALSE","A",,,"C4000pgml","FALSE","TRUE", , 
"C5000NGML",,"1260",,"Master Version for Standard",,"V","TRUE","FALSE",,"0","Master Version for Standard",," 10-06-2020 15:29:21.36","FALSE","A",,,"C5000ngml","FALSE","TRUE", , 
"C5000NGML",,"1261",,"Created as Standard",,"V","TRUE","FALSE",,"1","Created as Standard",," 10-06-2020 15:29:21.36","FALSE","A",,,"C5000ngml","FALSE","TRUE", , 
"C5000PGML",,"1215",,"Master Version for Standard",,"V","TRUE","FALSE",,"0","Master Version for Standard",," 10-06-2020 14:01:53.98","FALSE","A",,,"C5000pgml","FALSE","TRUE", , 
"C5000PGML",,"1216",,"Created as Standard",,"V","TRUE","FALSE",,"1","Created as Standard",," 10-06-2020 14:01:53.98","FALSE","A",,,"C5000pgml","FALSE","TRUE", , 
"C5000PGMLP",,"1361",,"Master Version for Standard",,"V","TRUE","FALSE",,"0","Master Version for Standard",," 24-06-2020 14:54:53.03","FALSE","A",,,"C5000pgmlp","FALSE","TRUE", , 
"C5000PGMLP",,"1362",,"Created as Standard",,"V","TRUE","FALSE",,"1","Created as Standard",," 24-06-2020 14:54:53.06","FALSE","A",,,"C5000pgmlp","FALSE","TRUE", , 
"C500NGML",,"1248",,"Master Version for Standard",,"V","TRUE","FALSE",,"0","Master Version for Standard",," 10-06-2020 15:24:31.88","FALSE","A",,,"C500ngml","FALSE","TRUE", , 
"C500NGML",,"1249",,"Created as Standard",,"V","TRUE","FALSE",,"1","Created as Standard",," 10-06-2020 15:24:31.91","FALSE","A",,,"C500ngml","FALSE","TRUE", , 
"C7500NGML",,"1264",,"Master Version for Standard",,"V","TRUE","FALSE",,"0","Master Version for Standard",," 10-06-2020 15:30:48.32","FALSE","A",,,"C7500ngml","FALSE","TRUE", , 
"C7500NGML",,"1265",,"Created as Standard",,"V","TRUE","FALSE",,"1","Created as Standard",," 10-06-2020 15:30:48.32","FALSE","A",,,"C7500ngml","FALSE","TRUE", , 
"CAFF_CONF",,"1377",,"Caffiene Confirmation Template","CAFF_CONF",,"TRUE","FALSE",,"1",,," 28-10-2020 13:44:30.83","FALSE","A",,,"Caff Conf","FALSE","TRUE", , 
"CAP_CONFIR",,"1097",,"Capsaicin LCMS Confirmation Template","CAP_CONFIR",,"TRUE","FALSE",,"1",,," 04-06-2020 15:50:14.19","FALSE","A",,,"Cap Confir","FALSE","TRUE", , 
"CAPS_CONF",,"1360",,"Capsaicin LCMS Confirmation Template",,,"TRUE","FALSE",,"1",,," 24-06-2020 14:49:46.87","FALSE","A",,,"Caps Conf","FALSE","TRUE", , 
"CBC",,"4",,"Complete Blood Count ranges",,,"TRUE","TRUE",,"1",,," 24-05-2019 10:41:31.64","FALSE","A",,,"CBC (Complete Blood Count)","FALSE","TRUE", , 
"CMP",,"13",,"Comprehensive Metabolic Panel or Chemistry Panel",,,"TRUE","TRUE",,"1",,," 24-05-2019 10:43:22.05","FALSE","A",,,"CMP (Comprehensive Metabolic Panel)","FALSE","TRUE", , 
"COC_CONF",,"1374",,"Cocaine confirmation Template","COC_CONF",,"TRUE","FALSE",,"1",,," 27-07-2020 15:44:50.53","FALSE","A",,,"Coc Conf","FALSE","TRUE", , 
"COCA_CONF",,"1375",,"Cocaine Confirmation template","COCA_CONF",,"TRUE","FALSE",,"1",,," 27-07-2020 15:46:13.97","FALSE","A",,,"Coca Conf","FALSE","TRUE", , 
"COCAIN_RCK",,"963",,"ELISA Cocaine Recheck Test","COCAIN_RCK",,"TRUE","FALSE",,"1",,," 15-05-2020 12:51:21.24","FALSE","A",,,"Cocain Rck","FALSE","TRUE", , 
"COL_TEST",,"799",,"Master Version for Standard",,"V","TRUE","FALSE",,"0","Master Version for Standard",," 09-03-2020 11:40:59.07","FALSE","A",,,"Col Test","FALSE","TRUE", , 
"COL_TEST",,"800",,"Created as Standard",,"V","TRUE","FALSE",,"1","Created as Standard",," 09-03-2020 11:40:59.16","FALSE","A",,,"Col Test","FALSE","TRUE", , 
"COL_TEST",,"832",,"Created as Standard",,"V","TRUE","FALSE",,"2","Created as Standard",," 12-03-2020 15:00:28.66","FALSE","A",,,"Col Test","FALSE","TRUE", , 
"COL_TEST",,"897",,"Created as Standard",,"V","TRUE","FALSE",,"3","Created as Standard",," 17-04-2020 14:15:12.33","FALSE","A",,,"Col Test","FALSE","TRUE", , 
"CTRL_HPLC",,"82",,"Master Version for Standard",,"V","TRUE","TRUE",,"0","Master Version for Standard",," 15-08-2019 14:18:45.11","FALSE","A",,,"Ctrl Hplc","FALSE","TRUE", , 
"CTRL_HPLC",,"83",,"Created as Standard",,"V","TRUE","TRUE",,"1","Created as Standard",," 15-08-2019 14:18:45.13","FALSE","A",,,"Ctrl Hplc","FALSE","TRUE", , 
"CTRL_HPLC",,"96",,"Created as Standard",,"V","TRUE","TRUE",,"2","Created as Standard",," 15-08-2019 14:27:12.60","FALSE","A",,,"Ctrl Hplc","FALSE","TRUE", , 
"DMSO_CAL01",,"1294",,"Master Version for Standard",,"V","TRUE","FALSE",,"0","Master Version for Standard",," 16-06-2020 14:07:02.14","FALSE","A",,,"Dmso Cal01","FALSE","TRUE", , 
"DMSO_CAL01",,"1299",,"Created as Standard",,"V","TRUE","FALSE",,"1","Created as Standard",," 16-06-2020 14:07:02.27","FALSE","A",,,"Dmso Cal01","FALSE","TRUE", , 
"DMSO_CAL02",,"1304",,"Master Version for Standard",,"V","TRUE","FALSE",,"0","Master Version for Standard",," 16-06-2020 14:08:06.61","FALSE","A",,,"Dmso Cal02","FALSE","TRUE", , 
"DMSO_CAL02",,"1309",,"Created as Standard",,"V","TRUE","FALSE",,"1","Created as Standard",," 16-06-2020 14:08:06.63","FALSE","A",,,"Dmso Cal02","FALSE","TRUE", , 
"DMSO_CAL03",,"1314",,"Master Version for Standard",,"V","TRUE","FALSE",,"0","Master Version for Standard",," 16-06-2020 14:08:41.33","FALSE","A",,,"Dmso Cal03","FALSE","TRUE", , 
"DMSO_CAL03",,"1319",,"Created as Standard",,"V","TRUE","FALSE",,"1","Created as Standard",," 16-06-2020 14:08:41.35","FALSE","A",,,"Dmso Cal03","FALSE","TRUE", , 
"DMSO_CAL1",,"229",,"Master Version for Standard",,"V","TRUE","FALSE",,"0","Master Version for Standard",," 19-09-2019 10:46:13.76","FALSE","A",,,"Dmso Cal1","FALSE","TRUE", , 
"DMSO_CAL1",,"234",,"Created as Standard",,"V","TRUE","FALSE",,"1","Created as Standard",," 19-09-2019 10:46:13.81","FALSE","A",,,"Dmso Cal1","FALSE","TRUE", , 
"DMSO_CAL1",,"651",,"Created as Standard",,"V","TRUE","FALSE",,"2","Created as Standard",," 19-11-2019 15:33:09.68","FALSE","A",,,"Dmso Cal1","FALSE","TRUE", , 
"DMSO_CAL10",,"259",,"Master Version for Standard",,"V","TRUE","FALSE",,"0","Master Version for Standard",," 19-09-2019 10:49:49.12","FALSE","A",,,"Dmso Cal10","FALSE","TRUE", , 
"DMSO_CAL10",,"264",,"Created as Standard",,"V","TRUE","FALSE",,"1","Created as Standard",," 19-09-2019 10:49:49.14","FALSE","A",,,"Dmso Cal10","FALSE","TRUE", , 
"DMSO_CAL2",,"239",,"Master Version for Standard",,"V","TRUE","FALSE",,"0","Master Version for Standard",," 19-09-2019 10:48:57.81","FALSE","A",,,"Dmso Cal2","FALSE","TRUE", , 
"DMSO_CAL2",,"244",,"Created as Standard",,"V","TRUE","FALSE",,"1","Created as Standard",," 19-09-2019 10:48:57.84","FALSE","A",,,"Dmso Cal2","FALSE","TRUE", , 
"DMSO_CAL20",,"1334",,"Master Version for Standard",,"V","TRUE","FALSE",,"0","Master Version for Standard",," 16-06-2020 14:09:39.22","FALSE","A",,,"Dmso Cal20","FALSE","TRUE", , 
"DMSO_CAL20",,"1339",,"Created as Standard",,"V","TRUE","FALSE",,"1","Created as Standard",," 16-06-2020 14:09:39.26","FALSE","A",,,"Dmso Cal20","FALSE","TRUE", , 
"DMSO_CAL25",,"279",,"Master Version for Standard",,"V","TRUE","FALSE",,"0","Master Version for Standard",," 19-09-2019 10:50:22.58","FALSE","A",,,"Dmso Cal25","FALSE","TRUE", , 
"DMSO_CAL25",,"284",,"Created as Standard",,"V","TRUE","FALSE",,"1","Created as Standard",," 19-09-2019 10:50:22.60","FALSE","A",,,"Dmso Cal25","FALSE","TRUE", , 
"DMSO_CAL3",,"1324",,"Master Version for Standard",,"V","TRUE","FALSE",,"0","Master Version for Standard",," 16-06-2020 14:09:10.86","FALSE","A",,,"Dmso Cal3","FALSE","TRUE", , 
"DMSO_CAL3",,"1329",,"Created as Standard",,"V","TRUE","FALSE",,"1","Created as Standard",," 16-06-2020 14:09:10.91","FALSE","A",,,"Dmso Cal3","FALSE","TRUE", , 
"DMSO_CAL5",,"249",,"Master Version for Standard",,"V","TRUE","FALSE",,"0","Master Version for Standard",," 19-09-2019 10:49:29.94","FALSE","A",,,"Dmso Cal5","FALSE","TRUE", , 
"DMSO_CAL5",,"254",,"Created as Standard",,"V","TRUE","FALSE",,"1","Created as Standard",," 19-09-2019 10:49:29.96","FALSE","A",,,"Dmso Cal5","FALSE","TRUE", , 
"DMSO_CAL50",,"289",,"Master Version for Standard",,"V","TRUE","FALSE",,"0","Master Version for Standard",," 19-09-2019 10:50:47.39","FALSE","A",,,"Dmso Cal50","FALSE","TRUE", , 
"DMSO_CAL50",,"294",,"Created as Standard",,"V","TRUE","FALSE",,"1","Created as Standard",," 19-09-2019 10:50:47.42","FALSE","A",,,"Dmso Cal50","FALSE","TRUE", , 
"DMSO_PLASB",,"207",,"Master Version for Standard",,"V","TRUE","FALSE",,"0","Master Version for Standard",," 19-09-2019 10:41:15.89","FALSE","A",,,"Dmso Plasb","FALSE","TRUE", , 
"DMSO_PLASB",,"210",,"Created as Standard",,"V","TRUE","FALSE",,"1","Created as Standard",," 19-09-2019 10:41:15.92","FALSE","A",,,"Dmso Plasb","FALSE","TRUE", , 
"DMSO_PLISB",,"219",,"Master Version for Standard",,"V","TRUE","FALSE",,"0","Master Version for Standard",," 19-09-2019 10:43:57.53","FALSE","A",,,"Dmso Plisb","FALSE","TRUE", , 
"DMSO_PLISB",,"222",,"Created as Standard",,"V","TRUE","FALSE",,"1","Created as Standard",," 19-09-2019 10:43:57.55","FALSE","A",,,"Dmso Plisb","FALSE","TRUE", , 
"DMSO_SOLVB",,"198",,"Master Version for Standard",,"V","TRUE","FALSE",,"0","Master Version for Standard",," 19-09-2019 10:37:25.22","FALSE","A",,,"Dmso Solvb","FALSE","TRUE", , 
"DMSO_SOLVB",,"199",,"Created as Standard",,"V","TRUE","FALSE",,"1","Created as Standard",," 19-09-2019 10:37:25.22","FALSE","A",,,"Dmso Solvb","FALSE","TRUE", , 
"DMSOMANUAL",,"1500",,"DMSO PBUTE Manual Batch Template","DMSOMANUAL",,"TRUE","FALSE",,"1",,," 15-11-2021 11:08:35.71","FALSE","A",,,"Dmsomanual","FALSE","TRUE", , 
"DMSOPBUTE",,"1503",,"DMSO PBUTE Version 2","DMSOPBUTE",,"TRUE","FALSE",,"1",,," 15-11-2021 11:15:36.66","FALSE","A",,,"Dmsopbute","FALSE","TRUE", , 
"DOXPRM_RCK",,"793",,"ELISA Doxapram Recheck Test","DOXPRM_RCK",,"TRUE","FALSE",,"1",,," 04-02-2020 10:16:21.87","FALSE","A",,,"Doxprm Rck","FALSE","TRUE", , 
"ELISA_ALL",,"680",,"Master Version for Standard",,"V","TRUE","FALSE",,"0","Master Version for Standard",," 16-01-2020 12:55:54.40","FALSE","A",,,"Elisa All","FALSE","TRUE", , 
"ELISA_ALL",,"681",,"ELISA Screen Test for All Drugs","ELISA_ALL","V","TRUE","FALSE",,"1","Created as Standard",," 16-01-2020 12:55:54.42","FALSE","A",,,"Elisa All","FALSE","TRUE", , 
"ELISA_NC",,"682",,"Master Version for Standard",,"V","TRUE","FALSE",,"0","Master Version for Standard",," 16-01-2020 12:59:32.65","FALSE","A",,,"Elisa Nc","FALSE","TRUE", , 
"ELISA_NC",,"683",,"Created as Standard",,"V","TRUE","FALSE",,"1","Created as Standard",," 16-01-2020 12:59:32.72","FALSE","A",,,"Elisa Nc","FALSE","TRUE", , 
"ELISA_U_01",,"949",,"Master Version for Standard",,"V","TRUE","FALSE",,"0","Master Version for Standard",," 15-05-2020 11:36:07.35","FALSE","A",,,"Elisa U 01","FALSE","TRUE", , 
"ELISA_U_01",,"950",,"Created as Standard",,"V","TRUE","FALSE",,"1","Created as Standard",," 15-05-2020 11:36:07.37","FALSE","A",,,"Elisa U 01","FALSE","TRUE", , 
"ELISA_U_10",,"953",,"Master Version for Standard",,"V","TRUE","FALSE",,"0","Master Version for Standard",," 15-05-2020 11:37:37.44","FALSE","A",,,"Elisa U 10","FALSE","TRUE", , 
"ELISA_U_10",,"954",,"Created as Standard",,"V","TRUE","FALSE",,"1","Created as Standard",," 15-05-2020 11:37:37.45","FALSE","A",,,"Elisa U 10","FALSE","TRUE", , 
"ELISA_U_25",,"955",,"Master Version for Standard",,"V","TRUE","FALSE",,"0","Master Version for Standard",," 15-05-2020 11:38:35.26","FALSE","A",,,"Elisa U 25","FALSE","TRUE", , 
"ELISA_U_25",,"956",,"Created as Standard",,"V","TRUE","FALSE",,"1","Created as Standard",," 15-05-2020 11:38:35.31","FALSE","A",,,"Elisa U 25","FALSE","TRUE", , 
"ELISAU_ALL",,"685",,"ELISA Urine Batch for All Drugs","ELISAU_ALL",,"TRUE","FALSE",,"1",,," 28-01-2020 10:00:23.62","FALSE","A",,,"Elisau All","FALSE","TRUE", , 
"EPO_100_PC",,"323",,"Master Version for Standard",,"V","TRUE","FALSE",,"0","Master Version for Standard",," 19-09-2019 14:54:14.17","FALSE","A",,,"Epo 100 Pc","FALSE","TRUE", , 
"EPO_100_PC",,"324",,"Created as Standard",,"V","TRUE","FALSE",,"1","Created as Standard",," 19-09-2019 14:54:14.19","FALSE","A",,,"Epo 100 Pc","FALSE","TRUE", , 
"EPO_2_5",,"182",,"Master Version for Standard",,"V","TRUE","FALSE",,"0","Master Version for Standard",," 18-09-2019 15:00:31.75","FALSE","A",,,"Epo 2 5","FALSE","TRUE", , 
"EPO_2_5",,"183",,"Created as Standard",,"V","TRUE","FALSE",,"1","Created as Standard",," 18-09-2019 15:00:31.75","FALSE","A",,,"Epo 2 5","FALSE","TRUE", , 
"EPO_20_PC",,"186",,"Master Version for Standard",,"V","TRUE","FALSE",,"0","Master Version for Standard",," 18-09-2019 15:02:48.02","FALSE","A",,,"Epo 20 Pc","FALSE","TRUE", , 
"EPO_20_PC",,"187",,"Created as Standard",,"V","TRUE","FALSE",,"1","Created as Standard",," 18-09-2019 15:02:48.02","FALSE","A",,,"Epo 20 Pc","FALSE","TRUE", , 
"EPO_200_PC",,"325",,"Master Version for Standard",,"V","TRUE","FALSE",,"0","Master Version for Standard",," 19-09-2019 14:54:35.64","FALSE","A",,,"Epo 200 Pc","FALSE","TRUE", , 
"EPO_200_PC",,"326",,"Created as Standard",,"V","TRUE","FALSE",,"1","Created as Standard",," 19-09-2019 14:54:35.69","FALSE","A",,,"Epo 200 Pc","FALSE","TRUE", , 
"EPO_5",,"184",,"Master Version for Standard",,"V","TRUE","FALSE",,"0","Master Version for Standard",," 18-09-2019 15:02:12.05","FALSE","A",,,"Epo 5","FALSE","TRUE", , 
"EPO_5",,"185",,"Created as Standard",,"V","TRUE","FALSE",,"1","Created as Standard",," 18-09-2019 15:02:12.06","FALSE","A",,,"Epo 5","FALSE","TRUE", , 
"EPO_50_PC",,"321",,"Master Version for Standard",,"V","TRUE","FALSE",,"0","Master Version for Standard",," 19-09-2019 14:52:00.01","FALSE","A",,,"Epo 50 Pc","FALSE","TRUE", , 
"EPO_50_PC",,"322",,"Created as Standard",,"V","TRUE","FALSE",,"1","Created as Standard",," 19-09-2019 14:53:36.73","FALSE","A",,,"Epo 50 Pc","FALSE","TRUE", , 
"EPO_NC",,"180",,"Master Version for Standard",,"V","TRUE","FALSE",,"0","Master Version for Standard",," 18-09-2019 14:50:56.66","FALSE","A",,,"Epo Nc","FALSE","TRUE", , 
"EPO_NC",,"181",,"Created as Standard",,"V","TRUE","FALSE",,"1","Created as Standard",," 18-09-2019 14:50:56.66","FALSE","A",,,"Epo Nc","FALSE","TRUE", , 
"EX_TEST",,"833",,"Master Version for Standard",,"V","TRUE","FALSE",,"0","Master Version for Standard",," 24-03-2020 14:50:31.63","FALSE","A",,,"Ex Test","FALSE","TRUE", , 
"EX_TEST",,"834",,"Created as Standard",,"V","TRUE","FALSE",,"1","Created as Standard",," 24-03-2020 14:50:31.64","FALSE","A",,,"Ex Test","FALSE","TRUE", , 
"EXACTIV_EX",,"624",,"Exactive Example Test","EXACTIV_EX",,"TRUE","FALSE",,"1",,," 13-11-2019 13:28:02.84","FALSE","A",,,"Exactiv Ex","FALSE","TRUE", , 
"FENGRP_RCK",,"969",,"ELISA Fentanil Group Recheck Test","FENGRP_RCK",,"TRUE","FALSE",,"1",,," 15-05-2020 12:54:02.07","FALSE","A",,,"Fengrp Rck","FALSE","TRUE", , 
"FENTYL_RCK",,"975",,"ELISA Fentanyl Recheck Test","FENTYL_RCK",,"TRUE","FALSE",,"1",,," 15-05-2020 12:59:19.52","FALSE","A",,,"Fentyl Rck","FALSE","TRUE", , 
"FICOX_CONF",,"1290",,"Firocoxib Confirmation Template","FICOX_CONF",,"TRUE","FALSE",,"1",,," 11-06-2020 14:40:54.55","FALSE","A",,,"Ficox Conf","FALSE","TRUE", , 
"FOR_THRESH",,"339",,"PETRL Forensic Internal Thresholds",,,"TRUE","FALSE",,"1",,," 19-09-2019 15:18:18.98","FALSE","A",,,"PETRL Forensic Internal Thresholds","FALSE","TRUE", , 
"FT4",,"28",,"Free T4",,,"TRUE","TRUE",,"1",,," 24-05-2019 10:46:27.37","FALSE","A",,,"FT4 - Free T4","FALSE","TRUE", , 
"FURO_100",,"840",,"Master Version for Standard",,"V","TRUE","FALSE",,"0","Master Version for Standard",," 31-03-2020 13:48:17.88","FALSE","A",,,"Furo 100","FALSE","TRUE", , 
"FURO_100",,"841",,"Created as Standard",,"V","TRUE","FALSE",,"1","Created as Standard",," 31-03-2020 13:48:17.92","FALSE","A",,,"Furo 100","FALSE","TRUE", , 
"FURO_100",,"1292",,"Created as Standard",,"V","TRUE","FALSE",,"2","Created as Standard",," 11-06-2020 14:43:58.22","FALSE","A",,,"Furo 100","FALSE","TRUE", , 
"FURO_75",,"838",,"Master Version for Standard",,"V","TRUE","FALSE",,"0","Master Version for Standard",," 31-03-2020 13:47:03.73","FALSE","A",,,"Furo 75","FALSE","TRUE", , 
"FURO_75",,"839",,"Created as Standard",,"V","TRUE","FALSE",,"1","Created as Standard",," 31-03-2020 13:47:03.77","FALSE","A",,,"Furo 75","FALSE","TRUE", , 
"FURO_75",,"1291",,"Created as Standard",,"V","TRUE","FALSE",,"2","Created as Standard",," 11-06-2020 14:43:50.80","FALSE","A",,,"Furo 75","FALSE","TRUE", , 
"FURO_NC",,"837",,"Master Version for Standard",,"V","TRUE","FALSE",,"0","Master Version for Standard",," 31-03-2020 13:40:59.38","FALSE","A",,,"Furo Nc","FALSE","TRUE", , 
"FURO_NC",,"1288",,"Created as Standard",,"V","TRUE","FALSE",,"1","Created as Standard",," 11-06-2020 14:39:39.00","FALSE","A",,,"Furo Nc","FALSE","TRUE", , 
"FURO_NC",,"1289",,"Created as Standard",,"V","TRUE","FALSE",,"2","Created as Standard",," 11-06-2020 14:39:48.70","FALSE","A",,,"Furo Nc","FALSE","TRUE", , 
"GLAUALK_CO",,"1284",,"Glaucine And Alkaloids Confirmation template","GLAUALK_CO",,"TRUE","FALSE",,"1",,," 11-06-2020 13:58:44.94","FALSE","A",,,"Glaualk Co","FALSE","TRUE", , 
"GLYCOP_RCK",,"981",,"ELISA Glycopyrrolate Recheck Test","GLYCOP_RCK",,"TRUE","FALSE",,"1",,," 15-05-2020 12:59:50.21","FALSE","A",,,"Glycop Rck","FALSE","TRUE", , 
"HYDROM_RCK",,"957",,"ELISA Hydromorphone Recheck Test","HYDROM_RCK",,"TRUE","FALSE",,"1",,," 15-05-2020 12:49:18.55","FALSE","A",,,"Hydrom Rck","FALSE","TRUE", , 
"IA_EPO_RCK",,"329",,"ELISA EPO Recheck for Blood","IA_EPO_RCK",,"TRUE","FALSE",,"1",,," 19-09-2019 15:00:58.40","FALSE","A",,,"Ia Epo Rck","FALSE","TRUE", , 
"IA_EPO_SCR",,"188",,"ELISA EPO Screen for Blood","IA_EPO_SCR",,"TRUE","FALSE",,"1",,," 18-09-2019 17:42:14.06","FALSE","A",,,"Ia Epo Scr","FALSE","TRUE", , 
"IA_FUR_RCK",,"929",,"ELISA Furosumide Recheck","IA_FUR_RCK",,"TRUE","FALSE",,"1",,," 22-04-2020 12:36:13.15","FALSE","A",,,"Ia Fur Rck","FALSE","TRUE", , 
"IA_FUR_SCN",,"877",,"ELISA Furosumide Screen","IA_FUR_SCN",,"TRUE","FALSE",,"1",,," 17-04-2020 13:20:44.66","FALSE","A",,,"Ia Fur Scn","FALSE","TRUE", , 
"IPATRO_RCK",,"987",,"ELISA Ipatropium Recheck Test","IPATRO_RCK",,"TRUE","FALSE",,"1",,," 15-05-2020 13:00:05.40","FALSE","A",,,"Ipatro Rck","FALSE","TRUE", , 
"JA_TC54",,"1080",,"This is a description.",,,"TRUE","FALSE",,"1",,," 04-06-2020 09:54:02.69","FALSE","A",,,"Ja Tc54","FALSE","TRUE", , 
"JUSTINE",,"914",,"Master Version for Standard",,"V","TRUE","FALSE",,"0","Master Version for Standard",," 17-04-2020 15:19:36.51","FALSE","A",,,"Justine","FALSE","TRUE", , 
"JUSTINE",,"915",,"A batch",,"V","TRUE","FALSE",,"1","Created as Standard",," 17-04-2020 15:19:36.52","FALSE","A",,,"Justine","FALSE","TRUE", , 
"LC_1DRUG",,"1418",,"LC Confirmation for 1 Drug","LC_1DRUG",,"TRUE","FALSE",,"1",,," 16-02-2021 11:17:32.99","FALSE","A",,,"Lc 1drug","FALSE","TRUE", , 
"LC_8AAS_2",,"572",,"8AAS Anabolic Steroid Screen","LC_8AAS_2",,"TRUE","FALSE",,"1",,," 12-11-2019 10:07:08.24","FALSE","A",,,"Lc 8aas 2","FALSE","TRUE", , 
"LC_8AAS_SC",,"424",,"8AAS Anabolic Steroid Screen","LC_8AAS_SC",,"TRUE","FALSE",,"1",,," 10-10-2019 15:09:53.87","FALSE","A",,,"Lc 8aas Sc","FALSE","TRUE", , 
"LC_CAL1",,"1392",,"Master Version for Standard",,"V","TRUE","FALSE",,"0","Master Version for Standard",," 16-02-2021 09:35:01.88","FALSE","A",,,"Lc Cal1","FALSE","TRUE", , 
"LC_CAL1",,"1393",,"Created as Standard",,"V","TRUE","FALSE",,"1","Created as Standard",," 16-02-2021 09:35:01.88","FALSE","A",,,"Lc Cal1","FALSE","TRUE", , 
"LC_CAL10",,"1410",,"Master Version for Standard",,"V","TRUE","FALSE",,"0","Master Version for Standard",," 16-02-2021 09:56:00.83","FALSE","A",,,"Lc Cal10","FALSE","TRUE", , 
"LC_CAL10",,"1411",,"Created as Standard",,"V","TRUE","FALSE",,"1","Created as Standard",," 16-02-2021 09:56:00.83","FALSE","A",,,"Lc Cal10","FALSE","TRUE", , 
"LC_CAL11",,"1412",,"Master Version for Standard",,"V","TRUE","FALSE",,"0","Master Version for Standard",," 16-02-2021 09:56:46.84","FALSE","A",,,"Lc Cal11","FALSE","TRUE", , 
"LC_CAL11",,"1413",,"Created as Standard",,"V","TRUE","FALSE",,"1","Created as Standard",," 16-02-2021 09:56:46.86","FALSE","A",,,"Lc Cal11","FALSE","TRUE", , 
"LC_CAL2",,"1394",,"Master Version for Standard",,"V","TRUE","FALSE",,"0","Master Version for Standard",," 16-02-2021 09:36:51.88","FALSE","A",,,"Lc Cal2","FALSE","TRUE", , 
"LC_CAL2",,"1395",,"Created as Standard",,"V","TRUE","FALSE",,"1","Created as Standard",," 16-02-2021 09:36:51.88","FALSE","A",,,"Lc Cal2","FALSE","TRUE", , 
"LC_CAL3",,"1396",,"Master Version for Standard",,"V","TRUE","FALSE",,"0","Master Version for Standard",," 16-02-2021 09:37:34.63","FALSE","A",,,"Lc Cal3","FALSE","TRUE", , 
"LC_CAL3",,"1397",,"Created as Standard",,"V","TRUE","FALSE",,"1","Created as Standard",," 16-02-2021 09:37:34.63","FALSE","A",,,"Lc Cal3","FALSE","TRUE", , 
"LC_CAL4",,"1398",,"Master Version for Standard",,"V","TRUE","FALSE",,"0","Master Version for Standard",," 16-02-2021 09:45:41.89","FALSE","A",,,"Lc Cal4","FALSE","TRUE", , 
"LC_CAL4",,"1399",,"Created as Standard",,"V","TRUE","FALSE",,"1","Created as Standard",," 16-02-2021 09:45:41.90","FALSE","A",,,"Lc Cal4","FALSE","TRUE", , 
"LC_CAL5",,"1400",,"Master Version for Standard",,"V","TRUE","FALSE",,"0","Master Version for Standard",," 16-02-2021 09:51:35.72","FALSE","A",,,"Lc Cal5","FALSE","TRUE", , 
"LC_CAL5",,"1401",,"Created as Standard",,"V","TRUE","FALSE",,"1","Created as Standard",," 16-02-2021 09:51:35.72","FALSE","A",,,"Lc Cal5","FALSE","TRUE", , 
"LC_CAL6",,"1402",,"Master Version for Standard",,"V","TRUE","FALSE",,"0","Master Version for Standard",," 16-02-2021 09:52:01.61","FALSE","A",,,"Lc Cal6","FALSE","TRUE", , 
"LC_CAL6",,"1403",,"Created as Standard",,"V","TRUE","FALSE",,"1","Created as Standard",," 16-02-2021 09:52:01.63","FALSE","A",,,"Lc Cal6","FALSE","TRUE", , 
"LC_CAL7",,"1404",,"Master Version for Standard",,"V","TRUE","FALSE",,"0","Master Version for Standard",," 16-02-2021 09:53:37.14","FALSE","A",,,"Lc Cal7","FALSE","TRUE", , 
"LC_CAL7",,"1405",,"Created as Standard",,"V","TRUE","FALSE",,"1","Created as Standard",," 16-02-2021 09:53:37.14","FALSE","A",,,"Lc Cal7","FALSE","TRUE", , 
"LC_CAL8",,"1406",,"Master Version for Standard",,"V","TRUE","FALSE",,"0","Master Version for Standard",," 16-02-2021 09:53:52.93","FALSE","A",,,"Lc Cal8","FALSE","TRUE", , 
"LC_CAL8",,"1407",,"Created as Standard",,"V","TRUE","FALSE",,"1","Created as Standard",," 16-02-2021 09:53:52.94","FALSE","A",,,"Lc Cal8","FALSE","TRUE", , 
"LC_CAL9",,"1408",,"Master Version for Standard",,"V","TRUE","FALSE",,"0","Master Version for Standard",," 16-02-2021 09:55:42.43","FALSE","A",,,"Lc Cal9","FALSE","TRUE", , 
"LC_CAL9",,"1409",,"Created as Standard",,"V","TRUE","FALSE",,"1","Created as Standard",," 16-02-2021 09:55:42.45","FALSE","A",,,"Lc Cal9","FALSE","TRUE", , 
"LC_DMSOPBT",,"299",,"LCMS DMSO Phenylbutazone Screen for Blood","LC_DMSOPBT",,"TRUE","FALSE",,"1",,," 19-09-2019 11:48:25.59","FALSE","A",,,"Lc Dmsopbt","FALSE","TRUE", , 
"LCMS_CHECK",,"1511",,"LCMS Recheck Batch","LCMS_CHECK",,"TRUE","FALSE",,"1",,," 01-12-2021 13:09:32.17","FALSE","A",,,"Lcms Check","FALSE","TRUE", , 
"LCMSCONF",,"1373",,"Procaine LCMS Confirmation Template",,,"TRUE","FALSE",,"1",,," 27-07-2020 15:40:48.66","FALSE","A",,,"Lcmsconf","FALSE","TRUE", , 
"LEVALL_RCK",,"993",,"ELISA Levallophan Recheck Test","LEVALL_RCK",,"TRUE","FALSE",,"1",,," 15-05-2020 13:00:30.36","FALSE","A",,,"Levall Rck","FALSE","TRUE", , 
"LIDO_CONF",,"1138",,"3-OH Lidocaine LCMS Confirmation Template","LIDO_CONF",,"TRUE","FALSE",,"1",,," 05-06-2020 13:09:47.58","FALSE","A",,,"Lido Conf","FALSE","TRUE", , 
"LIDOCA_RCK",,"999",,"ELISA Lidocaine Recheck Test","LIDOCA_RCK",,"TRUE","FALSE",,"1",,," 15-05-2020 13:00:45.11","FALSE","A",,,"Lidoca Rck","FALSE","TRUE", , 
"LIPID",,"30",,"Lipid Panel",,,"TRUE","TRUE",,"1",,," 24-05-2019 10:47:30.59","FALSE","A",,,"Lipid Panel","FALSE","TRUE", , 
"MEPHEN_RCK",,"1005",,"ELISA Methylphenidate Recheck Test","MEPHEN_RCK",,"TRUE","FALSE",,"1",,," 15-05-2020 13:00:59.54","FALSE","A",,,"Mephen Rck","FALSE","TRUE", , 
"MEPRED_RCK",,"1011",,"ELISA Methylprednisolone Recheck Test","MEPRED_RCK",,"TRUE","FALSE",,"1",,," 15-05-2020 13:01:32.41","FALSE","A",,,"Mepred Rck","FALSE","TRUE", , 
"METH_CONF",,"1369",,"Methamphetamine LCMS Confirmation Template","METH_CONF",,"TRUE","FALSE",,"1",,," 25-06-2020 10:18:30.97","FALSE","A",,,"Meth Conf","FALSE","TRUE", , 
"METHCARB",,"1287",,"Methocarbamol confirmation Template","METHCARB",,"TRUE","FALSE",,"1",,," 11-06-2020 14:36:47.65","FALSE","A",,,"Methcarb","FALSE","TRUE", , 
"MPRED_CONF",,"1281",,"Methylprednisolone Confirmation Template","MPRED_CONF",,"TRUE","FALSE",,"1",,," 11-06-2020 13:40:20.26","FALSE","A",,,"Mpred Conf","FALSE","TRUE", , 
"NAN_CONF",,"1227",,"Nandrolone LCMS Confirmation Template",,,"TRUE","FALSE",,"1",,," 10-06-2020 14:36:55.83","FALSE","A",,,"Nan Conf","FALSE","TRUE", , 
"NC_AAS",,"406",,"Master Version for Standard",,"V","TRUE","FALSE",,"0","Master Version for Standard",," 10-10-2019 14:54:24.64","FALSE","A",,,"Nc Aas","FALSE","TRUE", , 
"NC_AAS",,"409",,"Created as Standard",,"V","TRUE","FALSE",,"1","Created as Standard",," 10-10-2019 14:54:24.67","FALSE","A",,,"Nc Aas","FALSE","TRUE", , 
"NC_CONFIRM",,"1390",,"Master Version for Standard",,"V","TRUE","FALSE",,"0","Master Version for Standard",," 16-02-2021 09:16:51.42","FALSE","A",,,"Nc Confirm","FALSE","TRUE", , 
"NC_CONFIRM",,"1391",,"Created as Standard",,"V","TRUE","FALSE",,"1","Created as Standard",," 16-02-2021 09:16:51.43","FALSE","A",,,"Nc Confirm","FALSE","TRUE", , 
"NCIS_PLAS",,"805",,"Master Version for Standard",,"V","TRUE","FALSE",,"0","Master Version for Standard",," 09-03-2020 11:45:33.85","FALSE","A",,,"Ncis Plas","FALSE","TRUE", , 
"NCIS_PLAS",,"806",,"Created as Standard",,"V","TRUE","FALSE",,"1","Created as Standard",," 09-03-2020 11:45:33.86","FALSE","A",,,"Ncis Plas","FALSE","TRUE", , 
"NCIS_PLAS",,"886",,"Created as Standard",,"V","TRUE","FALSE",,"2","Created as Standard",," 17-04-2020 14:13:06.27","FALSE","A",,,"Ncis Plas","FALSE","TRUE", , 
"NCIS_URINE",,"1278",,"Master Version for Standard",,"V","TRUE","FALSE",,"0","Master Version for Standard",," 10-06-2020 15:47:43.78","FALSE","A",,,"Ncis Urine","FALSE","TRUE", , 
"NCIS_URINE",,"1279",,"Created as Standard",,"V","TRUE","FALSE",,"1","Created as Standard",," 10-06-2020 15:47:43.83","FALSE","A",,,"Ncis Urine","FALSE","TRUE", , 
"NEG_CONTRL",,"803",,"Master Version for Standard",,"V","TRUE","FALSE",,"0","Master Version for Standard",," 09-03-2020 11:44:32.27","FALSE","A",,,"Neg Contrl","FALSE","TRUE", , 
"NEG_CONTRL",,"804",,"Created as Standard",,"V","TRUE","FALSE",,"1","Created as Standard",," 09-03-2020 11:44:32.27","FALSE","A",,,"Neg Contrl","FALSE","TRUE", , 
"NEG_CONTRL",,"885",,"Created as Standard",,"V","TRUE","FALSE",,"2","Created as Standard",," 17-04-2020 14:12:12.10","FALSE","A",,,"Neg Contrl","FALSE","TRUE", , 
"NEG_CONU",,"1348",,"Master Version for Standard",,"V","TRUE","FALSE",,"0","Master Version for Standard",," 18-06-2020 11:53:43.47","FALSE","A",,,"Neg Conu","FALSE","TRUE", , 
"NEG_CONU",,"1349",,"Created as Standard",,"V","TRUE","FALSE",,"1","Created as Standard",," 18-06-2020 11:53:43.48","FALSE","A",,,"Neg Conu","FALSE","TRUE", , 
"NSAID_SCN",,"1481",,"NSAID Screen Batch Template","NSAID_SCN",,"TRUE","FALSE",,"1",,," 15-11-2021 10:54:54.63","FALSE","A",,,"Nsaid Scn","FALSE","TRUE", , 
"OMEP_CONF",,"1280",,"Omeprazole Sulfide Confirmation template","OMEP_CONF",,"TRUE","FALSE",,"1",,," 11-06-2020 13:07:02.95","FALSE","A",,,"Omep Conf","FALSE","TRUE", , 
"OPIATE_RCK",,"1017",,"ELISA Opiate Group Recheck Test","OPIATE_RCK",,"TRUE","FALSE",,"1",,," 15-05-2020 13:03:53.13","FALSE","A",,,"Opiate Rck","FALSE","TRUE", , 
"OXYCOD_CON",,"1293",,"Oxycodone Confirmation Template","OXYCOD_CON",,"TRUE","FALSE",,"1",,," 11-06-2020 14:52:32.64","FALSE","A",,,"Oxycod Con","FALSE","TRUE", , 
"PB_AAS",,"398",,"Master Version for Standard",,"V","TRUE","FALSE",,"0","Master Version for Standard",," 10-10-2019 14:50:20.05","FALSE","A",,,"Pb Aas","FALSE","TRUE", , 
"PB_AAS",,"401",,"Created as Standard",,"V","TRUE","FALSE",,"1","Created as Standard",," 10-10-2019 14:50:20.08","FALSE","A",,,"Pb Aas","FALSE","TRUE", , 
"PEMO_CONF",,"1378",,"Pemoline Confirmation template","PEMO_CONF",,"TRUE","FALSE",,"1",,," 28-10-2020 14:07:20.87","FALSE","A",,,"Pemo Conf","FALSE","TRUE", , 
"PREDN_CONF",,"1136",,"Prednisolone LCMS Confirmation Template","PREDN_CONF",,"TRUE","FALSE",,"1",,," 05-06-2020 12:36:18.98","FALSE","A",,,"Predn Conf","FALSE","TRUE", , 
"PRO_01",,"631",,"Master Version for Standard",,"V","TRUE","FALSE",,"0","Master Version for Standard",," 13-11-2019 14:02:18.21","FALSE","A",,,"Pro 01","FALSE","TRUE", , 
"PRO_01",,"632",,"Created as Standard",,"V","TRUE","FALSE",,"1","Created as Standard",," 13-11-2019 14:02:18.21","FALSE","A",,,"Pro 01","FALSE","TRUE", , 
"PRO_10",,"670",,"Master Version for Standard",,"V","TRUE","FALSE",,"0","Master Version for Standard",," 20-11-2019 14:53:51.76","FALSE","A",,,"Pro 10","FALSE","TRUE", , 
"PRO_25",,"671",,"Master Version for Standard",,"V","TRUE","FALSE",,"0","Master Version for Standard",," 20-11-2019 14:54:27.25","FALSE","A",,,"Pro 25","FALSE","TRUE", , 
"PRO_25",,"672",,"Created as Standard",,"V","TRUE","FALSE",,"1","Created as Standard",," 20-11-2019 14:54:27.27","FALSE","A",,,"Pro 25","FALSE","TRUE", , 
"PRO_NC",,"633",,"Master Version for Standard",,"V","TRUE","FALSE",,"0","Master Version for Standard",," 13-11-2019 14:07:31.49","FALSE","A",,,"Pro Nc","FALSE","TRUE", , 
"PRO_NC",,"634",,"Created as Standard",,"V","TRUE","FALSE",,"1","Created as Standard",," 13-11-2019 14:07:31.51","FALSE","A",,,"Pro Nc","FALSE","TRUE", , 
"PROMAZNE_U",,"657",,"ELISA Promazine Urine Test","PROMAZNE_U",,"TRUE","FALSE",,"1",,," 20-11-2019 08:54:46.61","FALSE","A",,,"Promazne U","FALSE","TRUE", , 
"PROMZ_RCK",,"673",,"ELISA Promazine Recheck Test","PROMZ_RCK",,"TRUE","FALSE",,"1",,," 20-11-2019 14:56:54.86","FALSE","A",,,"Promz Rck","FALSE","TRUE", , 
"PROPRO_RCK",,"1023",,"ELISA Propronolol Recheck Test","PROPRO_RCK",,"TRUE","FALSE",,"1",,," 15-05-2020 13:05:04.91","FALSE","A",,,"Propro Rck","FALSE","TRUE", , 
"Q2000NGML",,"1276",,"Master Version for Standard",,"V","TRUE","FALSE",,"0","Master Version for Standard",," 10-06-2020 15:37:42.24","FALSE","A",,,"Q2000ngml","FALSE","TRUE", , 
"Q2000NGML",,"1277",,"Created as Standard",,"V","TRUE","FALSE",,"1","Created as Standard",," 10-06-2020 15:37:42.30","FALSE","A",,,"Q2000ngml","FALSE","TRUE", , 
"QC_075NGML",,"1285",,"Master Version for Standard",,"V","TRUE","FALSE",,"0","Master Version for Standard",," 11-06-2020 14:08:33.45","FALSE","A",,,"Qc 075ngml","FALSE","TRUE", , 
"QC_075NGML",,"1286",,"Created as Standard",,"V","TRUE","FALSE",,"1","Created as Standard",," 11-06-2020 14:08:33.45","FALSE","A",,,"Qc 075ngml","FALSE","TRUE", , 
"QC_1",,"1414",,"Master Version for Standard",,"V","TRUE","FALSE",,"0","Master Version for Standard",," 16-02-2021 09:58:05.93","FALSE","A",,,"Qc 1","FALSE","TRUE", , 
"QC_1",,"1415",,"Created as Standard",,"V","TRUE","FALSE",,"1","Created as Standard",," 16-02-2021 09:58:05.94","FALSE","A",,,"Qc 1","FALSE","TRUE", , 
"QC_1_NGML",,"828",,"Master Version for Standard",,"V","TRUE","FALSE",,"0","Master Version for Standard",," 11-03-2020 11:46:32.59","FALSE","A",,,"Qc 1 Ngml","FALSE","TRUE", , 
"QC_1_NGML",,"829",,"Created as Standard",,"V","TRUE","FALSE",,"1","Created as Standard",," 11-03-2020 11:46:32.59","FALSE","A",,,"Qc 1 Ngml","FALSE","TRUE", , 
"QC_1_NGML",,"898",,"Created as Standard",,"V","TRUE","FALSE",,"2","Created as Standard",," 17-04-2020 14:15:22.92","FALSE","A",,,"Qc 1 Ngml","FALSE","TRUE", , 
"QC_10_NGML",,"1089",,"Master Version for Standard",,"V","TRUE","FALSE",,"0","Master Version for Standard",," 04-06-2020 14:59:33.48","FALSE","A",,,"Qc 10 Ngml","FALSE","TRUE", , 
"QC_10_NGML",,"1090",,"Created as Standard",,"V","TRUE","FALSE",,"1","Created as Standard",," 04-06-2020 14:59:33.52","FALSE","A",,,"Qc 10 Ngml","FALSE","TRUE", , 
"QC_10_PGML",,"1167",,"Master Version for Standard",,"V","TRUE","FALSE",,"0","Master Version for Standard",," 09-06-2020 14:57:37.24","FALSE","A",,,"Qc 10 Pgml","FALSE","TRUE", , 
"QC_10_PGML",,"1168",,"Created as Standard",,"V","TRUE","FALSE",,"1","Created as Standard",," 09-06-2020 14:57:37.24","FALSE","A",,,"Qc 10 Pgml","FALSE","TRUE", , 
"QC_100NGML",,"1081",,"Master Version for Standard",,"V","TRUE","FALSE",,"0","Master Version for Standard",," 04-06-2020 14:59:10.30","FALSE","A",,,"Qc 100ngml","FALSE","TRUE", , 
"QC_100NGML",,"1082",,"Created as Standard",,"V","TRUE","FALSE",,"1","Created as Standard",," 04-06-2020 14:59:10.32","FALSE","A",,,"Qc 100ngml","FALSE","TRUE", , 
"QC_12_NGML",,"1165",,"Master Version for Standard",,"V","TRUE","FALSE",,"0","Master Version for Standard",," 09-06-2020 14:43:07.48","FALSE","A",,,"Qc 12 Ngml","FALSE","TRUE", , 
"QC_12_NGML",,"1166",,"Created as Standard",,"V","TRUE","FALSE",,"1","Created as Standard",," 09-06-2020 14:43:07.51","FALSE","A",,,"Qc 12 Ngml","FALSE","TRUE", , 
"QC_150NGML",,"1091",,"Master Version for Standard",,"V","TRUE","FALSE",,"0","Master Version for Standard",," 04-06-2020 14:59:35.91","FALSE","A",,,"Qc 150ngml","FALSE","TRUE", , 
"QC_150NGML",,"1092",,"Created as Standard",,"V","TRUE","FALSE",,"1","Created as Standard",," 04-06-2020 14:59:35.93","FALSE","A",,,"Qc 150ngml","FALSE","TRUE", , 
"QC_15UGML",,"1185",,"Master Version for Standard",,"V","TRUE","FALSE",,"0","Master Version for Standard",," 10-06-2020 13:13:25.66","FALSE","A",,,"Qc 15ugml","FALSE","TRUE", , 
"QC_15UGML",,"1186",,"Created as Standard",,"V","TRUE","FALSE",,"1","Created as Standard",," 10-06-2020 13:13:25.72","FALSE","A",,,"Qc 15ugml","FALSE","TRUE", , 
"QC_2",,"1416",,"Master Version for Standard",,"V","TRUE","FALSE",,"0","Master Version for Standard",," 16-02-2021 10:08:29.13","FALSE","A",,,"Qc 2","FALSE","TRUE", , 
"QC_2",,"1417",,"Created as Standard",,"V","TRUE","FALSE",,"1","Created as Standard",," 16-02-2021 10:08:29.13","FALSE","A",,,"Qc 2","FALSE","TRUE", , 
"QC_20_NGML",,"910",,"Master Version for Standard",,"V","TRUE","FALSE",,"0","Master Version for Standard",," 17-04-2020 15:19:03.79","FALSE","A",,,"Qc 20 Ngml","FALSE","TRUE", , 
"QC_20_NGML",,"911",,"Created as Standard",,"V","TRUE","FALSE",,"1","Created as Standard",," 17-04-2020 15:19:03.79","FALSE","A",,,"Qc 20 Ngml","FALSE","TRUE", , 
"QC_20PGML",,"1128",,"Master Version for Standard",,"V","TRUE","FALSE",,"0","Master Version for Standard",," 05-06-2020 12:31:44.15","FALSE","A",,,"Qc 20pgml","FALSE","TRUE", , 
"QC_20PGML",,"1129",,"Created as Standard",,"V","TRUE","FALSE",,"1","Created as Standard",," 05-06-2020 12:31:44.22","FALSE","A",,,"Qc 20pgml","FALSE","TRUE", , 
"QC_25_NGML",,"1093",,"Master Version for Standard",,"V","TRUE","FALSE",,"0","Master Version for Standard",," 04-06-2020 15:00:01.50","FALSE","A",,,"Qc 25 Ngml","FALSE","TRUE", , 
"QC_25_NGML",,"1094",,"Created as Standard",,"V","TRUE","FALSE",,"1","Created as Standard",," 04-06-2020 15:00:01.50","FALSE","A",,,"Qc 25 Ngml","FALSE","TRUE", , 
"QC_25_PGML",,"1143",,"Master Version for Standard",,"V","TRUE","FALSE",,"0","Master Version for Standard",," 05-06-2020 15:50:30.48","FALSE","A",,,"Qc 25 Pgml","FALSE","TRUE", , 
"QC_25_PGML",,"1144",,"Created as Standard",,"V","TRUE","FALSE",,"1","Created as Standard",," 05-06-2020 15:50:30.54","FALSE","A",,,"Qc 25 Pgml","FALSE","TRUE", , 
"QC_250PGML",,"1363",,"Master Version for Standard",,"V","TRUE","FALSE",,"0","Master Version for Standard",," 24-06-2020 14:57:18.89","FALSE","A",,,"Qc 250pgml","FALSE","TRUE", , 
"QC_250PGML",,"1364",,"Created as Standard",,"V","TRUE","FALSE",,"1","Created as Standard",," 24-06-2020 14:57:18.92","FALSE","A",,,"Qc 250pgml","FALSE","TRUE", , 
"QC_2PGML",,"1189",,"Master Version for Standard",,"V","TRUE","FALSE",,"0","Master Version for Standard",," 10-06-2020 13:47:58.03","FALSE","A",,,"Qc 2pgml","FALSE","TRUE", , 
"QC_2PGML",,"1190",,"Created as Standard",,"V","TRUE","FALSE",,"1","Created as Standard",," 10-06-2020 13:47:58.05","FALSE","A",,,"Qc 2pgml","FALSE","TRUE", , 
"QC_2UGML",,"1183",,"Master Version for Standard",,"V","TRUE","FALSE",,"0","Master Version for Standard",," 10-06-2020 13:12:16.09","FALSE","A",,,"Qc 2ugml","FALSE","TRUE", , 
"QC_2UGML",,"1184",,"Created as Standard",,"V","TRUE","FALSE",,"1","Created as Standard",," 10-06-2020 13:12:16.15","FALSE","A",,,"Qc 2ugml","FALSE","TRUE", , 
"QC_300NGML",,"1270",,"Master Version for Standard",,"V","TRUE","FALSE",,"0","Master Version for Standard",," 10-06-2020 15:34:35.15","FALSE","A",,,"Qc 300ngml","FALSE","TRUE", , 
"QC_300NGML",,"1271",,"Created as Standard",,"V","TRUE","FALSE",,"1","Created as Standard",," 10-06-2020 15:34:35.15","FALSE","A",,,"Qc 300ngml","FALSE","TRUE", , 
"QC_40_NGML",,"1163",,"Master Version for Standard",,"V","TRUE","FALSE",,"0","Master Version for Standard",," 09-06-2020 14:22:11.95","FALSE","A",,,"Qc 40 Ngml","FALSE","TRUE", , 
"QC_40_NGML",,"1164",,"Created as Standard",,"V","TRUE","FALSE",,"1","Created as Standard",," 09-06-2020 14:22:11.97","FALSE","A",,,"Qc 40 Ngml","FALSE","TRUE", , 
"QC_5_NGML",,"1104",,"Master Version for Standard",,"V","TRUE","FALSE",,"0","Master Version for Standard",," 05-06-2020 11:53:51.21","FALSE","A",,,"Qc 5 Ngml","FALSE","TRUE", , 
"QC_5_NGML",,"1105",,"Created as Standard",,"V","TRUE","FALSE",,"1","Created as Standard",," 05-06-2020 11:53:51.35","FALSE","A",,,"Qc 5 Ngml","FALSE","TRUE", , 
"QC_5_PGML",,"1147",,"Master Version for Standard",,"V","TRUE","FALSE",,"0","Master Version for Standard",," 05-06-2020 15:53:51.64","FALSE","A",,,"Qc 5 Pgml","FALSE","TRUE", , 
"QC_5_PGML",,"1148",,"Created as Standard",,"V","TRUE","FALSE",,"1","Created as Standard",," 05-06-2020 15:53:51.64","FALSE","A",,,"Qc 5 Pgml","FALSE","TRUE", , 
"QC_50_NGML",,"1085",,"Master Version for Standard",,"V","TRUE","FALSE",,"0","Master Version for Standard",," 04-06-2020 14:59:30.49","FALSE","A",,,"Qc 50 Ngml","FALSE","TRUE", , 
"QC_50_NGML",,"1086",,"Created as Standard",,"V","TRUE","FALSE",,"1","Created as Standard",," 04-06-2020 14:59:30.52","FALSE","A",,,"Qc 50 Ngml","FALSE","TRUE", , 
"QC_50_PGML",,"1149",,"Master Version for Standard",,"V","TRUE","FALSE",,"0","Master Version for Standard",," 05-06-2020 15:55:08.77","FALSE","A",,,"Qc 50 Pgml","FALSE","TRUE", , 
"QC_50_PGML",,"1150",,"Created as Standard",,"V","TRUE","FALSE",,"1","Created as Standard",," 05-06-2020 15:55:08.79","FALSE","A",,,"Qc 50 Pgml","FALSE","TRUE", , 
"QC_50PGML",,"1232",,"Master Version for Standard",,"V","TRUE","FALSE",,"0","Master Version for Standard",," 10-06-2020 15:00:48.02","FALSE","A",,,"Qc 50pgml","FALSE","TRUE", , 
"QC_50PGML",,"1233",,"Created as Standard",,"V","TRUE","FALSE",,"1","Created as Standard",," 10-06-2020 15:00:48.02","FALSE","A",,,"Qc 50pgml","FALSE","TRUE", , 
"QC_75_NGML",,"830",,"Master Version for Standard",,"V","TRUE","FALSE",,"0","Master Version for Standard",," 11-03-2020 11:48:42.74","FALSE","A",,,"Qc 75 Ngml","FALSE","TRUE", , 
"QC_75_NGML",,"831",,"Created as Standard",,"V","TRUE","FALSE",,"1","Created as Standard",," 11-03-2020 11:48:42.74","FALSE","A",,,"Qc 75 Ngml","FALSE","TRUE", , 
"QC_75_NGML",,"899",,"Created as Standard",,"V","TRUE","FALSE",,"2","Created as Standard",," 17-04-2020 14:15:30.35","FALSE","A",,,"Qc 75 Ngml","FALSE","TRUE", , 
"QC_75_NGML",,"920",,"Created as Standard",,"V","TRUE","FALSE",,"3","Created as Standard",," 17-04-2020 15:35:55.81","FALSE","A",,,"Qc 75 Ngml","FALSE","TRUE", , 
"QC_75_NGML",,"921",,"Created as Standard",,"V","TRUE","FALSE",,"4","Created as Standard",," 17-04-2020 15:36:09.13","FALSE","A",,,"Qc 75 Ngml","FALSE","TRUE", , 
"QC_75_NGML",,"922",,"Created as Standard",,"V","TRUE","FALSE",,"5","Created as Standard",," 17-04-2020 15:36:13.21","FALSE","A",,,"Qc 75 Ngml","FALSE","TRUE", , 
"QC_75_NGML",,"1358",,"Created as Standard",,"V","TRUE","FALSE",,"6","Created as Standard",," 23-06-2020 15:18:35.79","FALSE","A",,,"Qc 75 Ngml","FALSE","TRUE", , 
"QC_750PGML",,"1187",,"Master Version for Standard",,"V","TRUE","FALSE",,"0","Master Version for Standard",," 10-06-2020 13:33:38.95","FALSE","A",,,"Qc 750pgml","FALSE","TRUE", , 
"QC_750PGML",,"1188",,"Created as Standard",,"V","TRUE","FALSE",,"1","Created as Standard",," 10-06-2020 13:33:38.97","FALSE","A",,,"Qc 750pgml","FALSE","TRUE", , 
"QC1000PGML",,"1155",,"Master Version for Standard",,"V","TRUE","FALSE",,"0","Master Version for Standard",," 08-06-2020 15:28:49.37","FALSE","A",,,"Qc1000pgml","FALSE","TRUE", , 
"QC1000PGML",,"1156",,"Created as Standard",,"V","TRUE","FALSE",,"1","Created as Standard",," 08-06-2020 15:28:49.40","FALSE","A",,,"Qc1000pgml","FALSE","TRUE", , 
"QC100PGML",,"1130",,"Master Version for Standard",,"V","TRUE","FALSE",,"0","Master Version for Standard",," 05-06-2020 12:32:20.39","FALSE","A",,,"Qc100pgml","FALSE","TRUE", , 
"QC100PGML",,"1131",,"Created as Standard",,"V","TRUE","FALSE",,"1","Created as Standard",," 05-06-2020 12:32:20.45","FALSE","A",,,"Qc100pgml","FALSE","TRUE", , 
"QC140PGML",,"1217",,"Master Version for Standard",,"V","TRUE","FALSE",,"0","Master Version for Standard",," 10-06-2020 14:02:38.43","FALSE","A",,,"Qc140pgml","FALSE","TRUE", , 
"QC140PGML",,"1218",,"Created as Standard",,"V","TRUE","FALSE",,"1","Created as Standard",," 10-06-2020 14:02:38.46","FALSE","A",,,"Qc140pgml","FALSE","TRUE", , 
"QC2000NGML",,"1274",,"Master Version for Standard",,"V","TRUE","FALSE",,"0","Master Version for Standard",," 10-06-2020 15:36:50.81","FALSE","A",,,"Qc2000ngml","FALSE","TRUE", , 
"QC2000NGML",,"1275",,"Created as Standard",,"V","TRUE","FALSE",,"1","Created as Standard",," 10-06-2020 15:36:50.87","FALSE","A",,,"Qc2000ngml","FALSE","TRUE", , 
"QC2000PGML",,"1095",,"Master Version for Standard",,"V","TRUE","FALSE",,"0","Master Version for Standard",," 04-06-2020 15:00:08.71","FALSE","A",,,"Qc2000pgml","FALSE","TRUE", , 
"QC2000PGML",,"1096",,"Created as Standard",,"V","TRUE","FALSE",,"1","Created as Standard",," 04-06-2020 15:00:08.71","FALSE","A",,,"Qc2000pgml","FALSE","TRUE", , 
"QC250PGMLU",,"1367",,"Master Version for Standard",,"V","TRUE","FALSE",,"0","Master Version for Standard",," 24-06-2020 15:24:04.98","FALSE","A",,,"Qc250pgmlu","FALSE","TRUE", , 
"QC250PGMLU",,"1368",,"Created as Standard",,"V","TRUE","FALSE",,"1","Created as Standard",," 24-06-2020 15:24:04.98","FALSE","A",,,"Qc250pgmlu","FALSE","TRUE", , 
"QC3000PGML",,"1223",,"Master Version for Standard",,"V","TRUE","FALSE",,"0","Master Version for Standard",," 10-06-2020 14:04:20.15","FALSE","A",,,"Qc3000pgml","FALSE","TRUE", , 
"QC3000PGML",,"1224",,"Created as Standard",,"V","TRUE","FALSE",,"1","Created as Standard",," 10-06-2020 14:04:20.17","FALSE","A",,,"Qc3000pgml","FALSE","TRUE", , 
"QC300NGML",,"1272",,"Master Version for Standard",,"V","TRUE","FALSE",,"0","Master Version for Standard",," 10-06-2020 15:35:34.24","FALSE","A",,,"Qc300ngml","FALSE","TRUE", , 
"QC300NGML",,"1273",,"Created as Standard",,"V","TRUE","FALSE",,"1","Created as Standard",," 10-06-2020 15:35:34.31","FALSE","A",,,"Qc300ngml","FALSE","TRUE", , 
"QC500PGML",,"1219",,"Master Version for Standard",,"V","TRUE","FALSE",,"0","Master Version for Standard",," 10-06-2020 14:03:17.94","FALSE","A",,,"Qc500pgml","FALSE","TRUE", , 
"QC500PGML",,"1220",,"Created as Standard",,"V","TRUE","FALSE",,"1","Created as Standard",," 10-06-2020 14:03:17.95","FALSE","A",,,"Qc500pgml","FALSE","TRUE", , 
"QC900PGML",,"1221",,"Master Version for Standard",,"V","TRUE","FALSE",,"0","Master Version for Standard",," 10-06-2020 14:03:45.14","FALSE","A",,,"Qc900pgml","FALSE","TRUE", , 
"QC900PGML",,"1222",,"Created as Standard",,"V","TRUE","FALSE",,"1","Created as Standard",," 10-06-2020 14:03:45.14","FALSE","A",,,"Qc900pgml","FALSE","TRUE", , 
"QCP500PGML",,"1225",,"Master Version for Standard",,"V","TRUE","FALSE",,"0","Master Version for Standard",," 10-06-2020 14:33:26.58","FALSE","A",,,"Qcp500pgml","FALSE","TRUE", , 
"QCP500PGML",,"1226",,"Created as Standard",,"V","TRUE","FALSE",,"1","Created as Standard",," 10-06-2020 14:33:26.62","FALSE","A",,,"Qcp500pgml","FALSE","TRUE", , 
"QE_SCREEN",,"1445",,"QE General Screen EX audit 7/8","QE_SCREEN",,"TRUE","FALSE",,"1",,," 29-07-2021 13:35:50.60","FALSE","A",,,"Qe Screen","FALSE","TRUE", , 
"QU1000PGML",,"1236",,"Master Version for Standard",,"V","TRUE","FALSE",,"0","Master Version for Standard",," 10-06-2020 15:02:25.22","FALSE","A",,,"Qu1000pgml","FALSE","TRUE", , 
"QU1000PGML",,"1237",,"Created as Standard",,"V","TRUE","FALSE",,"1","Created as Standard",," 10-06-2020 15:02:25.22","FALSE","A",,,"Qu1000pgml","FALSE","TRUE", , 
"SILDE_CONF",,"1137",,"Sildenafil LCMS Confirmation Template","SILDE_CONF",,"TRUE","FALSE",,"1",,," 05-06-2020 12:58:42.37","FALSE","A",,,"Silde Conf","FALSE","TRUE", , 
"SPICEC_RCK",,"1029",,"ELISA Spice Cannabinoids Recheck Test","SPICEC_RCK",,"TRUE","FALSE",,"1",,," 15-05-2020 13:06:40.54","FALSE","A",,,"Spicec Rck","FALSE","TRUE", , 
"STAN_CONF",,"1376",,"Stanazolol Confirmation Template","STAN_CONF",,"TRUE","FALSE",,"1",,," 28-10-2020 13:19:47.77","FALSE","A",,,"Stan Conf","FALSE","TRUE", , 
"STD_H_MET",,"46",,"Master Version for Standard",,"V","TRUE","TRUE",,"0","Master Version for Standard",," 24-05-2019 10:59:58.87","FALSE","A",,,"Std H Met","FALSE","TRUE", , 
"STD_H_MET",,"50",,"Created as Standard",,"V","TRUE","TRUE",,"1","Created as Standard",," 24-05-2019 11:00:32.81","FALSE","A",,,"Std H Met","FALSE","TRUE", , 
"STD_HPLC",,"54",,"Master Version for Standard",,"V","TRUE","TRUE",,"0","Master Version for Standard",," 24-05-2019 11:00:50.08","FALSE","A",,,"Std Hplc","FALSE","TRUE", , 
"STD_HPLC",,"58",,"Created as Standard",,"V","TRUE","TRUE",,"1","Created as Standard",," 24-05-2019 11:01:06.68","FALSE","A",,,"Std Hplc","FALSE","TRUE", , 
"STD_PH",,"62",,"Master Version for Standard",,"V","TRUE","TRUE",,"0","Master Version for Standard",," 24-05-2019 11:01:08.27","FALSE","A",,,"Std Ph","FALSE","TRUE", , 
"STD_PH",,"67",,"Created as Standard",,"V","TRUE","TRUE",,"1","Created as Standard",," 24-05-2019 11:02:05.97","FALSE","A",,,"Std Ph","FALSE","TRUE", , 
"STD_PH",,"66",,"Created as Standard",,"V","TRUE","TRUE",,"2","Created as Standard",," 24-05-2019 11:02:05.97","FALSE","A",,,"Std Ph","FALSE","TRUE", , 
"STD_PH",,"65",,"Created as Standard",,"V","TRUE","TRUE",,"3","Created as Standard",," 24-05-2019 11:02:05.95","FALSE","A",,,"Std Ph","FALSE","TRUE", , 
"TB_SPEC",,"73",,"TB Spec",,,"TRUE","TRUE",,"1",,," 24-05-2019 10:49:52.89","FALSE","A",,,"TB Spec","FALSE","TRUE", , 
"TC_1_4_B",,"99",,"Master Version for Standard",,"V","TRUE","FALSE",,"0","Master Version for Standard",," 17-09-2019 11:12:56.52","FALSE","A",,,"Tc 1 4 B","FALSE","TRUE", , 
"TC_1_4_B",,"100",,"Created as Standard",,"V","TRUE","FALSE",,"1","Created as Standard",," 17-09-2019 11:12:56.54","FALSE","A",,,"Tc 1 4 B","FALSE","TRUE", , 
"TC_CAL_1",,"860",,"Master Version for Standard",,"V","TRUE","FALSE",,"0","Master Version for Standard",," 31-03-2020 15:03:51.27","FALSE","A",,,"Tc Cal 1","FALSE","TRUE", , 
"TC_CAL_1",,"863",,"Created as Standard",,"V","TRUE","FALSE",,"1","Created as Standard",," 31-03-2020 15:03:51.37","FALSE","A",,,"Tc Cal 1","FALSE","TRUE", , 
"TC_CAL0",,"135",,"Master Version for Standard",,"V","TRUE","FALSE",,"0","Master Version for Standard",," 17-09-2019 11:38:05.30","FALSE","A",,,"Tc Cal0","FALSE","TRUE", , 
"TC_CAL0",,"1388",,"Created as Standard",,"V","TRUE","FALSE",,"1","Created as Standard",," 03-02-2021 13:18:04.80","FALSE","A",,,"Tc Cal0","FALSE","TRUE", , 
"TC_CAL0_05",,"146",,"Master Version for Standard",,"V","TRUE","FALSE",,"0","Master Version for Standard",," 17-09-2019 11:40:15.04","FALSE","A",,,"Tc Cal0 05","FALSE","TRUE", , 
"TC_CAL0_05",,"149",,"Created as Standard",,"V","TRUE","FALSE",,"1","Created as Standard",," 17-09-2019 11:40:15.06","FALSE","A",,,"Tc Cal0 05","FALSE","TRUE", , 
"TC_CAL0_10",,"842",,"Master Version for Standard",,"V","TRUE","FALSE",,"0","Master Version for Standard",," 31-03-2020 15:00:14.74","FALSE","A",,,"Tc Cal0 10","FALSE","TRUE", , 
"TC_CAL0_10",,"845",,"Created as Standard",,"V","TRUE","FALSE",,"1","Created as Standard",," 31-03-2020 15:00:14.85","FALSE","A",,,"Tc Cal0 10","FALSE","TRUE", , 
"TC_CAL0_25",,"152",,"Master Version for Standard",,"V","TRUE","FALSE",,"0","Master Version for Standard",," 17-09-2019 11:43:54.21","FALSE","A",,,"Tc Cal0 25","FALSE","TRUE", , 
"TC_CAL0_25",,"155",,"Created as Standard",,"V","TRUE","FALSE",,"1","Created as Standard",," 17-09-2019 11:43:54.25","FALSE","A",,,"Tc Cal0 25","FALSE","TRUE", , 
"TC_CAL0_50",,"158",,"Master Version for Standard",,"V","TRUE","FALSE",,"0","Master Version for Standard",," 17-09-2019 11:44:41.98","FALSE","A",,,"Tc Cal0 50","FALSE","TRUE", , 
"TC_CAL0_50",,"161",,"Created as Standard",,"V","TRUE","FALSE",,"1","Created as Standard",," 17-09-2019 11:44:42.00","FALSE","A",,,"Tc Cal0 50","FALSE","TRUE", , 
"TC_CAL0_75",,"854",,"Master Version for Standard",,"V","TRUE","FALSE",,"0","Master Version for Standard",," 31-03-2020 15:03:29.97","FALSE","A",,,"Tc Cal0 75","FALSE","TRUE", , 
"TC_CAL0_75",,"857",,"Created as Standard",,"V","TRUE","FALSE",,"1","Created as Standard",," 31-03-2020 15:03:30.07","FALSE","A",,,"Tc Cal0 75","FALSE","TRUE", , 
"TC_CONFIRM",,"1035",,"blood screen. Note to handle MS recovery on QC sample, the Start sequence has a Sample which must be a special login QC sample from the job, assigned in slot 7, and the MS in slot 8 uses 10 as parent. the login QC samp = TC_QC0 res.","TC_CONFIRM",,"TRUE","FALSE",,"1",,," 19-05-2020 08:30:24.38","FALSE","A",,,"Tc Confirm","FALSE","TRUE", , 
"TC_QC0",,"117",,"Master Version for Standard",,"V","TRUE","FALSE",,"0","Master Version for Standard",," 17-09-2019 11:33:18.73","FALSE","A",,,"Tc Qc0","FALSE","TRUE", , 
"TC_QC0",,"120",,"Created as Standard",,"V","TRUE","FALSE",,"1","Created as Standard",," 17-09-2019 11:33:18.75","FALSE","A",,,"Tc Qc0","FALSE","TRUE", , 
"TC_QC0",,"640",,"Created as Standard",,"V","TRUE","FALSE",,"2","Created as Standard",," 15-11-2019 17:08:39.42","FALSE","A",,,"Tc Qc0","FALSE","TRUE", , 
"TC_QC25",,"111",,"Master Version for Standard",,"V","TRUE","FALSE",,"0","Master Version for Standard",," 17-09-2019 11:29:31.77","FALSE","A",,,"Tc Qc25","FALSE","TRUE", , 
"TC_QC25",,"114",,"Created as Standard",,"V","TRUE","FALSE",,"1","Created as Standard",," 17-09-2019 11:29:31.79","FALSE","A",,,"Tc Qc25","FALSE","TRUE", , 
"TC_QC50",,"123",,"Master Version for Standard",,"V","TRUE","FALSE",,"0","Master Version for Standard",," 17-09-2019 11:35:40.34","FALSE","A",,,"Tc Qc50","FALSE","TRUE", , 
"TC_QC50",,"126",,"Created as Standard",,"V","TRUE","FALSE",,"1","Created as Standard",," 17-09-2019 11:35:40.36","FALSE","A",,,"Tc Qc50","FALSE","TRUE", , 
"TC_QCBLK",,"641",,"Master Version for Standard",,"V","TRUE","FALSE",,"0","Master Version for Standard",," 15-11-2019 17:10:30.94","FALSE","A",,,"Tc Qcblk","FALSE","TRUE", , 
"TC_QCBLK",,"644",,"Created as Standard",,"V","TRUE","FALSE",,"1","Created as Standard",," 15-11-2019 17:10:30.96","FALSE","A",,,"Tc Qcblk","FALSE","TRUE", , 
"TC_SCREEN",,"165",,"blood screen. Note to handle MS recovery on QC sample, the Start sequence has a Sample which must be a special login QC sample from the job, assigned in slot 7, and the MS in slot 8 uses 10 as parent. the login QC samp = TC_QC0 res.","TC_SCREEN",,"TRUE","FALSE",,"1",,," 17-09-2019 15:26:18.16","FALSE","A",,,"Tc Screen","FALSE","TRUE", , 
"TC_SPB0",,"105",,"Master Version for Standard",,"V","TRUE","FALSE",,"0","Master Version for Standard",," 17-09-2019 11:22:00.86","FALSE","A",,,"Tc Spb0","FALSE","TRUE", , 
"TC_SPB0",,"108",,"Created as Standard",,"V","TRUE","FALSE",,"1","Created as Standard",," 17-09-2019 11:22:00.87","FALSE","A",,,"Tc Spb0","FALSE","TRUE", , 
"TCCAL0_075",,"848",,"Master Version for Standard",,"V","TRUE","FALSE",,"0","Master Version for Standard",," 31-03-2020 15:02:32.94","FALSE","A",,,"Tccal0 075","FALSE","TRUE", , 
"TCCAL0_075",,"851",,"Created as Standard",,"V","TRUE","FALSE",,"1","Created as Standard",," 31-03-2020 15:02:33.03","FALSE","A",,,"Tccal0 075","FALSE","TRUE", , 
"TESTING123",,"84",,"Master Version for Standard",,"V","TRUE","TRUE",,"0","Master Version for Standard",," 15-08-2019 14:18:52.50","FALSE","A",,,"Testing123","FALSE","TRUE", , 
"TESTING123",,"85",,"Created as Standard",,"V","TRUE","TRUE",,"1","Created as Standard",," 15-08-2019 14:18:52.50","FALSE","A",,,"Testing123","FALSE","TRUE", , 
"TOTAL_T3",,"36",,"Total T3",,,"TRUE","TRUE",,"1",,," 24-05-2019 10:48:53.31","FALSE","A",,,"Total T3","FALSE","TRUE", , 
"TSH",,"38",,"Thyroid Sensitive Hormone",,,"TRUE","TRUE",,"1",,," 24-05-2019 10:49:52.89","FALSE","A",,,"TSH (Thyroid Sensitive Hormone)","FALSE","TRUE", , 
"URINALYSIS",,"40",,"Urinalysis",,,"TRUE","TRUE",,"1",,," 24-05-2019 10:51:37.16","FALSE","A",,,"Urinalysis","FALSE","TRUE", , 
