﻿MT_FIELDS
TABLE_NAME,FIELD_NAME,DEFAULT_TYPE,DEFAULT_VALUE,TEXT_PROMPT,LIBRARY_NAME,ROUTINE_NAME,HIDDEN,PROMPT_FLAG,COPY_FLAG,DISPLAY_FLAG,MANDATORY_FLAG
30,30,1,255,30,20,50,1,1,1,1,1
                      63
"BATCH_HEADER","ANALYST","V",,"Analyst",,,"TRUE","TRUE","FALSE","FALSE","FALSE"
"BATCH_HEADER","CDS_ANALYSIS_NAME","B","ANALYSIS.IDENTITY","Cds analysis name",,,"FALSE","TRUE","FALSE","FALSE","FALSE"
"BATCH_HEADER","CDS_APPEND_ANALYSIS","V",,"Append chromotography analysis",,,"FALSE","TRUE","FALSE","FALSE","FALSE"
"BATCH_HEADER","CDS_CALIBRATION_NAME","V",,"Cds calibration name",,,"FALSE","TRUE","FALSE","FALSE","FALSE"
"BATCH_HEADER","CDS_CHANNEL_NUMBER","V","0","Cds channel number",,,"FALSE","TRUE","FALSE","FALSE","FALSE"
"BATCH_HEADER","CDS_COMMENTS","V",,"Cds comments",,,"FALSE","TRUE","FALSE","FALSE","FALSE"
"BATCH_HEADER","CDS_CONTROL_NAME","V",,"Cds control name",,,"FALSE","TRUE","FALSE","FALSE","FALSE"
"BATCH_HEADER","CDS_INSTRUMENT","V",,"Cds instrument name",,,"FALSE","TRUE","FALSE","FALSE","FALSE"
"BATCH_HEADER","CDS_METHOD_NAME","V",,"Cds method name",,,"FALSE","TRUE","FALSE","FALSE","FALSE"
"BATCH_HEADER","CDS_PROJECT","V",,"Cds project",,,"FALSE","TRUE","FALSE","FALSE","FALSE"
"BATCH_HEADER","CDS_RSF_NAME","V",,"Cds rsf name",,,"FALSE","TRUE","FALSE","FALSE","FALSE"
"BATCH_HEADER","CDS_RVS_CALIB_NAME","V",,"Cds rvs calibration name",,,"FALSE","TRUE","FALSE","FALSE","FALSE"
"BATCH_HEADER","CDS_SUB_INJECTION","V","0","Cds subtract injection",,,"FALSE","TRUE","FALSE","FALSE","FALSE"
"BATCH_HEADER","CDS_SUBTRACT_NAME","V",,"Cds subtract name",,,"FALSE","TRUE","FALSE","FALSE","FALSE"
"BATCH_HEADER","CDS_SUBTRACT_SAMPLE","V","0","Cds subtract sample",,,"FALSE","TRUE","FALSE","FALSE","FALSE"
"BATCH_HEADER","CDS_TEMPLATE_NAME","V",,"Cds template name",,,"FALSE","TRUE","FALSE","FALSE","FALSE"
"BATCH_HEADER","DESCRIPTION","V",,"Description",,,"FALSE","TRUE","FALSE","FALSE","FALSE"
"BATCH_HEADER","END_DATE","V","0 00:00:00","End date",,,"FALSE","TRUE","FALSE","FALSE","FALSE"
"BATCH_HEADER","INSTRUMENT","V",,"Instrument",,,"FALSE","TRUE","FALSE","FALSE","FALSE"
"BATCH_HEADER","P_PREP_BY","V",,"P prep by",,,"FALSE","TRUE","FALSE","FALSE","FALSE"
"BATCH_HEADER","P_PREP_DATE","V","NULL","P prep date",,,"FALSE","TRUE","FALSE","FALSE","FALSE"
"BATCH_HEADER","RACK_TEMPLATE_ID","V",,"Rack template id",,,"FALSE","TRUE","FALSE","FALSE","FALSE"
"BATCH_HEADER","RACK_TEMPLATE_VERSION","V","         0","Rack template version",,,"FALSE","TRUE","FALSE","FALSE","FALSE"
"BATCH_HEADER","START_DATE","V","0 00:00:00","Start date",,,"FALSE","TRUE","FALSE","FALSE","FALSE"
"INCIDENTS","AUTHORISE_INSPECTORS","V",,"Authorise inspectors",,,"FALSE","TRUE","TRUE","TRUE","FALSE"
"INCIDENTS","CHECKLIST_ID","V",,"Checklist id",,,"FALSE","TRUE","TRUE","TRUE","FALSE"
"INCIDENTS","DESCRIPTION","V",,"Description",,,"FALSE","TRUE","TRUE","TRUE","FALSE"
"INCIDENTS","LOCATION_ID","V",,"Location id",,,"FALSE","TRUE","TRUE","TRUE","FALSE"
"INCIDENTS","REVIEW_INSPECTORS","V",,"Review inspectors",,,"FALSE","TRUE","TRUE","TRUE","FALSE"
"JOB_HEADER","AUTO_VALIDATE","V",,"Auto validate",,,"FALSE","TRUE","TRUE","TRUE","FALSE"
"JOB_HEADER","BROWSE_DESCRIPTION","V",,"Browse description",,,"FALSE","TRUE","TRUE","TRUE","FALSE"
"JOB_HEADER","LOT_ID","V",,"Lot Id",,,"FALSE","TRUE","TRUE","TRUE","FALSE"
"JOB_HEADER","TOTAL_ELEMENTS","V","1","Total elements",,,"FALSE","TRUE","TRUE","TRUE","FALSE"
"LOT_DETAILS","DESCRIPTION","V",,"Description",,,"FALSE","TRUE","TRUE","TRUE","FALSE"
"LOT_DETAILS","PRODUCT","V",,"Product",,,"FALSE","TRUE","TRUE","TRUE","FALSE"
"LOT_DETAILS","PRODUCT_VERSION","V","0","Product version",,,"FALSE","TRUE","TRUE","TRUE","FALSE"
"LOT_DETAILS","QUANTITY","V","0.000","Quantity",,,"FALSE","TRUE","TRUE","TRUE","FALSE"
"SAMPLE","AUTO_VALIDATE","V",,"Auto validate  . . . . . .",,,"FALSE","TRUE","TRUE","TRUE","FALSE"
"SAMPLE","BATCH_ID","V",,"Batch ID . . . . . . . . .",,,"FALSE","TRUE","TRUE","TRUE","FALSE"
"SAMPLE","BATCH_NAME","V",,"Product Batch Name . . . .",,,"FALSE","TRUE","TRUE","TRUE","FALSE"
"SAMPLE","CUSTOMER_ID","V",,"Customer ID  . . . . . . .",,,"FALSE","TRUE","TRUE","TRUE","FALSE"
"SAMPLE","DATE_STARTED","V","0 00:00:00","Start date of test . . . .",,,"FALSE","TRUE","TRUE","TRUE","FALSE"
"SAMPLE","DATERESREQ","V","0 00:00:00","Date results required  . .",,,"FALSE","TRUE","TRUE","TRUE","FALSE"
"SAMPLE","DESCRIPTION","V",,"Sample description . . . .",,,"FALSE","TRUE","TRUE","TRUE","FALSE"
"SAMPLE","GRADE_NAME","V",,"Grade Name . . . . . . . .",,,"FALSE","TRUE","TRUE","TRUE","FALSE"
"SAMPLE","INSPECTION_HEADER","V",,"Inspection . . . . . . . .",,,"FALSE","TRUE","TRUE","TRUE","FALSE"
"SAMPLE","INVOICE_NUMBER","V",,"Invoice Number . . . . . .",,,"FALSE","TRUE","TRUE","TRUE","FALSE"
"SAMPLE","JOB_NAME","V",,"Job Name . . . . . . . . .",,,"FALSE","TRUE","TRUE","TRUE","FALSE"
"SAMPLE","LOCATION_ID","V",,"Location ID  . . . . . . .",,,"FALSE","TRUE","TRUE","TRUE","FALSE"
"SAMPLE","PREPARATION_ID","V",,"Preparation ID . . . . . .",,,"FALSE","TRUE","TRUE","TRUE","FALSE"
"SAMPLE","PRIORITY","V","1","Sample priority  . . . . .",,,"FALSE","TRUE","TRUE","TRUE","FALSE"
"SAMPLE","PRODUCT_NAME","V",,"Product Name . . . . . . .",,,"FALSE","TRUE","TRUE","TRUE","FALSE"
"SAMPLE","PROJECT_ID","V",,"Project Name . . . . . . .",,,"FALSE","TRUE","TRUE","TRUE","FALSE"
"SAMPLE","RECD_DATE","V","0 00:00:00","Date received  . . . . . .",,,"FALSE","TRUE","TRUE","TRUE","FALSE"
"SAMPLE","SAMPLE_NAME","V",,"Sample name  . . . . . . .",,,"FALSE","TRUE","TRUE","TRUE","FALSE"
"SAMPLE","SAMPLE_TYPE","V",,"Sample type  . . . . . . .",,,"FALSE","TRUE","TRUE","TRUE","FALSE"
"SAMPLE","SAMPLED_DATE","V","0 00:00:00","Date sample taken  . . . .",,,"FALSE","TRUE","TRUE","TRUE","FALSE"
"SAMPLE","SAMPLING_POINT","V",,"Sampling Point . . . . . .",,,"FALSE","TRUE","TRUE","TRUE","FALSE"
"SAMPLE","SAMPLING_PROCEDURE","V",,"Sampling Procedure . . . . . .",,,"FALSE","TRUE","TRUE","TRUE","FALSE"
"SAMPLE","SUBSTANCE","V",,"Substance ID . . . . . . .",,,"FALSE","TRUE","TRUE","TRUE","FALSE"
"SAMPLE","TEST_SCHEDULE","V",,"Test Schedule. . . . . . .",,,"FALSE","TRUE","TRUE","TRUE","FALSE"
"SAMPLE","TOTAL_ELEMENTS","B","JOB_NAME.TOTAL_ELEMENTS","Total elements",,,"FALSE","TRUE","TRUE","TRUE","FALSE"
"SAMPLE","WORK_PROFILE","V",,"Work Profile . . . . . . .",,,"FALSE","TRUE","TRUE","TRUE","FALSE"
