﻿PARAMETER_TYPE
IDENTITY,NAME,GROUP_ID,DESCRIPTION,TYPE,CATEGORY,MODIFIABLE,REMOVEFLAG,DEFAULT_NAME,DEFAULT_VALUE,UNITS,PLACES,TABLE_NAME,PHRASE_TYPE_ID,MINIMUM,MAXIMUM,TARGET_VALUE,CRITERIA,VALIDATION_CRITERIA,TRUE_WORD,FALSE_WORD,TARGET_BOOLEAN,PHRASE_VALID_ONLY,ROUNDING_FORMULA,SIG_FIGS_NUMBER,SIG_FIGS_ROUNDING,SIG_FIGS_FILTER
20,100,10,255,10,10,1,1,255,255,40,10,50,10,500,500,10,40,40,10,10,10,1,500,10,10,10
                      19
"BATCH","Batch",,"General parameter for batch slots.","E",,"FALSE","FALSE","Batch",,,"0","BATCH_HEADER",,,,"0.0000000000000000E+00",,,,,"N","FALSE",<NULL>,"-1","-1",
"BOOLEAN","Boolean",,"Boolean Value","B","SIMPLE","FALSE","FALSE","Checked","FALSE",,"0",,,,,"0.0000000000000000E+00",,,,,"N","FALSE",<NULL>,"-1","-1",
"CONCENTRATION_PPM","Concentration (ppm)",,"Concentration of an analyte in parts per million","N","ANA","FALSE","FALSE","Concentration",,"ppm","-1",,,,,"0.0000000000000000E+00",,,,,"N","FALSE",<NULL>,"-1","-1",
"CONTROL_SEQ","Control Sequence",,"General parameter for control and calibration sequence slots.","E",,"FALSE","FALSE","Standard Version Control",,,"0","STANDARD_VERSIONS",,,,"0.0000000000000000E+00","DEF_PARAM_S_CRIT",,,,"N","FALSE",<NULL>,"-1","-1",
"CTRL_STK_SEQ","Control Stock Sequence",,"General parameter for control and calibration sequence slots were stock and standards are linked.","E",,"FALSE","FALSE","Stock Batch Control",,,"0","STOCK_BATCH",,,,"0.0000000000000000E+00","DEF_PARAM_SK_CRIT",,,,"N","FALSE",<NULL>,"-1","-1",
"DATE","Date",,"Date Value","D","SIMPLE","FALSE","FALSE","Date",,,"0",,,,,"0.0000000000000000E+00",,,,,"N","FALSE",<NULL>,"-1","-1",
"ENTITY","Entity",,"Entity Value","E","SIMPLE","FALSE","FALSE","Entity",,,"0",,,,,"0.0000000000000000E+00",,,,,"N","FALSE",<NULL>,"-1","-1",
"INSTRUMENT","Instrument",,"Instrument","E",,"FALSE","FALSE","Instrument",,,"0","INSTRUMENT",,,,"0.0000000000000000E+00",,,,,"N","FALSE",<NULL>,"-1","-1",
"INTERVAL","Interval",,"Interval Value","I","SIMPLE","FALSE","FALSE","Interval",,,"0",,,,,"0.0000000000000000E+00",,,,,"N","FALSE",<NULL>,"-1","-1",
"NUMERIC","Numeric",,"Numeric Value","N","SIMPLE","FALSE","FALSE","Number",,,"-1",,,,,"0.0000000000000000E+00",,,,,"N","FALSE",<NULL>,"-1","-1",
"PHRASE","Phrase",,"Phrase Value","P","SIMPLE","FALSE","FALSE","Phrase",,,"0",,,,,"0.0000000000000000E+00",,,,,"N","FALSE",<NULL>,"-1","-1",
"PLATE","Plate",,"Plate","E","SIMPLE","FALSE","FALSE","Plate",,,"0","PLATE",,,,"0.0000000000000000E+00",,,,,"N","FALSE",<NULL>,"-1","-1",
"SAMPLE_SEQ","Sample Sequence",,"General parameter for sample sequence slots.","E",,"FALSE","FALSE","Sequence Sample",,,"0","TEST",,,,"0.0000000000000000E+00","DEF_PARAM_T_CRIT",,,,"N","FALSE",<NULL>,"-1","-1",
"SEQUENCE","Sequence",,"Chromeleon Sequence","E","SIMPLE","FALSE","FALSE","Sequence",,,"0","CHROMELEON_SEQUENCE",,,,"0.0000000000000000E+00",,,,,"N","FALSE",<NULL>,"-1","-1",
"STANDARD_VERSION","Standard Version",,"Standard Version","E","SIMPLE","FALSE","FALSE","Standard Version",,,"0","STANDARD_VERSIONS",,,,"0.0000000000000000E+00",,,,,"N","FALSE",<NULL>,"-1","-1",
"STOCK_BATCH","Stock Batch",,"Stock Batch Value","E","ANA","FALSE","FALSE","Stock Batch",,,"0","STOCK_BATCH",,,,"0.0000000000000000E+00",,,,,"N","FALSE",<NULL>,"-1","-1",
"TEXT","Text",,"Text Value","T","SIMPLE","FALSE","FALSE","Text",,,"0",,,,,"0.0000000000000000E+00",,,,,"N","FALSE",<NULL>,"-1","-1",
"VOLUME_ML","Volume (ml)",,"Volume value in ml","N","ANA","FALSE","FALSE","Volume (ml)",,"ml","-1",,,,,"0.0000000000000000E+00",,,,,"N","FALSE",<NULL>,"-1","-1",
"WEIGHT_MG","Weight (mg)",,"Weight value in mg","N","ANA","FALSE","FALSE","Weight (mg)",,"mg","-1",,,,,"0.0000000000000000E+00",,,,,"N","FALSE",<NULL>,"-1","-1",
