﻿PHRASE_HEADER
IDENTITY,GROUP_ID,DESCRIPTION,MODIFIABLE,REMOVEFLAG,NAME
10,10,234,1,1,100
                     280
"ACC_TYPNRT",,"Accession Type not from RT","TRUE","FALSE","Accession Type Non Race Track"
"ACCESS_TYP",,"Accession Type for Race Track jobs","TRUE","FALSE","Accession Type"
"ACT_RES",,"Checklist Datatypes","TRUE","FALSE","Act Res"
"ACTIVITY",,"Activities for the activity log","TRUE","FALSE","Activity"
"ANAL_TYPE",,"Phrases for Analysis Types","TRUE","FALSE","Anal Type"
"APP_MODE",,"Phrases to use in the appearance tab in the explorer folder.","TRUE","FALSE","Appearance Mode"
"APPR_STAT",,"Approval Statuses","TRUE","FALSE","Appr Stat"
"APPR_TEXT",,"List of approval comments","TRUE","FALSE","Appr Text"
"APPROVE_BY",,"Valid Approval Body","TRUE","FALSE","Approve By"
"APPROVE_TY",,"Valid entry type for Operator Approval","TRUE","FALSE","Approve Ty"
"ATT_CAT",,"Attachment Category","TRUE","FALSE","Att Cat"
"ATT_TYPE",,"Attachment Type","TRUE","FALSE","Att Type"
"AUDIT_TEXT",,"Audit Phrases","TRUE","FALSE","Audit Text"
"AUTHJOB",,"Job Authorisation Reasons","TRUE","FALSE","Authjob"
"AUTHLEVEL",,"Operator Security Level","TRUE","FALSE","Authlevel"
"AUTHSAMP",,"Sample/Job Authorisation Reasons","TRUE","FALSE","Authsamp"
"BATCH_COMP",,"Batch Compression Options","TRUE","FALSE","Batch Comp"
"BATCH_ENTI",,"Batch Entry Types for insert","TRUE","FALSE","Batch Entry Types for insert"
"BATCH_ENTR",,"Batch Entry Types","TRUE","FALSE","Batch Entry Type"
"BATCH_STAT",,"Phrases for Batch Status","TRUE","FALSE","Batch Stat"
"BATCH_TYPE",,"Batch Types","TRUE","FALSE","Batch Type"
"BOOKMARK",,"Reporter Templates Word Bookmarks","TRUE","FALSE","Bookmark"
"BROWSETYPE",,"Browse Configuration Type","FALSE","FALSE","Browsetype"
"CERT_DEST",,"Certificate Destination Types","TRUE","FALSE","Cert Dest"
"CERT_FILLM",,"Certificate Fill Mode","TRUE","FALSE","Cert Fill Mode"
"CERT_LOADM",,"Certificate Load Mode","TRUE","FALSE","Cert Load Mode"
"CERT_SECT",,"Certificate section type","TRUE","FALSE","Cert Sect"
"CERT_SSTAT",,"Certificate Initial Status","TRUE","FALSE","Cert Initial Status"
"CERT_STAT",,"Certificate Status","TRUE","FALSE","Cert Status"
"CERT_STYL",,"Certificate Style","TRUE","FALSE","Cert Style"
"CERT_TYPE",,"Certificate type","TRUE","FALSE","Cert Type"
"CHARGETYPE",,"Phrases for Charges","TRUE","FALSE","Chargetype"
"CHROM_ENT",,"List of Chromeleon Entity Types","TRUE","FALSE","Chromeleon Entity Type"
"CHROM_EXP",,"List of Chromeleon Expressions for Result Mapping","TRUE","FALSE","Chromeleon Expressions"
"CHROM_IMAP",,"Chromeleon Instrument Mapping Mode","TRUE","FALSE","Chromeleon Instrument Mapping"
"CHROM_ISTA",,"List of Injection Sequence Status Values in Chromeleon","TRUE","FALSE","Chromeleon Injection Status"
"CHROM_PROP",,"List of Sequence Properties in Chromeleon","TRUE","FALSE","Chromeleon Properties"
"CHROM_RCS",,"Ready Check Status","TRUE","FALSE","Ready Check Status"
"CHROM_SEND",,"Options for Send to Lims Flags","TRUE","FALSE","Chrom Soft"
"CHROM_SOFT",,"Chromatography Software Type","TRUE","FALSE","Chrom Soft"
"CHROM_STAT",,"List of Sequence Status Values in Chromeleon","TRUE","FALSE","Chromeleon Status"
"CHROM_TYPE",,"List of Chromeleon Injection Types","TRUE","FALSE","Chromeleon Injection Type"
"COL_SET_F",,"Column Set Field Type","FALSE","FALSE","Col Set F"
"COLOR",,"Defines available predefined colors","TRUE","FALSE","Color"
"COLUMNS",,"Defines how columns are displayed in the explorer","FALSE","FALSE","Columns"
"COMM_BAUD",,"COM Port Baud rates","FALSE","FALSE","Comm Baud"
"COMM_HSHK",,"COM Handshake","FALSE","FALSE","Comm Handshake"
"COMM_PARIT",,"COM Port Parity Options","FALSE","FALSE","Comm Parit"
"COMM_STOPB",,"COM Port Stop Bit Options","FALSE","FALSE","Comm Stopb"
"COMP_DEF",,"Options to enable defualt values for components","TRUE","FALSE","Component Default Value Options"
"COMP_REP",,"Component Replicate Phrases","TRUE","FALSE","Comp Rep"
"CON_RESULT",,"Confirmation Results","TRUE","FALSE","Confirmation Results"
"CONFG_CATG",,"Configuration categories","TRUE","FALSE","Confg Catg"
"CONFG_TYPE",,"Configuration data types","TRUE","FALSE","Confg Type"
"CONT_GRP",,"Container Group","TRUE","FALSE","Cont Grp"
"CONT_STAT",,"PETRLShipment Container Status","TRUE","FALSE","Container Status"
"CRIT_OP",,"Criteria Operations","TRUE","FALSE","Crit Op"
"CRIT_ORD",,"Criteria Order","TRUE","FALSE","Crit Ord"
"CRIT_VAR",,"Criteria Variable","TRUE","FALSE","Crit Var"
"DATE_FRMT",,"Date Format Prompt Values","TRUE","FALSE","Date Frmt"
"DEBUG_FILE",,"SMW debugger file transfer method","TRUE","FALSE","Debug File"
"DEC_PLACES",,"Available values for decimal places","TRUE","FALSE","Dec Places"
"DEST_TYPE",,"Data Pipe Destination Types","TRUE","FALSE","Dest Type"
"DMAGNTSTAT",,"DataManager Agent Status","TRUE","FALSE","DataManager Agent Status"
"DMAUREASON",,"DataManager Data Package Deletion Reason","TRUE","FALSE","DataManager Data Package Deletion Reason"
"DMCAPSRCST",,"DataManager Capture Source Status","TRUE","FALSE","DataManager Capture Source Status"
"DMCNVCLASS",,"DataManager Converter Class","TRUE","FALSE","DataManager Converter Class"
"DMCNVSTORE",,"DataManager Converter Save Neutral Override","TRUE","FALSE","DataManager Converter Save"
"DMDATATYP",,"DataManager Package Property","TRUE","FALSE","DataManager Package Property"
"DMDELST",,"DataManager Delete File Status","TRUE","FALSE","DataManager Delete File Status"
"DMEVENTLOG",,"DataManager Event Log","TRUE","FALSE","DataManager Event Log"
"DMFILEST",,"DataManager Package File Status","TRUE","FALSE","DataManager Package File Status"
"DMFTYPE",,"DataManager File Type","TRUE","FALSE","DataManager File Type"
"DMPACKST",,"DataManager Data Package Status","TRUE","FALSE","DataManager Data Package Status"
"DMPACKSTAT",,"DataManager Data Package Status","TRUE","FALSE","DataManager Data Package Status"
"DMPRPEXT",,"DataManager Property Extraction Method","TRUE","FALSE","DataManager Property Extraction Method"
"DMSERSUB",,"DataManager Search Subdirectories","TRUE","FALSE","DataManager Search Subdirectories"
"DMZIPCOMP",,"DataManager Packaging Rule Zip Compression","TRUE","FALSE","DataManager Packaging Rule Zip Compression"
"DNET_TYPES",,"C# .NET Data Types","TRUE","FALSE","C# .NET Data Types"
"DSMETHOD",,"Data Store Method","TRUE","FALSE","Data Store Method"
"ELISA_U",,"ELISA Urine Results","TRUE","FALSE","ELISA Urine Results"
"ENCODING",,"Encoding Type","TRUE","FALSE","Encoding Type"
"ENT_EXPORT",,"Entity Types that are not exported when referenced","TRUE","FALSE","Ent Export"
"ENT_TMP_DT",,"Entity Template Default Types","FALSE","FALSE","Ent Tmp Dt"
"ENT_TMP_PT",,"Entity Template Prompt Types","FALSE","FALSE","Ent Tmp Pt"
"ENT_TMP_TY",,"Entity Types that are supported by Entity Templates.","TRUE","FALSE","Ent Tmp Ty"
"ESIG_LEVEL","SYSTEM","Electronic Signature Menu Levels","TRUE","FALSE","Esig Level"
"EXPIRY_TYP",,"Phrases for Standards Expiry Types","TRUE","FALSE","Expiry Typ"
"FAIR",,"Fair list for Race card entry","TRUE","FALSE","PETRL Fair List"
"FIELD_TYPE",,"Field types for the infomaker link...","TRUE","FALSE","Field Type"
"FILEOUTPUT",,,"TRUE","FALSE","Fileoutput"
"FORM_CAT",,"Form Designer Categories","TRUE","FALSE","Form Cat"
"FORM_TYPE",,"Form Designer Form Type","TRUE","FALSE","Form Type"
"FORMAT_TYP",,"Format prompt types","TRUE","FALSE","Format Typ"
"FUNC_OP",,"Calculation Function Operators","TRUE","FALSE","Func Op"
"FUNC_TYPE",,"Calculation Function Types","TRUE","FALSE","Func Type"
"GENDER",,"Gender of Horse","TRUE","FALSE","Gender"
"GHS_HAZ",,"Hazard statements for the Globally Harmonized System of Classification and Labelling of Chemicals","TRUE","FALSE","Ghs Haz"
"GHS_PICT",,"Hazard pictograms for the Globally Harmonized System of Classification and Labelling of Chemicals","TRUE","FALSE","Ghs Pict"
"GHS_PREC",,"Precautionary statements for the Globally Harmonized System of Classification and Labelling of Chemicals","TRUE","FALSE","Ghs Prec"
"GHS_SIG",,"Signal word for the Globally Harmonized System of Classification and Labelling of Chemicals","TRUE","FALSE","Ghs Sig"
"GRAPHICS_U",,"Unit of measurement used in graphic rendering","TRUE","FALSE","Graphics unit"
"GRAPHSTYLE",,"Reporter Templates Graphstyles","TRUE","FALSE","Graphstyle"
"HAZ_FLAM",,"Hazard flammability rating","TRUE","FALSE","Haz Flam"
"HAZ_HEALTH",,"Hazard health rating","TRUE","FALSE","Haz Health"
"HAZ_INST",,"Hazard instability rating","TRUE","FALSE","Haz Inst"
"HAZ_RISK",,"Phrases of special risks attributed to dangerous substances","TRUE","FALSE","Haz Risk"
"HAZ_SAFE",,"Safety phrases concerning dangerous substances","TRUE","FALSE","Haz Safe"
"HAZ_SPEC",,"Special hazard rating","TRUE","FALSE","Haz Spec"
"HAZ_SYMB",,"Hazard symbols","TRUE","FALSE","Haz Symb"
"IA_ANSWERS",,"Forensic Testing Answer Set","TRUE","FALSE","Ia Answers"
"ICONSOURCE",,"Icon source","TRUE","FALSE","Iconsource"
"IMPL_TYPE",,"Implementation type for master menu tasks.","TRUE","FALSE","Impl Type"
"INC_START",,"Initial Incident Status Values","FALSE","FALSE","Incident Start"
"INC_STATUS",,"Incident Status","TRUE","FALSE","Inc Status"
"INIT_STAT",,"Incident Initial Status","TRUE","FALSE","Init Stat"
"INSP_SECUR","SYSTEM","Security types for inspection plans.","TRUE","FALSE","Insp Secur"
"INSP_TYPE",,"Phrases for Inspection Plans","TRUE","FALSE","Insp Type"
"INSP_USER",,"Specification of user who can perform inspection","TRUE","FALSE","Insp User"
"INST_EVNT",,"Instrument Event type","TRUE","FALSE","Inst Evnt"
"INST_PROP",,"Instrument Parameter type","TRUE","FALSE","Inst Prop"
"INST_STAT",,"Instrument status","TRUE","FALSE","Inst Stat"
"INST_TYPE",,"Phrases for Instrument Types","TRUE","FALSE","Inst Type"
"INSTP_EVNT",,"Instrument Part Event type","TRUE","FALSE","Instp Evnt"
"INSTP_STAT",,"Instrument Part Status","TRUE","FALSE","Instp Stat"
"INTERFACE",,"Interface Types","TRUE","FALSE","Interface"
"JOB_STAT",,"Phrases for Job Status","TRUE","FALSE","Job Stat"
"LAB_COLOR",,"PETRL - For Race set received order","TRUE","FALSE","Lab Color Code"
"LANGUAGE",,"List of Languages","TRUE","FALSE","Language"
"LASIX",,"Pre Race Lasix","TRUE","FALSE","Lasix"
"LE_ARCHACT",,"Lab Execution - Data Source Archive Action","FALSE","FALSE","LE Archive Action"
"LE_COMPORT",,"Lab Execution - Comm Ports","FALSE","FALSE","LE Comm Ports"
"LE_ESTAT",,"Lab Execution - Task Status","FALSE","FALSE","LE Task Status"
"LE_ESTYLE",,"Lab Execution - Execution Style","FALSE","FALSE","LE Execution Style"
"LE_ETYPE",,"Lab Execution - Entity Type the Lab Method is based on","FALSE","FALSE","LE Entity Type"
"LE_ITYPE",,"Lab Execution - Instrument Type","FALSE","FALSE","LE Instrument Type"
"LE_LTYPE",,"Lab Execution - Link Type","FALSE","FALSE","LE Link Type"
"LE_LUSAGE",,"Lab Execution - Link Usage","FALSE","FALSE","LE Link Usage"
"LE_MTYPE",,"Lab Execution - Method Type","FALSE","FALSE","LE Task Type"
"LE_PARITY",,"Lab Execution - Comm Parity","FALSE","FALSE","LE Comm Parity"
"LE_PBOOL",,"Lab Execution - Parameter Type Target Boolean Value","FALSE","FALSE","LE Target Boolean"
"LE_PCATG",,"Lab Execution - Parameter Type Category","FALSE","FALSE","LE Category"
"LE_PMTYPE",,"Lab Execution - Prompt Type","FALSE","FALSE","LE Prompt Type"
"LE_PTYPE",,"Lab Execution - Parameter Type for Job, Sample and Result.","FALSE","FALSE","LE Parameter Type"
"LE_QTYPE",,"Lab Execution - Parameter Type","FALSE","FALSE","LE Question Parameter Type"
"LE_RALABEL",,"Lab Execution - Rack Axis Label","FALSE","FALSE","LE Rack Axis Label"
"LE_RASM",,"Lab Execution - Rack Size Mode","FALSE","FALSE","LE Rack Size Mode"
"LE_REVIEWS",,"Lab Execution - Review Status","FALSE","FALSE","LE Review Status"
"LE_RFORDER",,"Lab Execution - Rack Fill Order","FALSE","FALSE","LE Rack Fill Order"
"LE_SMODE",,"Lab Execution - Serial Read Mode","FALSE","FALSE","LE Serial Read Mode"
"LE_SSTAT",,"Lab Execution - Step Status","FALSE","FALSE","LE Step Status"
"LE_STYPE",,"Lab Execution - Step Type","FALSE","FALSE","LE Step Type"
"LIC_TYPE",,"SampleManager License Types","TRUE","FALSE","Lic Type"
"LIMIT_COMP",,"Limit Comparison Phrase","TRUE","FALSE","Limit Comp"
"LIMSMLDATA",,"LIMSML Data Return Types","TRUE","FALSE","Limsmldata"
"LISTPRINT",,"List and print output type","TRUE","FALSE","ListPrint output type"
"LOGIN_TYPE",,"SampleManager login types","FALSE","FALSE","Login Type"
"LOT_ACTION",,"Lot Inventory Actions","FALSE","FALSE","Lot Action"
"LOT_STAT",,"Lot Status Values","TRUE","FALSE","Lot Stat"
"LOT_TYPE",,"Lot Type","FALSE","FALSE","Lot Type"
"LOT_USAGE",,"Lot Inventory Usage","FALSE","FALSE","Lot Usage"
"LOTRESSTAT",,"Lot Reservation Status","FALSE","FALSE","Lot Res Stat"
"MACRO_NAME",,"Reporter Templates Word Macros","TRUE","FALSE","Macro Name"
"MCANAL",,"Chromatography Analysis Names","TRUE","FALSE","Mcanal"
"MCINST",,"Chromatography Instrument Names","TRUE","FALSE","Mcinst"
"MCPROJECT",,"Chromatography Project Names","TRUE","FALSE","Mcproject"
"MCTEMP",,"Multichrom Template Phrase","TRUE","FALSE","Mctemp"
"MENU_ACTN",,"Master Menu Action Types","TRUE","FALSE","Menu Actn"
"MENU_DATA",,"Master Menu effected Data Type","TRUE","FALSE","Menu Data"
"MENU_TYPE",,"Master Menu Types","TRUE","FALSE","Menu Type"
"MLP_BOOL",,"Phrases for MLP Boolean Types","TRUE","FALSE","Mlp Bools"
"MLP_GROUP",,"Phrases for MLP Level Groups","TRUE","FALSE","Mlp Group"
"MLP_LEVELS",,"Phrases for MLP Level Types","TRUE","FALSE","Mlp Levels"
"MNT_STAT",,"Maintenance entty status","TRUE","FALSE","Maintenance Status"
"MNT_TYPE",,"Maintenance entry type","TRUE","FALSE","Maintenance Type"
"MNU_PARAM",,"Menu Parameter Behaviour","TRUE","FALSE","Mnu Param"
"MSG_CATGRY",,"Categories for grouping messages in the SampleManager Messaging System","TRUE","FALSE","Msg Catgry"
"MTTYPE_LOT",,"MT Field Data Type for Lots","TRUE","FALSE","Mttype Lot"
"NON_WORK",,"Non-working period descriptions","TRUE","FALSE","Non Work"
"NOTE_TYPE",,"Notes -phrase text browse for Subject","TRUE","FALSE","Note Type"
"OLEIMPRINT",,"Supported filetypes for saving Imprint reports","TRUE","FALSE","Oleimprint"
"OPER_MODE",,"Operating Mode","TRUE","FALSE","Oper Mode"
"PARAM_TYPE",,"Calculation Function Parameter Type","TRUE","FALSE","Param Type"
"PASS_FAIL",,"Pass or Fail","TRUE","FALSE","Pass Fail"
"PCONT_JOB",,"Job titles for RT personnel; used for report decisions","TRUE","FALSE","P Contact Job"
"PCONT_TYPE",,,"TRUE","FALSE","P Contact Type"
"PCONTTITLE",,,"TRUE","FALSE","P Contact Title"
"PDFOUT_FOR",,"A variety of devices for PNG output varying by bit depth.","FALSE","FALSE","Pdf output device/format"
"PDISP_STAT",,"Phrases for PETRL Disposal status","TRUE","FALSE","PETRL Disposal Status"
"PETRL_UNIT",,"PETRL Units Phrase List","TRUE","FALSE","PETRL Units Phrase List"
"PL_APPEAR",,"A phrase list to describe the appearance of liquid samples","TRUE","FALSE","Pl Appear"
"PL_MICAN",,"A phrase list to describe the shape of bacterial colonies grown in laboratory","TRUE","FALSE","Pl Mican"
"PLATE_AN",,,"TRUE","FALSE","Plate Analysis"
"PLATE_FILL",,"Plate Fill Order","FALSE","FALSE","Plate Fill Order"
"PLATE_FORM",,"Plate Formulation","FALSE","FALSE","Plate Formulation"
"PLATE_LABL",,"Plate Row/Column Label","FALSE","FALSE","Plate Label"
"PLATE_SIZE",,"Plate Size","FALSE","FALSE","Plate Size"
"PLATE_SSTA",,"Initial Plate Status Values","FALSE","FALSE","Plate Starting Status"
"PLATE_STAT",,"Plate Status","FALSE","FALSE","Plate Status"
"PLATE_WSTA",,"Plate Well Status","FALSE","FALSE","Plate Well Status"
"POST_PAGE",,"Postscript paper sizes","TRUE","FALSE","Post Page"
"PREP_TYPE",,"Phrases for Preparation Types","TRUE","FALSE","Prep Type"
"PRINT_GFX",,"Printer Graphic Types","TRUE","FALSE","Print Gfx"
"PRINT_TYPE",,"Phrases for Output Destinations","TRUE","FALSE","Print Type"
"PURPOSE",,"Purpose of Tests","TRUE","FALSE","Purpose"
"QE_TEST",,"QE Test Phrases","TRUE","FALSE","QE Test Phrases"
"REPT_ACT",,"Phrases for Report Action","TRUE","FALSE","Rept Act"
"REPT_FRMT",,"Examples of string formats for the report layout field.","TRUE","FALSE","Report Layout String Format"
"RES_COMP",,"Phrases for Comparable result types","TRUE","FALSE","Res Comp"
"RES_TYPE",,"Phrases for Result Type","TRUE","FALSE","Res Type"
"RESL_ACT",,"Phrases for Result Action","TRUE","FALSE","Resl Act"
"RESL_STAT",,"Phrases for Result Status","TRUE","FALSE","Resl Stat"
"RMB_OP",,"Phrases for operators on right mouse menus","TRUE","FALSE","Rmb Op"
"RMB_TYPE",,"Phrases for right mouse menus","TRUE","FALSE","Rmb Type"
"RT_REASON",,"Testing Reason: Winner, Claimed, Special etc","TRUE","FALSE","PETRL Race Track Reason"
"RT_TYPE",,"Race Track Type","TRUE","FALSE","Rt Type"
"S_PURPOSE",,"Purpose of Tests","TRUE","FALSE","Sample  Purpose"
"SAMP_COMP",,"Sample Composite Status","TRUE","FALSE","Samp Comp"
"SAMP_FORM",,"Sample Formulation Type","FALSE","FALSE","Samp Form"
"SAMP_SORT",,"Enhanced Worksheets Sort Phrases","TRUE","FALSE","Samp Sort"
"SAMP_SOUR",,"Enhanced Worksheets Sample Source","TRUE","FALSE","Samp Sour"
"SAMP_START",,"Initial Sample Status Values","FALSE","FALSE","Samp Start"
"SAMP_STAT",,"Phrases for Sample Status","TRUE","FALSE","Samp Stat"
"SAMP_TYPE",,"Phrases for Sample Types","TRUE","FALSE","Samp Type"
"SAMPL_TYPE",,"Confirmation Sample Types per Analyst","TRUE","FALSE","Confirmation Sample Type"
"SAVE_DUPES",,"List of modes to handle when a duplicate file is found.","TRUE","FALSE","Save File Duplicate Mode"
"SCHD_EN_TY",,"Phrases for Test Schedule Entry Types","TRUE","FALSE","Schd En Ty"
"SCHED_STAT",,"Sample Point Schedule Statuses","TRUE","FALSE","Sched Stat"
"SF_PHTYPE",,,"TRUE","FALSE","Schema Field Phrase Type"
"SF_TYPE",,"Schema Field Types","TRUE","FALSE","Schema Field Types"
"SMW_EDITOR",,"Allowable SMW editors","TRUE","FALSE","Smw Editor"
"SPECIMEN_J",,"Specimen Job","TRUE","FALSE","Specimen Job"
"SPECIMEN_S",,"Specimen Sample","TRUE","FALSE","Specimen Sample"
"SPH_CONDIT",,"Sample Plan Conditionals","TRUE","FALSE","Sph Condit"
"SPH_DATTYP",,"Criteria Field Data types","TRUE","FALSE","Sph Dattyp"
"SPH_OPERAT",,"Sample Plan Header Operators: =, <>, >, <, LIKE, NOT LIKE","TRUE","FALSE","Sph Operat"
"SQC_STAN",,"SQC Phrase","TRUE","FALSE","Sqc Stan"
"SS_MACRO",,"Reporter Templates Excel Macros","TRUE","FALSE","Ss Macro"
"STAND_TYPE",,"Phrases for Standard Types","TRUE","FALSE","Stand Type"
"STAT_AQL_A",,"Statistical Sampling: AQL values for attribute sampling","TRUE","FALSE","Stat Aql A"
"STAT_AQL_V",,"Statistical Sampling: AQL values for variable sampling","TRUE","FALSE","Stat Aql V"
"STAT_IL",,"Statistical Sampling: Inspection level","TRUE","FALSE","Stat Il"
"STAT_SIL_A",,"Statistical Sampling: Inspection levels for attribute sampling","TRUE","FALSE","Stat Sil A"
"STAT_SIL_V",,"Statistical Sampling: Inspection levels for variable sampling","TRUE","FALSE","Stat Sil V"
"STAT_TYPE",,"Statistical Sampling: Sampling plan type","TRUE","FALSE","Stat Type"
"STI_STATUS",,"Short Term Investigation Status","TRUE","FALSE","STI Status"
"STK_B_STAT",,"Phrases for stock batch status","TRUE","FALSE","Stk B Stat"
"STK_O_STAT",,"Phrases for stock order status","TRUE","FALSE","Stk O Stat"
"STOCK_TYPE",,"Phrases for stock type","TRUE","FALSE","Stock Type"
"STOCK_USE",,"Phrases for stock inventory usage","TRUE","FALSE","Stock Use"
"SUBDEFTYPE",,"Substance Classification System","TRUE","FALSE","Subdeftype"
"SUPP_CAT",,"Phrases for the supplier category","TRUE","FALSE","Supp Cat"
"SUPP_RAT",,"Phrases for the supplier rating","TRUE","FALSE","Supp Rat"
"SYN_ITEMS",,"Syntax Item Types","TRUE","FALSE","Syn Items"
"TAB_GROUPS",,"Grouping mechanism for Tabulator","TRUE","FALSE","Tab Groups"
"TASKNAMES",,"List of designer background tasks used when submitting Task type background jobs","TRUE","FALSE","Tasknames"
"TEMP_STAT",,"Enhanced Worksheets Template Status","TRUE","FALSE","Temp Stat"
"TEST_STAT",,"Phrases for Test Status","TRUE","FALSE","Test Stat"
"TIME_MERID",,"AM or PM","TRUE","FALSE","Time Meridian"
"TJH_COLOR",,"The color of the sample","TRUE","FALSE","TJH Color of sample"
"TMPL_FONTS",,"Reporter Templates Fonts","TRUE","FALSE","Tmpl Fonts"
"TMPL_TYPE",,"Phrases for Sample Template Action Type","TRUE","FALSE","Tmpl Type"
"TOX_SCREEN",,"Tox screen phrases","TRUE","TRUE","Toxicity Screen"
"TOXICITY",,"Tox phrases","TRUE","FALSE","Toxicity"
"TRAIN_COMP",,"Phrases for Training Competencies","TRUE","FALSE","Train Comp"
"TRAIN_TYPE",,"Phrases for Training Course Types","TRUE","FALSE","Train Type"
"UNIT_CLASS",,"UNIT Module - Classification of units.","TRUE","FALSE","Unit Class"
"UNIT_PROT",,"UNIT Module - System protocols for units.","TRUE","FALSE","Unit Prot"
"UNIT_TYPE",,"UNIT Module - Quantity types of units.","TRUE","FALSE","Unit Type"
"VAL_STAT",,"Validation Stati Status Values","TRUE","FALSE","Val Stat"
"WEBFAVTYP",,"Used within the web client to identify the type of the favorite.","TRUE","FALSE","Web Favorite Types"
"WF_COND_TY",,"Workflow State Condition Type","TRUE","FALSE","Wf Cond Ty"
"WFLOW_E_TG",,"Workflow Event System Triggers","FALSE","FALSE","Wflow E Tg"
"WFLOW_GLOB",,"Workflow State Condition Global Values","TRUE","FALSE","Wflow Glob"
"WFLOW_JOUR",,"Workflow Journal Entry Type","TRUE","FALSE","Wflow Jour"
"WFLOW_N_PT",,"Workflow node parameter type","TRUE","FALSE","Wflow N Pt"
"WFLOW_S_OP",,"Workflow state condition operators","TRUE","FALSE","Wflow S Op"
"WFLOW_TYPE",,"Types of Workflow","TRUE","FALSE","Wflow Type"
"WKS_TYPE",,"Types of Worksheets","TRUE","FALSE","Wks Type"
"WORK_STAT",,"Worksheet Status","TRUE","FALSE","Work Stat"
