﻿PLATE_TYPE
PLATE_TYPE_ID,PLATE_TYPE_VERSION,NAME,GROUP_ID,DESCRIPTION,MODIFIABLE,REMOVEFLAG,ACTIVE,ACTIVE_FROM,ACTIVE_TO,APPROVAL_STATUS,INSPECTION_PLAN,NUMBER_OF_ROWS,NUMBER_OF_COLUMNS,ROW_LABEL,CUSTOM_ROW_LABELS,COLUMN_LABEL,CUSTOM_COLUMN_LABELS,STOCK
36,10,100,10,255,1,1,1,32,32,1,10,10,10,10,100,10,100,20
                       5
"26BD86FB-41AA-4B27-BA0C-097C59224E1E","1","PETRL 96 Well Plate",,"Generic 96 Well Plate","TRUE","FALSE","TRUE", , ,"A",,"8","12","A",,"N",,
"86B7C342-793F-45D4-9A26-42C82FBA2694","1","24 Well Plate",,"Generic 24 Well Plate","FALSE","FALSE","TRUE", , ,"A",,"4","6","A",,"N",,
"BA38D49A-9DE3-4C0D-8AAD-72715C84ADB0","1","96 Well Plate",,"Generic 96 Well Plate","FALSE","FALSE","TRUE", , ,"A",,"8","12","A",,"N",,
"D21B541C-27C6-40C1-8483-5B9AFC878D49","1","48 Well Plate",,"Generic 48 Well Plate","FALSE","FALSE","TRUE", , ,"A",,"6","8","A",,"N",,
"E3D6B5EF-EF5A-4977-9425-3F9F1D46E3CB","1","Default (96 Well)",,"Default Plate Type","FALSE","FALSE","TRUE", , ,"A",,"8","12","A",,"N",,
