﻿REPORT_LAYOUT_HEADER
IDENTITY,NAME,MODIFIABLE,REMOVEFLAG,GROUP_ID,DESCRIPTION,TABLE_NAME,IS_DEFAULT,USE_DEFAULT_FIELDS,MASTER_TEMPLATE,MASTER_TEMPLATE_VERSION,USE_MASTER_TEMPLATE_CONFIG,OUTPUT_TYPE,LANGUAGE,INCLUDE_TEXT,FILE_DIRECTORY,FILE_EXTENSION
40,100,1,1,10,255,100,1,1,30,10,1,10,10,1,50,20
                     294
"ANAL_BACKLOG_ALL_P","Analysis Backlog All Print","TRUE","FALSE",,"Default Print Layout Definition","VERSIONED_ANALYSIS","FALSE","FALSE",,"0","TRUE","PRINT",,"FALSE",,
"ANAL_BACKLOG_SAMP_L","Analysis Backlog Sample List","TRUE","FALSE",,"Default Print Layout Definition","SAMPLE","FALSE","FALSE",,"0","TRUE","LIST",,"FALSE",,
"ANAL_BACKLOG_SAMP_P","Analysis Backlog Sample Print","TRUE","FALSE",,"Default Print Layout Definition","VERSIONED_ANALYSIS","FALSE","FALSE",,"0","TRUE","PRINT",,"FALSE",,
"ANAL_WORKS_TEMPL_L","Analysis Worksheet Template List","TRUE","FALSE",,"Default List Layout Definition","ANAL_WORKS_TEMPL","TRUE","TRUE",,"0","TRUE","LIST",,"FALSE",,
"ANAL_WORKS_TEMPL_P","Analysis Worksheet Template","TRUE","FALSE",,"Default Print Layout Definition","ANAL_WORKS_TEMPL","TRUE","TRUE",,"0","TRUE","PRINT",,"FALSE",,
"ANALYSIS","Analysis Details Report","TRUE","FALSE",,"Default Print Layout Definition","VERSIONED_ANALYSIS","TRUE","TRUE",,"0","TRUE","PRINT",,"FALSE",,
"ANALYSIS_SMPL_PT_P","Analysis Sample Point Print","TRUE","FALSE",,"Default Print Layout Definition","TEST","FALSE","TRUE",,"0","TRUE","PRINT",,"FALSE",,
"ANALYSIS_WORKSHEET","Analysis Worksheet","TRUE","FALSE",,"Default Print Layout Definition","ANALYSIS_WORKSHEET","TRUE","FALSE",,"0","TRUE","PRINT",,"FALSE",,
"APPROVAL_LIST","Approval List","TRUE","FALSE",,"Default List Layout Definition","APPROVAL","TRUE","TRUE",,"0","TRUE","LIST",,"FALSE",,
"ATTACHMENTS","Attachments","TRUE","FALSE",,"List of associated Attachments","ATTACHMENT","FALSE","FALSE",,"0","TRUE","LIST",,"FALSE",,
"AUDIT","Audit","TRUE","FALSE",,"Default Print Layout Definition","AUDIT_VIEW","FALSE","FALSE",,"0","TRUE","PRINT",,"FALSE",,
"AUDIT_DATALIST","Audit Data","TRUE","FALSE",,"Default Print Layout Definition","AUDIT_DATA","FALSE","TRUE",,"0","TRUE","LIST",,"FALSE",,
"BATCH_COMP_ENTRIES","Batch Comp Entries","TRUE","FALSE",,"Default Print Layout Definition","BATCH_TMPL_ENTRY","FALSE","FALSE",,"0","TRUE","LIST",,"FALSE",,
"BATCH_COMP_FIELDS","Batch Comp Fields","TRUE","FALSE",,"Default Print Layout Definition","TEMPLATE_FIELDS","FALSE","TRUE",,"0","TRUE","LIST",,"FALSE",,
"BATCH_COMP_SQCDETAIL","Batch Comp SQC details","TRUE","FALSE",,"Default Print Layout Definition","BATCH_TMPL_ENTRY","FALSE","FALSE",,"0","TRUE","LIST",,"FALSE",,
"BATCH_COMP_TMPLSQC","Batch Comp Template (SQC)","TRUE","FALSE",,"Default Print Layout Definition","BATCH_SQC_HEADER","FALSE","FALSE",,"0","TRUE","LIST",,"FALSE",,
"BATCH_COMPONENT_LIST","Batch Component List","TRUE","FALSE",,"Default Print Layout Definition","R_BATCH_TMPL_COMPONENTS_LIST","FALSE","TRUE",,"0","TRUE","LIST",,"FALSE",,
"BATCH_COMPOSITE_REP","Batch Composite Rep","TRUE","FALSE",,"Default Print Layout Definition","BATCH_TMPL_HEADER","FALSE","TRUE",,"0","TRUE","PRINT",,"FALSE",,
"BATCH_FAILURES_LIST","Batch Failures List","TRUE","FALSE",,"Default Print Layout Definition","R_BATCH_FAILURES","FALSE","FALSE",,"0","TRUE","LIST",,"FALSE",,
"BATCH_FAILURES_PRINT","Batch Failures Print","TRUE","FALSE",,"Default Print Layout Definition","BATCH_ENTRY","FALSE","FALSE",,"0","TRUE","PRINT",,"FALSE",,
"BATCH_HEADER","Batch Header","TRUE","FALSE",,"Default Print Layout Definition","BATCH_HEADER","FALSE","TRUE",,"0","TRUE","PRINT",,"FALSE",,
"BATCH_JOB_REPORT","Batch Job Report","TRUE","FALSE",,"Default Print Layout Definition","BATCH_HEADER","FALSE","TRUE",,"0","TRUE","PRINT",,"FALSE",,
"BATCH_REPORT","Batch Report","TRUE","FALSE",,"Default Print Layout Definition","R_BATCH_REPORT","FALSE","TRUE",,"0","TRUE","LIST",,"FALSE",,
"BATCH_SQC_HEADER_L","Batch SQC Template List","TRUE","FALSE",,"Default List Layout Definition","BATCH_SQC_HEADER","TRUE","TRUE",,"0","TRUE","LIST",,"FALSE",,
"BATCH_SQC_HEADER_P","Batch SQC Template","TRUE","FALSE",,"Default Print Layout Definition","BATCH_SQC_HEADER","TRUE","TRUE",,"0","TRUE","PRINT",,"FALSE",,
"BATCH_TMPL_COMP_LIST","Batch Template Component List","TRUE","FALSE",,"List output of batch template component list","R_BATCH_TMPL_COMPONENTS_LIST","FALSE","TRUE",,"0","TRUE","LIST",,"FALSE",,
"BATCH_TMPL_ENTRY","Batch Template Entry","TRUE","FALSE",,"List output of batch template entries","BATCH_TMPL_ENTRY","FALSE","FALSE",,"0","TRUE","LIST",,"FALSE",,
"BATCH_TMPL_FIELDS","Batch Template Fields","TRUE","FALSE",,"List output of batch template fields","TEMPLATE_FIELDS","FALSE","TRUE",,"0","TRUE","LIST",,"FALSE",,
"BATCH_TMPL_HEADER","Batch Template Header","TRUE","FALSE",,"Print output of batch template header","BATCH_TMPL_HEADER","TRUE","TRUE",,"0","TRUE","PRINT",,"FALSE",,
"BATCH_TMPL_SQC","Batch Template SQC Charts","TRUE","FALSE",,"List output of batch template SQC chart","BATCH_TMPL_SQC","FALSE","FALSE",,"0","TRUE","LIST",,"FALSE",,
"CALC_FUNCTION_L","Calculation Function List Report","TRUE","FALSE",,"Default List Layout Definition","CALC_FUNCTION","TRUE","TRUE",,"0","TRUE","LIST",,"FALSE",,
"CALC_FUNCTION_P","Calculation Function Details Report","TRUE","FALSE",,"Default Print Layout Definition","CALC_FUNCTION","TRUE","TRUE",,"0","TRUE","PRINT",,"FALSE",,
"CALC_FUNCTION_PARAMETER","Calculation Function Parameters","TRUE","FALSE",,"List of associated Parameters","CALC_FUNCTION_PARAMETER","FALSE","TRUE",,"0","TRUE","LIST",,"FALSE",,
"CALCULATION_L","Calculation List Report","TRUE","FALSE",,"Default List Layout Definition","CALCULATION","TRUE","TRUE",,"0","TRUE","LIST",,"FALSE",,
"CALCULATION_P","Calculation Details Report","TRUE","FALSE",,"Default Print Layout Definition","CALCULATION","TRUE","TRUE",,"0","TRUE","PRINT",,"FALSE",,
"CERT","Cert","TRUE","FALSE",,"Certificate Details","CERT","TRUE","TRUE",,"0","TRUE","PRINT",,"FALSE",,
"CERT_DESTINATION","Certificate Destinations","TRUE","FALSE",,"List of associated Certificate Destinations","CERT_DESTINATION","FALSE","TRUE",,"0","TRUE","LIST",,"FALSE",,
"CERT_RESULTS","Certificate Results","TRUE","FALSE",,"List of Certificate Results","CERT_RESULT","TRUE","TRUE",,"0","TRUE","LIST",,"FALSE",,
"CERT_SECTION","Certificate Sections","TRUE","FALSE",,"List of associated Certificate Sections","CERT_SECTION","FALSE","TRUE",,"0","TRUE","LIST",,"FALSE",,
"CERT_TEMPLATE","Certificate Template","TRUE","FALSE",,"Certificate Template Details","CERT_TEMPLATE","TRUE","TRUE",,"0","TRUE","PRINT",,"FALSE",,
"CERT_TEMPLATE_ENTRY","Certificate Specified Results","TRUE","FALSE",,"List of results specified against the certificate","CERT_TEMPLATE_ENTRY","TRUE","TRUE",,"0","TRUE","LIST",,"FALSE",,
"CERTIFICATE_TEMPLATE_L","Certificate Template List Report","TRUE","FALSE",,"Default List Layout Definition","CERTIFICATE_TEMPLATE","TRUE","TRUE",,"0","TRUE","LIST",,"FALSE",,
"CERTIFICATE_TEMPLATE_P","Certificate Template Details Report","TRUE","FALSE",,"Default Print Layout Definition","CERTIFICATE_TEMPLATE","TRUE","TRUE",,"0","TRUE","PRINT",,"FALSE",,
"CGI_SCRIPT_L","CGI Script List Report","TRUE","FALSE",,"Default List Layout Definition","CGI_SCRIPT","TRUE","TRUE",,"0","TRUE","LIST",,"FALSE",,
"CGI_SCRIPT_P","CGI Script","TRUE","FALSE",,"Default Print Layout Definition","CGI_SCRIPT","TRUE","TRUE",,"0","TRUE","PRINT",,"FALSE",,
"CHARGE_ENTRY","Charge Entries","TRUE","FALSE",,"List of associated Charge Entries","CHARGE_ENTRY","FALSE","TRUE",,"0","TRUE","LIST",,"FALSE",,
"CHARGE_HEADER_L","Charge List Report","TRUE","FALSE",,"Default List Layout Definition","CHARGE_HEADER","TRUE","TRUE",,"0","TRUE","LIST",,"FALSE",,
"CHARGE_HEADER_P","Charge Details Report","TRUE","FALSE",,"Default Print Layout Definition","CHARGE_HEADER","TRUE","TRUE",,"0","TRUE","PRINT",,"FALSE",,
"CHECKLIST_DETAILS","Incident Checklist Details","TRUE","FALSE",,"Default Print Layout Definition","INC_CHECKLIST_RESULTS","FALSE","TRUE",,"0","TRUE","LIST",,"FALSE",,
"COA_HEAD","Certificate of Analysis","TRUE","FALSE",,"Default Print Layout Definition","SAMPLE","FALSE","TRUE",,"0","TRUE","PRINT",,"FALSE",,
"COA_RESULTS","Certificate of Analysis Results","TRUE","FALSE",,"Default Print Layout Definition","RESULT","FALSE","TRUE",,"0","TRUE","LIST",,"FALSE",,
"COLUMN_SET_ENTRY","Column Set Entries","TRUE","FALSE",,"List of associated Column Set Entries","COLUMN_SET_ENTRY","FALSE","TRUE",,"0","TRUE","LIST",,"FALSE",,
"COLUMN_SET_HEADER","Column Set Header Details Report","TRUE","FALSE",,"Default Print Layout Definition","COLUMN_SET_HEADER","TRUE","TRUE",,"0","TRUE","PRINT",,"FALSE",,
"COLUMN_SET_HEADER_L","Column Set Header List Report","TRUE","FALSE",,"Default List Layout Definition","COLUMN_SET_HEADER","TRUE","TRUE",,"0","TRUE","LIST",,"FALSE",,
"COMPONENT_LIST_ENTRY","Component List Entry","TRUE","FALSE",,"Default Print Layout Definition","VERSIONED_C_L_ENTRY","FALSE","FALSE",,"0","TRUE","LIST",,"FALSE",,
"COMPONENT_LIST_HEAD","Component List Header","TRUE","FALSE",,"Default Print Layout Definition","VERSIONED_C_L_HEADER","FALSE","FALSE",,"0","TRUE","PRINT",,"FALSE",,
"COMPONENT_LIST_P","Component List","TRUE","FALSE",,"Default Print Layout Definition","VERSIONED_C_L_HEADER","TRUE","TRUE",,"0","TRUE","PRINT",,"FALSE",,
"CONFIG_HEADER_L","Configuration Item List Report","TRUE","FALSE",,"Default List Layout Definition","CONFIG_HEADER","TRUE","TRUE",,"0","TRUE","LIST",,"FALSE",,
"CONFIG_HEADER_P","Configuration Item","TRUE","FALSE",,"Default Print Layout Definition","CONFIG_HEADER","TRUE","TRUE",,"0","TRUE","PRINT",,"FALSE",,
"CONTACT","Contacts","TRUE","FALSE",,"List of associated Contact Records","CONTACT","FALSE","TRUE",,"0","TRUE","LIST",,"FALSE",,
"CRITERIA_HEADER_L","Column Definition List Report","TRUE","FALSE",,"Default List Layout Definition","CRITERIA_HEADER","TRUE","TRUE",,"0","TRUE","LIST",,"FALSE",,
"CRITERIA_HEADER_P","Column Definition Details Report","TRUE","FALSE",,"Default Print Layout Definition","CRITERIA_HEADER","TRUE","TRUE",,"0","TRUE","PRINT",,"FALSE",,
"CUSTOMER_L","Customer List Report","TRUE","FALSE",,"Default List Layout Definition","CUSTOMER","TRUE","TRUE",,"0","TRUE","LIST",,"FALSE",,
"CUSTOMER_P","Customer Details Report","TRUE","FALSE",,"Default Print Layout Definition","CUSTOMER","TRUE","TRUE",,"0","TRUE","PRINT",,"FALSE",,
"CUSTOMER_SAMP_PRINT","Customer Basicprint","TRUE","FALSE",,"Default Print Layout Definition","CUSTOMER","FALSE","TRUE",,"0","TRUE","PRINT",,"FALSE",,
"DESTINATION_L","Destination List Report","TRUE","FALSE",,"Default List Layout Definition","DESTINATION","TRUE","TRUE",,"0","TRUE","LIST",,"FALSE",,
"DESTINATION_P","Destination Details Report","TRUE","FALSE",,"Default Print Layout Definition","DESTINATION","TRUE","TRUE",,"0","TRUE","PRINT",,"FALSE",,
"DISTRIBUTION","Destinations","TRUE","FALSE",,"List of associated Destinations","DISTRIBUTION","FALSE","TRUE",,"0","TRUE","LIST",,"FALSE",,
"DISTRIBUTION_PERSONNEL","Distribution Personnel","TRUE","FALSE",,"List of associated Distribution Personnel","DISTRIBUTION_PERSONNEL","TRUE","TRUE",,"0","TRUE","LIST",,"FALSE",,
"ENTITY_TEMPLATE_L","Entity Template List Report","TRUE","FALSE",,"Default List Layout Definition","ENTITY_TEMPLATE","TRUE","TRUE",,"0","TRUE","LIST",,"FALSE",,
"ENTITY_TEMPLATE_P","Entity Template Details Report","TRUE","FALSE",,"Default Print Layout Definition","ENTITY_TEMPLATE","TRUE","TRUE",,"0","TRUE","PRINT",,"FALSE",,
"ENTITY_TEMPLATE_PR_L","Entity Template Properties","TRUE","FALSE",,"List of associated Properties","ENTITY_TEMPLATE_PROPERTY","FALSE","TRUE",,"0","TRUE","LIST",,"FALSE",,
"ESIG_DATA","Esig Data","TRUE","FALSE",,"Default Print Layout Definition","ESIG_DATA","FALSE","TRUE",,"0","TRUE","LIST",,"FALSE",,
"ESIG_EVENT_L","Esig Event List","TRUE","FALSE",,"Default Print Layout Definition","ESIG_EVENT","FALSE","TRUE",,"0","TRUE","LIST",,"FALSE",,
"ESIG_EVENT_P","Esig Event","TRUE","FALSE",,"Default Print Layout Definition","ESIG_EVENT","FALSE","TRUE",,"0","TRUE","PRINT",,"FALSE",,
"EXPLORER_AUX_FIELD_L","Explorer Auxiliary Fields","TRUE","FALSE",,"List of associated Explorer Auxiliary Fields","EXPLORER_AUX_FIELDS","FALSE","TRUE",,"0","TRUE","LIST",,"FALSE",,
"EXPLORER_AUX_L","Explorer Auxiliary List Report","TRUE","FALSE",,"Default List Layout Definition","EXPLORER_AUX","TRUE","TRUE",,"0","TRUE","LIST",,"FALSE",,
"EXPLORER_AUX_P","Explorer Auxiliary Details Report","TRUE","FALSE",,"Default Print Layout Definition","EXPLORER_AUX","TRUE","TRUE",,"0","TRUE","PRINT",,"FALSE",,
"EXPLORER_CAB_FOLDR_L","Explorer Folders","TRUE","FALSE",,"List of associated Explorer Folders","EXPLORER_FOLDER","FALSE","TRUE",,"0","TRUE","LIST",,"FALSE",,
"EXPLORER_CAB_P","Explorer Cabinet Details Report","TRUE","FALSE",,"Default Print Layout Definition","EXPLORER_CABINET","TRUE","TRUE",,"0","TRUE","PRINT",,"FALSE",,
"EXPLORER_CAB_ROLE_L","Explorer Cabinet Roles","TRUE","FALSE",,"List of associated Explorer Cabinet Roles","EXPLORER_CABINET_ROLE","FALSE","TRUE",,"0","TRUE","LIST",,"FALSE",,
"EXPLORER_CABINET_L","Explorer Cabinet List Report","TRUE","FALSE",,"Default List Layout Definition","EXPLORER_CABINET","TRUE","TRUE",,"0","TRUE","LIST",,"FALSE",,
"GROUP_HEADER_L","Group Header List Report","TRUE","FALSE",,"Default List Layout Definition","GROUP_HEADER","TRUE","TRUE",,"0","TRUE","LIST",,"FALSE",,
"GROUP_HEADER_P","Group Header Details Report","TRUE","FALSE",,"Default Print Layout Definition","GROUP_HEADER","TRUE","TRUE",,"0","TRUE","PRINT",,"FALSE",,
"GROUPLINK","Group Links","TRUE","FALSE",,"List of associated Groups","GROUPLINK","FALSE","TRUE",,"0","TRUE","LIST",,"FALSE",,
"HAZARD_L","Hazard List Report","TRUE","FALSE",,"Default List Layout Definition","HAZARD","TRUE","TRUE",,"0","TRUE","LIST",,"FALSE",,
"HAZARD_P","Hazard Details Report","TRUE","FALSE",,"Default Print Layout Definition","HAZARD","TRUE","TRUE",,"0","TRUE","PRINT",,"FALSE",,
"HAZARD_SAMPLES","Hazard Samples","TRUE","FALSE",,"Default Print Layout Definition","INSTRUMENT","FALSE","TRUE",,"0","TRUE","PRINT",,"FALSE",,
"HELP_CONTEXT_L","Help Context List Report","TRUE","FALSE",,"Default List Layout Definition","HELP_CONTEXT","TRUE","TRUE",,"0","TRUE","LIST",,"FALSE",,
"HELP_CONTEXT_P","Help Context Details Report","TRUE","FALSE",,"Default Print Layout Definition","HELP_CONTEXT","TRUE","TRUE",,"0","TRUE","PRINT",,"FALSE",,
"INCIDENT_CHECKLIST_ACTION","Incident Check List Actions","TRUE","FALSE",,"List of associated Check List Actions","INC_CHECKLIST_ACTIONS","TRUE","TRUE",,"0","TRUE","LIST",,"FALSE",,
"INCIDENT_CHECKLIST_L","Incident Check List List Report","TRUE","FALSE",,"Default List Layout Definition","INCIDENT_CHECKLIST","TRUE","TRUE",,"0","TRUE","LIST",,"FALSE",,
"INCIDENT_CHECKLIST_P","Incident Check List Details Report","TRUE","FALSE",,"Default Print Layout Definition","INCIDENT_CHECKLIST","TRUE","TRUE",,"0","TRUE","PRINT",,"FALSE",,
"INCIDENT_P","Incident Details Report","TRUE","FALSE",,"Default Print Layout Definition","INCIDENTS","TRUE","FALSE",,"0","TRUE","PRINT",,"FALSE",,
"INCIDENT_PARAM_CHECKLIST","Incident Parameter Checklist","TRUE","FALSE",,"Incident Parameter Checklist","INCIDENT_PARAMETER","FALSE","TRUE",,"0","TRUE","LIST",,"FALSE",,
"INCIDENT_TEMPLATE_P","Incident Template Details Report","TRUE","FALSE",,"Default Print Layout Definition","INCIDENT_TEMPLATE","TRUE","TRUE",,"0","TRUE","PRINT",,"FALSE",,
"INCIDENTS_L","Incidents List Report","TRUE","FALSE",,"Default List Layout Definition","INCIDENTS","TRUE","TRUE",,"0","TRUE","LIST",,"FALSE",,
"INFOMAKER_LINK_L","Infomaker Report List Report","TRUE","FALSE",,"Default List Layout Definition","INFOMAKER_LINK","TRUE","TRUE",,"0","TRUE","LIST",,"FALSE",,
"INFOMAKER_LINK_P","Infomaker Report Details Report","TRUE","FALSE",,"Default Print Layout Definition","INFOMAKER_LINK","TRUE","TRUE",,"0","TRUE","PRINT",,"FALSE",,
"INFOMAKER_PARAMETERS","Infomaker Parameters","TRUE","FALSE",,"List of associated Infomaker Parameters","INFOMAKER_PARAMETERS","FALSE","TRUE",,"0","TRUE","LIST",,"FALSE",,
"INSPECTION_HEADER_L","Inspection Plan List Report","TRUE","FALSE",,"Default List Layout Definition","INSPECTION_HEADER","TRUE","TRUE",,"0","TRUE","LIST",,"FALSE",,
"INSPECTION_HEADER_P","Inspection Plan Details Report","TRUE","FALSE",,"Default Print Layout Definition","INSPECTION_HEADER","TRUE","TRUE",,"0","TRUE","PRINT",,"FALSE",,
"INSPECTION_RECORD","Inspection Records","TRUE","FALSE",,"List of associated Inspection Record","INSPECTION_RECORD","FALSE","TRUE",,"0","TRUE","LIST",,"FALSE",,
"INSPECTOR","Approval Details","TRUE","FALSE",,"List of inspections","INSPECTOR","TRUE","TRUE",,"0","TRUE","LIST",,"FALSE",,
"INSTRUMENT_CALIB","Instrument Calibration Report","TRUE","FALSE",,"Default Print Layout Definition","INSTRUMENT","FALSE","FALSE",,"0","TRUE","LIST",,"FALSE",,
"INSTRUMENT_EVENT","Instrument Events","TRUE","FALSE",,"List of associated Instrument Events","INSTRUMENT_EVENT","FALSE","TRUE",,"0","TRUE","LIST",,"FALSE",,
"INSTRUMENT_L","Instrument List Report","TRUE","FALSE",,"Default List Layout Definition","INSTRUMENT","TRUE","TRUE",,"0","TRUE","LIST",,"FALSE",,
"INSTRUMENT_P","Instrument Details Report","TRUE","FALSE",,"Default Print Layout Definition","INSTRUMENT","TRUE","TRUE",,"0","TRUE","PRINT",,"FALSE",,
"INSTRUMENT_PART_EVENT","Instrument Part Events","TRUE","FALSE",,"List of associated Instrument Part Events","INSTRUMENT_PART_EVENT","FALSE","TRUE",,"0","TRUE","LIST",,"FALSE",,
"INSTRUMENT_PART_L","Instrument Part List Report","TRUE","FALSE",,"Default List Layout Definition","INSTRUMENT_PART","TRUE","TRUE",,"0","TRUE","LIST",,"FALSE",,
"INSTRUMENT_PART_LINK","Instrument Parts","TRUE","FALSE",,"List of associated Instrument Parts","INSTRUMENT_PART_LINK","FALSE","TRUE",,"0","TRUE","LIST",,"FALSE",,
"INSTRUMENT_PART_LINK_TEMPLATE","Instrument Part Link Templates","TRUE","FALSE",,"List of associated Part Link Templates","INSTRUMENT_PART_LINK_TEMPLATE","FALSE","TRUE",,"0","TRUE","LIST",,"FALSE",,
"INSTRUMENT_PART_P","Instrument Part Details Report","TRUE","FALSE",,"Default Print Layout Definition","INSTRUMENT_PART","TRUE","TRUE",,"0","TRUE","PRINT",,"FALSE",,
"INSTRUMENT_PART_TEMPLATE_L","Instrument Part Template List Report","TRUE","FALSE",,"Default List Layout Definition","INSTRUMENT_PART_TEMPLATE","TRUE","TRUE",,"0","TRUE","LIST",,"FALSE",,
"INSTRUMENT_PART_TEMPLATE_P","Instrument Part Template Details Report","TRUE","FALSE",,"Default Print Layout Definition","INSTRUMENT_PART_TEMPLATE","TRUE","TRUE",,"0","TRUE","PRINT",,"FALSE",,
"INSTRUMENT_PROPERTY","Instrument Properties","TRUE","FALSE",,"List of associated Instrument Properties","INSTRUMENT_PROPERTY","FALSE","TRUE",,"0","TRUE","LIST",,"FALSE",,
"INSTRUMENT_PROPERTY_TEMPLATE","Instrument Property Templates","TRUE","FALSE",,"List of associated Instrument Property Templates","INSTRUMENT_PROPERTY_TEMPLATE","FALSE","TRUE",,"0","TRUE","LIST",,"FALSE",,
"INSTRUMENT_SERVICE","Instrument Service Report","TRUE","FALSE",,"Default Print Layout Definition","INSTRUMENT","FALSE","FALSE",,"0","TRUE","LIST",,"FALSE",,
"INSTRUMENT_TEMPLATE_L","Instrument Template List Report","TRUE","FALSE",,"Default List Layout Definition","INSTRUMENT_TEMPLATE","TRUE","TRUE",,"0","TRUE","LIST",,"FALSE",,
"INSTRUMENT_TEMPLATE_P","Instrument Template Details Report","TRUE","FALSE",,"Default Print Layout Definition","INSTRUMENT_TEMPLATE","TRUE","TRUE",,"0","TRUE","PRINT",,"FALSE",,
"INSTRUMENT_TEST_SUB","Instrument Test Sub","TRUE","FALSE",,"Default Print Layout Definition","TEST","FALSE","TRUE",,"0","TRUE","LIST",,"FALSE",,
"INSTRUMENT_TESTS","Instrument Tests","TRUE","FALSE",,"Default Print Layout Definition","INSTRUMENT","FALSE","TRUE",,"0","TRUE","PRINT",,"FALSE",,
"INSTRUMENT_TRAINING","Instrument Training","TRUE","FALSE",,"List of associated Training Requirements","INSTRUMENT_TRAINING","FALSE","TRUE",,"0","TRUE","LIST",,"FALSE",,
"INTERFACE_DEFINITION_LIST","Interface Definition List Report","TRUE","TRUE",,"Default Print Layout Definition","INTERFACE","TRUE","TRUE",,"0","TRUE","LIST",,"FALSE",,
"INTERFACE_DEFINITION_PRINT","Interface Definition Details Report","TRUE","FALSE",,"Default Print Layout Definition","INTERFACE","TRUE","TRUE",,"0","TRUE","PRINT",,"FALSE",,
"JOB_HEADER","Job Header","TRUE","FALSE",,"Default Print Layout Definition","JOB_HEADER","FALSE","TRUE",,"0","TRUE","PRINT",,"FALSE",,
"JOB_L","Job Header List Report","TRUE","FALSE",,"Default Print Layout Definition","JOB_HEADER","FALSE","TRUE",,"0","TRUE","LIST",,"FALSE",,
"JOB_SAMPLES_L","Job Samples List","TRUE","FALSE",,"Default Print Layout Definition","SAMPLE","FALSE","TRUE",,"0","TRUE","LIST",,"FALSE",,
"JOB_SAMPLES_P","Job Samples Print","TRUE","FALSE",,"Default Print Layout Definition","JOB_HEADER","FALSE","FALSE",,"0","TRUE","PRINT",,"FALSE",,
"JOB_TEMPLATE_L","Job Template List Report","TRUE","FALSE",,"Default List Layout Definition","JOB_TEMPLATE","TRUE","TRUE",,"0","TRUE","LIST",,"FALSE",,
"JOB_TEMPLATE_P","Job Template Details Report","TRUE","FALSE",,"Default Print Layout Definition","JOB_TEMPLATE","TRUE","TRUE",,"0","TRUE","PRINT",,"FALSE",,
"JOB_TESTDURATION_P","Job Test Duration Print","TRUE","FALSE",,"Default Print Layout Definition","JOB_HEADER","FALSE","TRUE",,"0","TRUE","PRINT",,"FALSE",,
"LAB_METHOD_L","Lab Method List","TRUE","FALSE",,"Default List Layout Definition","LAB_METHOD","TRUE","TRUE",,"0","TRUE","LIST",,"FALSE",,
"LAB_METHOD_P","Lab Method Print","TRUE","FALSE",,"Default Print Layout Definition","LAB_METHOD","TRUE","TRUE",,"0","TRUE","PRINT",,"FALSE",,
"LAB_METHOD_STEP_L","Lab Method Step List","TRUE","FALSE",,,"LAB_METHOD_STEP","TRUE","TRUE",,"0","TRUE","LIST",,"FALSE",,
"LABEL_TEMPLATE_L","Label Template List Report","TRUE","FALSE",,"Default List Layout Definition","LABEL_TEMPLATE","TRUE","TRUE",,"0","TRUE","LIST",,"FALSE",,
"LABEL_TEMPLATE_P","Label Template Details Report","TRUE","FALSE",,"Default Print Layout Definition","LABEL_TEMPLATE","TRUE","TRUE",,"0","TRUE","PRINT",,"FALSE",,
"LANGUAGE_L","Language List Report","TRUE","FALSE",,"Default List Layout Definition","LANGUAGE","TRUE","TRUE",,"0","TRUE","LIST",,"FALSE",,
"LANGUAGE_P","Language Details Report","TRUE","FALSE",,"Default Print Layout Definition","LANGUAGE","TRUE","TRUE",,"0","TRUE","PRINT",,"FALSE",,
"LIMIT_CALCULATION_L","Limit Calculation List Report","TRUE","FALSE",,"Default List Layout Definition","LIMIT_CALCULATION","TRUE","TRUE",,"0","TRUE","LIST",,"FALSE",,
"LIMIT_CALCULATION_P","Limit Calculation Details Report","TRUE","FALSE",,"Default Print Layout Definition","LIMIT_CALCULATION","TRUE","TRUE",,"0","TRUE","PRINT",,"FALSE",,
"LIMIT_PHRASE_ENTRY","Limit Phrase Entries","TRUE","FALSE",,"List of associated Limit Phrase Entries","LIMIT_PHRASE_ENTRY","FALSE","TRUE",,"0","TRUE","LIST",,"FALSE",,
"LIMIT_PHRASE_L","Limit Phrase List Report","TRUE","FALSE",,"Default List Layout Definition","LIMIT_PHRASE_HEADER","TRUE","TRUE",,"0","TRUE","LIST",,"FALSE",,
"LIMIT_PHRASE_P","Limit Phrase Details Report","TRUE","FALSE",,"Default Print Layout Definition","LIMIT_PHRASE_HEADER","TRUE","TRUE",,"0","TRUE","PRINT",,"FALSE",,
"LIST_RESULT_FORMAT_L","List Result List Report","TRUE","FALSE",,"Default List Layout Definition","LIST_RESULT_FORMAT","TRUE","TRUE",,"0","TRUE","LIST",,"FALSE",,
"LIST_RESULT_FORMAT_P","List Result Details Report","TRUE","FALSE",,"Default Print Layout Definition","LIST_RESULT_FORMAT","TRUE","TRUE",,"0","TRUE","PRINT",,"FALSE",,
"LOCATION_L","Location List Report","TRUE","FALSE",,"Default List Layout Definition","LOCATION","TRUE","TRUE",,"0","TRUE","LIST",,"FALSE",,
"LOCATION_P","Location Details Report","TRUE","FALSE",,"Default Print Layout Definition","LOCATION","TRUE","TRUE",,"0","TRUE","PRINT",,"FALSE",,
"LOCATION_SAMP_PRINT","Location Samples Report","TRUE","FALSE",,"This report lists the Samples associated with the specified Location","LOCATION","FALSE","TRUE",,"0","TRUE","PRINT",,"FALSE",,
"LOCATION_TYPE_L","Location Type List Report","TRUE","FALSE",,"Default List Layout Definition","LOCATION_TYPE","TRUE","TRUE",,"0","TRUE","LIST",,"FALSE",,
"LOCATION_TYPE_LIST","Location Type Lists","TRUE","FALSE",,"List of associated Location Types","LOCATION_TYPE_LIST","FALSE","TRUE",,"0","TRUE","LIST",,"FALSE",,
"LOCATION_TYPE_P","Location Type Details Report","TRUE","FALSE",,"Default Print Layout Definition","LOCATION_TYPE","TRUE","TRUE",,"0","TRUE","PRINT",,"FALSE",,
"LOG_SCHED_HEADER_L","Login Schedule List Report","TRUE","FALSE",,"Default List Layout Definition","LOG_SCHED_HEADER","TRUE","TRUE",,"0","TRUE","LIST",,"FALSE",,
"LOG_SCHED_HEADER_P","Login Schedule Details Report","TRUE","FALSE",,"Default Print Layout Definition","LOG_SCHED_HEADER","TRUE","TRUE",,"0","TRUE","PRINT",,"FALSE",,
"LOGIN_SCHED_ENTRY_L","Login Schedules","TRUE","FALSE",,"List of associated Login Schedules","LOG_SCHED_ENTRY","FALSE","TRUE",,"0","TRUE","LIST",,"FALSE",,
"LOT_TEMPLATE_L","Lot Template List Report","TRUE","FALSE",,"Default List Layout Definition","LOT_TEMPLATE","TRUE","TRUE",,"0","TRUE","LIST",,"FALSE",,
"LOT_TEMPLATE_P","Lot Template Details Report","TRUE","FALSE",,"Default Print Layout Definition","LOT_TEMPLATE","TRUE","TRUE",,"0","TRUE","PRINT",,"FALSE",,
"MAIN_REQ_REPORT","Maintenance Report","TRUE","FALSE",,"List of required maintenance","MAINTENANCE","TRUE","FALSE",,"0","TRUE","LIST",,"FALSE",,
"MAINTENANCE_L","Maintenance List Report","TRUE","FALSE",,"List of maintenance entries","MAINTENANCE","TRUE","FALSE",,"0","TRUE","LIST",,"FALSE",,
"MAINTENANCE_TEMP_L","Maintenance Template List Report","TRUE","FALSE",,"List of maintenance entries against a template entity","MAINTENANCE","TRUE","FALSE",,"0","TRUE","LIST",,"FALSE",,
"MASTER_MENU_L","Master Menu List Report","TRUE","FALSE",,"Default List Layout Definition","MASTER_MENU","TRUE","TRUE",,"0","TRUE","LIST",,"FALSE",,
"MASTER_MENU_P","Master Menu Details Report","TRUE","FALSE",,"Default Print Layout Definition","MASTER_MENU","TRUE","TRUE",,"0","TRUE","PRINT",,"FALSE",,
"MLP_ANAL_L","MLP Analysis List","TRUE","FALSE",,"List of associated MLP Analysis","MLP_ANALYSIS","FALSE","TRUE",,"0","TRUE","LIST",,"FALSE",,
"MLP_COMP_L","MLP Components","TRUE","FALSE",,"List of associated MLP Components","MLP_COMPONENTS","TRUE","TRUE",,"0","TRUE","LIST",,"FALSE",,
"MLP_FAMILY","MLP Families","TRUE","FALSE",,"List of associated MLP Family","MLP_FAMILY","FALSE","TRUE",,"0","TRUE","LIST",,"FALSE",,
"MLP_FAMILY_HEADER_L","MLP Family List Report","TRUE","FALSE",,"Default List Layout Definition","MLP_FAMILY_HEADER","TRUE","TRUE",,"0","TRUE","LIST",,"FALSE",,
"MLP_FAMILY_HEADER_P","MLP Family Details Report","TRUE","FALSE",,"Default Print Layout Definition","MLP_FAMILY_HEADER","TRUE","TRUE",,"0","TRUE","PRINT",,"FALSE",,
"MLP_HEADER_L","MLP Header List Report","TRUE","FALSE",,"Default List Layout Definition","MLP_HEADER","TRUE","TRUE",,"0","TRUE","LIST",,"FALSE",,
"MLP_HEADER_LEVELS","MLP Levels","TRUE","FALSE",,"List of associated MLP Levels","MLP_HEADER_LEVEL","FALSE","TRUE",,"0","TRUE","LIST",,"FALSE",,
"MLP_HEADER_P","MLP Header Details Report","TRUE","FALSE",,"Default Print Layout Definition","MLP_HEADER","TRUE","TRUE",,"0","TRUE","PRINT",,"FALSE",,
"MLP_LEVEL_L","MLP Level List Report","TRUE","FALSE",,"Default List Layout Definition","MLP_LEVEL","TRUE","TRUE",,"0","TRUE","LIST",,"FALSE",,
"MLP_LEVEL_P","MLP Level Details Report","TRUE","FALSE",,"Default Print Layout Definition","MLP_LEVEL","TRUE","TRUE",,"0","TRUE","PRINT",,"FALSE",,
"MLP_LEVELS","MLP Levels","TRUE","FALSE",,"List of associated MLP Levels","MLP_LEVEL","FALSE","TRUE",,"0","TRUE","LIST",,"FALSE",,
"MLP_SCHED_L","MLP Schedules","TRUE","FALSE",,"List of associated MLP Schedules","MLP_SCHEDULE","FALSE","TRUE",,"0","TRUE","LIST",,"FALSE",,
"MLP_VALUES_L","MLP Values","TRUE","FALSE",,"List of Associated MLP Values","MLP_VALUES","TRUE","TRUE",,"0","TRUE","LIST",,"FALSE",,
"MODULAR_REPORT_ITEM","Modular Report Items","TRUE","FALSE",,"List of associated Modular Report Items","MODULAR_REPORT_ITEM","FALSE","TRUE",,"0","TRUE","LIST",,"FALSE",,
"MODULAR_REPORT_P","Modular Report Details Report","TRUE","FALSE",,"Default Print Layout Definition","MODULAR_REPORT","TRUE","TRUE",,"0","TRUE","PRINT",,"FALSE",,
"PARAMETER_TYPE_L","Parameter Type List","TRUE","FALSE",,"Default List Layout Definition","PARAMETER_TYPE","TRUE","TRUE",,"0","TRUE","LIST",,"FALSE",,
"PARAMETER_TYPE_P","Parameter Type Print","TRUE","FALSE",,"Default Print Layout Definition","PARAMETER_TYPE","TRUE","TRUE",,"0","TRUE","PRINT",,"FALSE",,
"PERSONNEL_APPROVAL_P","Personnel Approval Report","TRUE","FALSE",,"Report detailing the approval items associated with a personnel record","PERSONNEL","FALSE","TRUE",,"0","TRUE","PRINT",,"FALSE",,
"PERSONNEL_L","Personnel List Report","TRUE","FALSE",,"Default List Layout Definition","PERSONNEL","FALSE","TRUE",,"0","TRUE","LIST",,"FALSE",,
"PERSONNEL_MENU_ITEMS","Personnel Menu Item Report","TRUE","FALSE",,"Report detailing the menu items associated with a personnel record","PERSONNEL","FALSE","TRUE",,"0","TRUE","PRINT",,"FALSE",,
"PERSONNEL_P","Personnel Details Report","TRUE","FALSE",,"Default List Layout Definition","PERSONNEL","TRUE","TRUE",,"0","TRUE","PRINT",,"FALSE",,
"PERSONNEL_TRAINING","Personnel Training","TRUE","FALSE",,"List of associated Personnel Training","PERSONNEL_TRAINING","FALSE","TRUE",,"0","TRUE","LIST",,"FALSE",,
"PHRASE_HEADER_L","Phrase List Report","TRUE","FALSE",,"Default List Layout Definition","PHRASE_HEADER","TRUE","TRUE",,"0","TRUE","LIST",,"FALSE",,
"PHRASE_HEADER_P","Phrase Details Report","TRUE","FALSE",,"Default Print Layout Definition","PHRASE_HEADER","TRUE","TRUE",,"0","TRUE","PRINT",,"FALSE",,
"PHRASE_L","Phrase Entries","TRUE","FALSE",,"List of associated Phrase Entries","PHRASE","FALSE","TRUE",,"0","TRUE","LIST",,"FALSE",,
"PREPARATION_L","Preparation List Report","TRUE","FALSE",,"Default List Layout Definition","PREPARATION","TRUE","TRUE",,"0","TRUE","LIST",,"FALSE",,
"PREPARATION_P","Preparation Details Report","TRUE","FALSE",,"Default Print Layout Definition","PREPARATION","TRUE","TRUE",,"0","TRUE","PRINT",,"FALSE",,
"PREPARATION_TRAINING","Preparation Training","TRUE","FALSE",,"List of associated Training Requirements","PREPARATION_TRAINING","FALSE","TRUE",,"0","TRUE","LIST",,"FALSE",,
"PRINTER_L","Printer List Report","TRUE","FALSE",,"Default List Layout Definition","PRINTER","TRUE","TRUE",,"0","TRUE","LIST",,"FALSE",,
"PRINTER_P","Printer Details Report","TRUE","FALSE",,"Default Print Layout Definition","PRINTER","TRUE","TRUE",,"0","TRUE","PRINT",,"FALSE",,
"PROJECT_INFO_L","Project List Report","TRUE","FALSE",,"Default List Layout Definition","PROJECT_INFO","TRUE","TRUE",,"0","TRUE","LIST",,"FALSE",,
"PROJECT_INFO_P","Project Details Report","TRUE","FALSE",,"Default Print Layout Definition","PROJECT_INFO","TRUE","TRUE",,"0","TRUE","PRINT",,"FALSE",,
"REPORT_L","Report List Report","TRUE","FALSE",,"Default List Layout Definition","REPORT","TRUE","TRUE",,"0","TRUE","LIST",,"FALSE",,
"REPORT_P","Report Details Report","TRUE","FALSE",,"Default Print Layout Definition","REPORT","TRUE","TRUE",,"0","TRUE","PRINT",,"FALSE",,
"REPORT_TEMPLATE_L","Report Template List Report","TRUE","FALSE",,"Default List Layout Definition","REPORT_TEMPLATE","TRUE","TRUE",,"0","TRUE","LIST",,"FALSE",,
"REPORT_TEMPLATE_P","Report Template Details Report","TRUE","FALSE",,"Default Print Layout Definition","REPORT_TEMPLATE","TRUE","TRUE",,"0","TRUE","PRINT",,"FALSE",,
"RESULT_LIST","Result List","TRUE","FALSE",,"Default Print Layout Definition","RESULT","FALSE","TRUE",,"0","TRUE","LIST",,"FALSE",,
"ROLE_ASSIGNMENT","Role Assignments","TRUE","FALSE",,"List of associated Role Assignments","ROLE_ASSIGNMENT","FALSE","TRUE",,"0","TRUE","LIST",,"FALSE",,
"ROLE_ENTRY_L","Menu Procedures","TRUE","FALSE",,"List of associated Menu Procedures","ROLE_ENTRY","FALSE","TRUE",,"0","TRUE","LIST",,"FALSE",,
"ROLE_ENTRY_L_MENU","Role Entries","TRUE","FALSE",,"List of associated Role Entries","ROLE_ENTRY","FALSE","TRUE",,"0","TRUE","LIST",,"FALSE",,
"ROLE_HEADER_L","Role List Report","TRUE","FALSE",,"Default List Layout Definition","ROLE_HEADER","TRUE","TRUE",,"0","TRUE","LIST",,"FALSE",,
"ROLE_HEADER_P","Role Details Report","TRUE","FALSE",,"Default Print Layout Definition","ROLE_HEADER","TRUE","TRUE",,"0","TRUE","PRINT",,"FALSE",,
"RULE_COUNT_L","Rule Counts","TRUE","FALSE",,"List of associated Rule Counts","RULE_COUNT","FALSE","TRUE",,"0","TRUE","LIST",,"FALSE",,
"RULE_L","Rule List Report","TRUE","FALSE",,"Default List Layout Definition","RULE","TRUE","TRUE",,"0","TRUE","LIST",,"FALSE",,
"RULE_P","Rule Details Report","TRUE","FALSE",,"Default Print Layout Definition","RULE","TRUE","TRUE",,"0","TRUE","PRINT",,"FALSE",,
"SAMP_RES_LIST_L","Sample Results List","TRUE","FALSE",,"Default Print Layout Definition","RESULT","FALSE","FALSE",,"0","TRUE","LIST",,"FALSE",,
"SAMP_RES_LIST_P","Sample Results Print","TRUE","FALSE",,"Default Print Layout Definition","SAMPLE","FALSE","FALSE",,"0","TRUE","PRINT",,"FALSE",,
"SAMP_TESTSCHED_L","Sample by Test Schedule List","TRUE","FALSE",,"Default Print Layout Definition","SAMP_TEST_RESULT","FALSE","TRUE",,"0","TRUE","PRINT",,"FALSE",,
"SAMP_TMPL_HEADER_L","Sample Template List Report","TRUE","FALSE",,"Default List Layout Definition","SAMP_TMPL_HEADER","TRUE","TRUE",,"0","TRUE","LIST",,"FALSE",,
"SAMPLE_L_PREPARATION_STATE","Sample Preparation State","TRUE","FALSE",,,"SAMPLE","FALSE","FALSE",,"0","TRUE","LIST",,"FALSE",,
"SAMPLE_POINT_L","Sampling Point List Report","TRUE","FALSE",,"Default List Layout Definition","SAMPLE_POINT","TRUE","TRUE",,"0","TRUE","LIST",,"FALSE",,
"SAMPLE_POINT_P","Sampling Point Details Report","TRUE","FALSE",,"Default Print Layout Definition","SAMPLE_POINT","TRUE","TRUE",,"0","TRUE","PRINT",,"FALSE",,
"SAMPLE_PREP_WORKSHEET_P","Sample Preparation Worksheet","TRUE","FALSE",,"Default Print Layout Definition","SAMPLE_PREP_WORKSHEET","TRUE","FALSE",,"0","TRUE","PRINT",,"FALSE",,
"SAMPLE_RECEIPT","Sample Receipt","TRUE","FALSE",,"Default Print Layout Definition","SAMPLE","FALSE","TRUE",,"0","TRUE","PRINT",,"FALSE",,
"SAMPLE_SUBREPORT","Samples","TRUE","FALSE",,"List of associated sample records","SAMPLE","FALSE","TRUE",,"0","TRUE","LIST",,"FALSE",,
"SAMPLE_TMPL_HEADER_P","Sample Template Details Report","TRUE","FALSE",,"Default Print Layout Definition","SAMP_TMPL_HEADER","TRUE","TRUE",,"0","TRUE","PRINT",,"FALSE",,
"SAMPLE_WORKSHEET_L","Sample Worksheet List","TRUE","FALSE",,"Default Print Layout Definition","R_SAMPLE_WORKSHEET","FALSE","TRUE",,"0","TRUE","PRINT",,"FALSE",,
"SAMPLE_WORKSHEET_P","Sample Worksheet","TRUE","FALSE",,"Default Print Layout Definition","SAMPLE_WORKSHEET","FALSE","TRUE",,"0","TRUE","PRINT",,"FALSE",,
"SAMPLES_BY_POINT_P","Samples By Point Print","TRUE","FALSE",,"Default Print Layout Definition","SAMPLE_POINT","FALSE","FALSE",,"0","TRUE","PRINT",,"FALSE",,
"SAMPLES_LOG_DATE_L","Samples Log Date List","TRUE","FALSE",,"Default Print Layout Definition","SAMPLE","FALSE","TRUE",,"0","TRUE","LIST",,"FALSE",,
"SAMPLES_OVERDUE","Overdue Samples","TRUE","FALSE",,"The following samples are currently overdue","SAMPLE","FALSE","TRUE",,"0","TRUE","LIST",,"FALSE",,
"SAMPLES_SUSPENDED","Suspended Samples","TRUE","FALSE",,"The following samples are currently suspended","SAMPLE","FALSE","TRUE",,"0","TRUE","LIST",,"FALSE",,
"SAMPLETEST_L","Sample Test List","TRUE","FALSE",,"Default Print Layout Definition","SAMP_TEST_VIEW","FALSE","TRUE",,"0","TRUE","PRINT",,"FALSE",,
"SAMPLING_PROCEDURE_L","Sampling Procedure List Report","TRUE","FALSE",,"Default List Layout Definition","SAMPLING_PROCEDURE","TRUE","TRUE",,"0","TRUE","LIST",,"FALSE",,
"SAMPLING_PROCEDURE_P","Default Sampling Procedure Details Report","TRUE","FALSE",,"Default Print Layout Definition","SAMPLING_PROCEDURE","TRUE","TRUE",,"0","TRUE","PRINT",,"FALSE",,
"SAMPTESTRESULT_DUR_L","Sample Test Result Duration List","TRUE","FALSE",,"Default Print Layout Definition","SAMP_TEST_RESULT","FALSE","TRUE",,"0","TRUE","LIST",,"FALSE",,
"SCHEDULE_CALENDAR","Schedule Calendar Details Report","TRUE","FALSE",,"Default Print Layout Definition","SCHEDULE_CALENDAR","FALSE","TRUE",,"0","TRUE","PRINT",,"FALSE",,
"SCHEDULE_CALENDAR_L","Schedule Calendar List Report","TRUE","FALSE",,"Default List Layout Definition","SCHEDULE_CALENDAR","TRUE","TRUE",,"0","TRUE","LIST",,"FALSE",,
"SCHEDULE_CALENDAR_PE","Schedule Calendar Periods","TRUE","FALSE",,"Lost of associated Calendar Periods","SCHEDULE_CALENDAR_PERIOD","FALSE","TRUE",,"0","TRUE","LIST",,"FALSE",,
"SCHEDULE_GROUP_LIST","Schedule Group List Report","TRUE","FALSE",,"Default Print Layout Definition","SCHEDULE_GROUP","TRUE","TRUE",,"0","TRUE","LIST",,"FALSE",,
"SCHEDULE_GROUP_PRINT","Schedule Group Details Report","TRUE","FALSE",,"Default Print Layout Definition","SCHEDULE_GROUP","TRUE","TRUE",,"0","TRUE","PRINT",,"FALSE",,
"SIG_FIGS_L","Significant Figure Format List Report","TRUE","FALSE",,"Default List Layout Definition","SIG_FIGS","TRUE","TRUE",,"0","TRUE","LIST",,"FALSE",,
"SIG_FIGS_P","Significant Figure Format Details Report","TRUE","FALSE",,"Default Print Layout Definition","SIG_FIGS","TRUE","TRUE",,"0","TRUE","PRINT",,"FALSE",,
"SITE","Site","TRUE","FALSE",,"Default Print Layout Definition","SITE","TRUE","TRUE",,"0","TRUE","PRINT",,"FALSE",,
"SITE_GROUPS","Site Groups","TRUE","FALSE",,"List of Site Groups","GROUP_HEADER","TRUE","TRUE",,"0","TRUE","LIST",,"FALSE",,
"SITE_REFERENCES","Site References","TRUE","FALSE",,"List of Site References","GROUP_REFERENCE","TRUE","TRUE",,"0","TRUE","LIST",,"FALSE",,
"STANDARD_L","Standard List Report","TRUE","FALSE",,"Default List Layout Definition","STANDARD","TRUE","TRUE",,"0","TRUE","LIST",,"FALSE",,
"STANDARD_P","Standard Details Report","TRUE","FALSE",,"Default Print Layout Definition","STANDARD","TRUE","TRUE",,"0","TRUE","PRINT",,"FALSE",,
"STANDARD_VERSIONS","Standard Versions","TRUE","FALSE",,"List of associated Standard Versions","STANDARD_VERSIONS","TRUE","TRUE",,"0","TRUE","LIST",,"FALSE",,
"STOCK_BATCH_L","Stock Batch List Report","TRUE","FALSE",,"Default List Layout Definition","STOCK_BATCH","TRUE","TRUE",,"0","TRUE","LIST",,"FALSE",,
"STOCK_BATCH_P","Stock Batch Details Report","TRUE","FALSE",,"Default Print Layout Definition","STOCK_BATCH","TRUE","TRUE",,"0","TRUE","PRINT",,"FALSE",,
"STOCK_BATCH_PROPERTY","Stock Batch Properties","TRUE","FALSE",,"List of associated Stock Batch Properties","STOCK_BATCH_PROPERTY","FALSE","TRUE",,"0","TRUE","LIST",,"FALSE",,
"STOCK_INVENTORY","Stock Inventory","TRUE","FALSE",,"List of associated Stock Inventory","STOCK_INVENTORY","FALSE","TRUE",,"0","TRUE","LIST",,"FALSE",,
"STOCK_P","Stock Details Report","TRUE","FALSE",,"Default Print Layout Definition","STOCK","TRUE","TRUE",,"0","TRUE","PRINT",,"FALSE",,
"STOCK_PROPERTY","Stock Properties","TRUE","FALSE",,"List of associated Stock Properties","STOCK_PROPERTY","FALSE","TRUE",,"0","TRUE","LIST",,"FALSE",,
"SUBSTANCE_GHS_HAZARD","Substance GHS Hazards","TRUE","FALSE",,"List of associated GHS Hazards","SUBSTANCE_GHS_HAZARD","FALSE","FALSE",,"0","TRUE","LIST",,"FALSE",,
"SUBSTANCE_GHS_PICTO","Substance GHS Pictograms","TRUE","FALSE",,"List of associated GHS Pictograms","SUBSTANCE_GHS_PICTOGRAM","FALSE","FALSE",,"0","TRUE","LIST",,"FALSE",,
"SUBSTANCE_GHS_PREC","Substance GHS Precautions","TRUE","FALSE",,"List of associated GHS Precautions","SUBSTANCE_GHS_PRECAUTIONARY","FALSE","FALSE",,"0","TRUE","LIST",,"FALSE",,
"SUBSTANCE_HAZARD","Substance Hazards","TRUE","FALSE",,"List of associated Hazards","SUBSTANCE_HAZARD","FALSE","FALSE",,"0","TRUE","LIST",,"FALSE",,
"SUBSTANCE_L","Substance List Report","TRUE","FALSE",,"Default List Layout Definition","SUBSTANCE","TRUE","TRUE",,"0","TRUE","LIST",,"FALSE",,
"SUBSTANCE_P","Substance Details Report","TRUE","FALSE",,"Default Print Layout Definition","SUBSTANCE","TRUE","TRUE",,"0","TRUE","PRINT",,"FALSE",,
"SUBSTANCE_RISK","Substance Risks","TRUE","FALSE",,"List of associated Risks","SUBSTANCE_RISK","FALSE","FALSE",,"0","TRUE","LIST",,"FALSE",,
"SUBSTANCE_SAFETY","Substance Safety","TRUE","FALSE",,"List of associated Safety","SUBSTANCE_SAFETY","FALSE","FALSE",,"0","TRUE","LIST",,"FALSE",,
"SUPPLIER_DETAIL","Stock Details","TRUE","FALSE",,"List of associated Supplier Details","SUPPLIER_DETAIL","FALSE","TRUE",,"0","TRUE","LIST",,"FALSE",,
"SUPPLIER_DETAIL_STOCK","Supplier Details","TRUE","FALSE",,"List of associated Supplier Details","SUPPLIER_DETAIL","FALSE","TRUE",,"0","TRUE","LIST",,"FALSE",,
"SUPPLIER_L","Supplier List Report","TRUE","FALSE",,"Default List Layout Definition","SUPPLIER","TRUE","TRUE",,"0","TRUE","LIST",,"FALSE",,
"SUPPLIER_P","Supplier Details Report","TRUE","FALSE",,"Default Print Layout Definition","SUPPLIER","TRUE","TRUE",,"0","TRUE","PRINT",,"FALSE",,
"SYNTAX_L","Syntax List Report","TRUE","FALSE",,"Default List Layout Definition","SYNTAX","TRUE","TRUE",,"0","TRUE","LIST",,"FALSE",,
"SYNTAX_P","Syntax Details Report","TRUE","FALSE",,"Default Print Layout Definition","SYNTAX","TRUE","TRUE",,"0","TRUE","PRINT",,"FALSE",,
"TAB_GUI_L","Tab Report List Report","TRUE","FALSE",,"Default List Layout Definition","TAB_GUI","TRUE","TRUE",,"0","TRUE","LIST",,"FALSE",,
"TAB_GUI_P","Tab Report Details Report","TRUE","FALSE",,"Default Print Layout Definition","TAB_GUI","TRUE","TRUE",,"0","TRUE","PRINT",,"FALSE",,
"TEMPLATE_FIELDS_L","Template Fields","TRUE","FALSE",,"List of associated Template Fields","TEMPLATE_FIELDS","FALSE","TRUE",,"0","TRUE","LIST",,"FALSE",,
"TEST_LIST","Test Assigned to a Sample","TRUE","FALSE",,"List of associated tests for a sample.","TEST","FALSE","TRUE",,"0","TRUE","LIST",,"FALSE",,
"TEST_PREP_WKSHEET_L","Test Preparation Worksheet List","TRUE","FALSE",,"Default Print Layout Definition","TEST","FALSE","FALSE",,"0","TRUE","LIST",,"FALSE",,
"TEST_PREP_WKSHEET_P","Test Preparation Worksheet","TRUE","FALSE",,"Default Print Layout Definition","TEST_PREP_WORKSHEET","FALSE","FALSE",,"0","TRUE","PRINT",,"FALSE",,
"TEST_SCHED_ENTRY_L","Test Schedule Entries","TRUE","FALSE",,"List of associated Test Schedule Entries","TEST_SCHED_ENTRY","TRUE","TRUE",,"0","TRUE","LIST",,"FALSE",,
"TEST_SCHED_HEADER_L","Test Schedule List Report","TRUE","FALSE",,"Default List Layout Definition","TEST_SCHED_HEADER","TRUE","TRUE",,"0","TRUE","LIST",,"FALSE",,
"TEST_SCHED_HEADER_P","Test Schedule Details Report","TRUE","FALSE",,"Default Print Layout Definition","TEST_SCHED_HEADER","TRUE","TRUE",,"0","TRUE","PRINT",,"FALSE",,
"TEST_UNASSIGNED_L","Unassigned Tests Report","TRUE","FALSE",,"The following Available Tests were no Assigned to a worksheet","TEST","FALSE","TRUE",,"0","TRUE","LIST",,"FALSE",,
"TIMER_SCHEDULE_L","Timer Schedule List Report","TRUE","FALSE",,"Default List Layout Definition","TIMER_SCHEDULE","TRUE","TRUE",,"0","TRUE","LIST",,"FALSE",,
"TIMER_SCHEDULE_P","Timer Schedule Details Report","TRUE","FALSE",,"Default Print Layout Definition","TIMER_SCHEDULE","TRUE","TRUE",,"0","TRUE","PRINT",,"FALSE",,
"TRAINING_COURSE_L","Training Course List Report","TRUE","FALSE",,"Default List Layout Definition","TRAINING_COURSE","TRUE","TRUE",,"0","TRUE","LIST",,"FALSE",,
"TRAINING_COURSE_P","Training Course Details Report","TRUE","FALSE",,"Default Print Layout Definition","TRAINING_COURSE","TRUE","TRUE",,"0","TRUE","PRINT",,"FALSE",,
"UNIT_ALIAS_L","Unit Aliases","TRUE","FALSE",,"List of associated Aliases","UNIT_ALIAS","FALSE","TRUE",,"0","TRUE","LIST",,"FALSE",,
"UNIT_HEADER_L","Unit List Report","TRUE","FALSE",,"Default List Layout Definition","UNIT_HEADER","TRUE","TRUE",,"0","TRUE","LIST",,"FALSE",,
"UNIT_HEADER_P","Unit Details Report","TRUE","FALSE",,"Default Print Layout Definition","UNIT_HEADER","TRUE","TRUE",,"0","TRUE","PRINT",,"FALSE",,
"VERSIONED_ANALYSIS_L","Versioned Analysis List Report","TRUE","FALSE",,"Default List Layout Definition","VERSIONED_ANALYSIS","TRUE","TRUE",,"0","TRUE","LIST",,"FALSE",,
"VERSIONED_ANALYSIS_P","Versioned Analysis Details Report","TRUE","FALSE",,"Default Print Layout Definition","VERSIONED_ANALYSIS","FALSE","TRUE",,"0","TRUE","PRINT",,"FALSE",,
"VERSIONED_ANALYSIS_TRAINING","Versioned Analysis Training","TRUE","FALSE",,"List of associated Training Requirements","VERSIONED_ANALYSIS_TRAINING","FALSE","TRUE",,"0","TRUE","LIST",,"FALSE",,
"VERSIONED_COMPONENT","Versioned Component","TRUE","FALSE",,"List of associated Versioned Components","VERSIONED_COMPONENT","FALSE","TRUE",,"0","TRUE","LIST",,"FALSE",,
"VERSIONED_COMPONENT_WORKSHEETVIEW","Results Required for this Analysis","TRUE","FALSE",,,"VERSIONED_COMPONENT","FALSE","FALSE",,"0","TRUE","LIST",,"FALSE",,
"WEB_LINK_PRINT","Web Link Details Report","TRUE","FALSE",,"Default Print Layout Definition","WEB_LINK","TRUE","TRUE",,"0","TRUE","PRINT",,"FALSE",,
"WEB_MENU_LIST","Web Menu List Report","TRUE","FALSE",,"Default Print Layout Definition","WEB_MENU_SECTION","TRUE","TRUE",,"0","TRUE","LIST",,"FALSE",,
"WEB_MENU_PRINT","Web Menu Print","TRUE","FALSE",,"Default Print Layout Definition","WEB_MENU_SECTION","TRUE","TRUE",,"0","TRUE","PRINT",,"FALSE",,
"WORK_PROFILE_COMP_L","Work Profile Component List","TRUE","FALSE",,"Default Print Layout Definition","R_WORK_PROFILE_COMPONENTS_LIST","FALSE","TRUE",,"0","TRUE","LIST",,"FALSE",,
"WORK_PROFILE_P","Work Profile Details Report","TRUE","FALSE",,"Default Print Layout Definition","WORK_PROFILE","TRUE","TRUE",,"0","TRUE","PRINT",,"FALSE",,
"WORKFLOW_ACTION_TYPE_LIST","Workflow Action Type List Report","TRUE","FALSE",,"Default Print Layout Definition","WORKFLOW_ACTION_TYPE","TRUE","TRUE",,"0","TRUE","LIST",,"FALSE",,
"WORKFLOW_LIST","Workflow List","TRUE","FALSE",,"Default Print Layout Definition","WORKFLOW","TRUE","TRUE",,"0","TRUE","LIST",,"FALSE",,
"WORKFLOW_PRINT","Workflow Details Report","TRUE","FALSE",,"Default Print Layout Definition","WORKFLOW","TRUE","TRUE",,"0","TRUE","PRINT",,"FALSE",,
"WORKING_SCHEDULE_H_L","Calendar List Report","TRUE","FALSE",,"Default List Layout Definition","WORKING_SCHEDULE_HEADER","TRUE","TRUE",,"0","TRUE","LIST",,"FALSE",,
"WORKING_SCHEDULE_H_P","Calendar Details Report","TRUE","FALSE",,"Default Print Layout Definition","WORKING_SCHEDULE_HEADER","TRUE","TRUE",,"0","TRUE","PRINT",,"FALSE",,
"WORKSHEET_L","Worksheet List Report","TRUE","FALSE",,"Default List Layout Definition","WORKSHEET","TRUE","TRUE",,"0","TRUE","LIST",,"FALSE",,
