﻿REPORT_TEMPLATE
IDENTITY,VERSION,NAME,GROUP_ID,DESCRIPTION,DATA_ENTITY_DEFINITION,MODIFIABLE,REMOVEFLAG,PUBLISH,CRITERIA,CRITERIASEARCH,IS_TEMPLATE,MASTER_TEMPLATE,MASTER_TEMPLATE_VERSION,APPROVAL_STATUS,INSPECTION_PLAN,ACTIVE,ACTIVE_FROM,ACTIVE_TO,USE_MASTER_TEMPLATE_CONFIG,P_FILE_DIRECTORY,P_FILE_NAME,P_EMAIL_SUBJECT,P_EMAIL_BODY,P_REPORT_TO_DISTRIBUTION,P_RECIPIENT,P_DISTRIBUTION,P_FILE_OUTPUT
30,10,100,10,234,50,1,1,1,40,1,1,30,10,1,10,1,32,32,1,500,500,500,2000,1,10,10,10
                      57
"ACTIVE_SAMPLES","1","Active Samples",,,"SAMPLE","TRUE","FALSE","FALSE",,"TRUE","FALSE","THERMO","1","A",,"TRUE", , ,"TRUE",,,,,"FALSE",,,
"ANIMALNEG","1","Individual Negative Report for Animal",,"Individual Negative Report for Animal","SAMPLE","TRUE","FALSE","TRUE","TJH_SAMPLE_REPORT","FALSE","FALSE",,"0","A",,"TRUE", , ,"FALSE",,,,,"FALSE",,,
"AUDIT_DATA","1","Audit Data",,"Sample Manager Report to display data items.","AUDIT_DATA","TRUE","FALSE","TRUE",,"FALSE","FALSE","THERMO","1","A",,"TRUE", , ,"TRUE",,,,,"FALSE",,,
"AUDIT_EVENT","1","Audit Event",,"SampleManager report to display events and data items.","AUDIT_EVENT","TRUE","FALSE","TRUE",,"FALSE","FALSE","THERMO","1","A",,"TRUE", , ,"TRUE",,,,,"FALSE",,,
"AUDIT_TRANSACTION","1","Audit Transaction",,"SampleManager report to display all transactions, events and data items.","AUDIT_TRANSACTION","TRUE","FALSE","TRUE",,"FALSE","FALSE","THERMO","1","A",,"TRUE", , ,"TRUE",,,,,"FALSE",,,
"BATCH_ENTRIES","1","Batch Entries",,"PETRL Barcode report of batch text Ids","BATCH_HEADER","TRUE","FALSE","TRUE",,"FALSE","FALSE",,"0","A",,"TRUE", , ,"FALSE",,,,,"FALSE",,,
"BATCH_HEADER","1","Batch Header",,"SampleManager report to display a batch and its details.","BATCH_HEADER","TRUE","FALSE","TRUE",,"FALSE","FALSE","THERMO","1","A",,"TRUE", , ,"TRUE",,,,,"FALSE",,,
"CERT_DEFAULT","1","Certificate",,"Default Certificate Template","CERT","TRUE","FALSE","FALSE",,"FALSE","FALSE","CERT_MASTER","1","A",,"TRUE", , ,"FALSE",,,,,"FALSE",,,
"CERT_MASTER","1","Certificate Master Template",,"Master Template for Certificates",,"TRUE","FALSE","TRUE",,"TRUE","TRUE",,"0","A",,"TRUE", , ,"FALSE",,,,,"FALSE",,,
"DEBPRACTICE_F9","1","Debpractice F9",,"Form 9 - Race Set information - No Detail reports - see PV_FORM9_DETAIL for example with detail","JOB_HEADER","TRUE","FALSE","FALSE",,"FALSE","FALSE",,"0","A",,"TRUE", , ,"FALSE",,,,,"FALSE",,,
"DST_FORM9_TEST","1","DST Form9 Test",,"Form 9 - Race Set information - No Detail reports - see PV_FORM9_DETAIL for example with detail","JOB_HEADER","TRUE","FALSE","FALSE",,"FALSE","FALSE",,"0","A",,"TRUE", , ,"FALSE",,,,,"FALSE",,,
"DST_NEGREPORTCOPY","1","DST Negreportcopy",,"REPORT HAS NEGATIVE SAMPLES IN IT. Petrl samples with Completed tests / negative results","JOB_HEADER","TRUE","FALSE","FALSE",,"FALSE","FALSE","PV_REPORT_MASTER","1","A",,"TRUE", , ,"FALSE",,,,,"FALSE",,,
"FIXBDNEG","1","Fixbdneg",,"Bureau Director - PETRL samples with Completed tests / negative results","JOB_HEADER","TRUE","FALSE","FALSE",,"FALSE","FALSE","PV_REPORT_MASTER","1","A",,"TRUE", , ,"FALSE",,,,,"FALSE",,,
"LAB_EXECUTION","1","Lab Execution",,"This report contains details of one or more Lab Execution records. This report summarises the execution of standard operating procedure for certification and verification","LAB_EXECUTION","FALSE","FALSE","TRUE",,"TRUE","FALSE","THERMO","1","A",,"TRUE", , ,"TRUE",,,,,"FALSE",,,
"LAB_EXECUTION_AUDIT","1","Lab Execution Audit",,"This report contains details of one or more Lab Execution records. This report summarises the execution of standard operating procedure and details related data/incidents/audits for certification and verification","LAB_EXECUTION","FALSE","FALSE","TRUE",,"TRUE","FALSE","THERMO","1","A",,"TRUE", , ,"TRUE",,,,,"FALSE",,,
"LAB_FINDING_ANIMAL","1","Lab Finding Animal",,"Lab Finding Report for Animal","SAMPLE","TRUE","FALSE","TRUE","TJH_SAMPLE_REPORT","FALSE","FALSE",,"0","A",,"TRUE", , ,"FALSE","'C:\IM\SavedReports\'+ GetYear( [LoginDate] ) +'\'+FormatDate( [LoginDate],'MMMM' )","Trim([PCommissionNo])","'Sample: '+ [IdText] +' Finding Report'","[IdNumeric]","FALSE","SETHH","TEST",
"LAB_METHOD","1","Lab Method",,"This report contains details of one or more Lab Method records. This report defines the standard operating procedure for the certification and verification","LAB_METHOD","FALSE","FALSE","TRUE",,"TRUE","FALSE","THERMO","1","A",,"TRUE", , ,"TRUE",,,,,"FALSE",,,
"LOT_DETAILS","1","Lot Details",,"This report outlines the properties, associated lots and inventory modifications for the following lot record.","LOT_DETAILS","FALSE","FALSE","TRUE",,"FALSE","FALSE","THERMO","1","A",,"TRUE", , ,"TRUE",,,,,"FALSE",,,
"LOW_USAGE_MENU","1","Low Usage Menu Items",,"A listing of all menu items which have a low usage count (within the scope of the stored activity log)","MASTER_MENU","TRUE","FALSE","FALSE","MASTER_MENU_FORMS","TRUE","FALSE","THERMO","1","A",,"TRUE", , ,"TRUE",,,,,"FALSE",,,
"MLP_LIMIT","1","Mlp Limit",,"This report outlines the limits as defined within the selected MLP record grouped by analysis, test and level, reflecting all pending modifications.","MLP_HEADER","TRUE","FALSE","TRUE",,"TRUE","FALSE","THERMO_LANDSCAPE","1","A",,"TRUE", , ,"FALSE",,,,,"FALSE",,,
"MONTHLY_STATUS","1","Monthly Status",,"PETRL status","COMPLETED_MONTH_TESTS","TRUE","FALSE","TRUE",,"TRUE","FALSE",,"0","A",,"TRUE", , ,"FALSE",,,,,"FALSE",,,
"PS_WS15_DETAIL","1","Ps WS15 Detail",,"PETRL Worksheet 15 with Detail reports","JOB_HEADER","TRUE","FALSE","FALSE",,"FALSE","FALSE",,"0","A",,"TRUE", , ,"FALSE",,,,,"FALSE",,,
"PS_WS15_TESTS","1","Ps Ws15 Tests",,"PETRL Worksheet 15 with Summary of Tests Run","JOB_HEADER","TRUE","FALSE","FALSE",,"FALSE","FALSE",,"0","A",,"TRUE", , ,"FALSE",,,,,"FALSE",,,
"PV_BATCH_PROPERTIES","1","Pv Batch Properties",,,"BATCH_HEADER","TRUE","FALSE","TRUE",,"FALSE","FALSE",,"0","A",,"TRUE", , ,"FALSE",,,,,"FALSE",,,
"PV_BD_NEGATIVE_REPORT","1","BD PETRL Negative Report",,"Bureau Director - PETRL samples with Completed tests / negative results","JOB_HEADER","TRUE","FALSE","FALSE",,"FALSE","FALSE","PV_REPORT_MASTER","1","A",,"TRUE", , ,"FALSE","'C:\IM\SavedReports\'+ GetYear(  [DateCreated]  ) +'\'+FormatDate( [DateCreated] ,'MMMM' )","[JobName]","'Job Report for Bureau ' + [JobName]","'Please examine the Job report for Job: '+  [JobName] + ' Status: ' + [JobStatus.PhraseText] + '.  Accession Number:  '+  [PAccessionNumber]  + '  ' + [PAccessionType.PhraseText]","FALSE",,"TEST","Csv"
"PV_CERT_MASTER","1","Pv Cert Master",,"Master Template for Certificates",,"TRUE","FALSE","TRUE",,"TRUE","TRUE",,"0","A",,"TRUE", , ,"FALSE",,,,,"FALSE",,,
"PV_CERTIFICATE","1","PV Certificate",,"Penn Vet Certificate","CERT","TRUE","FALSE","FALSE",,"FALSE","FALSE","PV_CERT_MASTER","1","A",,"TRUE", , ,"FALSE",,,,,"FALSE",,,
"PV_COC","1","PV Coc","LAB","PennVet COC","JOB_HEADER","TRUE","FALSE","FALSE",,"FALSE","FALSE",,"0","A",,"TRUE", , ,"FALSE",,,,,"FALSE",,,
"PV_CONT_SHIPMENT","1","Petrl Container Shipment Delivery Certificate",,"Shipment report of containers delivered to lab","P_SHIPMENT","TRUE","FALSE","FALSE",,"FALSE","FALSE",,"0","A",,"TRUE", , ,"FALSE",,,,,"FALSE",,,
"PV_D_BARN","1","Pv D Barn Report",,,"P_RACE","TRUE","FALSE","FALSE",,"FALSE","FALSE",,"0","A",,"TRUE", , ,"FALSE",,,,,"FALSE",,,
"PV_DET_BARN","1","PV Detention Barn Report",,"All specimens for race day with microchip added, count just blood specimens ( ie one horse)  for header count","P_RACE","TRUE","FALSE","TRUE",,"FALSE","FALSE",,"0","A",,"TRUE", , ,"FALSE",,,,,"FALSE",,,
"PV_DET_BARNMC","1","Pv Detention Barn Report w/microchip",,"All specimens for race day with microchip added, count just blood specimens ( ie one horse)  for header count","P_RACE","TRUE","FALSE","FALSE",,"FALSE","FALSE",,"0","A",,"TRUE", , ,"FALSE",,,,,"FALSE",,,
"PV_FORM9","1","Form9","RECEIPT","Form 9 - Race Set information - No Detail reports - see PV_FORM9_DETAIL for example with detail","JOB_HEADER","TRUE","FALSE","TRUE",,"FALSE","FALSE",,"0","A",,"TRUE", , ,"FALSE",,,,,"FALSE",,,
"PV_FORM9_DETAIL","1","Form9 Detail",,"Form 9 - Race Set information with Detail reports","JOB_HEADER","TRUE","FALSE","FALSE",,"FALSE","FALSE",,"0","A",,"TRUE", , ,"FALSE",,,,,"FALSE",,,
"PV_JOB_TOTALS","1","Pv Job Totals",,"PETRL Job Totals Pivot Grid","JOB_HEADER","TRUE","FALSE","TRUE","AUTHORIZED","TRUE","FALSE",,"0","A",,"TRUE", , ,"FALSE",,,,,"FALSE",,,
"PV_JOBSPECIMENS","1","Pv Job Specimens",,"Bar code test labels","JOB_HEADER","TRUE","FALSE","FALSE",,"FALSE","FALSE",,"0","A",,"TRUE", , ,"FALSE",,,,,"FALSE",,,
"PV_LAB_RECEIPT","1","Lab Receipt",,"PETRL Lab Receipt - container condition - not in use , removed from reporting menu.  Use PV_LAB_RECEIPT_CONT  on P_CONTAINER_SHIPMENT entity.  could remove this report","JOB_HEADER","TRUE","FALSE","FALSE",,"FALSE","FALSE",,"0","A",,"TRUE", , ,"FALSE",,,,,"FALSE",,,
"PV_LAB_RECEIPT_CONT","1","Pv Lab Receipt Cont","RECEIPT","PETRL Lab receipt for Report for containers - on  P_CONTAINER_SHIPMENT Entity so all shipmens for day can be on one report","P_CONTAINER_SHIPMENT","TRUE","FALSE","TRUE","EXPLORE_PETRL_9_13","FALSE","FALSE",,"0","A",,"TRUE", , ,"FALSE",,,,,"FALSE",,,
"PV_MED_PACKET_REPORT","1","Pv Med Packet Report",,"test for report using attachment.  testing showed the RD  expands the size of the pdf by 20-30X , and RD fails with memory error . SCR  126922 Status: New Report Designer. System.OutOfMemoryException when preview or workflow","JOB_HEADER","TRUE","TRUE","TRUE",,"TRUE","FALSE",,"0","A",,"TRUE", , ,"FALSE",,,,,"FALSE",,,
"PV_NEGATIVE_INDIVIDUAL_REPORT","1","PV Negative Individual Report",,"PETRL Individual Sample Negative Report with Investigation Complete Status and Completed tests / negative results","JOB_HEADER","TRUE","FALSE","FALSE",,"FALSE","FALSE","PV_REPORT_MASTER","1","A",,"TRUE", , ,"FALSE",,,,,"FALSE",,,
"PV_NEGATIVE_REPORT","1","PETRL Negative Report",,"TRACK - PETRL samples with Completed tests / negative results","JOB_HEADER","TRUE","FALSE","FALSE",,"FALSE","FALSE","PV_REPORT_MASTER","1","A",,"TRUE", , ,"FALSE",,,,,"FALSE",,,
"PV_RACE_SUMMARY","1","Pv Race Summary",,"Race Summary","P_RACE","TRUE","FALSE","FALSE",,"FALSE","FALSE",,"0","A",,"TRUE", , ,"FALSE",,,,,"FALSE",,,
"PV_REPORT_MASTER","1","PV Report Master",,"Master Report Template",,"TRUE","FALSE","TRUE",,"TRUE","TRUE",,"0","A",,"TRUE", , ,"FALSE",,,,,"FALSE",,,
"PV_SAMPLE_PIVOTGRID","1","Pv Sample Totals",,,"SAMPLE","TRUE","FALSE","TRUE","ALL_SAMPLES","TRUE","FALSE",,"0","A",,"TRUE", , ,"FALSE",,,,,"FALSE",,,
"PV_SAMPLE_TEST_TOTALS","1","PV Sample and Test Totals",,"PETRL Sample and Test Totals","SAMP_JOB_TEST_RESULT","TRUE","FALSE","TRUE","SAMP_JOB_TEST_RESULT_ALL","FALSE","FALSE",,"0","A",,"TRUE", , ,"FALSE",,,,,"FALSE",,,
"PV_SPEC_CONTAINER_SHIP","1","Specimen Container Shipment Certificate",,"PETRL Specimen Container Certificate","P_CONTAINER_SHIPMENT","TRUE","FALSE","TRUE",,"FALSE","FALSE",,"0","A",,"TRUE", , ,"FALSE",,,,,"FALSE",,,
"PV_SPECIAL_SPECIMEN_R","1","PV Special Specimen Submission Report",,"Special Specimen Submission Report - Race track
for Confiscations","P_RACE_CARD","TRUE","FALSE","TRUE","P_RACE_CARD","FALSE","FALSE",,"0","A",,"TRUE", , ,"FALSE",,,,,"FALSE",,,
"PV_SPECIMEN_RECEIPT","1","PV Specimen Witness Receipt",,"Specimen Witness Receipt - Samples from Race Track","P_RACE_CARD","TRUE","FALSE","TRUE","P_RACE_CARD","FALSE","FALSE",,"0","A",,"TRUE", , ,"FALSE",,,,,"FALSE",,,
"PV_STI_REPORT","1","Pv Sti Report",,"Short Term Investigation","JOB_HEADER","TRUE","FALSE","FALSE",,"FALSE","FALSE","PV_REPORT_MASTER","1","A",,"TRUE", , ,"FALSE",,,,,"FALSE",,,
"PV_TEST_TOTALS","1","PV Test Totals",,"PV Test Totals","TEST","TRUE","FALSE","TRUE","AUTHORIZED","TRUE","FALSE",,"0","A",,"TRUE", , ,"FALSE",,,,,"FALSE",,,
"PV_WS15","1","PETRL WS #15","RECEIPT","PETRL Worksheet 15 - No Detail Reports
See PV_WS15_DETAILS for Detail report example","JOB_HEADER","TRUE","FALSE","TRUE",,"FALSE","FALSE",,"0","A",,"TRUE", , ,"FALSE",,,,,"FALSE",,,
"RETAIN_SAMPLE","1","Retain Sample Report",,"This report outlines the properties, retain information, testing and related sub samples for the following retain sample.","SAMPLE","TRUE","FALSE","FALSE","RETAIN","FALSE","FALSE","THERMO","1","A",,"TRUE", , ,"TRUE",,,,,"FALSE",,,
"RETAIN_SAMPLES","1","Retain Samples",,"This report lists the retain samples within the active database. The samples are reported by Location and may be restricted by the criteria detailed below.","SAMPLE","TRUE","FALSE","FALSE","RETAIN","TRUE","FALSE","THERMO","1","A",,"TRUE", , ,"TRUE",,,,,"FALSE",,,
"TAT_STATUS","1","Tat Status",,"Status","COMPLETED_MONTH_TESTS","TRUE","FALSE","TRUE",,"TRUE","FALSE",,"0","A",,"TRUE", , ,"FALSE",,,,,"FALSE",,,
"THERMO","1","Thermo Master Template",,"Thermo Master Template Information",,"FALSE","FALSE","FALSE",,"FALSE","TRUE",,"0","A",,"TRUE", , ,"FALSE",,,,,"FALSE",,,
"THERMO_LANDSCAPE","1","Thermo Master Template (Landscape)",,"Thermo Master Template Information (Landscape)",,"FALSE","FALSE","FALSE",,"FALSE","TRUE",,"0","A",,"TRUE", , ,"FALSE",,,,,"FALSE",,,
"TJH_SAMP","1","TJH Sample Report",,,"SAMPLE","TRUE","FALSE","TRUE","TJH_SAMPLE_REPORT","TRUE","FALSE",,"0","A",,"TRUE", , ,"FALSE",,,,,"FALSE",,,
