﻿ROLE_HEADER
IDENTITY,GROUP_ID,DESCRIPTION,MODIFIABLE,REMOVEFLAG,NAME
20,10,234,1,1,100
                      31
"DM_ADMINISTRATOR",,"DataManager Administrator: ReConvert and Delete Data Packages","TRUE","FALSE","DataManager Administrator"
"DYNAMIC_AUTHORISER",,"Dynamic Data Authorisation: Sample authorise, Result Authorise, ...","TRUE","FALSE","Dynamic Authoriser"
"DYNAMIC_DISPLAYER",,"Dynamic Data Display: Sample Display, Sample Reporting, Job Display, ...","TRUE","FALSE","Dynamic Displayer"
"DYNAMIC_MAINTAINER",,"Dynamic Data Maintainance: Sample Login, Modify, Job Login, ... add 35115 , 35051","TRUE","FALSE","Dynamic Maintainer"
"FORM_DEVELOPER",,"SampleManager Form Development: Access to form designer functionality","TRUE","FALSE","Form Developer"
"INSPECT_PEER",,"Used for inspecton plan","TRUE","FALSE","Inspect Peer"
"INSPECT_SUPERVISOR",,"Used in inspection plan","TRUE","FALSE","Inspect Supervisor"
"INSTRUMENT_OVERRIDE",,"User can override instrument checks","TRUE","FALSE","Instrument Override"
"LABORATORY_MANAGER",,"Laboratory Management functionality","TRUE","FALSE","Laboratory Manager"
"PETRL_DYNAMIC_AUTH",,"Dynamic Data Authorisation: Sample authorise, Result Authorise, ...","TRUE","FALSE","Petrl Dynamic Authoriser"
"PETRL_DYNAMIC_DISP",,"Dynamic Data Display: Sample Display, Sample Reporting, Job Display, ...","TRUE","FALSE","Petrl Dynamic Displayer"
"PETRL_DYNAMIC_MAIN",,"Dynamic Data Maintainance: Sample Login, Modify, Job Login, ... add 35115 , 35051","TRUE","FALSE","Petrl Dynamic Maintainer"
"QA_MANAGER",,"Quality Assurance Management: Modify access to system security settings - Auditing, Esig Setup.","TRUE","FALSE","Qa Manager"
"QA_USER",,"Quality Assurance User: Display access to security settings and output - Audit Explorer, Esig Signature Logs","TRUE","FALSE","Qa User"
"QUICK_LAUNCHER",,"Quick Launcher: User is able to use quick launcher searching functionality","TRUE","FALSE","Quick Launcher"
"RACETRACK_DYN_DISP",,"Singel Race Track user roles","TRUE","FALSE","Racetrack Dynamic Displayer"
"RACETRACK_DYN_DISPSI",,"Speical Investigator  Race Track user roles - all race tracks","TRUE","FALSE","Racetrack Dynamic Displayer SI"
"RACETRACK_DYN_MAIN",,"Dynamic Data Maintainance: Sample Login, Modify, Job Login, ... add 35115 , 35051","TRUE","FALSE","Racetrack Dynamic Maintainer"
"RACETRACK_DYN_TEST",,"Dynamic Data Maintainance: Sample Login, Modify, Job Login, ... add 35115 , 35051","TRUE","FALSE","Racetrack Dyn Test"
"SCHEMA_ADMINISTRATOR",,"Database Schema Administration: User can create, design and commit schemas","TRUE","FALSE","Schema Administrator"
"SECURITY_OVERRIDE",,"Override group checking,","TRUE","FALSE","Security Override"
"STATIC_AUTHORISER",,"Static Data Authorisation: Labtable authorise","TRUE","FALSE","Static Authoriser"
"STATIC_DISPLAYER",,"Static Data Display: Labtable display, list, print","TRUE","FALSE","Static Displayer"
"STATIC_MAINTAINER",,"Static Data Maintainance: Labtable add, copy, modify, remove, restore","TRUE","FALSE","Static Maintainer"
"SYSTEM_ADMINISTRATOR",,"System Administration: Functionality required to maintain system on a daily basis","TRUE","FALSE","System Administrator"
"SYSTEM_MANAGER",,"System Manager Tasks. Functionality that may have system wide implications","TRUE","FALSE","System Manager"
"TRAINING_OVERRIDE",,"User can override training checks","TRUE","FALSE","Training Override"
"TRANSLATOR",,"Translator: Functionality required to access the translation tool for localizing data","TRUE","FALSE","Translator"
"USER",,"System User: Functionality that only affects current user","TRUE","FALSE","User"
"VGL_DEVELOPER",,"VGL Report Development: Access to report creation, execution, debugging functionality","TRUE","FALSE","Vgl Developer"
"WEB_USER",,"Web User: Allow user to log on through web server","TRUE","FALSE","Web User"
