﻿ROLE_ASSIGNMENT
OPERATOR_ID,ROLE_ID,GROUP_ID
10,20,10
                     642
"ADREANCE","PETRL_DYNAMIC_AUTH",
"ADREANCE","PETRL_DYNAMIC_DISP",
"ADREANCE","PETRL_DYNAMIC_MAIN",
"ADREANCE","USER",
"ALLYSONO","PETRL_DYNAMIC_AUTH",
"ALLYSONO","PETRL_DYNAMIC_DISP",
"ALLYSONO","PETRL_DYNAMIC_MAIN",
"ALLYSONO","USER",
"AMACHELLI","RACETRACK_DYN_DISP",
"AMACHELLI","RACETRACK_DYN_MAIN",
"AMACHELLI","USER",
"AMACHELLI","WEB_USER",
"AMATHOMAS","RACETRACK_DYN_DISP",
"AMATHOMAS","RACETRACK_DYN_MAIN",
"AMATHOMAS","USER",
"AMATHOMAS","WEB_USER",
"AMCCLURE","DYNAMIC_AUTHORISER",
"AMCCLURE","DYNAMIC_DISPLAYER",
"AMCCLURE","DYNAMIC_MAINTAINER",
"AMCCLURE","PETRL_DYNAMIC_AUTH",
"AMCCLURE","PETRL_DYNAMIC_DISP",
"AMCCLURE","PETRL_DYNAMIC_MAIN",
"AMCCLURE","STATIC_AUTHORISER",
"AMCCLURE","STATIC_DISPLAYER",
"AMCCLURE","STATIC_MAINTAINER",
"AMSLOAN","RACETRACK_DYN_DISP",
"AMSLOAN","RACETRACK_DYN_MAIN",
"AMSLOAN","USER",
"AMSLOAN","WEB_USER",
"APRILYQ","PETRL_DYNAMIC_AUTH",
"APRILYQ","PETRL_DYNAMIC_DISP",
"APRILYQ","PETRL_DYNAMIC_MAIN",
"APRILYQ","USER",
"ASHEIBLEY","RACETRACK_DYN_DISP",
"ASHEIBLEY","RACETRACK_DYN_MAIN",
"ASHEIBLEY","USER",
"ASHEIBLEY","WEB_USER",
"BARNEY","PETRL_DYNAMIC_DISP",
"BARNEY","PETRL_DYNAMIC_MAIN",
"BETTY","DYNAMIC_AUTHORISER",
"BETTY","DYNAMIC_DISPLAYER",
"BETTY","DYNAMIC_MAINTAINER",
"BETTY","INSPECT_SUPERVISOR",
"BETTY","QA_MANAGER",
"BETTY","QA_USER",
"BETTY","QUICK_LAUNCHER",
"BETTY","STATIC_AUTHORISER",
"BETTY","STATIC_DISPLAYER",
"BETTY","STATIC_MAINTAINER",
"BETTY","TRANSLATOR",
"BETTY","USER",
"BREYNOLDS","RACETRACK_DYN_DISP",
"BREYNOLDS","RACETRACK_DYN_MAIN",
"BREYNOLDS","USER",
"BREYNOLDS","WEB_USER",
"CHEM_AUTH","PETRL_DYNAMIC_AUTH",
"CHEM_AUTH","PETRL_DYNAMIC_DISP",
"CHEM_AUTH","PETRL_DYNAMIC_MAIN",
"CHEMIST","PETRL_DYNAMIC_AUTH",
"CHEMIST","PETRL_DYNAMIC_DISP",
"CHEMIST","PETRL_DYNAMIC_MAIN",
"CHEMIST","USER",
"CHOLDEN","RACETRACK_DYN_DISP",
"CHOLDEN","RACETRACK_DYN_MAIN",
"CHOLDEN","USER",
"CHOLDEN","WEB_USER",
"CM_LINK","DM_ADMINISTRATOR",
"CM_LINK","DYNAMIC_AUTHORISER",
"CM_LINK","DYNAMIC_DISPLAYER",
"CM_LINK","DYNAMIC_MAINTAINER",
"CM_LINK","FORM_DEVELOPER",
"CM_LINK","INSPECT_PEER",
"CM_LINK","INSPECT_SUPERVISOR",
"CM_LINK","INSTRUMENT_OVERRIDE",
"CM_LINK","LABORATORY_MANAGER",
"CM_LINK","PETRL_DYNAMIC_AUTH",
"CM_LINK","PETRL_DYNAMIC_DISP",
"CM_LINK","PETRL_DYNAMIC_MAIN",
"CM_LINK","QA_MANAGER",
"CM_LINK","QA_USER",
"CM_LINK","QUICK_LAUNCHER",
"CM_LINK","RACETRACK_DYN_DISP",
"CM_LINK","RACETRACK_DYN_DISPSI",
"CM_LINK","RACETRACK_DYN_MAIN",
"CM_LINK","SCHEMA_ADMINISTRATOR",
"CM_LINK","SECURITY_OVERRIDE",
"CM_LINK","STATIC_AUTHORISER",
"CM_LINK","STATIC_DISPLAYER",
"CM_LINK","STATIC_MAINTAINER",
"CM_LINK","SYSTEM_ADMINISTRATOR",
"CM_LINK","SYSTEM_MANAGER",
"CM_LINK","TRAINING_OVERRIDE",
"CM_LINK","TRANSLATOR",
"CM_LINK","USER",
"CM_LINK","VGL_DEVELOPER",
"CM_LINK","WEB_USER",
"DAVIMARSHA","RACETRACK_DYN_DISP",
"DAVIMARSHA","RACETRACK_DYN_MAIN",
"DAVIMARSHA","USER",
"DAVIMARSHA","WEB_USER",
"DAVPOLOWCZ","RACETRACK_DYN_DISP",
"DAVPOLOWCZ","RACETRACK_DYN_MAIN",
"DAVPOLOWCZ","USER",
"DAVPOLOWCZ","WEB_USER",
"DEFAULT","DM_ADMINISTRATOR",
"DEFAULT","DYNAMIC_AUTHORISER",
"DEFAULT","DYNAMIC_DISPLAYER",
"DEFAULT","DYNAMIC_MAINTAINER",
"DEFAULT","FORM_DEVELOPER",
"DEFAULT","INSPECT_PEER",
"DEFAULT","INSPECT_SUPERVISOR",
"DEFAULT","INSTRUMENT_OVERRIDE",
"DEFAULT","LABORATORY_MANAGER",
"DEFAULT","PETRL_DYNAMIC_AUTH",
"DEFAULT","PETRL_DYNAMIC_DISP",
"DEFAULT","PETRL_DYNAMIC_MAIN",
"DEFAULT","QA_MANAGER",
"DEFAULT","QA_USER",
"DEFAULT","QUICK_LAUNCHER",
"DEFAULT","RACETRACK_DYN_DISP",
"DEFAULT","RACETRACK_DYN_MAIN",
"DEFAULT","SCHEMA_ADMINISTRATOR",
"DEFAULT","SECURITY_OVERRIDE",
"DEFAULT","STATIC_AUTHORISER",
"DEFAULT","STATIC_DISPLAYER",
"DEFAULT","STATIC_MAINTAINER",
"DEFAULT","SYSTEM_ADMINISTRATOR",
"DEFAULT","SYSTEM_MANAGER",
"DEFAULT","TRAINING_OVERRIDE",
"DEFAULT","TRANSLATOR",
"DEFAULT","USER",
"DEFAULT","VGL_DEVELOPER",
"DEFAULT","WEB_USER",
"DPOORMAN","RACETRACK_DYN_DISP",
"DPOORMAN","RACETRACK_DYN_MAIN",
"DPOORMAN","USER",
"DPOORMAN","WEB_USER",
"DST","DM_ADMINISTRATOR",
"DST","DYNAMIC_AUTHORISER",
"DST","DYNAMIC_DISPLAYER",
"DST","DYNAMIC_MAINTAINER",
"DST","FORM_DEVELOPER",
"DST","INSPECT_PEER",
"DST","INSPECT_SUPERVISOR",
"DST","INSTRUMENT_OVERRIDE",
"DST","LABORATORY_MANAGER",
"DST","PETRL_DYNAMIC_AUTH",
"DST","PETRL_DYNAMIC_DISP",
"DST","PETRL_DYNAMIC_MAIN",
"DST","QA_MANAGER",
"DST","QA_USER",
"DST","QUICK_LAUNCHER",
"DST","RACETRACK_DYN_DISP",
"DST","RACETRACK_DYN_DISPSI",
"DST","RACETRACK_DYN_MAIN",
"DST","SCHEMA_ADMINISTRATOR",
"DST","SECURITY_OVERRIDE",
"DST","STATIC_AUTHORISER",
"DST","STATIC_DISPLAYER",
"DST","STATIC_MAINTAINER",
"DST","SYSTEM_ADMINISTRATOR",
"DST","SYSTEM_MANAGER",
"DST","TRANSLATOR",
"DST","USER",
"DST","VGL_DEVELOPER",
"DST","WEB_USER",
"DTALPAS","RACETRACK_DYN_DISP",
"DTALPAS","RACETRACK_DYN_MAIN",
"DTALPAS","USER",
"DTALPAS","WEB_USER",
"DTOLBERT","PETRL_DYNAMIC_AUTH",
"DTOLBERT","PETRL_DYNAMIC_DISP",
"DTOLBERT","PETRL_DYNAMIC_MAIN",
"DTOLBERT","USER",
"ELOPEZ","RACETRACK_DYN_DISP",
"ELOPEZ","RACETRACK_DYN_MAIN",
"ELOPEZ","USER",
"ELOPEZ","WEB_USER",
"EVANXUE","DM_ADMINISTRATOR",
"EVANXUE","DYNAMIC_AUTHORISER",
"EVANXUE","DYNAMIC_DISPLAYER",
"EVANXUE","DYNAMIC_MAINTAINER",
"EVANXUE","FORM_DEVELOPER",
"EVANXUE","INSPECT_PEER",
"EVANXUE","INSPECT_SUPERVISOR",
"EVANXUE","INSTRUMENT_OVERRIDE",
"EVANXUE","LABORATORY_MANAGER",
"EVANXUE","PETRL_DYNAMIC_AUTH",
"EVANXUE","PETRL_DYNAMIC_DISP",
"EVANXUE","PETRL_DYNAMIC_MAIN",
"EVANXUE","QA_MANAGER",
"EVANXUE","QA_USER",
"EVANXUE","QUICK_LAUNCHER",
"EVANXUE","RACETRACK_DYN_DISP",
"EVANXUE","RACETRACK_DYN_DISPSI",
"EVANXUE","RACETRACK_DYN_MAIN",
"EVANXUE","RACETRACK_DYN_TEST",
"EVANXUE","SCHEMA_ADMINISTRATOR",
"EVANXUE","SECURITY_OVERRIDE",
"EVANXUE","STATIC_AUTHORISER",
"EVANXUE","STATIC_DISPLAYER",
"EVANXUE","STATIC_MAINTAINER",
"EVANXUE","SYSTEM_ADMINISTRATOR",
"EVANXUE","SYSTEM_MANAGER",
"EVANXUE","TRAINING_OVERRIDE",
"EVANXUE","TRANSLATOR",
"EVANXUE","USER",
"EVANXUE","VGL_DEVELOPER",
"EVANXUE","WEB_USER",
"EXTESTCHEM","DM_ADMINISTRATOR",
"EXTESTCHEM","DYNAMIC_AUTHORISER",
"EXTESTCHEM","DYNAMIC_DISPLAYER",
"EXTESTCHEM","DYNAMIC_MAINTAINER",
"EXTESTCHEM","FORM_DEVELOPER",
"EXTESTCHEM","INSPECT_PEER",
"EXTESTCHEM","INSPECT_SUPERVISOR",
"EXTESTCHEM","INSTRUMENT_OVERRIDE",
"EXTESTCHEM","LABORATORY_MANAGER",
"EXTESTCHEM","PETRL_DYNAMIC_AUTH",
"EXTESTCHEM","PETRL_DYNAMIC_DISP",
"EXTESTCHEM","PETRL_DYNAMIC_MAIN",
"EXTESTCHEM","QA_MANAGER",
"EXTESTCHEM","QA_USER",
"EXTESTCHEM","QUICK_LAUNCHER",
"EXTESTCHEM","RACETRACK_DYN_DISP",
"EXTESTCHEM","RACETRACK_DYN_MAIN",
"EXTESTCHEM","SCHEMA_ADMINISTRATOR",
"EXTESTCHEM","SECURITY_OVERRIDE",
"EXTESTCHEM","STATIC_AUTHORISER",
"EXTESTCHEM","STATIC_DISPLAYER",
"EXTESTCHEM","STATIC_MAINTAINER",
"EXTESTCHEM","SYSTEM_ADMINISTRATOR",
"EXTESTCHEM","SYSTEM_MANAGER",
"EXTESTCHEM","TRAINING_OVERRIDE",
"EXTESTCHEM","TRANSLATOR",
"EXTESTCHEM","USER",
"EXTESTCHEM","VGL_DEVELOPER",
"EXTESTCHEM","WEB_USER",
"EXTESTRACE","RACETRACK_DYN_DISP",
"EXTESTRACE","RACETRACK_DYN_MAIN",
"EXTESTRACE","USER",
"EXTESTRACE","WEB_USER",
"FHAO","PETRL_DYNAMIC_AUTH",
"FHAO","PETRL_DYNAMIC_DISP",
"FHAO","PETRL_DYNAMIC_MAIN",
"FHAO","USER",
"FRED","PETRL_DYNAMIC_DISP",
"FRED","PETRL_DYNAMIC_MAIN",
"FUYU","PETRL_DYNAMIC_AUTH",
"FUYU","PETRL_DYNAMIC_DISP",
"FUYU","PETRL_DYNAMIC_MAIN",
"FUYU","USER",
"GARYW","DM_ADMINISTRATOR",
"GARYW","DYNAMIC_AUTHORISER",
"GARYW","DYNAMIC_DISPLAYER",
"GARYW","DYNAMIC_MAINTAINER",
"GARYW","FORM_DEVELOPER",
"GARYW","INSPECT_PEER",
"GARYW","INSPECT_SUPERVISOR",
"GARYW","INSTRUMENT_OVERRIDE",
"GARYW","LABORATORY_MANAGER",
"GARYW","PETRL_DYNAMIC_AUTH",
"GARYW","PETRL_DYNAMIC_DISP",
"GARYW","PETRL_DYNAMIC_MAIN",
"GARYW","QA_MANAGER",
"GARYW","QA_USER",
"GARYW","QUICK_LAUNCHER",
"GARYW","SCHEMA_ADMINISTRATOR",
"GARYW","SECURITY_OVERRIDE",
"GARYW","STATIC_AUTHORISER",
"GARYW","STATIC_DISPLAYER",
"GARYW","STATIC_MAINTAINER",
"GARYW","SYSTEM_ADMINISTRATOR",
"GARYW","SYSTEM_MANAGER",
"GARYW","TRAINING_OVERRIDE",
"GARYW","TRANSLATOR",
"GARYW","USER",
"GARYW","VGL_DEVELOPER",
"GARYW","WEB_USER",
"GPEHLERT","DM_ADMINISTRATOR",
"GPEHLERT","DYNAMIC_AUTHORISER",
"GPEHLERT","DYNAMIC_DISPLAYER",
"GPEHLERT","DYNAMIC_MAINTAINER",
"GPEHLERT","FORM_DEVELOPER",
"GPEHLERT","INSPECT_PEER",
"GPEHLERT","INSPECT_SUPERVISOR",
"GPEHLERT","INSTRUMENT_OVERRIDE",
"GPEHLERT","LABORATORY_MANAGER",
"GPEHLERT","PETRL_DYNAMIC_AUTH",
"GPEHLERT","PETRL_DYNAMIC_DISP",
"GPEHLERT","PETRL_DYNAMIC_MAIN",
"GPEHLERT","QA_MANAGER",
"GPEHLERT","QA_USER",
"GPEHLERT","QUICK_LAUNCHER",
"GPEHLERT","RACETRACK_DYN_DISP",
"GPEHLERT","RACETRACK_DYN_DISPSI",
"GPEHLERT","RACETRACK_DYN_MAIN",
"GPEHLERT","SCHEMA_ADMINISTRATOR",
"GPEHLERT","SECURITY_OVERRIDE",
"GPEHLERT","STATIC_AUTHORISER",
"GPEHLERT","STATIC_DISPLAYER",
"GPEHLERT","STATIC_MAINTAINER",
"GPEHLERT","SYSTEM_ADMINISTRATOR",
"GPEHLERT","SYSTEM_MANAGER",
"GPEHLERT","USER",
"GPEHLERT","WEB_USER",
"HODYT","DM_ADMINISTRATOR",
"HODYT","DYNAMIC_AUTHORISER",
"HODYT","DYNAMIC_DISPLAYER",
"HODYT","DYNAMIC_MAINTAINER",
"HODYT","FORM_DEVELOPER",
"HODYT","INSTRUMENT_OVERRIDE",
"HODYT","LABORATORY_MANAGER",
"HODYT","QA_MANAGER",
"HODYT","QA_USER",
"HODYT","QUICK_LAUNCHER",
"HODYT","SCHEMA_ADMINISTRATOR",
"HODYT","SECURITY_OVERRIDE",
"HODYT","STATIC_AUTHORISER",
"HODYT","STATIC_DISPLAYER",
"HODYT","STATIC_MAINTAINER",
"HODYT","SYSTEM_ADMINISTRATOR",
"HODYT","SYSTEM_MANAGER",
"HODYT","TRAINING_OVERRIDE",
"HODYT","TRANSLATOR",
"HODYT","USER",
"HODYT","VGL_DEVELOPER",
"HODYT","WEB_USER",
"HPRACEADM","RACETRACK_DYN_DISP",
"HPRACEADM","RACETRACK_DYN_MAIN",
"HPRACEADM","USER",
"HPRACEADM","WEB_USER",
"IM_USER","DM_ADMINISTRATOR",
"IM_USER","DYNAMIC_AUTHORISER",
"IM_USER","DYNAMIC_DISPLAYER",
"IM_USER","DYNAMIC_MAINTAINER",
"IM_USER","FORM_DEVELOPER",
"IM_USER","INSPECT_PEER",
"IM_USER","INSPECT_SUPERVISOR",
"IM_USER","INSTRUMENT_OVERRIDE",
"IM_USER","LABORATORY_MANAGER",
"IM_USER","QA_MANAGER",
"IM_USER","QA_USER",
"IM_USER","QUICK_LAUNCHER",
"IM_USER","SCHEMA_ADMINISTRATOR",
"IM_USER","SECURITY_OVERRIDE",
"IM_USER","TRAINING_OVERRIDE",
"IM_USER","TRANSLATOR",
"IM_USER","USER",
"IM_USER","VGL_DEVELOPER",
"IM_USER","WEB_USER",
"INAVARRETO","RACETRACK_DYN_DISP",
"INAVARRETO","RACETRACK_DYN_MAIN",
"INAVARRETO","USER",
"INAVARRETO","WEB_USER",
"JACLYNRM","PETRL_DYNAMIC_AUTH",
"JACLYNRM","PETRL_DYNAMIC_DISP",
"JACLYNRM","PETRL_DYNAMIC_MAIN",
"JACLYNRM","USER",
"JAGALOOS","DYNAMIC_AUTHORISER",
"JAGALOOS","DYNAMIC_DISPLAYER",
"JAGALOOS","DYNAMIC_MAINTAINER",
"JAGALOOS","FORM_DEVELOPER",
"JAGALOOS","LABORATORY_MANAGER",
"JAGALOOS","PETRL_DYNAMIC_AUTH",
"JAGALOOS","PETRL_DYNAMIC_DISP",
"JAGALOOS","PETRL_DYNAMIC_MAIN",
"JAGALOOS","QA_MANAGER",
"JAGALOOS","QA_USER",
"JAGALOOS","QUICK_LAUNCHER",
"JAGALOOS","SCHEMA_ADMINISTRATOR",
"JAGALOOS","STATIC_AUTHORISER",
"JAGALOOS","STATIC_DISPLAYER",
"JAGALOOS","STATIC_MAINTAINER",
"JAGALOOS","TRANSLATOR",
"JAGALOOS","USER",
"JAGALOOS","VGL_DEVELOPER",
"JAGALOOS","WEB_USER",
"JANEYSMITH","RACETRACK_DYN_DISP",
"JANEYSMITH","RACETRACK_DYN_MAIN",
"JANEYSMITH","USER",
"JANEYSMITH","WEB_USER",
"JESSEV","PETRL_DYNAMIC_AUTH",
"JESSEV","PETRL_DYNAMIC_DISP",
"JESSEV","PETRL_DYNAMIC_MAIN",
"JESSEV","USER",
"JFLORES","RACETRACK_DYN_DISP",
"JFLORES","RACETRACK_DYN_MAIN",
"JFLORES","USER",
"JFLORES","WEB_USER",
"JKEENAN","PETRL_DYNAMIC_AUTH",
"JKEENAN","PETRL_DYNAMIC_DISP",
"JKEENAN","PETRL_DYNAMIC_MAIN",
"JKEENAN","USER",
"JKLEPPINGE","RACETRACK_DYN_DISP",
"JLEES","RACETRACK_DYN_DISP",
"JLEES","RACETRACK_DYN_MAIN",
"JLEES","USER",
"JLEES","WEB_USER",
"JMEAD","RACETRACK_DYN_DISP",
"JMEAD","RACETRACK_DYN_MAIN",
"JMEAD","USER",
"JMEAD","WEB_USER",
"KATHLEEN","PETRL_DYNAMIC_AUTH",
"KATHLEEN","PETRL_DYNAMIC_DISP",
"KATHLEEN","PETRL_DYNAMIC_MAIN",
"KATHLEEN","QUICK_LAUNCHER",
"KATHLEEN","STATIC_AUTHORISER",
"KATHLEEN","STATIC_DISPLAYER",
"KATHLEEN","USER",
"KATHLEEN","WEB_USER",
"KRIZZO","PETRL_DYNAMIC_AUTH",
"KRIZZO","PETRL_DYNAMIC_DISP",
"KRIZZO","PETRL_DYNAMIC_MAIN",
"KRIZZO","USER",
"KSTALKER","PETRL_DYNAMIC_AUTH",
"KSTALKER","PETRL_DYNAMIC_DISP",
"KSTALKER","PETRL_DYNAMIC_MAIN",
"KSTALKER","USER",
"LAURENWILL","RACETRACK_DYN_DISP",
"LAURENWILL","RACETRACK_DYN_MAIN",
"LAURENWILL","USER",
"LAURENWILL","WEB_USER",
"LEIFMCG","PETRL_DYNAMIC_AUTH",
"LEIFMCG","PETRL_DYNAMIC_DISP",
"LEIFMCG","PETRL_DYNAMIC_MAIN",
"LEIFMCG","USER",
"LKARCHNER","RACETRACK_DYN_DISP",
"LKARCHNER","RACETRACK_DYN_MAIN",
"LKARCHNER","USER",
"LKARCHNER","WEB_USER",
"LPITTMAN","PETRL_DYNAMIC_AUTH",
"LPITTMAN","PETRL_DYNAMIC_DISP",
"LPITTMAN","PETRL_DYNAMIC_MAIN",
"LPITTMAN","USER",
"LSCOTT","RACETRACK_DYN_DISP",
"LSCOTT","RACETRACK_DYN_MAIN",
"LSCOTT","USER",
"LSCOTT","WEB_USER",
"LSHREVE","RACETRACK_DYN_DISP",
"LSHREVE","RACETRACK_DYN_MAIN",
"LSHREVE","USER",
"LSHREVE","WEB_USER",
"MANAGER","PETRL_DYNAMIC_AUTH",
"MANAGER","PETRL_DYNAMIC_DISP",
"MANAGER","PETRL_DYNAMIC_MAIN",
"MANAGER","QUICK_LAUNCHER",
"MANAGER","USER",
"MANAGER","WEB_USER",
"MPRACEADM","RACETRACK_DYN_DISP",
"MPRACEADM","RACETRACK_DYN_MAIN",
"MPRACEADM","USER",
"MPRACEADM","WEB_USER",
"MPRACEADM2","RACETRACK_DYN_DISP",
"MPRACEADM2","RACETRACK_DYN_MAIN",
"MPRACEADM2","USER",
"MPRACEADM2","WEB_USER",
"NKHUMPAN","PETRL_DYNAMIC_AUTH",
"NKHUMPAN","PETRL_DYNAMIC_DISP",
"NKHUMPAN","PETRL_DYNAMIC_MAIN",
"NKHUMPAN","USER",
"PDRACEADM","RACETRACK_DYN_DISP",
"PDRACEADM","RACETRACK_DYN_MAIN",
"PDRACEADM","USER",
"PDRACEADM","WEB_USER",
"PIRACEADM","RACETRACK_DYN_DISP",
"PIRACEADM","RACETRACK_DYN_MAIN",
"PIRACEADM","USER",
"PIRACEADM","WEB_USER",
"PNDSTTEST","RACETRACK_DYN_DISP",
"PNDSTTEST","RACETRACK_DYN_MAIN",
"PNDSTTEST","WEB_USER",
"PNRACEADM","RACETRACK_DYN_DISP",
"PNRACEADM","RACETRACK_DYN_MAIN",
"PNRACEADM","USER",
"PNRACEADM","WEB_USER",
"PNRACEADM2","RACETRACK_DYN_DISP",
"PNRACEADM2","RACETRACK_DYN_MAIN",
"PNRACEADM2","WEB_USER",
"PROCTORR","PETRL_DYNAMIC_AUTH",
"PROCTORR","PETRL_DYNAMIC_DISP",
"PROCTORR","PETRL_DYNAMIC_MAIN",
"PROCTORR","USER",
"PXRACEADM","RACETRACK_DYN_DISP",
"PXRACEADM","RACETRACK_DYN_MAIN",
"PXRACEADM","USER",
"PXRACEADM","WEB_USER",
"PXRACEADM2","RACETRACK_DYN_DISP",
"PXRACEADM2","RACETRACK_DYN_MAIN",
"PXRACEADM2","USER",
"PXRACEADM2","WEB_USER",
"PXRACEADSI","RACETRACK_DYN_DISPSI",
"PXRACEADSI","USER",
"PXRACEADSI","WEB_USER",
"RACETRACK","RACETRACK_DYN_DISP",
"RACETRACK","RACETRACK_DYN_DISPSI",
"RACETRACK","USER",
"RACETRACK","WEB_USER",
"RCARAZAS","RACETRACK_DYN_DISP",
"RCARAZAS","RACETRACK_DYN_MAIN",
"RCARAZAS","USER",
"RCARAZAS","WEB_USER",
"RCOWDEN","RACETRACK_DYN_DISP",
"RCOWDEN","RACETRACK_DYN_MAIN",
"RCOWDEN","USER",
"RCOWDEN","WEB_USER",
"RECEIPT","PETRL_DYNAMIC_DISP",
"RECEIPT","PETRL_DYNAMIC_MAIN",
"RECEIVER","DYNAMIC_AUTHORISER",
"RECEIVER","DYNAMIC_DISPLAYER",
"RECEIVER","DYNAMIC_MAINTAINER",
"RECEIVER","FORM_DEVELOPER",
"RECEIVER","LABORATORY_MANAGER",
"RECEIVER","PETRL_DYNAMIC_AUTH",
"RECEIVER","PETRL_DYNAMIC_DISP",
"RECEIVER","PETRL_DYNAMIC_MAIN",
"RECEIVER","SCHEMA_ADMINISTRATOR",
"RECEIVER","STATIC_AUTHORISER",
"RECEIVER","STATIC_DISPLAYER",
"RECEIVER","STATIC_MAINTAINER",
"RKEELER","RACETRACK_DYN_DISP",
"RKEELER","RACETRACK_DYN_MAIN",
"RKEELER","USER",
"RKEELER","WEB_USER",
"ROOT-BS","DM_ADMINISTRATOR",
"ROOT-BS","DYNAMIC_AUTHORISER",
"ROOT-BS","DYNAMIC_DISPLAYER",
"ROOT-BS","DYNAMIC_MAINTAINER",
"ROOT-BS","FORM_DEVELOPER",
"ROOT-BS","LABORATORY_MANAGER",
"ROOT-BS","QA_MANAGER",
"ROOT-BS","QA_USER",
"ROOT-BS","QUICK_LAUNCHER",
"ROOT-BS","SCHEMA_ADMINISTRATOR",
"ROOT-BS","STATIC_AUTHORISER",
"ROOT-BS","STATIC_DISPLAYER",
"ROOT-BS","STATIC_MAINTAINER",
"ROOT-BS","SYSTEM_ADMINISTRATOR",
"ROOT-BS","SYSTEM_MANAGER",
"ROOT-BS","TRANSLATOR",
"ROOT-BS","USER",
"ROOT-BS","VGL_DEVELOPER",
"ROOT-BS","WEB_USER",
"SETHH","DM_ADMINISTRATOR",
"SETHH","DYNAMIC_AUTHORISER",
"SETHH","DYNAMIC_DISPLAYER",
"SETHH","DYNAMIC_MAINTAINER",
"SETHH","FORM_DEVELOPER",
"SETHH","INSPECT_PEER",
"SETHH","INSPECT_SUPERVISOR",
"SETHH","INSTRUMENT_OVERRIDE",
"SETHH","LABORATORY_MANAGER",
"SETHH","PETRL_DYNAMIC_AUTH",
"SETHH","PETRL_DYNAMIC_DISP",
"SETHH","PETRL_DYNAMIC_MAIN",
"SETHH","QA_MANAGER",
"SETHH","QA_USER",
"SETHH","QUICK_LAUNCHER",
"SETHH","RACETRACK_DYN_DISP",
"SETHH","RACETRACK_DYN_DISPSI",
"SETHH","RACETRACK_DYN_MAIN",
"SETHH","RACETRACK_DYN_TEST",
"SETHH","SCHEMA_ADMINISTRATOR",
"SETHH","SECURITY_OVERRIDE",
"SETHH","STATIC_AUTHORISER",
"SETHH","STATIC_DISPLAYER",
"SETHH","STATIC_MAINTAINER",
"SETHH","SYSTEM_ADMINISTRATOR",
"SETHH","SYSTEM_MANAGER",
"SETHH","TRAINING_OVERRIDE",
"SETHH","TRANSLATOR",
"SETHH","USER",
"SETHH","VGL_DEVELOPER",
"SETHH","WEB_USER",
"SHFAY","DYNAMIC_AUTHORISER",
"SHFAY","DYNAMIC_DISPLAYER",
"SHFAY","DYNAMIC_MAINTAINER",
"SHFAY","PETRL_DYNAMIC_AUTH",
"SHFAY","PETRL_DYNAMIC_DISP",
"SHFAY","PETRL_DYNAMIC_MAIN",
"SHFAY","STATIC_DISPLAYER",
"SHFAY","STATIC_MAINTAINER",
"SMEGEE","PETRL_DYNAMIC_AUTH",
"SMEGEE","PETRL_DYNAMIC_DISP",
"SMEGEE","PETRL_DYNAMIC_MAIN",
"SMEGEE","QUICK_LAUNCHER",
"SMEGEE","STATIC_AUTHORISER",
"SMEGEE","STATIC_DISPLAYER",
"SMEGEE","USER",
"SMEGEE","WEB_USER",
"SVOELKNER","RACETRACK_DYN_DISP",
"SVOELKNER","RACETRACK_DYN_MAIN",
"SVOELKNER","USER",
"SVOELKNER","WEB_USER",
"SYSTEM","DM_ADMINISTRATOR",
"SYSTEM","DYNAMIC_AUTHORISER",
"SYSTEM","DYNAMIC_DISPLAYER",
"SYSTEM","DYNAMIC_MAINTAINER",
"SYSTEM","FORM_DEVELOPER",
"SYSTEM","LABORATORY_MANAGER",
"SYSTEM","QA_MANAGER",
"SYSTEM","QA_USER",
"SYSTEM","QUICK_LAUNCHER",
"SYSTEM","SCHEMA_ADMINISTRATOR",
"SYSTEM","STATIC_AUTHORISER",
"SYSTEM","STATIC_DISPLAYER",
"SYSTEM","STATIC_MAINTAINER",
"SYSTEM","SYSTEM_ADMINISTRATOR",
"SYSTEM","SYSTEM_MANAGER",
"SYSTEM","TRANSLATOR",
"SYSTEM","USER",
"SYSTEM","VGL_DEVELOPER",
"SYSTEM","WEB_USER",
"VHOADLEY","RACETRACK_DYN_DISP",
"VHOADLEY","RACETRACK_DYN_MAIN",
"VHOADLEY","USER",
"VHOADLEY","WEB_USER",
"WBIEL","RACETRACK_DYN_DISP",
"WBIEL","RACETRACK_DYN_MAIN",
"WBIEL","USER",
"WBIEL","WEB_USER",
"WILMA","DYNAMIC_AUTHORISER",
"WILMA","DYNAMIC_DISPLAYER",
"WILMA","DYNAMIC_MAINTAINER",
"WILMA","INSPECT_SUPERVISOR",
"WILMA","LABORATORY_MANAGER",
"WILMA","QA_MANAGER",
"WILMA","QA_USER",
"WILMA","QUICK_LAUNCHER",
"WILMA","STATIC_AUTHORISER",
"WILMA","STATIC_DISPLAYER",
"WILMA","STATIC_MAINTAINER",
"WILMA","TRANSLATOR",
"WILMA","USER",
"XIAOFEN","PETRL_DYNAMIC_AUTH",
"XIAOFEN","PETRL_DYNAMIC_DISP",
"XIAOFEN","PETRL_DYNAMIC_MAIN",
"XIAOFEN","USER",
"YOUWEN","PETRL_DYNAMIC_AUTH",
"YOUWEN","PETRL_DYNAMIC_DISP",
"YOUWEN","PETRL_DYNAMIC_MAIN",
"YOUWEN","USER",
