﻿RULE
IDENTITY,GROUP_ID,REMOVEFLAG,MODIFIABLE,DESCRIPTION,PROBATION_NUMBER,PROBATION_PERIOD,FREQUENCY,INTERVAL,VGL_ROUTINE,VGL_LIBRARY,NAME
20,10,1,1,234,10,16,10,16,50,20,100
                      15
"AFTERNOONS",,"FALSE","TRUE","True if the time is PM at the time of login","0",,"0",,,"$SP_RULES_USER","Afternoons"
"BASE",,"FALSE","TRUE","Default Rule - Always True","0",,"0",,,"$SP_RULES_USER","Base"
"DEFAULT",,"FALSE","TRUE","Default Rule - Always True","0",,"0",,,"$SP_RULES_USER","Default"
"EVERY_10_DAYS",,"FALSE","TRUE","True if it has been 10 days or more since this rule was used","0",,"0","10 00:00:00.00",,,"Every 10 Days"
"EVERY_5TH",,"FALSE","TRUE","Valid on every fifth time the batch is logged in","0",,"5",,,,"Every 5th"
"FIRST_100_DELIVERIES",,"FALSE","TRUE","TRUE for the first 100 times this rule is used","100",,"0",,,,"First 100 Deliveries"
"FIRST_80_DAYS",,"FALSE","TRUE","True for the first 80 days ( after the first use of this rule )","0","80 00:00:00.00","0",,,,"First 80 Days"
"FIRST_MON_IN_MONTH",,"FALSE","TRUE","True on the first Monday in every month","0",,"0",,,"$SP_RULES_USER","First Mon In Month"
"FRIDAYS",,"FALSE","TRUE","True if the day is a Friday at the time of login","0",,"0",,,"$SP_RULES_USER","Fridays"
"MONDAYS",,"FALSE","TRUE","True if the day is a Monday at the time of login","0",,"0",,,"$SP_RULES_USER","Mondays"
"MORNINGS",,"FALSE","TRUE","True if the time is AM at the time of login","0",,"0",,,"$SP_RULES_USER","Mornings"
"THURSDAYS",,"FALSE","TRUE","True if the day is a Thursday at the time of login","0",,"0",,,"$SP_RULES_USER","Thursdays"
"TUESDAYS",,"FALSE","TRUE","True if the day is a Tuesday at the time of login","0",,"0",,,"$SP_RULES_USER","Tuesdays"
"WEDNESDAYS",,"FALSE","TRUE","True if the day is a Wednesday at the time of login","0",,"0",,,"$SP_RULES_USER","Wednesdays"
"WEEK_DAY",,"FALSE","TRUE","True if the day is during the week at the time of login","0",,"0",,,"$SP_RULES_USER","Week Day"
