﻿SCHEMA_TABLE_COLLECTION
SCHEMA_GUID,SCHEMA_VERSION,TABLE_ID,IDENTITY,MODIFIABLE,LINK_TABLE_GUID,LINK_TABLE_VERSION,LINK_TABLE_ID,LINK_FIELD_ID,ORDER_NUMBER,COMMENTS
36,10,40,40,1,36,10,40,40,10,512
                       3
"4195E9A3-AF94-4969-A16E-6FCF9F252858","1","JOB_HEADER","RETAIN_SAMPLES","TRUE","76333AFE-B88F-4116-9B3B-E3810FC1E452","1","SAMPLE","RETAIN_ASSOCIATED_JOB_NAME","1",
"4195E9A3-AF94-4969-A16E-6FCF9F252858","1","SAMPLE","CHILD_FORMULATION","TRUE","A8C66099-F863-4967-83BB-C81D6B3C8134","1","SAMPLE_FORMULATION","PARENT_SAMPLE","1",
"4195E9A3-AF94-4969-A16E-6FCF9F252858","1","SAMPLE","PARENT_FORMULATION","TRUE","A8C66099-F863-4967-83BB-C81D6B3C8134","1","SAMPLE_FORMULATION","CHILD_SAMPLE","2",
