﻿SCHEMA_LAYOUT
SCHEMA_GUID,SCHEMA_VERSION,NAME,GROUP_ID,DESCRIPTION,MODIFIABLE,REMOVEFLAG,CUSTOM_ICON,ICON_OVERLAY,COMMENTS_A,COMMENTS_B,COMMENTS_C,COMMENTS_D,COMMENTS_E,COMMENTS_F,COMMENTS_G,COMMENTS_H,COMMENTS_I,COMMENTS_J,COMMENTS_K,COMMENTS_L,COMMENTS_M,COMMENTS_N,COMMENTS_O,COMMENTS_P,COMMENTS_Q,COMMENTS_R,COMMENTS_S,COMMENTS_T,COMMENTS_U,COMMENTS_V,COMMENTS_W,COMMENTS_X,COMMENTS_Y,COMMENTS_Z,EOF_COMMENT,DBASE_IS_ORACLE,DBASE_IS_SQLSERVER,PACKED_DECIMAL_AS_INTEGER,USE_NVARCHAR,MINIMUM_DATE,SQL_COLLATION,SQL_COLLATION_CASE_SENSITIVE,TD_LOCATION_ORACLE,TD_LOCATION_SQL_SERVER,TD_LOCATION_INGRES,TD_LOCATION_RDB,ID_LOCATION_SQL_SERVER,ID_LOCATION_ORACLE,ID_LOCATION_INGRES,ID_LOCATION_RDB,SUPPORTED_LANGUAGES,DEFAULT_LANGUAGE,AUTO_TRANSLATE_NAME,ACTIVE,ACTIVE_FROM,ACTIVE_TO,APPROVAL_STATUS,INSPECTION_PLAN,ENTITY_ICONS
36,10,100,10,255,1,1,30,30,4000,4000,4000,4000,4000,4000,4000,4000,4000,4000,4000,4000,4000,4000,4000,4000,4000,4000,4000,4000,4000,4000,4000,4000,4000,4000,1024,1,1,1,1,32,32,32,32,32,32,32,32,32,32,32,256,10,1,1,32,32,1,10,1
                       1
"4195E9A3-AF94-4969-A16E-6FCF9F252858","1","Live Schema",,,"FALSE","FALSE","SCHEMA",,"{SampleManager Schema}
{PV  09.10.2019 -G Walters - initial mods for PennVet - PETRL, 12-30-19 updates from Dev VM}
{ 07.23.2020 GW - add container_shipment fields, .09.28.2020  addl cs fields}
{10.05.2020 GW - merge in 12.2.1 structure for upgrade}
{10.21.2020 add RT_type to sample point}
{10.28.2020  add DISTINCT to view p_unique_container_shipment_specimens }
{11.01.2020 - add for customer type  , add customer to sample point}
{11.13.2020  - Job_header add specimens_in_transit - comment out for now 12.08.2020}
{12.08.2020 - add Field RACE_DATE_NO  to p_RACE - increment in .net
	    -  add job and sample disposal fields}
{02.02.2021 - add TIME_MERID to p_race_Card amd p_specimen}
{02.14.2021 - add p_sti to job_header}
{02.25.2021  add p_Sti_status to job and sample }
{ 03.04.2021 change p_accession fields so can set in .net code}
{03.16.2021 change sample.p_volume to text - urine volumes may be empty }
{03.18.2021 add p_Race.identity & p_Race.fair to job }
{04.01.2021 - reverse 03.04.2021 , p_race accession_type and fair fields}
{03.30.2021 add new field to p_race_card.specimen_types2 store single letter spec types from P_specimen.specimen_type, not as a phrase , not comma sep}
{04.17.2021 - sample.p_gender make text - Petrl added lower case genders  , don't need to set in sample from phrase, and already text in p_race_card }
{04.17.2021  - add remove_flag to p_race, p_race_card, p_specimen}
{05.26.2021  table p_container_shipment  -     field   container , now links_to p_ship_container.number;}
{07.01.2021  allow double or triple microchip 3x15 , comma sep in p_race_card}
{07.18.2021 - to p_shipment add bool field checked}
{08.06.2021  add modified fields to p_Specimen and p_race_Card }
{08.06.2021 - bool add_incidents to p_container_Shipment
		   - add plate fields}
{08.11.2021 field num_specimens to p_Race_Card}
{08.24.2021  remove browse from  p_contact.contact_name - was preventing edit}
{09.01.2021  edit authorization notes phrase list for Job Header}
{09.05.2021 - add p_lf_samp_job_test_Result}
{10/09/2021 add sample p_add_incidents
			remove p_microchip and p_tatoo fields from sample  per Deb T}
{10/26/2021 update p_plate_count}
{12/13/2021 - add unique_key fields to race_job_summary and p_lab_findings}",,,,,,,,,,,,,,,,,,,,,,,,,,"{use select clause to filter if needed}
{
select_clause
		 
SELECT DISTINCT 
 
  j.JOB_NAME , 
 j.P_SAMPLING_POINT, 
j.DATE_CREATED,
j.P_RACE_DATE,	
j.P_ACCESSION_TYPE,
j.P_CONTAINER,
j.HAS_ATTACHMENTS,
j.P_EXCEPTIONS,
j.job_status
from job_header j;}","FALSE","TRUE","FALSE","TRUE"," 01-01-1753 00:00:00.00","Latin1_General_CI_AS_WS","Latin1_General_CS_AS_WS","VGSM_DB","PRIMARY",,,"PRIMARY","VGSM_DB",,,,,"FALSE","TRUE", , ,"A",,"TRUE"
