﻿SCHEMA_SEQUENCE
SCHEMA_GUID,SCHEMA_VERSION,IDENTITY,ORDER_NUMBER,MODIFIABLE,COMMENTS,MAJOR_KEY,MINOR_KEY
36,10,40,10,1,4000,50,50
                      14
"4195E9A3-AF94-4969-A16E-6FCF9F252858","1","SEQ_ACCESS_LOG_KEY0","1","TRUE",,"ACCESS_LOG","KEY0"
"4195E9A3-AF94-4969-A16E-6FCF9F252858","1","SEQ_AUDITOR_DATA","2","TRUE",,"AUDITOR","DATA"
"4195E9A3-AF94-4969-A16E-6FCF9F252858","1","SEQ_AUDITOR_EVENT","3","TRUE",,"AUDITOR","EVENT"
"4195E9A3-AF94-4969-A16E-6FCF9F252858","1","SEQ_AUDITOR_TRANSACTION","4","TRUE",,"AUDITOR","TRANSACTION"
"4195E9A3-AF94-4969-A16E-6FCF9F252858","1","SEQ_BLOB_VALUES_BLOB_ID","5","TRUE",,"BLOB_VALUES","BLOB_ID"
"4195E9A3-AF94-4969-A16E-6FCF9F252858","1","SEQ_SAMPLE_KEY0","6","TRUE",,"SAMPLE","KEY0"
"4195E9A3-AF94-4969-A16E-6FCF9F252858","1","SEQ_SYNTAX_COA","7","TRUE",,"SYNTAX","COA"
"4195E9A3-AF94-4969-A16E-6FCF9F252858","1","SEQ_SYNTAX_DEFAULT","8","TRUE",,"SYNTAX","DEFAULT"
"4195E9A3-AF94-4969-A16E-6FCF9F252858","1","SEQ_SYNTAX_INCIDENT","9","TRUE",,"SYNTAX","INCIDENT"
"4195E9A3-AF94-4969-A16E-6FCF9F252858","1","SEQ_SYNTAX_JOBDEFAULT","10","TRUE",,"SYNTAX","JOBDEFAULT"
"4195E9A3-AF94-4969-A16E-6FCF9F252858","1","SEQ_SYNTAX_SAMP_TEMPL","11","TRUE",,"SYNTAX","SAMP_TEMPL"
"4195E9A3-AF94-4969-A16E-6FCF9F252858","1","SEQ_SYNTAX_SAMPLEPLAN","12","TRUE",,"SYNTAX","SAMPLEPLAN"
"4195E9A3-AF94-4969-A16E-6FCF9F252858","1","SEQ_TEST_TEST_NUMBER","13","TRUE",,"TEST","TEST_NUMBER"
"4195E9A3-AF94-4969-A16E-6FCF9F252858","1","SEQ_TIMERQUEUE_ENTRY_NUMBER","14","TRUE",,"TIMERQUEUE","ENTRY_NUMBER"
