﻿SCHEDULE
IDENTITY,NAME,GROUP_ID,DESCRIPTION,LOCATION,MODIFIABLE,REMOVEFLAG,START_DATE,END_DATE,ACTIVE,SCHEDULE_GROUP,CALENDAR,SCHEDULE_GROUP_CONTROLLED,USE_WORKFLOW,JOB_TEMPLATE,FILTER_JOB,JOB_CRITERIA_ID,JOB_CRITERIA_TABLE,JOB_WORKFLOW_ID,JOB_WORKFLOW_VERSION
10,100,10,234,50,1,1,32,32,1,10,10,1,1,10,500,40,30,36,10
                       1
"HP_TEST_SC","Hp Test Schedule",,"for master detail grid test in web client",,"TRUE","FALSE"," 24-03-2020 17:33:27.08", ,"FALSE",,,"FALSE","FALSE",,"GetDate( [DateToStart] ) == GetDate( ClientNow() )","JOB_SCHED_LOGIN","JOB_HEADER",,"0"
