﻿SCHEMA_TABLE
SCHEMA_GUID,SCHEMA_VERSION,IDENTITY,ACTIVE,ACTIVE_FROM,ACTIVE_TO,ORDER_NUMBER,MODIFIABLE,COMMENTS,READ_ONLY,UNMANAGED,NO_INDEX,NO_BUFFER,INSERT_AUDIT,MODIFY_AUDIT,DELETE_AUDIT,FULL_DESCRIPTION,ALIASES,PHYSICAL_NAME,DATA_SOURCE,TABLE_SET,RENAMED_TABLE,PROMPT_DESCRIPTION,PARENT_TABLE_GUID,PARENT_TABLE_VERSION,PARENT_TABLE_ID,SQLSERVER_SPECIFIC,ORACLE_SPECIFIC,SQLSERVER_LOCATION,ORACLE_LOCATION
36,10,40,1,32,32,10,1,4000,1,1,1,1,10,10,10,256,256,100,100,100,100,100,36,10,40,500,500,500,500
                     424
"4195E9A3-AF94-4969-A16E-6FCF9F252858","1","SAMPLE_POINT","TRUE", , ,"1","TRUE",,"FALSE","FALSE","FALSE","FALSE","2","2","2",,,"SAMPLE_POINT","SAMPLE_POINT",,,,,"0",,,,"PRIMARY","VGSM_DB"
"4195E9A3-AF94-4969-A16E-6FCF9F252858","1","REPORT","TRUE", , ,"2","TRUE",,"FALSE","FALSE","FALSE","FALSE","2","2","2",,"REPORTFORMAT","REPORT","REPORT",,,,,"0",,,,"PRIMARY","VGSM_DB"
"4195E9A3-AF94-4969-A16E-6FCF9F252858","1","SAMPLE","TRUE", , ,"3","TRUE",,"FALSE","FALSE","FALSE","FALSE","2","2","2",,,"SAMPLE","SAMPLE",,,"STRUCTURE_SAMPLE",,"0",,,,"PRIMARY","VGSM_DB"
"4195E9A3-AF94-4969-A16E-6FCF9F252858","1","SAMPLE_FORMULATION","TRUE", , ,"4","TRUE","{ The following index should be added when using groups on the sample table }
{ where group_id is the group field with used_for security_id               }
{ }
{       index sample_id_numeric_group unique on status, group_id, id_numeric ; }
{       index sample_id_text_group    unique on status, group_id, id_text ;    }
{ }
{ }","FALSE","FALSE","FALSE","FALSE","2","2","2",,,"SAMPLE_FORMULATION","SAMPLE_FORMULATION",,,,,"0",,,,"PRIMARY","VGSM_DB"
"4195E9A3-AF94-4969-A16E-6FCF9F252858","1","TEST","TRUE", , ,"5","TRUE",,"FALSE","FALSE","TRUE","FALSE","2","2","2",,,"TEST","TEST",,,,,"0",,,,"PRIMARY","VGSM_DB"
"4195E9A3-AF94-4969-A16E-6FCF9F252858","1","VERSIONED_ANALYSIS","TRUE", , ,"6","TRUE",,"FALSE","FALSE","FALSE","FALSE","2","2","2",,,"VERSIONED_ANALYSIS","VERSIONED_ANALYSIS",,,,,"0",,,,"PRIMARY","VGSM_DB"
"4195E9A3-AF94-4969-A16E-6FCF9F252858","1","VERSIONED_COMPONENT","TRUE", , ,"7","TRUE",,"FALSE","FALSE","FALSE","FALSE","2","2","2",,,"VERSIONED_COMPONENT","VERSIONED_COMPONENT",,,,,"0",,,,"PRIMARY","VGSM_DB"
"4195E9A3-AF94-4969-A16E-6FCF9F252858","1","VERSIONED_CATEGORY_COMPONENT","TRUE", , ,"8","TRUE",,"FALSE","FALSE","FALSE","FALSE","2","2","2",,,"VERSIONED_CATEGORY_COMPONENT","VERSIONED_CATEGORY_COMPONENT",,,,,"0",,,,"PRIMARY","VGSM_DB"
"4195E9A3-AF94-4969-A16E-6FCF9F252858","1","RESULT","TRUE", , ,"9","TRUE",,"FALSE","FALSE","FALSE","FALSE","2","2","2",,,"RESULT","RESULT",,,,,"0",,,,"PRIMARY","VGSM_DB"
"4195E9A3-AF94-4969-A16E-6FCF9F252858","1","CALCULATION","TRUE", , ,"10","TRUE",,"FALSE","FALSE","FALSE","FALSE","2","2","2",,,"CALCULATION","CALCULATION",,,,,"0",,,,"PRIMARY","VGSM_DB"
"4195E9A3-AF94-4969-A16E-6FCF9F252858","1","PREPARATION","TRUE", , ,"11","TRUE",,"FALSE","FALSE","FALSE","FALSE","2","2","2",,,"PREPARATION","PREPARATION",,,,,"0",,,,"PRIMARY","VGSM_DB"
"4195E9A3-AF94-4969-A16E-6FCF9F252858","1","MLP_LEVEL","TRUE", , ,"12","TRUE",,"FALSE","FALSE","FALSE","FALSE","2","2","2",,"MLP_LEVELS","MLP_LEVEL","MLP_LEVEL",,,,,"0",,,,"PRIMARY","VGSM_DB"
"4195E9A3-AF94-4969-A16E-6FCF9F252858","1","MLP_HEADER","TRUE", , ,"13","TRUE",,"FALSE","FALSE","FALSE","FALSE","2","2","2",,,"MLP_HEADER","MLP_HEADER",,,,,"0",,,,"PRIMARY","VGSM_DB"
"4195E9A3-AF94-4969-A16E-6FCF9F252858","1","MLP_ANALYSIS","TRUE", , ,"14","TRUE",,"FALSE","FALSE","FALSE","FALSE","2","2","2",,,"MLP_ANALYSIS","MLP_ANALYSIS",,,,,"0",,,,"PRIMARY","VGSM_DB"
"4195E9A3-AF94-4969-A16E-6FCF9F252858","1","MLP_COMPONENTS","TRUE", , ,"15","TRUE",,"FALSE","FALSE","FALSE","FALSE","2","2","2",,,"MLP_COMPONENTS","MLP_COMPONENTS",,,,,"0",,,,"PRIMARY","VGSM_DB"
"4195E9A3-AF94-4969-A16E-6FCF9F252858","1","MLP_VALUES","TRUE", , ,"16","TRUE",,"FALSE","FALSE","FALSE","FALSE","2","2","2",,"LIMIT","MLP_VALUES","MLP_VALUES",,,,,"0",,,,"PRIMARY","VGSM_DB"
"4195E9A3-AF94-4969-A16E-6FCF9F252858","1","MLP_SCHEDULE","TRUE", , ,"17","TRUE",,"FALSE","FALSE","FALSE","FALSE","2","2","2",,,"MLP_SCHEDULE","MLP_SCHEDULE",,,,,"0",,,,"PRIMARY","VGSM_DB"
"4195E9A3-AF94-4969-A16E-6FCF9F252858","1","LIMIT_PHRASE_HEADER","TRUE", , ,"18","TRUE",,"FALSE","FALSE","FALSE","FALSE","2","2","2",,,"LIMIT_PHRASE_HEADER","LIMIT_PHRASE_HEADER",,,,,"0",,,,"PRIMARY","VGSM_DB"
"4195E9A3-AF94-4969-A16E-6FCF9F252858","1","LIMIT_PHRASE_ENTRY","TRUE", , ,"19","TRUE",,"FALSE","FALSE","FALSE","FALSE","2","2","2",,,"LIMIT_PHRASE_ENTRY","LIMIT_PHRASE_ENTRY",,,,,"0",,,,"PRIMARY","VGSM_DB"
"4195E9A3-AF94-4969-A16E-6FCF9F252858","1","WORKSHEET","TRUE", , ,"20","TRUE",,"FALSE","FALSE","FALSE","FALSE","2","2","2",,,"WORKSHEET","WORKSHEET",,,,,"0",,,,"PRIMARY","VGSM_DB"
"4195E9A3-AF94-4969-A16E-6FCF9F252858","1","STANDARD","TRUE", , ,"21","TRUE",,"FALSE","FALSE","FALSE","FALSE","2","2","2",,,"STANDARD","STANDARD",,,,,"0",,,,"PRIMARY","VGSM_DB"
"4195E9A3-AF94-4969-A16E-6FCF9F252858","1","STANDARD_VERSIONS","TRUE", , ,"22","TRUE",,"FALSE","FALSE","FALSE","FALSE","2","2","2",,,"STANDARD_VERSIONS","STANDARD_VERSIONS",,,,,"0",,,,"PRIMARY","VGSM_DB"
"4195E9A3-AF94-4969-A16E-6FCF9F252858","1","INSTRUMENT","TRUE", , ,"23","TRUE",,"FALSE","FALSE","FALSE","FALSE","2","2","2",,,"INSTRUMENT","INSTRUMENT",,,,,"0",,,,"PRIMARY","VGSM_DB"
"4195E9A3-AF94-4969-A16E-6FCF9F252858","1","TIMERQUEUE","TRUE", , ,"24","TRUE",,"FALSE","FALSE","FALSE","FALSE","2","2","2",,,"TIMERQUEUE","TIMERQUEUE",,,,,"0",,,,"PRIMARY","VGSM_DB"
"4195E9A3-AF94-4969-A16E-6FCF9F252858","1","PERSONNEL","TRUE", , ,"25","TRUE",,"FALSE","FALSE","FALSE","FALSE","2","2","2",,"PERSON","PERSONNEL","PERSONNEL",,,,,"0",,,,"PRIMARY","VGSM_DB"
"4195E9A3-AF94-4969-A16E-6FCF9F252858","1","PASSWORD","TRUE", , ,"26","TRUE",,"FALSE","FALSE","FALSE","FALSE","2","2","2",,,"PASSWORD","PASSWORD",,,,,"0",,,,"PRIMARY","VGSM_DB"
"4195E9A3-AF94-4969-A16E-6FCF9F252858","1","PASSWORD_HISTORY","TRUE", , ,"27","TRUE",,"FALSE","FALSE","FALSE","FALSE","2","2","2",,,"PASSWORD_HISTORY","PASSWORD_HISTORY",,,,,"0",,,,"PRIMARY","VGSM_DB"
"4195E9A3-AF94-4969-A16E-6FCF9F252858","1","MENU","TRUE", , ,"28","TRUE",,"FALSE","FALSE","FALSE","FALSE","2","2","2",,,"MENU","MENU",,,,,"0",,,,"PRIMARY","VGSM_DB"
"4195E9A3-AF94-4969-A16E-6FCF9F252858","1","PRINTER","TRUE", , ,"29","TRUE",,"FALSE","FALSE","FALSE","FALSE","2","2","2",,,"PRINTER","PRINTER",,,,,"0",,,,"PRIMARY","VGSM_DB"
"4195E9A3-AF94-4969-A16E-6FCF9F252858","1","DISTRIBUTION","TRUE", , ,"30","TRUE",,"FALSE","FALSE","FALSE","FALSE","2","2","2",,,"DISTRIBUTION","DISTRIBUTION",,,,,"0",,,,"PRIMARY","VGSM_DB"
"4195E9A3-AF94-4969-A16E-6FCF9F252858","1","DISTRIBUTION_PERSONNEL","TRUE", , ,"31","TRUE",,"FALSE","FALSE","FALSE","FALSE","2","2","2",,,"DISTRIBUTION_PERSONNEL","DISTRIBUTION_PERSONNEL",,,,,"0",,,,"PRIMARY","VGSM_DB"
"4195E9A3-AF94-4969-A16E-6FCF9F252858","1","PHRASE","TRUE", , ,"32","TRUE",,"FALSE","FALSE","FALSE","FALSE","2","2","2",,"PHRASE_ENTRIES","PHRASE","PHRASE",,,,,"0",,,,"PRIMARY","VGSM_DB"
"4195E9A3-AF94-4969-A16E-6FCF9F252858","1","PHRASE_HEADER","TRUE", , ,"33","TRUE",,"FALSE","FALSE","FALSE","FALSE","2","2","2",,,"PHRASE_HEADER","PHRASE_HEADER",,,,,"0",,,,"PRIMARY","VGSM_DB"
"4195E9A3-AF94-4969-A16E-6FCF9F252858","1","MT_FIELDS","TRUE", , ,"34","TRUE",,"FALSE","FALSE","FALSE","FALSE","2","2","2",,,"MT_FIELDS","MT_FIELDS",,,,,"0",,,,"PRIMARY","VGSM_DB"
"4195E9A3-AF94-4969-A16E-6FCF9F252858","1","TEMPLATE_FIELDS","TRUE", , ,"35","TRUE",,"FALSE","FALSE","FALSE","FALSE","2","2","2",,,"TEMPLATE_FIELDS","TEMPLATE_FIELDS",,,,,"0",,,,"PRIMARY","VGSM_DB"
"4195E9A3-AF94-4969-A16E-6FCF9F252858","1","JOB_TEMPLATE","TRUE", , ,"36","TRUE",,"FALSE","FALSE","FALSE","FALSE","2","2","2",,,"JOB_TEMPLATE","JOB_TEMPLATE",,,,,"0",,,,"PRIMARY","VGSM_DB"
"4195E9A3-AF94-4969-A16E-6FCF9F252858","1","SAMP_TMPL_HEADER","TRUE", , ,"37","TRUE",,"FALSE","FALSE","FALSE","FALSE","2","2","2",,,"SAMP_TMPL_HEADER","SAMP_TMPL_HEADER",,,,,"0",,,,"PRIMARY","VGSM_DB"
"4195E9A3-AF94-4969-A16E-6FCF9F252858","1","SUPERTEMPLATELIST","TRUE", , ,"38","TRUE",,"FALSE","FALSE","FALSE","FALSE","2","2","2",,,"SUPERTEMPLATELIST","SUPERTEMPLATELIST",,,,,"0",,,,"PRIMARY","VGSM_DB"
"4195E9A3-AF94-4969-A16E-6FCF9F252858","1","JOB_HEADER","TRUE", , ,"39","TRUE",,"FALSE","FALSE","FALSE","FALSE","2","2","2",,,"JOB_HEADER","JOB_HEADER",,,,,"0",,,,"PRIMARY","VGSM_DB"
"4195E9A3-AF94-4969-A16E-6FCF9F252858","1","TEST_SCHED_HEADER","TRUE", , ,"40","TRUE",,"FALSE","FALSE","FALSE","FALSE","2","2","2",,,"TEST_SCHED_HEADER","TEST_SCHED_HEADER",,,,,"0",,,,"PRIMARY","VGSM_DB"
"4195E9A3-AF94-4969-A16E-6FCF9F252858","1","TEST_SCHED_ENTRY","TRUE", , ,"41","TRUE",,"FALSE","FALSE","FALSE","FALSE","2","2","2",,,"TEST_SCHED_ENTRY","TEST_SCHED_ENTRY",,,,,"0",,,,"PRIMARY","VGSM_DB"
"4195E9A3-AF94-4969-A16E-6FCF9F252858","1","LOG_SCHED_HEADER","TRUE", , ,"42","TRUE",,"FALSE","FALSE","FALSE","FALSE","2","2","2",,,"LOG_SCHED_HEADER","LOG_SCHED_HEADER",,,,,"0",,,,"PRIMARY","VGSM_DB"
"4195E9A3-AF94-4969-A16E-6FCF9F252858","1","LOG_SCHED_ENTRY","TRUE", , ,"43","TRUE",,"FALSE","FALSE","FALSE","FALSE","2","2","2",,,"LOG_SCHED_ENTRY","LOG_SCHED_ENTRY",,,,,"0",,,,"PRIMARY","VGSM_DB"
"4195E9A3-AF94-4969-A16E-6FCF9F252858","1","GROUP_HEADER","TRUE", , ,"44","TRUE",,"FALSE","FALSE","FALSE","FALSE","2","2","2",,,"GROUP_HEADER","GROUP_HEADER",,,,,"0",,,,"PRIMARY","VGSM_DB"
"4195E9A3-AF94-4969-A16E-6FCF9F252858","1","GROUPLINK","TRUE", , ,"45","TRUE",,"FALSE","FALSE","FALSE","FALSE","2","2","2",,,"GROUPLINK","GROUPLINK",,,,,"0",,,,"PRIMARY","VGSM_DB"
"4195E9A3-AF94-4969-A16E-6FCF9F252858","1","HAZARD","TRUE", , ,"46","TRUE",,"FALSE","FALSE","FALSE","FALSE","2","2","2",,,"HAZARD","HAZARD",,,,,"0",,,,"PRIMARY","VGSM_DB"
"4195E9A3-AF94-4969-A16E-6FCF9F252858","1","SYNTAX","TRUE", , ,"47","TRUE",,"FALSE","FALSE","FALSE","FALSE","2","2","2",,"NAMESYNTAX","SYNTAX","SYNTAX",,,,,"0",,,,"PRIMARY","VGSM_DB"
"4195E9A3-AF94-4969-A16E-6FCF9F252858","1","CUSTOMER","TRUE", , ,"48","TRUE",,"FALSE","FALSE","FALSE","FALSE","2","2","2",,,"CUSTOMER","CUSTOMER",,,,,"0",,,,"PRIMARY","VGSM_DB"
"4195E9A3-AF94-4969-A16E-6FCF9F252858","1","P_CUSTOMER_TYPE","TRUE", , ,"49","TRUE","{11.01.2020 - add for customer type}","FALSE","FALSE","FALSE","FALSE","2","2","2",,,"P_CUSTOMER_TYPE","P_CUSTOMER_TYPE",,,,,"0",,,,"PRIMARY","VGSM_DB"
"4195E9A3-AF94-4969-A16E-6FCF9F252858","1","P_CONTACT","TRUE", , ,"50","TRUE",,"FALSE","FALSE","FALSE","FALSE","2","2","2",,,"P_CONTACT","P_CONTACT",,,,,"0",,,,"PRIMARY","VGSM_DB"
"4195E9A3-AF94-4969-A16E-6FCF9F252858","1","LOCATION","TRUE", , ,"51","TRUE",,"FALSE","FALSE","FALSE","FALSE","2","2","2",,,"LOCATION","LOCATION",,,,,"0",,,,"PRIMARY","VGSM_DB"
"4195E9A3-AF94-4969-A16E-6FCF9F252858","1","CHARGE_HEADER","TRUE", , ,"52","TRUE",,"FALSE","FALSE","FALSE","FALSE","2","2","2",,,"CHARGE_HEADER","CHARGE_HEADER",,,,,"0",,,,"PRIMARY","VGSM_DB"
"4195E9A3-AF94-4969-A16E-6FCF9F252858","1","CHARGE_ENTRY","TRUE", , ,"53","TRUE",,"FALSE","FALSE","FALSE","FALSE","2","2","2",,,"CHARGE_ENTRY","CHARGE_ENTRY",,,,,"0",,,,"PRIMARY","VGSM_DB"
"4195E9A3-AF94-4969-A16E-6FCF9F252858","1","PROJECT_INFO","TRUE", , ,"54","TRUE",,"FALSE","FALSE","FALSE","FALSE","2","2","2",,,"PROJECT_INFO","PROJECT_INFO",,,,,"0",,,,"PRIMARY","VGSM_DB"
"4195E9A3-AF94-4969-A16E-6FCF9F252858","1","AUDIT_TRANSACTION","TRUE", , ,"55","TRUE",,"FALSE","FALSE","FALSE","FALSE","2","2","2",,,"AUDIT_TRANSACTION","AUDIT_TRANSACTION",,,,,"0",,,,"PRIMARY","VGSM_DB"
"4195E9A3-AF94-4969-A16E-6FCF9F252858","1","AUDIT_EVENT","TRUE", , ,"56","TRUE",,"FALSE","FALSE","FALSE","FALSE","2","2","2",,,"AUDIT_EVENT","AUDIT_EVENT",,,,,"0",,,,"PRIMARY","VGSM_DB"
"4195E9A3-AF94-4969-A16E-6FCF9F252858","1","AUDIT_DATA","TRUE", , ,"57","TRUE",,"FALSE","FALSE","FALSE","FALSE","2","2","2",,,"AUDIT_DATA","AUDIT_DATA",,,,,"0",,,,"PRIMARY","VGSM_DB"
"4195E9A3-AF94-4969-A16E-6FCF9F252858","1","LICENSE","TRUE", , ,"58","TRUE",,"FALSE","FALSE","FALSE","FALSE","2","2","2",,,"LICENSE","LICENSE",,,,,"0",,,,"PRIMARY","VGSM_DB"
"4195E9A3-AF94-4969-A16E-6FCF9F252858","1","TAB_HEADER","TRUE", , ,"59","TRUE",,"FALSE","FALSE","FALSE","FALSE","2","2","2",,,"TAB_HEADER","TAB_HEADER",,,,,"0",,,,"PRIMARY","VGSM_DB"
"4195E9A3-AF94-4969-A16E-6FCF9F252858","1","JOBTAB_HEADER","TRUE", , ,"60","TRUE",,"FALSE","FALSE","FALSE","FALSE","2","2","2",,,"JOBTAB_HEADER","JOBTAB_HEADER",,,,,"0",,,,"PRIMARY","VGSM_DB"
"4195E9A3-AF94-4969-A16E-6FCF9F252858","1","BARMENU","TRUE", , ,"61","TRUE",,"FALSE","FALSE","FALSE","FALSE","2","2","2",,,"BARMENU","BARMENU",,,,,"0",,,,"PRIMARY","VGSM_DB"
"4195E9A3-AF94-4969-A16E-6FCF9F252858","1","SMW_MENU","TRUE", , ,"62","TRUE",,"FALSE","FALSE","FALSE","FALSE","2","2","2",,,"SMW_MENU","SMW_MENU",,,,,"0",,,,"PRIMARY","VGSM_DB"
"4195E9A3-AF94-4969-A16E-6FCF9F252858","1","APPROVAL","TRUE", , ,"63","TRUE",,"FALSE","FALSE","FALSE","FALSE","2","2","2",,,"APPROVAL","APPROVAL",,,,,"0",,,,"PRIMARY","VGSM_DB"
"4195E9A3-AF94-4969-A16E-6FCF9F252858","1","SIG_FIGS","TRUE", , ,"64","TRUE",,"FALSE","FALSE","FALSE","FALSE","2","2","2",,,"SIG_FIGS","SIG_FIGS",,,,,"0",,,,"PRIMARY","VGSM_DB"
"4195E9A3-AF94-4969-A16E-6FCF9F252858","1","ENHANCED_WORKSHEET","TRUE", , ,"65","TRUE",,"FALSE","FALSE","FALSE","FALSE","2","2","2",,,"ENHANCED_WORKSHEET","ENHANCED_WORKSHEET",,,,,"0",,,,"PRIMARY","VGSM_DB"
"4195E9A3-AF94-4969-A16E-6FCF9F252858","1","ANAL_WORKS_TEMPL","TRUE", , ,"66","TRUE",,"FALSE","FALSE","FALSE","FALSE","2","2","2",,,"ANAL_WORKS_TEMPL","ANAL_WORKS_TEMPL",,,,,"0",,,,"PRIMARY","VGSM_DB"
"4195E9A3-AF94-4969-A16E-6FCF9F252858","1","C_SAMPLE","TRUE", , ,"67","TRUE",,"FALSE","FALSE","TRUE","FALSE","2","2","2",,,"C_SAMPLE","C_SAMPLE","DEFAULT_TABLE_SET",,"STRUCTURE_SAMPLE","76333AFE-B88F-4116-9B3B-E3810FC1E452","1","SAMPLE",,,"PRIMARY","VGSM_DB"
"4195E9A3-AF94-4969-A16E-6FCF9F252858","1","C_SAMPLE_FORMULATION","TRUE", , ,"68","TRUE",,"FALSE","FALSE","TRUE","FALSE","2","2","2",,,"C_SAMPLE_FORMULATION","C_SAMPLE_FORMULATION","DEFAULT_TABLE_SET",,,"A8C66099-F863-4967-83BB-C81D6B3C8134","1","SAMPLE_FORMULATION",,,"PRIMARY","VGSM_DB"
"4195E9A3-AF94-4969-A16E-6FCF9F252858","1","C_TEST","TRUE", , ,"69","TRUE",,"FALSE","FALSE","TRUE","FALSE","2","2","2",,,"C_TEST","C_TEST","DEFAULT_TABLE_SET",,,"024FC6A2-281A-4C7E-8870-EBCCF48AA588","1","TEST",,,"PRIMARY","VGSM_DB"
"4195E9A3-AF94-4969-A16E-6FCF9F252858","1","C_RESULT","TRUE", , ,"70","TRUE",,"FALSE","FALSE","FALSE","FALSE","2","2","2",,,"C_RESULT","C_RESULT","DEFAULT_TABLE_SET",,,"68470110-5A15-46F9-A855-9D3E8A7E9C33","1","RESULT",,,"PRIMARY","VGSM_DB"
"4195E9A3-AF94-4969-A16E-6FCF9F252858","1","C_JOB_HEADER","TRUE", , ,"71","TRUE",,"FALSE","FALSE","FALSE","FALSE","2","2","2",,,"C_JOB_HEADER","C_JOB_HEADER","DEFAULT_TABLE_SET",,,"B3638007-2DA7-4635-9EBA-92A5F475BCD9","1","JOB_HEADER",,,"PRIMARY","VGSM_DB"
"4195E9A3-AF94-4969-A16E-6FCF9F252858","1","C_AUDIT_TRANSACTION","TRUE", , ,"72","TRUE",,"FALSE","FALSE","FALSE","FALSE","2","2","2",,,"C_AUDIT_TRANSACTION","C_AUDIT_TRANSACTION","DEFAULT_TABLE_SET",,,"5528A1CD-6F3E-4421-BB1D-AE48BF725326","1","AUDIT_TRANSACTION",,,"PRIMARY","VGSM_DB"
"4195E9A3-AF94-4969-A16E-6FCF9F252858","1","C_AUDIT_EVENT","TRUE", , ,"73","TRUE",,"FALSE","FALSE","FALSE","FALSE","2","2","2",,,"C_AUDIT_EVENT","C_AUDIT_EVENT","DEFAULT_TABLE_SET",,,"43DA6299-ACCC-4547-8118-5D732787C670","1","AUDIT_EVENT",,,"PRIMARY","VGSM_DB"
"4195E9A3-AF94-4969-A16E-6FCF9F252858","1","C_AUDIT_DATA","TRUE", , ,"74","TRUE",,"FALSE","FALSE","FALSE","FALSE","2","2","2",,,"C_AUDIT_DATA","C_AUDIT_DATA","DEFAULT_TABLE_SET",,,"5E759669-276B-40C1-89B3-806179FC5C07","1","AUDIT_DATA",,,"PRIMARY","VGSM_DB"
"4195E9A3-AF94-4969-A16E-6FCF9F252858","1","C_WORKFLOW_JOURNAL","TRUE", , ,"75","TRUE",,"FALSE","FALSE","FALSE","FALSE","2","2","2",,,"C_WORKFLOW_JOURNAL","C_WORKFLOW_JOURNAL","DEFAULT_TABLE_SET",,,"670704D3-05B0-4DBD-9AA8-02966773E139","1","WORKFLOW_JOURNAL",,,"PRIMARY","VGSM_DB"
"4195E9A3-AF94-4969-A16E-6FCF9F252858","1","CONFIG_HEADER","TRUE", , ,"76","TRUE",,"FALSE","FALSE","FALSE","FALSE","2","2","2",,,"CONFIG_HEADER","CONFIG_HEADER",,,,,"0",,,,"PRIMARY","VGSM_DB"
"4195E9A3-AF94-4969-A16E-6FCF9F252858","1","CONFIG_ITEM","TRUE", , ,"77","TRUE",,"FALSE","FALSE","FALSE","FALSE","2","2","2",,,"CONFIG_ITEM","CONFIG_ITEM",,,,,"0",,,,"PRIMARY","VGSM_DB"
"4195E9A3-AF94-4969-A16E-6FCF9F252858","1","CRITERIA_HEADER","TRUE", , ,"78","TRUE",,"FALSE","FALSE","FALSE","FALSE","2","2","2",,,"CRITERIA_HEADER","CRITERIA_HEADER",,,,,"0",,,,"PRIMARY","VGSM_DB"
"4195E9A3-AF94-4969-A16E-6FCF9F252858","1","CRITERIA","TRUE", , ,"79","TRUE",,"FALSE","FALSE","FALSE","FALSE","2","2","2",,,"CRITERIA","CRITERIA",,,,,"0",,,,"PRIMARY","VGSM_DB"
"4195E9A3-AF94-4969-A16E-6FCF9F252858","1","CRITERIA_SAVED","TRUE", , ,"80","TRUE",,"FALSE","FALSE","FALSE","FALSE","2","2","2",,,"CRITERIA_SAVED","CRITERIA_SAVED",,,,,"0",,,,"PRIMARY","VGSM_DB"
"4195E9A3-AF94-4969-A16E-6FCF9F252858","1","CRITERIA_CONDITION","TRUE", , ,"81","TRUE",,"FALSE","FALSE","FALSE","FALSE","2","2","2",,,"CRITERIA_CONDITION","CRITERIA_CONDITION",,,,,"0",,,,"PRIMARY","VGSM_DB"
"4195E9A3-AF94-4969-A16E-6FCF9F252858","1","CRITERIA_ORDER","TRUE", , ,"82","TRUE",,"FALSE","FALSE","FALSE","FALSE","2","2","2",,,"CRITERIA_ORDER","CRITERIA_ORDER",,,,,"0",,,,"PRIMARY","VGSM_DB"
"4195E9A3-AF94-4969-A16E-6FCF9F252858","1","CRITERIA_VARIABLE","TRUE", , ,"83","TRUE",,"FALSE","FALSE","FALSE","FALSE","2","2","2",,,"CRITERIA_VARIABLE","CRITERIA_VARIABLE",,,,,"0",,,,"PRIMARY","VGSM_DB"
"4195E9A3-AF94-4969-A16E-6FCF9F252858","1","HELP_CONTEXT","TRUE", , ,"84","TRUE",,"FALSE","FALSE","FALSE","FALSE","2","2","2",,,"HELP_CONTEXT","HELP_CONTEXT",,,,,"0",,,,"PRIMARY","VGSM_DB"
"4195E9A3-AF94-4969-A16E-6FCF9F252858","1","CHAPTER","TRUE", , ,"85","TRUE",,"FALSE","FALSE","FALSE","FALSE","2","2","2",,,"CHAPTER","CHAPTER",,,,,"0",,,,"PRIMARY","VGSM_DB"
"4195E9A3-AF94-4969-A16E-6FCF9F252858","1","CONTENTS","TRUE", , ,"86","TRUE",,"FALSE","FALSE","FALSE","FALSE","2","2","2",,,"CONTENTS","CONTENTS",,,,,"0",,,,"PRIMARY","VGSM_DB"
"4195E9A3-AF94-4969-A16E-6FCF9F252858","1","REPORTER","TRUE", , ,"87","TRUE",,"FALSE","FALSE","FALSE","FALSE","2","2","2",,,"REPORTER","REPORTER",,,,,"0",,,,"PRIMARY","VGSM_DB"
"4195E9A3-AF94-4969-A16E-6FCF9F252858","1","VERSIONED_C_L_HEADER","TRUE", , ,"88","TRUE",,"FALSE","FALSE","FALSE","FALSE","2","2","2",,,"VERSIONED_C_L_HEADER","VERSIONED_C_L_HEADER",,,,,"0",,,,"PRIMARY","VGSM_DB"
"4195E9A3-AF94-4969-A16E-6FCF9F252858","1","VERSIONED_C_L_ENTRY","TRUE", , ,"89","TRUE",,"FALSE","FALSE","FALSE","FALSE","2","2","2",,,"VERSIONED_C_L_ENTRY","VERSIONED_C_L_ENTRY",,,,,"0",,,,"PRIMARY","VGSM_DB"
"4195E9A3-AF94-4969-A16E-6FCF9F252858","1","LIMIT_CALCULATION","TRUE", , ,"90","TRUE",,"FALSE","FALSE","FALSE","FALSE","2","2","2",,,"LIMIT_CALCULATION","LIMIT_CALCULATION",,,,,"0",,,,"PRIMARY","VGSM_DB"
"4195E9A3-AF94-4969-A16E-6FCF9F252858","1","UNIT_HEADER","TRUE", , ,"91","TRUE",,"FALSE","FALSE","FALSE","FALSE","2","2","2",,,"UNIT_HEADER","UNIT_HEADER",,,,,"0",,,,"PRIMARY","VGSM_DB"
"4195E9A3-AF94-4969-A16E-6FCF9F252858","1","UNIT_ALIAS","TRUE", , ,"92","TRUE",,"FALSE","FALSE","FALSE","FALSE","2","2","2",,,"UNIT_ALIAS","UNIT_ALIAS",,,,,"0",,,,"PRIMARY","VGSM_DB"
"4195E9A3-AF94-4969-A16E-6FCF9F252858","1","BATCH_TMPL_HEADER","TRUE", , ,"93","TRUE",,"FALSE","FALSE","FALSE","FALSE","2","2","2",,,"BATCH_TMPL_HEADER","BATCH_TMPL_HEADER",,,,,"0",,,,"PRIMARY","VGSM_DB"
"4195E9A3-AF94-4969-A16E-6FCF9F252858","1","BATCH_TMPL_ENTRY","TRUE", , ,"94","TRUE","{end PV}","FALSE","FALSE","FALSE","FALSE","2","2","2",,,"BATCH_TMPL_ENTRY","BATCH_TMPL_ENTRY",,,,,"0",,,,"PRIMARY","VGSM_DB"
"4195E9A3-AF94-4969-A16E-6FCF9F252858","1","BATCH_TMPL_STANDARD","TRUE", , ,"95","TRUE",,"FALSE","FALSE","FALSE","FALSE","2","2","2",,,"BATCH_TMPL_STANDARD","BATCH_TMPL_STANDARD",,,,,"0",,,,"PRIMARY","VGSM_DB"
"4195E9A3-AF94-4969-A16E-6FCF9F252858","1","BATCH_HEADER","TRUE", , ,"96","TRUE",,"FALSE","FALSE","FALSE","FALSE","2","2","2",,,"BATCH_HEADER","BATCH_HEADER",,,,,"0",,,,"PRIMARY","VGSM_DB"
"4195E9A3-AF94-4969-A16E-6FCF9F252858","1","BATCH_ENTRY","TRUE", , ,"97","TRUE","{end}","FALSE","FALSE","FALSE","FALSE","2","2","2",,,"BATCH_ENTRY","BATCH_ENTRY",,,,,"0",,,,"PRIMARY","VGSM_DB"
"4195E9A3-AF94-4969-A16E-6FCF9F252858","1","BATCH_STANDARD","TRUE", , ,"98","TRUE",,"FALSE","FALSE","FALSE","FALSE","2","2","2",,,"BATCH_STANDARD","BATCH_STANDARD",,,,,"0",,,,"PRIMARY","VGSM_DB"
"4195E9A3-AF94-4969-A16E-6FCF9F252858","1","C_BATCH_HEADER","TRUE", , ,"99","TRUE",,"FALSE","FALSE","FALSE","FALSE","2","2","2",,,"C_BATCH_HEADER","C_BATCH_HEADER","DEFAULT_TABLE_SET",,,"D317E13F-2ED9-4231-995E-6CF3B75BB79D","1","BATCH_HEADER",,,"PRIMARY","VGSM_DB"
"4195E9A3-AF94-4969-A16E-6FCF9F252858","1","C_BATCH_ENTRY","TRUE", , ,"100","TRUE",,"FALSE","FALSE","FALSE","FALSE","2","2","2",,,"C_BATCH_ENTRY","C_BATCH_ENTRY","DEFAULT_TABLE_SET",,,"132FE1F4-59A6-4B93-9548-367E186EBA41","1","BATCH_ENTRY",,,"PRIMARY","VGSM_DB"
"4195E9A3-AF94-4969-A16E-6FCF9F252858","1","INCREMENTS","TRUE", , ,"101","TRUE",,"FALSE","FALSE","FALSE","FALSE","2","2","2",,,"INCREMENTS","INCREMENTS",,,,,"0",,,,"PRIMARY","VGSM_DB"
"4195E9A3-AF94-4969-A16E-6FCF9F252858","1","BLOB_VALUES","TRUE", , ,"102","TRUE",,"FALSE","FALSE","FALSE","FALSE","2","2","2",,,"BLOB_VALUES","BLOB_VALUES",,,,,"0",,,,"PRIMARY","VGSM_DB"
"4195E9A3-AF94-4969-A16E-6FCF9F252858","1","ARCHIVE_JOB_HEADER","TRUE", , ,"103","TRUE",,"FALSE","FALSE","FALSE","FALSE","2","2","2",,,"ARCHIVE_JOB_HEADER","ARCHIVE_JOB_HEADER","ARCHIVE_TABLE_SET",,,"B3638007-2DA7-4635-9EBA-92A5F475BCD9","1","JOB_HEADER",,,"PRIMARY","VGSM_DB"
"4195E9A3-AF94-4969-A16E-6FCF9F252858","1","ARCHIVE_SAMPLE","TRUE", , ,"104","TRUE",,"FALSE","FALSE","TRUE","FALSE","2","2","2",,,"ARCHIVE_SAMPLE","ARCHIVE_SAMPLE","ARCHIVE_TABLE_SET",,"STRUCTURE_SAMPLE","76333AFE-B88F-4116-9B3B-E3810FC1E452","1","SAMPLE",,,"PRIMARY","VGSM_DB"
"4195E9A3-AF94-4969-A16E-6FCF9F252858","1","ARCHIVE_S_FORMULATION","TRUE", , ,"105","TRUE",,"FALSE","FALSE","TRUE","FALSE","2","2","2",,,"ARCHIVE_S_FORMULATION","ARCHIVE_S_FORMULATION","ARCHIVE_TABLE_SET",,,"A8C66099-F863-4967-83BB-C81D6B3C8134","1","SAMPLE_FORMULATION",,,"PRIMARY","VGSM_DB"
"4195E9A3-AF94-4969-A16E-6FCF9F252858","1","ARCHIVE_TEST","TRUE", , ,"106","TRUE",,"FALSE","FALSE","TRUE","FALSE","2","2","2",,,"ARCHIVE_TEST","ARCHIVE_TEST","ARCHIVE_TABLE_SET",,,"024FC6A2-281A-4C7E-8870-EBCCF48AA588","1","TEST",,,"PRIMARY","VGSM_DB"
"4195E9A3-AF94-4969-A16E-6FCF9F252858","1","ARCHIVE_RESULT","TRUE", , ,"107","TRUE",,"FALSE","FALSE","FALSE","FALSE","2","2","2",,,"ARCHIVE_RESULT","ARCHIVE_RESULT","ARCHIVE_TABLE_SET",,,"68470110-5A15-46F9-A855-9D3E8A7E9C33","1","RESULT",,,"PRIMARY","VGSM_DB"
"4195E9A3-AF94-4969-A16E-6FCF9F252858","1","ARCHIVE_AUDIT_TRANS","TRUE", , ,"108","TRUE",,"FALSE","FALSE","FALSE","FALSE","2","2","2",,,"ARCHIVE_AUDIT_TRANS","ARCHIVE_AUDIT_TRANS","ARCHIVE_TABLE_SET",,,"5528A1CD-6F3E-4421-BB1D-AE48BF725326","1","AUDIT_TRANSACTION",,,"PRIMARY","VGSM_DB"
"4195E9A3-AF94-4969-A16E-6FCF9F252858","1","ARCHIVE_AUDIT_EVENT","TRUE", , ,"109","TRUE",,"FALSE","FALSE","FALSE","FALSE","2","2","2",,,"ARCHIVE_AUDIT_EVENT","ARCHIVE_AUDIT_EVENT","ARCHIVE_TABLE_SET",,,"43DA6299-ACCC-4547-8118-5D732787C670","1","AUDIT_EVENT",,,"PRIMARY","VGSM_DB"
"4195E9A3-AF94-4969-A16E-6FCF9F252858","1","ARCHIVE_AUDIT_DATA","TRUE", , ,"110","TRUE",,"FALSE","FALSE","FALSE","FALSE","2","2","2",,,"ARCHIVE_AUDIT_DATA","ARCHIVE_AUDIT_DATA","ARCHIVE_TABLE_SET",,,"5E759669-276B-40C1-89B3-806179FC5C07","1","AUDIT_DATA",,,"PRIMARY","VGSM_DB"
"4195E9A3-AF94-4969-A16E-6FCF9F252858","1","ARCHIVE_BATCH_HEADER","TRUE", , ,"111","TRUE",,"FALSE","FALSE","FALSE","FALSE","2","2","2",,,"ARCHIVE_BATCH_HEADER","ARCHIVE_BATCH_HEADER","ARCHIVE_TABLE_SET",,,"D317E13F-2ED9-4231-995E-6CF3B75BB79D","1","BATCH_HEADER",,,"PRIMARY","VGSM_DB"
"4195E9A3-AF94-4969-A16E-6FCF9F252858","1","ARCHIVE_BATCH_ENTRY","TRUE", , ,"112","TRUE",,"FALSE","FALSE","FALSE","FALSE","2","2","2",,,"ARCHIVE_BATCH_ENTRY","ARCHIVE_BATCH_ENTRY","ARCHIVE_TABLE_SET",,,"132FE1F4-59A6-4B93-9548-367E186EBA41","1","BATCH_ENTRY",,,"PRIMARY","VGSM_DB"
"4195E9A3-AF94-4969-A16E-6FCF9F252858","1","ARCHIVE_WORKFLOW_JOURNAL","TRUE", , ,"113","TRUE",,"FALSE","FALSE","FALSE","FALSE","2","2","2",,,"ARCHIVE_WORKFLOW_JOURNAL","ARCHIVE_WORKFLOW_JOURNAL","ARCHIVE_TABLE_SET",,,"670704D3-05B0-4DBD-9AA8-02966773E139","1","WORKFLOW_JOURNAL",,,"PRIMARY","VGSM_DB"
"4195E9A3-AF94-4969-A16E-6FCF9F252858","1","LIST_RESULT_FORMAT","TRUE", , ,"114","TRUE",,"FALSE","FALSE","FALSE","FALSE","2","2","2",,,"LIST_RESULT_FORMAT","LIST_RESULT_FORMAT",,,,,"0",,,,"PRIMARY","VGSM_DB"
"4195E9A3-AF94-4969-A16E-6FCF9F252858","1","LIST_RESULT","TRUE", , ,"115","TRUE",,"FALSE","FALSE","FALSE","FALSE","2","2","2",,,"LIST_RESULT","LIST_RESULT",,,,,"0",,,,"PRIMARY","VGSM_DB"
"4195E9A3-AF94-4969-A16E-6FCF9F252858","1","STANDARD_CONCENTRATION","TRUE", , ,"116","TRUE",,"FALSE","FALSE","FALSE","FALSE","2","2","2",,,"STANDARD_CONCENTRATION","STANDARD_CONCENTRATION",,,,,"0",,,,"PRIMARY","VGSM_DB"
"4195E9A3-AF94-4969-A16E-6FCF9F252858","1","INSPECTION_HEADER","TRUE", , ,"117","TRUE",,"FALSE","FALSE","FALSE","FALSE","2","2","2",,,"INSPECTION_HEADER","INSPECTION_HEADER",,,,,"0",,,,"PRIMARY","VGSM_DB"
"4195E9A3-AF94-4969-A16E-6FCF9F252858","1","INSPECTION_RECORD","TRUE", , ,"118","TRUE",,"FALSE","FALSE","FALSE","FALSE","2","2","2",,,"INSPECTION_RECORD","INSPECTION_RECORD",,,,,"0",,,,"PRIMARY","VGSM_DB"
"4195E9A3-AF94-4969-A16E-6FCF9F252858","1","INSPECTOR","TRUE", , ,"119","TRUE",,"FALSE","FALSE","FALSE","FALSE","2","2","2",,,"INSPECTOR","INSPECTOR",,,,,"0",,,,"PRIMARY","VGSM_DB"
"4195E9A3-AF94-4969-A16E-6FCF9F252858","1","REPORT_TMPL_HEADER","TRUE", , ,"120","TRUE","{ Ad-Hoc reporter templates tables }","FALSE","FALSE","FALSE","FALSE","2","2","2",,,"REPORT_TMPL_HEADER","REPORT_TMPL_HEADER",,,,,"0",,,,"PRIMARY","VGSM_DB"
"4195E9A3-AF94-4969-A16E-6FCF9F252858","1","REPORT_TMPL_DOC_HEADER","TRUE", , ,"121","TRUE",,"FALSE","FALSE","FALSE","FALSE","2","2","2",,,"REPORT_TMPL_DOC_HEADER","REPORT_TMPL_DOC_HEADER",,,,,"0",,,,"PRIMARY","VGSM_DB"
"4195E9A3-AF94-4969-A16E-6FCF9F252858","1","REPORT_TMPL_DOC_FOOTER","TRUE", , ,"122","TRUE",,"FALSE","FALSE","FALSE","FALSE","2","2","2",,,"REPORT_TMPL_DOC_FOOTER","REPORT_TMPL_DOC_FOOTER",,,,,"0",,,,"PRIMARY","VGSM_DB"
"4195E9A3-AF94-4969-A16E-6FCF9F252858","1","REPORT_TMPL_ADV_OPTS","TRUE", , ,"123","TRUE",,"FALSE","FALSE","FALSE","FALSE","2","2","2",,,"REPORT_TMPL_ADV_OPTS","REPORT_TMPL_ADV_OPTS",,,,,"0",,,,"PRIMARY","VGSM_DB"
"4195E9A3-AF94-4969-A16E-6FCF9F252858","1","REPORT_TMPL_LAYOUT","TRUE", , ,"124","TRUE",,"FALSE","FALSE","FALSE","FALSE","2","2","2",,,"REPORT_TMPL_LAYOUT","REPORT_TMPL_LAYOUT",,,,,"0",,,,"PRIMARY","VGSM_DB"
"4195E9A3-AF94-4969-A16E-6FCF9F252858","1","REPORT_TMPL_DATA_BLOCK","TRUE", , ,"125","TRUE",,"FALSE","FALSE","FALSE","FALSE","2","2","2",,,"REPORT_TMPL_DATA_BLOCK","REPORT_TMPL_DATA_BLOCK",,,,,"0",,,,"PRIMARY","VGSM_DB"
"4195E9A3-AF94-4969-A16E-6FCF9F252858","1","REPORT_TMPL_TEXT_BLOCK","TRUE", , ,"126","TRUE",,"FALSE","FALSE","FALSE","FALSE","2","2","2",,,"REPORT_TMPL_TEXT_BLOCK","REPORT_TMPL_TEXT_BLOCK",,,,,"0",,,,"PRIMARY","VGSM_DB"
"4195E9A3-AF94-4969-A16E-6FCF9F252858","1","REPORT_TMPL_GRAPH_BLOCK","TRUE", , ,"127","TRUE",,"FALSE","FALSE","FALSE","FALSE","2","2","2",,,"REPORT_TMPL_GRAPH_BLOCK","REPORT_TMPL_GRAPH_BLOCK",,,,,"0",,,,"PRIMARY","VGSM_DB"
"4195E9A3-AF94-4969-A16E-6FCF9F252858","1","REPORT_TMPL_FONT","TRUE", , ,"128","TRUE",,"FALSE","FALSE","FALSE","FALSE","2","2","2",,,"REPORT_TMPL_FONT","REPORT_TMPL_FONT",,,,,"0",,,,"PRIMARY","VGSM_DB"
"4195E9A3-AF94-4969-A16E-6FCF9F252858","1","REPORT_TMPL_TABS","TRUE", , ,"129","TRUE",,"FALSE","FALSE","FALSE","FALSE","2","2","2",,,"REPORT_TMPL_TABS","REPORT_TMPL_TABS",,,,,"0",,,,"PRIMARY","VGSM_DB"
"4195E9A3-AF94-4969-A16E-6FCF9F252858","1","BATCH_SQC_HEADER","TRUE", , ,"130","TRUE",,"FALSE","FALSE","FALSE","FALSE","2","2","2",,,"BATCH_SQC_HEADER","BATCH_SQC_HEADER",,,,,"0",,,,"PRIMARY","VGSM_DB"
"4195E9A3-AF94-4969-A16E-6FCF9F252858","1","BATCH_TMPL_SQC","TRUE", , ,"131","TRUE",,"FALSE","FALSE","FALSE","FALSE","2","2","2",,,"BATCH_TMPL_SQC","BATCH_TMPL_SQC",,,,,"0",,,,"PRIMARY","VGSM_DB"
"4195E9A3-AF94-4969-A16E-6FCF9F252858","1","TIMER_SCHEDULE","TRUE", , ,"132","TRUE",,"FALSE","FALSE","FALSE","FALSE","2","2","2",,,"TIMER_SCHEDULE","TIMER_SCHEDULE",,,,,"0",,,,"PRIMARY","VGSM_DB"
"4195E9A3-AF94-4969-A16E-6FCF9F252858","1","CGI_SCRIPT","TRUE", , ,"133","TRUE",,"FALSE","FALSE","FALSE","FALSE","2","2","2",,,"CGI_SCRIPT","CGI_SCRIPT",,,,,"0",,,,"PRIMARY","VGSM_DB"
"4195E9A3-AF94-4969-A16E-6FCF9F252858","1","CLIENT_ACCESS","TRUE", , ,"134","TRUE",,"FALSE","FALSE","FALSE","FALSE","2","2","2",,,"CLIENT_ACCESS","CLIENT_ACCESS",,,,,"0",,,,"PRIMARY","VGSM_DB"
"4195E9A3-AF94-4969-A16E-6FCF9F252858","1","ACCESS_LOG","TRUE", , ,"135","TRUE",,"FALSE","FALSE","FALSE","FALSE","2","2","2",,,"ACCESS_LOG","ACCESS_LOG",,,,,"0",,,,"PRIMARY","VGSM_DB"
"4195E9A3-AF94-4969-A16E-6FCF9F252858","1","LIMS_TABLE","TRUE", , ,"136","TRUE",,"FALSE","FALSE","FALSE","FALSE","2","2","2",,,"LIMS_TABLE","LIMS_TABLE",,,,,"0",,,,"PRIMARY","VGSM_DB"
"4195E9A3-AF94-4969-A16E-6FCF9F252858","1","MESSAGING","TRUE", , ,"137","TRUE",,"FALSE","FALSE","FALSE","FALSE","2","2","2",,,"MESSAGING","MESSAGING",,,,,"0",,,,"PRIMARY","VGSM_DB"
"4195E9A3-AF94-4969-A16E-6FCF9F252858","1","RULE","TRUE", , ,"138","TRUE",,"FALSE","FALSE","FALSE","FALSE","2","2","2",,,"RULE","RULE",,,,,"0",,,,"PRIMARY","VGSM_DB"
"4195E9A3-AF94-4969-A16E-6FCF9F252858","1","RULE_COUNT","TRUE", , ,"139","TRUE",,"FALSE","FALSE","FALSE","FALSE","2","2","2",,,"RULE_COUNT","RULE_COUNT",,,,,"0",,,,"PRIMARY","VGSM_DB"
"4195E9A3-AF94-4969-A16E-6FCF9F252858","1","SAMPLE_PLAN_HEADER","TRUE", , ,"140","TRUE",,"FALSE","FALSE","FALSE","FALSE","2","2","2",,,"SAMPLE_PLAN_HEADER","SAMPLE_PLAN_HEADER",,,,,"0",,,,"PRIMARY","VGSM_DB"
"4195E9A3-AF94-4969-A16E-6FCF9F252858","1","SAMPLE_PLAN_ENTRY","TRUE", , ,"141","TRUE",,"FALSE","FALSE","FALSE","FALSE","2","2","2",,,"SAMPLE_PLAN_ENTRY","SAMPLE_PLAN_ENTRY",,,,,"0",,,,"PRIMARY","VGSM_DB"
"4195E9A3-AF94-4969-A16E-6FCF9F252858","1","SAMPLE_PLAN_RULE","TRUE", , ,"142","TRUE",,"FALSE","FALSE","FALSE","FALSE","2","2","2",,,"SAMPLE_PLAN_RULE","SAMPLE_PLAN_RULE",,,,,"0",,,,"PRIMARY","VGSM_DB"
"4195E9A3-AF94-4969-A16E-6FCF9F252858","1","SAMPLE_PLAN_MATRIX","TRUE", , ,"143","TRUE",,"FALSE","FALSE","FALSE","FALSE","2","2","2",,,"SAMPLE_PLAN_MATRIX","SAMPLE_PLAN_MATRIX",,,,,"0",,,,"PRIMARY","VGSM_DB"
"4195E9A3-AF94-4969-A16E-6FCF9F252858","1","COLUMN_SET_HEADER","TRUE", , ,"144","TRUE",,"FALSE","FALSE","FALSE","FALSE","2","2","2",,,"COLUMN_SET_HEADER","COLUMN_SET_HEADER",,,,,"0",,,,"PRIMARY","VGSM_DB"
"4195E9A3-AF94-4969-A16E-6FCF9F252858","1","COLUMN_SET_ENTRY","TRUE", , ,"145","TRUE",,"FALSE","FALSE","FALSE","FALSE","2","2","2",,,"COLUMN_SET_ENTRY","COLUMN_SET_ENTRY",,,,,"0",,,,"PRIMARY","VGSM_DB"
"4195E9A3-AF94-4969-A16E-6FCF9F252858","1","STAT_CODE","TRUE", , ,"146","TRUE",,"FALSE","FALSE","FALSE","FALSE","2","2","2",,,"STAT_CODE","STAT_CODE",,,,,"0",,,,"PRIMARY","VGSM_DB"
"4195E9A3-AF94-4969-A16E-6FCF9F252858","1","STAT_ATRIB_SINGLE","TRUE", , ,"147","TRUE",,"FALSE","FALSE","FALSE","FALSE","2","2","2",,,"STAT_ATRIB_SINGLE","STAT_ATRIB_SINGLE",,,,,"0",,,,"PRIMARY","VGSM_DB"
"4195E9A3-AF94-4969-A16E-6FCF9F252858","1","STAT_ATRIB_DOUBLE","TRUE", , ,"148","TRUE",,"FALSE","FALSE","FALSE","FALSE","2","2","2",,,"STAT_ATRIB_DOUBLE","STAT_ATRIB_DOUBLE",,,,,"0",,,,"PRIMARY","VGSM_DB"
"4195E9A3-AF94-4969-A16E-6FCF9F252858","1","STAT_VARBL_SINGLE","TRUE", , ,"149","TRUE",,"FALSE","FALSE","FALSE","FALSE","2","2","2",,,"STAT_VARBL_SINGLE","STAT_VARBL_SINGLE",,,,,"0",,,,"PRIMARY","VGSM_DB"
"4195E9A3-AF94-4969-A16E-6FCF9F252858","1","SAMPLING_PROCEDURE","TRUE", , ,"150","TRUE",,"FALSE","FALSE","FALSE","FALSE","2","2","2",,,"SAMPLING_PROCEDURE","SAMPLING_PROCEDURE",,,,,"0",,,,"PRIMARY","VGSM_DB"
"4195E9A3-AF94-4969-A16E-6FCF9F252858","1","INCIDENT_TEMPLATE","TRUE", , ,"151","TRUE",,"FALSE","FALSE","FALSE","FALSE","2","2","2",,,"INCIDENT_TEMPLATE","INCIDENT_TEMPLATE",,,,,"0",,,,"PRIMARY","VGSM_DB"
"4195E9A3-AF94-4969-A16E-6FCF9F252858","1","INCIDENTS","TRUE", , ,"152","TRUE",,"FALSE","FALSE","FALSE","FALSE","2","2","2",,,"INCIDENTS","INCIDENTS",,,,,"0",,,,"PRIMARY","VGSM_DB"
"4195E9A3-AF94-4969-A16E-6FCF9F252858","1","INCIDENT_CHECKLIST","TRUE", , ,"153","TRUE",,"FALSE","FALSE","FALSE","FALSE","2","2","2",,,"INCIDENT_CHECKLIST","INCIDENT_CHECKLIST",,,,,"0",,,,"PRIMARY","VGSM_DB"
"4195E9A3-AF94-4969-A16E-6FCF9F252858","1","INC_CHECKLIST_ACTIONS","TRUE", , ,"154","TRUE",,"FALSE","FALSE","FALSE","FALSE","2","2","2",,,"INC_CHECKLIST_ACTIONS","INC_CHECKLIST_ACTIONS",,,,,"0",,,,"PRIMARY","VGSM_DB"
"4195E9A3-AF94-4969-A16E-6FCF9F252858","1","INC_CHECKLIST_RESULTS","TRUE", , ,"155","TRUE",,"FALSE","FALSE","FALSE","FALSE","2","2","2",,,"INC_CHECKLIST_RESULTS","INC_CHECKLIST_RESULTS",,,,,"0",,,,"PRIMARY","VGSM_DB"
"4195E9A3-AF94-4969-A16E-6FCF9F252858","1","ICON","TRUE", , ,"156","TRUE",,"FALSE","FALSE","FALSE","FALSE","2","2","2",,,"ICON","ICON",,,,,"0",,,,"PRIMARY","VGSM_DB"
"4195E9A3-AF94-4969-A16E-6FCF9F252858","1","EXPLORER_CABINET","TRUE", , ,"157","TRUE",,"FALSE","FALSE","FALSE","FALSE","2","2","2",,,"EXPLORER_CABINET","EXPLORER_CABINET",,,,,"0",,,,"PRIMARY","VGSM_DB"
"4195E9A3-AF94-4969-A16E-6FCF9F252858","1","EXPLORER_FOLDER","TRUE", , ,"158","TRUE",,"FALSE","FALSE","FALSE","FALSE","2","2","2",,,"EXPLORER_FOLDER","EXPLORER_FOLDER",,,,,"0",,,,"PRIMARY","VGSM_DB"
"4195E9A3-AF94-4969-A16E-6FCF9F252858","1","EXPLORER_COLUMN","TRUE", , ,"159","TRUE",,"FALSE","FALSE","FALSE","FALSE","2","2","2",,,"EXPLORER_COLUMN","EXPLORER_COLUMN",,,,,"0",,,,"PRIMARY","VGSM_DB"
"4195E9A3-AF94-4969-A16E-6FCF9F252858","1","EXPLORER_COLUMN_USER","TRUE", , ,"160","TRUE",,"FALSE","FALSE","FALSE","FALSE","2","2","2",,,"EXPLORER_COLUMN_USER","EXPLORER_COLUMN_USER",,,,,"0",,,,"PRIMARY","VGSM_DB"
"4195E9A3-AF94-4969-A16E-6FCF9F252858","1","EXPLORER_RMB","TRUE", , ,"161","TRUE",,"FALSE","FALSE","FALSE","FALSE","2","2","2",,,"EXPLORER_RMB","EXPLORER_RMB",,,,,"0",,,,"PRIMARY","VGSM_DB"
"4195E9A3-AF94-4969-A16E-6FCF9F252858","1","EXPLORER_GROUP","TRUE", , ,"162","TRUE",,"FALSE","FALSE","FALSE","FALSE","2","2","2",,,"EXPLORER_GROUP","EXPLORER_GROUP",,,,,"0",,,,"PRIMARY","VGSM_DB"
"4195E9A3-AF94-4969-A16E-6FCF9F252858","1","EXPLORER_AUX","TRUE", , ,"163","TRUE",,"FALSE","FALSE","FALSE","FALSE","2","2","2",,,"EXPLORER_AUX","EXPLORER_AUX",,,,,"0",,,,"PRIMARY","VGSM_DB"
"4195E9A3-AF94-4969-A16E-6FCF9F252858","1","EXPLORER_AUX_FIELDS","TRUE", , ,"164","TRUE",,"FALSE","FALSE","FALSE","FALSE","2","2","2",,,"EXPLORER_AUX_FIELDS","EXPLORER_AUX_FIELDS",,,,,"0",,,,"PRIMARY","VGSM_DB"
"4195E9A3-AF94-4969-A16E-6FCF9F252858","1","EXPLORER_FOLDER_ICON","TRUE", , ,"165","TRUE",,"FALSE","FALSE","FALSE","FALSE","2","2","2",,,"EXPLORER_FOLDER_ICON","EXPLORER_FOLDER_ICON",,,,,"0",,,,"PRIMARY","VGSM_DB"
"4195E9A3-AF94-4969-A16E-6FCF9F252858","1","EXPLORER_FOLDER_LINK","TRUE", , ,"166","TRUE",,"FALSE","FALSE","FALSE","FALSE","2","2","2",,,"EXPLORER_FOLDER_LINK","EXPLORER_FOLDER_LINK",,,,,"0",,,,"PRIMARY","VGSM_DB"
"4195E9A3-AF94-4969-A16E-6FCF9F252858","1","EXPLORER_EXPRESSION","TRUE", , ,"167","TRUE",,"FALSE","FALSE","FALSE","FALSE","2","2","2",,,"EXPLORER_EXPRESSION","EXPLORER_EXPRESSION",,,,,"0",,,,"PRIMARY","VGSM_DB"
"4195E9A3-AF94-4969-A16E-6FCF9F252858","1","LOT_TEMPLATE","TRUE", , ,"168","TRUE","{ Lot Management Tables }","FALSE","FALSE","FALSE","FALSE","2","2","2",,,"LOT_TEMPLATE","LOT_TEMPLATE",,,,,"0",,,,"PRIMARY","VGSM_DB"
"4195E9A3-AF94-4969-A16E-6FCF9F252858","1","LOT_DETAILS","TRUE", , ,"169","TRUE",,"FALSE","FALSE","FALSE","FALSE","2","2","2",,"LOT","LOT_DETAILS","LOT_DETAILS",,,,,"0",,,,"PRIMARY","VGSM_DB"
"4195E9A3-AF94-4969-A16E-6FCF9F252858","1","LOT_RELATION","TRUE", , ,"170","TRUE",,"FALSE","FALSE","FALSE","FALSE","2","2","2",,,"LOT_RELATION","LOT_RELATION",,,,,"0",,,,"PRIMARY","VGSM_DB"
"4195E9A3-AF94-4969-A16E-6FCF9F252858","1","WORKING_SCHEDULE","TRUE", , ,"171","TRUE",,"FALSE","FALSE","FALSE","FALSE","2","2","2",,,"WORKING_SCHEDULE","WORKING_SCHEDULE",,,,,"0",,,,"PRIMARY","VGSM_DB"
"4195E9A3-AF94-4969-A16E-6FCF9F252858","1","WORKING_SCHEDULE_HEADER","TRUE", , ,"172","TRUE",,"FALSE","FALSE","FALSE","FALSE","2","2","2",,,"WORKING_SCHEDULE_HEADER","WORKING_SCHEDULE_HEADER",,,,,"0",,,,"PRIMARY","VGSM_DB"
"4195E9A3-AF94-4969-A16E-6FCF9F252858","1","EXPLORER_ROLE","TRUE", , ,"173","TRUE",,"FALSE","FALSE","FALSE","FALSE","2","2","2",,,"EXPLORER_ROLE","EXPLORER_ROLE",,,,,"0",,,,"PRIMARY","VGSM_DB"
"4195E9A3-AF94-4969-A16E-6FCF9F252858","1","EXPLORER_CABINET_ROLE","TRUE", , ,"174","TRUE",,"FALSE","FALSE","FALSE","FALSE","2","2","2",,,"EXPLORER_CABINET_ROLE","EXPLORER_CABINET_ROLE",,,,,"0",,,,"PRIMARY","VGSM_DB"
"4195E9A3-AF94-4969-A16E-6FCF9F252858","1","MASTER_MENU","TRUE", , ,"175","TRUE",,"FALSE","FALSE","FALSE","FALSE","2","2","2",,,"MASTER_MENU","MASTER_MENU",,,,,"0",,,,"PRIMARY","VGSM_DB"
"4195E9A3-AF94-4969-A16E-6FCF9F252858","1","ROLE_HEADER","TRUE", , ,"176","TRUE",,"FALSE","FALSE","FALSE","FALSE","2","2","2",,,"ROLE_HEADER","ROLE_HEADER",,,,,"0",,,,"PRIMARY","VGSM_DB"
"4195E9A3-AF94-4969-A16E-6FCF9F252858","1","ROLE_ENTRY","TRUE", , ,"177","TRUE",,"FALSE","FALSE","FALSE","FALSE","2","2","2",,,"ROLE_ENTRY","ROLE_ENTRY",,,,,"0",,,,"PRIMARY","VGSM_DB"
"4195E9A3-AF94-4969-A16E-6FCF9F252858","1","ROLE_ASSIGNMENT","TRUE", , ,"178","TRUE",,"FALSE","FALSE","FALSE","FALSE","2","2","2",,,"ROLE_ASSIGNMENT","ROLE_ASSIGNMENT",,,,,"0",,,,"PRIMARY","VGSM_DB"
"4195E9A3-AF94-4969-A16E-6FCF9F252858","1","COMPONENT_EQUIVALENCE","TRUE", , ,"179","TRUE",,"FALSE","FALSE","FALSE","FALSE","2","2","2",,"COMPEQUIV","COMPONENT_EQUIVALENCE","COMPONENT_EQUIVALENCE",,,,,"0",,,,"PRIMARY","VGSM_DB"
"4195E9A3-AF94-4969-A16E-6FCF9F252858","1","DESTINATION","TRUE", , ,"180","TRUE",,"FALSE","FALSE","FALSE","FALSE","2","2","2",,,"DESTINATION","DESTINATION",,,,,"0",,,,"PRIMARY","VGSM_DB"
"4195E9A3-AF94-4969-A16E-6FCF9F252858","1","DATA_TRAIL_ENTRY","TRUE", , ,"181","TRUE",,"FALSE","FALSE","FALSE","FALSE","2","2","2",,,"DATA_TRAIL_ENTRY","DATA_TRAIL_ENTRY",,,,,"0",,,,"PRIMARY","VGSM_DB"
"4195E9A3-AF94-4969-A16E-6FCF9F252858","1","DESTINATION_FAILURE","TRUE", , ,"182","TRUE","{ more xml_record fields may be added if an xml record }
{ definition is greater than 5 * 2000 characters       }","FALSE","FALSE","FALSE","FALSE","2","2","2",,,"DESTINATION_FAILURE","DESTINATION_FAILURE",,,,,"0",,,,"PRIMARY","VGSM_DB"
"4195E9A3-AF94-4969-A16E-6FCF9F252858","1","USER_SETTING","TRUE", , ,"183","TRUE",,"FALSE","FALSE","FALSE","FALSE","2","2","2",,,"USER_SETTING","USER_SETTING",,,,,"0",,,,"PRIMARY","VGSM_DB"
"4195E9A3-AF94-4969-A16E-6FCF9F252858","1","ESIG_EVENT","TRUE", , ,"184","TRUE",,"FALSE","FALSE","FALSE","FALSE","2","2","2",,,"ESIG_EVENT","ESIG_EVENT",,,,,"0",,,,"PRIMARY","VGSM_DB"
"4195E9A3-AF94-4969-A16E-6FCF9F252858","1","ESIG_DATA","TRUE", , ,"185","TRUE",,"FALSE","FALSE","FALSE","FALSE","2","2","2",,,"ESIG_DATA","ESIG_DATA",,,,,"0",,,,"PRIMARY","VGSM_DB"
"4195E9A3-AF94-4969-A16E-6FCF9F252858","1","ESIG_CHECKSUM_FIELDS","TRUE", , ,"186","TRUE",,"FALSE","FALSE","FALSE","FALSE","2","2","2",,,"ESIG_CHECKSUM_FIELDS","ESIG_CHECKSUM_FIELDS",,,,,"0",,,,"PRIMARY","VGSM_DB"
"4195E9A3-AF94-4969-A16E-6FCF9F252858","1","C_ESIG_EVENT","TRUE", , ,"187","TRUE","{ Committed Esig tables }","FALSE","FALSE","FALSE","FALSE","2","2","2",,,"C_ESIG_EVENT","C_ESIG_EVENT","DEFAULT_TABLE_SET",,,"33B7042D-375E-4E87-AF38-AD48E6097556","1","ESIG_EVENT",,,"PRIMARY","VGSM_DB"
"4195E9A3-AF94-4969-A16E-6FCF9F252858","1","C_ESIG_DATA","TRUE", , ,"188","TRUE",,"FALSE","FALSE","FALSE","FALSE","2","2","2",,,"C_ESIG_DATA","C_ESIG_DATA","DEFAULT_TABLE_SET",,,"4E8BB430-65D0-4C98-90B6-5F8FD74F0C4E","1","ESIG_DATA",,,"PRIMARY","VGSM_DB"
"4195E9A3-AF94-4969-A16E-6FCF9F252858","1","ARCHIVE_ESIG_EVENT","TRUE", , ,"189","TRUE","{ Archived Esig tables }","FALSE","FALSE","FALSE","FALSE","2","2","2",,,"ARCHIVE_ESIG_EVENT","ARCHIVE_ESIG_EVENT","ARCHIVE_TABLE_SET",,,"33B7042D-375E-4E87-AF38-AD48E6097556","1","ESIG_EVENT",,,"PRIMARY","VGSM_DB"
"4195E9A3-AF94-4969-A16E-6FCF9F252858","1","ARCHIVE_ESIG_DATA","TRUE", , ,"190","TRUE",,"FALSE","FALSE","FALSE","FALSE","2","2","2",,,"ARCHIVE_ESIG_DATA","ARCHIVE_ESIG_DATA","ARCHIVE_TABLE_SET",,,"4E8BB430-65D0-4C98-90B6-5F8FD74F0C4E","1","ESIG_DATA",,,"PRIMARY","VGSM_DB"
"4195E9A3-AF94-4969-A16E-6FCF9F252858","1","CALC_FUNCTION","TRUE", , ,"191","TRUE",,"FALSE","FALSE","FALSE","FALSE","2","2","2",,,"CALC_FUNCTION","CALC_FUNCTION",,,,,"0",,,,"PRIMARY","VGSM_DB"
"4195E9A3-AF94-4969-A16E-6FCF9F252858","1","CALC_FUNCTION_PARAMETER","TRUE", , ,"192","TRUE",,"FALSE","FALSE","FALSE","FALSE","2","2","2",,,"CALC_FUNCTION_PARAMETER","CALC_FUNCTION_PARAMETER",,,,,"0",,,,"PRIMARY","VGSM_DB"
"4195E9A3-AF94-4969-A16E-6FCF9F252858","1","TAB_GUI","TRUE", , ,"193","TRUE",,"FALSE","FALSE","FALSE","FALSE","2","2","2",,,"TAB_GUI","TAB_GUI",,,,,"0",,,,"PRIMARY","VGSM_DB"
"4195E9A3-AF94-4969-A16E-6FCF9F252858","1","TAB_CRITERIA","TRUE", , ,"194","TRUE",,"FALSE","FALSE","FALSE","FALSE","2","2","2",,,"TAB_CRITERIA","TAB_CRITERIA",,,,,"0",,,,"PRIMARY","VGSM_DB"
"4195E9A3-AF94-4969-A16E-6FCF9F252858","1","TAB_RESULT_CRITERIA","TRUE", , ,"195","TRUE",,"FALSE","FALSE","FALSE","FALSE","2","2","2",,,"TAB_RESULT_CRITERIA","TAB_RESULT_CRITERIA",,,,,"0",,,,"PRIMARY","VGSM_DB"
"4195E9A3-AF94-4969-A16E-6FCF9F252858","1","TAB_OUTPUT_COLUMNS","TRUE", , ,"196","TRUE",,"FALSE","FALSE","FALSE","FALSE","2","2","2",,,"TAB_OUTPUT_COLUMNS","TAB_OUTPUT_COLUMNS",,,,,"0",,,,"PRIMARY","VGSM_DB"
"4195E9A3-AF94-4969-A16E-6FCF9F252858","1","INFOMAKER_LINK","TRUE", , ,"197","TRUE","{*******************************************************************************
* INFOMAKER_LINK Table
*******************************************************************************}","FALSE","FALSE","FALSE","FALSE","2","2","2",,,"INFOMAKER_LINK","INFOMAKER_LINK",,,,,"0",,,,"PRIMARY","VGSM_DB"
"4195E9A3-AF94-4969-A16E-6FCF9F252858","1","INFOMAKER_PARAMETERS","TRUE", , ,"198","TRUE","{*******************************************************************************
* Infomaker_parameters Table
*******************************************************************************}","FALSE","FALSE","FALSE","FALSE","2","2","2",,,"INFOMAKER_PARAMETERS","INFOMAKER_PARAMETERS",,,,,"0",,,,"PRIMARY","VGSM_DB"
"4195E9A3-AF94-4969-A16E-6FCF9F252858","1","FAVOURITE","TRUE", , ,"199","TRUE",,"FALSE","FALSE","FALSE","FALSE","2","2","2",,,"FAVOURITE","FAVOURITE",,,,,"0",,,,"PRIMARY","VGSM_DB"
"4195E9A3-AF94-4969-A16E-6FCF9F252858","1","BL_TYPE","TRUE", , ,"200","TRUE","{****************************************}
{* Business Logic Type definition table *}
{****************************************}","FALSE","FALSE","FALSE","FALSE","2","2","2",,,"BL_TYPE","BL_TYPE",,,,,"0",,,,"PRIMARY","VGSM_DB"
"4195E9A3-AF94-4969-A16E-6FCF9F252858","1","BL_RELATIONSHIP","TRUE", , ,"201","TRUE",,"FALSE","FALSE","FALSE","FALSE","2","2","2",,,"BL_RELATIONSHIP","BL_RELATIONSHIP",,,,,"0",,,,"PRIMARY","VGSM_DB"
"4195E9A3-AF94-4969-A16E-6FCF9F252858","1","BL_RELATIONSHIP_CLAUSE","TRUE", , ,"202","TRUE",,"FALSE","FALSE","FALSE","FALSE","2","2","2",,,"BL_RELATIONSHIP_CLAUSE","BL_RELATIONSHIP_CLAUSE",,,,,"0",,,,"PRIMARY","VGSM_DB"
"4195E9A3-AF94-4969-A16E-6FCF9F252858","1","LIMSML_ENTITY_ACTION","TRUE", , ,"203","TRUE","{*************************************************}
{ LIMSML Tables                                   }
{*************************************************}","FALSE","FALSE","FALSE","FALSE","2","2","2",,,"LIMSML_ENTITY_ACTION","LIMSML_ENTITY_ACTION",,,,,"0",,,,"PRIMARY","VGSM_DB"
"4195E9A3-AF94-4969-A16E-6FCF9F252858","1","LIMSML_ENTITY_PARAM","TRUE", , ,"204","TRUE",,"FALSE","FALSE","FALSE","FALSE","2","2","2",,,"LIMSML_ENTITY_PARAM","LIMSML_ENTITY_PARAM",,,,,"0",,,,"PRIMARY","VGSM_DB"
"4195E9A3-AF94-4969-A16E-6FCF9F252858","1","INTERFACE","TRUE", , ,"205","TRUE","{*************************************************}
{ User Interface Tables                           }
{*************************************************}","FALSE","FALSE","FALSE","FALSE","2","2","2",,,"INTERFACE","INTERFACE",,,,,"0",,,,"PRIMARY","VGSM_DB"
"4195E9A3-AF94-4969-A16E-6FCF9F252858","1","INTERFACE_FIELD","TRUE", , ,"206","TRUE",,"FALSE","FALSE","FALSE","FALSE","2","2","2",,,"INTERFACE_FIELD","INTERFACE_FIELD",,,,,"0",,,,"PRIMARY","VGSM_DB"
"4195E9A3-AF94-4969-A16E-6FCF9F252858","1","INTERFACE_ACTION","TRUE", , ,"207","TRUE",,"FALSE","FALSE","FALSE","FALSE","2","2","2",,,"INTERFACE_ACTION","INTERFACE_ACTION",,,,,"0",,,,"PRIMARY","VGSM_DB"
"4195E9A3-AF94-4969-A16E-6FCF9F252858","1","WEB_LINK","TRUE", , ,"208","TRUE","{*************************************************}
{ Web Tables                                      }
{*************************************************}","FALSE","FALSE","FALSE","FALSE","2","2","2",,,"WEB_LINK","WEB_LINK",,,,,"0",,,,"PRIMARY","VGSM_DB"
"4195E9A3-AF94-4969-A16E-6FCF9F252858","1","WEB_MENU_SECTION","TRUE", , ,"209","TRUE",,"FALSE","FALSE","FALSE","FALSE","2","2","2",,,"WEB_MENU_SECTION","WEB_MENU_SECTION",,,,,"0",,,,"PRIMARY","VGSM_DB"
"4195E9A3-AF94-4969-A16E-6FCF9F252858","1","WEB_MENU_ITEM","TRUE", , ,"210","TRUE",,"FALSE","FALSE","FALSE","FALSE","2","2","2",,,"WEB_MENU_ITEM","WEB_MENU_ITEM",,,,,"0",,,,"PRIMARY","VGSM_DB"
"4195E9A3-AF94-4969-A16E-6FCF9F252858","1","MLP_FAMILY_HEADER","TRUE", , ,"211","TRUE","{*************************************************}
{ Product Families                                }
{*************************************************}","FALSE","FALSE","FALSE","FALSE","2","2","2",,,"MLP_FAMILY_HEADER","MLP_FAMILY_HEADER",,,,,"0",,,,"PRIMARY","VGSM_DB"
"4195E9A3-AF94-4969-A16E-6FCF9F252858","1","MLP_FAMILY","TRUE", , ,"212","TRUE",,"FALSE","FALSE","FALSE","FALSE","2","2","2",,,"MLP_FAMILY","MLP_FAMILY",,,,,"0",,,,"PRIMARY","VGSM_DB"
"4195E9A3-AF94-4969-A16E-6FCF9F252858","1","CERTIFICATE_TEMPLATE","TRUE", , ,"213","TRUE","{*************************************************}
{ CoA Tables                                      }
{*************************************************}
{ Obsolete Replaced by CERT_TEMPLATE in SM-12-2 }","FALSE","FALSE","FALSE","FALSE","2","2","2",,,"CERTIFICATE_TEMPLATE","CERTIFICATE_TEMPLATE",,,,,"0",,,,"PRIMARY","VGSM_DB"
"4195E9A3-AF94-4969-A16E-6FCF9F252858","1","CERT_SECTION","TRUE", , ,"214","TRUE","{ Obsolete Replaced in SM-12-2 }","FALSE","FALSE","FALSE","FALSE","2","2","2",,,"CERT_SECTION","CERT_SECTION",,,,,"0",,,,"PRIMARY","VGSM_DB"
"4195E9A3-AF94-4969-A16E-6FCF9F252858","1","CERT_SECTION_PROMPT","TRUE", , ,"215","TRUE","{ Obsolete Replaced in SM-12-2 }","FALSE","FALSE","FALSE","FALSE","2","2","2",,,"CERT_SECTION_PROMPT","CERT_SECTION_PROMPT",,,,,"0",,,,"PRIMARY","VGSM_DB"
"4195E9A3-AF94-4969-A16E-6FCF9F252858","1","CERT_SECTION_DATA","TRUE", , ,"216","TRUE","{ Obsolete Replaced in SM-12-2 }","FALSE","FALSE","FALSE","FALSE","2","2","2",,,"CERT_SECTION_DATA","CERT_SECTION_DATA",,,,,"0",,,,"PRIMARY","VGSM_DB"
"4195E9A3-AF94-4969-A16E-6FCF9F252858","1","CERT_SECTION_RESULT","TRUE", , ,"217","TRUE","{ Obsolete Replaced in SM-12-2 }","FALSE","FALSE","FALSE","FALSE","2","2","2",,,"CERT_SECTION_RESULT","CERT_SECTION_RESULT",,,,,"0",,,,"PRIMARY","VGSM_DB"
"4195E9A3-AF94-4969-A16E-6FCF9F252858","1","CERT_DESTINATION","TRUE", , ,"218","TRUE","{ Obsolete Replaced in SM-12-2 }","FALSE","FALSE","FALSE","FALSE","2","2","2",,,"CERT_DESTINATION","CERT_DESTINATION",,,,,"0",,,,"PRIMARY","VGSM_DB"
"4195E9A3-AF94-4969-A16E-6FCF9F252858","1","CERTIFICATE","TRUE", , ,"219","TRUE","{ Obsolete Replaced by CERT in SM-12-2 }","FALSE","FALSE","FALSE","FALSE","2","2","2",,,"CERTIFICATE","CERTIFICATE",,,,,"0",,,,"PRIMARY","VGSM_DB"
"4195E9A3-AF94-4969-A16E-6FCF9F252858","1","CERTIFICATE_ENTRY","TRUE", , ,"220","TRUE","{ Obsolete Replaced in SM-12-2 }","FALSE","FALSE","FALSE","FALSE","2","2","2",,,"CERTIFICATE_ENTRY","CERTIFICATE_ENTRY",,,,,"0",,,,"PRIMARY","VGSM_DB"
"4195E9A3-AF94-4969-A16E-6FCF9F252858","1","ENTITY_DEFINITION","TRUE", , ,"221","TRUE","{*******************************************************************************
* Entity Definition
*******************************************************************************}","FALSE","FALSE","FALSE","FALSE","2","2","2",,,"ENTITY_DEFINITION","ENTITY_DEFINITION",,,,,"0",,,,"PRIMARY","VGSM_DB"
"4195E9A3-AF94-4969-A16E-6FCF9F252858","1","ENTITY_DEFINITION_FIELD","TRUE", , ,"222","TRUE","{*******************************************************************************
* Entity definition field
*******************************************************************************}","FALSE","FALSE","FALSE","FALSE","2","2","2",,,"ENTITY_DEFINITION_FIELD","ENTITY_DEFINITION_FIELD",,,,,"0",,,,"PRIMARY","VGSM_DB"
"4195E9A3-AF94-4969-A16E-6FCF9F252858","1","ENTITY_DEFINITION_PROPERTY","TRUE", , ,"223","TRUE","{*******************************************************************************
* Entity definition property
*******************************************************************************}","FALSE","FALSE","FALSE","FALSE","2","2","2",,,"ENTITY_DEFINITION_PROPERTY","ENTITY_DEFINITION_PROPERTY",,,,,"0",,,,"PRIMARY","VGSM_DB"
"4195E9A3-AF94-4969-A16E-6FCF9F252858","1","ENTITY_GENERIC_PROPERTY","TRUE", , ,"224","TRUE","{*******************************************************************************
* Entity Generic Property
*******************************************************************************}","FALSE","FALSE","FALSE","FALSE","2","2","2",,,"ENTITY_GENERIC_PROPERTY","ENTITY_GENERIC_PROPERTY",,,,,"0",,,,"PRIMARY","VGSM_DB"
"4195E9A3-AF94-4969-A16E-6FCF9F252858","1","TABLE_RELATIONSHIP","TRUE", , ,"225","TRUE","{*******************************************************************************
* Table relationship
*******************************************************************************}","FALSE","FALSE","FALSE","FALSE","2","2","2",,,"TABLE_RELATIONSHIP","TABLE_RELATIONSHIP",,,,,"0",,,,"PRIMARY","VGSM_DB"
"4195E9A3-AF94-4969-A16E-6FCF9F252858","1","TABLE_RELATIONSHIP_CLAUSE","TRUE", , ,"226","TRUE","{*******************************************************************************
* Table relationship clause
*******************************************************************************}","FALSE","FALSE","FALSE","FALSE","2","2","2",,,"TABLE_RELATIONSHIP_CLAUSE","TABLE_RELATIONSHIP_CLAUSE",,,,,"0",,,,"PRIMARY","VGSM_DB"
"4195E9A3-AF94-4969-A16E-6FCF9F252858","1","MENU_TOOLBAR","TRUE", , ,"227","TRUE","{*******************************************************************************
* Menu Toolbar
*******************************************************************************}","FALSE","FALSE","FALSE","FALSE","2","2","2",,,"MENU_TOOLBAR","MENU_TOOLBAR",,,,,"0",,,,"PRIMARY","VGSM_DB"
"4195E9A3-AF94-4969-A16E-6FCF9F252858","1","EXPLORER_HIERARCHY","TRUE", , ,"228","TRUE","{*******************************************************************************
* Explorer Hierarchy Tables
*******************************************************************************}","FALSE","FALSE","FALSE","FALSE","2","2","2",,,"EXPLORER_HIERARCHY","EXPLORER_HIERARCHY",,,,,"0",,,,"PRIMARY","VGSM_DB"
"4195E9A3-AF94-4969-A16E-6FCF9F252858","1","EXPLORER_HIERARCHY_LEVEL","TRUE", , ,"229","TRUE",,"FALSE","FALSE","FALSE","FALSE","2","2","2",,,"EXPLORER_HIERARCHY_LEVEL","EXPLORER_HIERARCHY_LEVEL",,,,,"0",,,,"PRIMARY","VGSM_DB"
"4195E9A3-AF94-4969-A16E-6FCF9F252858","1","MENU_MYTASKS","TRUE", , ,"230","TRUE","{*******************************************************************************
* Menu MyTasks
*******************************************************************************}","FALSE","FALSE","FALSE","FALSE","2","2","2",,,"MENU_MYTASKS","MENU_MYTASKS",,,,,"0",,,,"PRIMARY","VGSM_DB"
"4195E9A3-AF94-4969-A16E-6FCF9F252858","1","INSTRUMENT_TEMPLATE","TRUE", , ,"231","TRUE",,"FALSE","FALSE","FALSE","FALSE","2","2","2",,,"INSTRUMENT_TEMPLATE","INSTRUMENT_TEMPLATE",,,,,"0",,,,"PRIMARY","VGSM_DB"
"4195E9A3-AF94-4969-A16E-6FCF9F252858","1","INSTRUMENT_PART_TEMPLATE","TRUE", , ,"232","TRUE",,"FALSE","FALSE","FALSE","FALSE","2","2","2",,,"INSTRUMENT_PART_TEMPLATE","INSTRUMENT_PART_TEMPLATE",,,,,"0",,,,"PRIMARY","VGSM_DB"
"4195E9A3-AF94-4969-A16E-6FCF9F252858","1","INSTRUMENT_PART_LINK_TEMPLATE","TRUE", , ,"233","TRUE",,"FALSE","FALSE","TRUE","FALSE","2","2","2",,,"INSTRUMENT_PART_LINK_TEMPLATE","INSTRUMENT_PART_LINK_TEMPLATE",,,,,"0",,,,"PRIMARY","VGSM_DB"
"4195E9A3-AF94-4969-A16E-6FCF9F252858","1","INSTRUMENT_PROPERTY_TEMPLATE","TRUE", , ,"234","TRUE",,"FALSE","FALSE","FALSE","FALSE","2","2","2",,,"INSTRUMENT_PROPERTY_TEMPLATE","INSTRUMENT_PROPERTY_TEMPLATE",,,,,"0",,,,"PRIMARY","VGSM_DB"
"4195E9A3-AF94-4969-A16E-6FCF9F252858","1","INSTRUMENT_PART","TRUE", , ,"235","TRUE",,"FALSE","FALSE","FALSE","FALSE","2","2","2",,,"INSTRUMENT_PART","INSTRUMENT_PART",,,,,"0",,,,"PRIMARY","VGSM_DB"
"4195E9A3-AF94-4969-A16E-6FCF9F252858","1","INSTRUMENT_PART_LINK","TRUE", , ,"236","TRUE",,"FALSE","FALSE","TRUE","FALSE","2","2","2",,,"INSTRUMENT_PART_LINK","INSTRUMENT_PART_LINK",,,,,"0",,,,"PRIMARY","VGSM_DB"
"4195E9A3-AF94-4969-A16E-6FCF9F252858","1","INSTRUMENT_EVENT","TRUE", , ,"237","TRUE",,"FALSE","FALSE","FALSE","FALSE","2","2","2",,,"INSTRUMENT_EVENT","INSTRUMENT_EVENT",,,,,"0",,,,"PRIMARY","VGSM_DB"
"4195E9A3-AF94-4969-A16E-6FCF9F252858","1","INSTRUMENT_PART_EVENT","TRUE", , ,"238","TRUE",,"FALSE","FALSE","FALSE","FALSE","2","2","2",,,"INSTRUMENT_PART_EVENT","INSTRUMENT_PART_EVENT",,,,,"0",,,,"PRIMARY","VGSM_DB"
"4195E9A3-AF94-4969-A16E-6FCF9F252858","1","INSTRUMENT_PROPERTY","TRUE", , ,"239","TRUE",,"FALSE","FALSE","FALSE","FALSE","2","2","2",,,"INSTRUMENT_PROPERTY","INSTRUMENT_PROPERTY",,,,,"0",,,,"PRIMARY","VGSM_DB"
"4195E9A3-AF94-4969-A16E-6FCF9F252858","1","INSTRUMENT_CALIB_SAMPLE","TRUE", , ,"240","TRUE",,"FALSE","FALSE","FALSE","FALSE","2","2","2",,,"INSTRUMENT_CALIB_SAMPLE","INSTRUMENT_CALIB_SAMPLE",,,,,"0",,,,"PRIMARY","VGSM_DB"
"4195E9A3-AF94-4969-A16E-6FCF9F252858","1","MAINTENANCE","TRUE", , ,"241","TRUE",,"FALSE","FALSE","FALSE","FALSE","2","2","2",,,"MAINTENANCE","MAINTENANCE",,,,,"0",,,,"PRIMARY","VGSM_DB"
"4195E9A3-AF94-4969-A16E-6FCF9F252858","1","MAINTENANCE_SAMPLE","TRUE", , ,"242","TRUE",,"FALSE","FALSE","FALSE","FALSE","2","2","2",,,"MAINTENANCE_SAMPLE","MAINTENANCE_SAMPLE",,,,,"0",,,,"PRIMARY","VGSM_DB"
"4195E9A3-AF94-4969-A16E-6FCF9F252858","1","LABEL_TEMPLATE","TRUE", , ,"243","TRUE",,"FALSE","FALSE","FALSE","FALSE","2","2","2",,,"LABEL_TEMPLATE","LABEL_TEMPLATE",,,,,"0",,,,"PRIMARY","VGSM_DB"
"4195E9A3-AF94-4969-A16E-6FCF9F252858","1","SCHEDULE","TRUE", , ,"244","TRUE",,"FALSE","FALSE","FALSE","FALSE","2","2","2",,,"SCHEDULE","SCHEDULE",,,,,"0",,,,"PRIMARY","VGSM_DB"
"4195E9A3-AF94-4969-A16E-6FCF9F252858","1","SCHEDULE_GROUP","TRUE", , ,"245","TRUE",,"FALSE","FALSE","FALSE","FALSE","2","2","2",,,"SCHEDULE_GROUP","SCHEDULE_GROUP",,,,,"0",,,,"PRIMARY","VGSM_DB"
"4195E9A3-AF94-4969-A16E-6FCF9F252858","1","SCHEDULE_POINT","TRUE", , ,"246","TRUE",,"FALSE","FALSE","FALSE","FALSE","2","2","2",,,"SCHEDULE_POINT","SCHEDULE_POINT",,,,,"0",,,,"PRIMARY","VGSM_DB"
"4195E9A3-AF94-4969-A16E-6FCF9F252858","1","SCHEDULE_POINT_ANALYSIS","TRUE", , ,"247","TRUE",,"FALSE","FALSE","FALSE","FALSE","2","2","2",,,"SCHEDULE_POINT_ANALYSIS","SCHEDULE_POINT_ANALYSIS",,,,,"0",,,,"PRIMARY","VGSM_DB"
"4195E9A3-AF94-4969-A16E-6FCF9F252858","1","SCHEDULE_POINT_TEST_SCHEDULE","TRUE", , ,"248","TRUE",,"FALSE","FALSE","FALSE","FALSE","2","2","2",,,"SCHEDULE_POINT_TEST_SCHEDULE","SCHEDULE_POINT_TEST_SCHEDULE",,,,,"0",,,,"PRIMARY","VGSM_DB"
"4195E9A3-AF94-4969-A16E-6FCF9F252858","1","SCHEDULE_CALENDAR","TRUE", , ,"249","TRUE",,"FALSE","FALSE","FALSE","FALSE","2","2","2",,,"SCHEDULE_CALENDAR","SCHEDULE_CALENDAR",,,,,"0",,,,"PRIMARY","VGSM_DB"
"4195E9A3-AF94-4969-A16E-6FCF9F252858","1","SCHEDULE_CALENDAR_PERIOD","TRUE", , ,"250","TRUE",,"FALSE","FALSE","FALSE","FALSE","2","2","2",,,"SCHEDULE_CALENDAR_PERIOD","SCHEDULE_CALENDAR_PERIOD",,,,,"0",,,,"PRIMARY","VGSM_DB"
"4195E9A3-AF94-4969-A16E-6FCF9F252858","1","LANGUAGE","TRUE", , ,"251","TRUE",,"FALSE","FALSE","FALSE","FALSE","2","2","2",,,"LANGUAGE","LANGUAGE",,,,,"0",,,,"PRIMARY","VGSM_DB"
"4195E9A3-AF94-4969-A16E-6FCF9F252858","1","STOCK","TRUE", , ,"252","TRUE",,"FALSE","FALSE","FALSE","FALSE","2","2","2",,,"STOCK","STOCK",,,,,"0",,,,"PRIMARY","VGSM_DB"
"4195E9A3-AF94-4969-A16E-6FCF9F252858","1","STOCK_PROPERTY","TRUE", , ,"253","TRUE",,"FALSE","FALSE","FALSE","FALSE","2","2","2",,,"STOCK_PROPERTY","STOCK_PROPERTY",,,,,"0",,,,"PRIMARY","VGSM_DB"
"4195E9A3-AF94-4969-A16E-6FCF9F252858","1","SUPPLIER","TRUE", , ,"254","TRUE",,"FALSE","FALSE","FALSE","FALSE","2","2","2",,,"SUPPLIER","SUPPLIER",,,,,"0",,,,"PRIMARY","VGSM_DB"
"4195E9A3-AF94-4969-A16E-6FCF9F252858","1","SUPPLIER_DETAIL","TRUE", , ,"255","TRUE",,"FALSE","FALSE","FALSE","FALSE","2","2","2",,,"SUPPLIER_DETAIL","SUPPLIER_DETAIL",,,,,"0",,,,"PRIMARY","VGSM_DB"
"4195E9A3-AF94-4969-A16E-6FCF9F252858","1","VERSIONED_ANALYSIS_STOCK_USE","TRUE", , ,"256","TRUE",,"FALSE","FALSE","FALSE","FALSE","2","2","2",,,"VERSIONED_ANALYSIS_STOCK_USE","VERSIONED_ANALYSIS_STOCK_USE",,,,,"0",,,,"PRIMARY","VGSM_DB"
"4195E9A3-AF94-4969-A16E-6FCF9F252858","1","STOCK_BATCH","TRUE", , ,"257","TRUE",,"FALSE","FALSE","FALSE","FALSE","2","2","2",,,"STOCK_BATCH","STOCK_BATCH",,,,,"0",,,,"PRIMARY","VGSM_DB"
"4195E9A3-AF94-4969-A16E-6FCF9F252858","1","STOCK_BATCH_PROPERTY","TRUE", , ,"258","TRUE",,"FALSE","FALSE","FALSE","FALSE","2","2","2",,,"STOCK_BATCH_PROPERTY","STOCK_BATCH_PROPERTY",,,,,"0",,,,"PRIMARY","VGSM_DB"
"4195E9A3-AF94-4969-A16E-6FCF9F252858","1","STOCK_INVENTORY","TRUE", , ,"259","TRUE",,"FALSE","FALSE","FALSE","FALSE","2","2","2",,,"STOCK_INVENTORY","STOCK_INVENTORY",,,,,"0",,,,"PRIMARY","VGSM_DB"
"4195E9A3-AF94-4969-A16E-6FCF9F252858","1","STOCK_ORDER","TRUE", , ,"260","TRUE",,"FALSE","FALSE","FALSE","FALSE","2","2","2",,,"STOCK_ORDER","STOCK_ORDER",,,,,"0",,,,"PRIMARY","VGSM_DB"
"4195E9A3-AF94-4969-A16E-6FCF9F252858","1","STOCK_ORDER_ITEM","TRUE", , ,"261","TRUE",,"FALSE","FALSE","FALSE","FALSE","2","2","2",,,"STOCK_ORDER_ITEM","STOCK_ORDER_ITEM",,,,,"0",,,,"PRIMARY","VGSM_DB"
"4195E9A3-AF94-4969-A16E-6FCF9F252858","1","TRAINING_COURSE","TRUE", , ,"262","TRUE",,"FALSE","FALSE","FALSE","FALSE","2","2","2",,,"TRAINING_COURSE","TRAINING_COURSE",,,,,"0",,,,"PRIMARY","VGSM_DB"
"4195E9A3-AF94-4969-A16E-6FCF9F252858","1","PERSONNEL_TRAINING","TRUE", , ,"263","TRUE",,"FALSE","FALSE","FALSE","FALSE","2","2","2",,,"PERSONNEL_TRAINING","PERSONNEL_TRAINING",,,,,"0",,,,"PRIMARY","VGSM_DB"
"4195E9A3-AF94-4969-A16E-6FCF9F252858","1","VERSIONED_ANALYSIS_TRAINING","TRUE", , ,"264","TRUE",,"FALSE","FALSE","FALSE","FALSE","2","2","2",,,"VERSIONED_ANALYSIS_TRAINING","VERSIONED_ANALYSIS_TRAINING",,,,,"0",,,,"PRIMARY","VGSM_DB"
"4195E9A3-AF94-4969-A16E-6FCF9F252858","1","INSTRUMENT_TRAINING","TRUE", , ,"265","TRUE",,"FALSE","FALSE","FALSE","FALSE","2","2","2",,,"INSTRUMENT_TRAINING","INSTRUMENT_TRAINING",,,,,"0",,,,"PRIMARY","VGSM_DB"
"4195E9A3-AF94-4969-A16E-6FCF9F252858","1","PREPARATION_TRAINING","TRUE", , ,"266","TRUE",,"FALSE","FALSE","FALSE","FALSE","2","2","2",,,"PREPARATION_TRAINING","PREPARATION_TRAINING",,,,,"0",,,,"PRIMARY","VGSM_DB"
"4195E9A3-AF94-4969-A16E-6FCF9F252858","1","LOCATION_TYPE","TRUE", , ,"267","TRUE",,"FALSE","FALSE","FALSE","FALSE","2","2","2",,,"LOCATION_TYPE","LOCATION_TYPE",,,,,"0",,,,"PRIMARY","VGSM_DB"
"4195E9A3-AF94-4969-A16E-6FCF9F252858","1","LOCATION_TYPE_ASSIGN_ENTRY","TRUE", , ,"268","TRUE",,"FALSE","FALSE","FALSE","FALSE","2","2","2",,,"LOCATION_TYPE_ASSIGN_ENTRY","LOCATION_TYPE_ASSIGN_ENTRY",,,,,"0",,,,"PRIMARY","VGSM_DB"
"4195E9A3-AF94-4969-A16E-6FCF9F252858","1","LOCATION_ASSIGN_ENTRY","TRUE", , ,"269","TRUE",,"FALSE","FALSE","FALSE","FALSE","2","2","2",,,"LOCATION_ASSIGN_ENTRY","LOCATION_ASSIGN_ENTRY",,,,,"0",,,,"PRIMARY","VGSM_DB"
"4195E9A3-AF94-4969-A16E-6FCF9F252858","1","LOCATION_TYPE_LIST","TRUE", , ,"270","TRUE",,"FALSE","FALSE","FALSE","FALSE","2","2","2",,,"LOCATION_TYPE_LIST","LOCATION_TYPE_LIST",,,,,"0",,,,"PRIMARY","VGSM_DB"
"4195E9A3-AF94-4969-A16E-6FCF9F252858","1","SUBSTANCE","TRUE", , ,"271","TRUE",,"FALSE","FALSE","FALSE","FALSE","2","2","2",,,"SUBSTANCE","SUBSTANCE",,,,,"0",,,,"PRIMARY","VGSM_DB"
"4195E9A3-AF94-4969-A16E-6FCF9F252858","1","SUBSTANCE_HAZARD","TRUE", , ,"272","TRUE",,"FALSE","FALSE","FALSE","FALSE","2","2","2",,,"SUBSTANCE_HAZARD","SUBSTANCE_HAZARD",,,,,"0",,,,"PRIMARY","VGSM_DB"
"4195E9A3-AF94-4969-A16E-6FCF9F252858","1","SUBSTANCE_SAFETY","TRUE", , ,"273","TRUE",,"FALSE","FALSE","FALSE","FALSE","2","2","2",,,"SUBSTANCE_SAFETY","SUBSTANCE_SAFETY",,,,,"0",,,,"PRIMARY","VGSM_DB"
"4195E9A3-AF94-4969-A16E-6FCF9F252858","1","SUBSTANCE_RISK","TRUE", , ,"274","TRUE",,"FALSE","FALSE","FALSE","FALSE","2","2","2",,,"SUBSTANCE_RISK","SUBSTANCE_RISK",,,,,"0",,,,"PRIMARY","VGSM_DB"
"4195E9A3-AF94-4969-A16E-6FCF9F252858","1","SUBSTANCE_GHS_PICTOGRAM","TRUE", , ,"275","TRUE",,"FALSE","FALSE","FALSE","FALSE","2","2","2",,,"SUBSTANCE_GHS_PICTOGRAM","SUBSTANCE_GHS_PICTOGRAM",,,,,"0",,,,"PRIMARY","VGSM_DB"
"4195E9A3-AF94-4969-A16E-6FCF9F252858","1","SUBSTANCE_GHS_HAZARD","TRUE", , ,"276","TRUE",,"FALSE","FALSE","FALSE","FALSE","2","2","2",,,"SUBSTANCE_GHS_HAZARD","SUBSTANCE_GHS_HAZARD",,,,,"0",,,,"PRIMARY","VGSM_DB"
"4195E9A3-AF94-4969-A16E-6FCF9F252858","1","SUBSTANCE_GHS_PRECAUTIONARY","TRUE", , ,"277","TRUE",,"FALSE","FALSE","FALSE","FALSE","2","2","2",,,"SUBSTANCE_GHS_PRECAUTIONARY","SUBSTANCE_GHS_PRECAUTIONARY",,,,,"0",,,,"PRIMARY","VGSM_DB"
"4195E9A3-AF94-4969-A16E-6FCF9F252858","1","REPORT_TEMPLATE","TRUE", , ,"278","TRUE",,"FALSE","FALSE","FALSE","FALSE","2","2","2",,,"REPORT_TEMPLATE","REPORT_TEMPLATE",,,,,"0",,,,"PRIMARY","VGSM_DB"
"4195E9A3-AF94-4969-A16E-6FCF9F252858","1","FORM","TRUE", , ,"279","TRUE","{******PETRL ADDITIONS END******}
{*************************************************}
{ Form Designer Tables                            }
{*************************************************}","FALSE","FALSE","FALSE","FALSE","2","2","2",,,"FORM","FORM",,,,,"0",,,,"PRIMARY","VGSM_DB"
"4195E9A3-AF94-4969-A16E-6FCF9F252858","1","FORM_PAGE","TRUE", , ,"280","TRUE",,"FALSE","FALSE","FALSE","FALSE","2","2","2",,,"FORM_PAGE","FORM_PAGE",,,,,"0",,,,"PRIMARY","VGSM_DB"
"4195E9A3-AF94-4969-A16E-6FCF9F252858","1","WORKFLOW","TRUE", , ,"281","TRUE","{*************************************************}
{ Workflow Tables                                 }
{*************************************************}","FALSE","FALSE","FALSE","FALSE","2","2","2",,,"WORKFLOW","WORKFLOW",,,,,"0",,,,"PRIMARY","VGSM_DB"
"4195E9A3-AF94-4969-A16E-6FCF9F252858","1","WORKFLOW_ROLE","TRUE", , ,"282","TRUE",,"FALSE","FALSE","FALSE","FALSE","2","2","2",,,"WORKFLOW_ROLE","WORKFLOW_ROLE",,,,,"0",,,,"PRIMARY","VGSM_DB"
"4195E9A3-AF94-4969-A16E-6FCF9F252858","1","WORKFLOW_NODE","TRUE", , ,"283","TRUE",,"FALSE","FALSE","FALSE","FALSE","2","2","2",,,"WORKFLOW_NODE","WORKFLOW_NODE",,,,,"0",,,,"PRIMARY","VGSM_DB"
"4195E9A3-AF94-4969-A16E-6FCF9F252858","1","WORKFLOW_LINK","TRUE", , ,"284","TRUE",,"FALSE","FALSE","FALSE","FALSE","2","2","2",,,"WORKFLOW_LINK","WORKFLOW_LINK",,,,,"0",,,,"PRIMARY","VGSM_DB"
"4195E9A3-AF94-4969-A16E-6FCF9F252858","1","WORKFLOW_ACTION_TYPE","TRUE", , ,"285","TRUE",,"FALSE","FALSE","FALSE","FALSE","2","2","2",,,"WORKFLOW_ACTION_TYPE","WORKFLOW_ACTION_TYPE",,,,,"0",,,,"PRIMARY","VGSM_DB"
"4195E9A3-AF94-4969-A16E-6FCF9F252858","1","WORKFLOW_ACTION_ROLE","TRUE", , ,"286","TRUE",,"FALSE","FALSE","FALSE","FALSE","2","2","2",,,"WORKFLOW_ACTION_ROLE","WORKFLOW_ACTION_ROLE",,,,,"0",,,,"PRIMARY","VGSM_DB"
"4195E9A3-AF94-4969-A16E-6FCF9F252858","1","WORKFLOW_STATE","TRUE", , ,"287","TRUE",,"FALSE","FALSE","FALSE","FALSE","2","2","2",,,"WORKFLOW_STATE","WORKFLOW_STATE",,,,,"0",,,,"PRIMARY","VGSM_DB"
"4195E9A3-AF94-4969-A16E-6FCF9F252858","1","WORKFLOW_STATE_CONDITION","TRUE", , ,"288","TRUE",,"FALSE","FALSE","FALSE","FALSE","2","2","2",,,"WORKFLOW_STATE_CONDITION","WORKFLOW_STATE_CONDITION",,,,,"0",,,,"PRIMARY","VGSM_DB"
"4195E9A3-AF94-4969-A16E-6FCF9F252858","1","WORKFLOW_EVENT_TYPE","TRUE", , ,"289","TRUE",,"FALSE","FALSE","FALSE","FALSE","2","2","2",,,"WORKFLOW_EVENT_TYPE","WORKFLOW_EVENT_TYPE",,,,,"0",,,,"PRIMARY","VGSM_DB"
"4195E9A3-AF94-4969-A16E-6FCF9F252858","1","WORKFLOW_JOURNAL","TRUE", , ,"290","TRUE",,"FALSE","FALSE","FALSE","FALSE","2","2","2",,,"WORKFLOW_JOURNAL","WORKFLOW_JOURNAL",,,,,"0",,,,"PRIMARY","VGSM_DB"
"4195E9A3-AF94-4969-A16E-6FCF9F252858","1","WORKFLOW_STATUS_EVENT","TRUE", , ,"291","TRUE",,"FALSE","FALSE","FALSE","FALSE","2","2","2",,,"WORKFLOW_STATUS_EVENT","WORKFLOW_STATUS_EVENT",,,,,"0",,,,"PRIMARY","VGSM_DB"
"4195E9A3-AF94-4969-A16E-6FCF9F252858","1","ENTITY_TEMPLATE","TRUE", , ,"292","TRUE","{*************************************************}
{ Entity Template Tables                          }
{*************************************************}","FALSE","FALSE","FALSE","FALSE","2","2","2",,,"ENTITY_TEMPLATE","ENTITY_TEMPLATE",,,,,"0",,,,"PRIMARY","VGSM_DB"
"4195E9A3-AF94-4969-A16E-6FCF9F252858","1","ENTITY_TEMPLATE_PROPERTY","TRUE", , ,"293","TRUE",,"FALSE","FALSE","FALSE","FALSE","2","2","2",,,"ENTITY_TEMPLATE_PROPERTY","ENTITY_TEMPLATE_PROPERTY",,,,,"0",,,,"PRIMARY","VGSM_DB"
"4195E9A3-AF94-4969-A16E-6FCF9F252858","1","ENTITY_TEMPLATE_FIELD","TRUE", , ,"294","TRUE",,"FALSE","FALSE","FALSE","FALSE","2","2","2",,,"ENTITY_TEMPLATE_FIELD","ENTITY_TEMPLATE_FIELD",,,,,"0",,,,"PRIMARY","VGSM_DB"
"4195E9A3-AF94-4969-A16E-6FCF9F252858","1","ATTACHMENT","TRUE", , ,"295","TRUE","{*************************************************}
{ Attachments/Notes                               }
{*************************************************}","FALSE","FALSE","FALSE","FALSE","2","2","2",,,"ATTACHMENT","ATTACHMENT",,,,,"0",,,,"PRIMARY","VGSM_DB"
"4195E9A3-AF94-4969-A16E-6FCF9F252858","1","DAILY_TOOLBAR","TRUE", , ,"296","TRUE","{*************************************************}
{ Daily Toolbar                                   }
{*************************************************}","FALSE","FALSE","FALSE","FALSE","2","2","2",,,"DAILY_TOOLBAR","DAILY_TOOLBAR",,,,,"0",,,,"PRIMARY","VGSM_DB"
"4195E9A3-AF94-4969-A16E-6FCF9F252858","1","MODULAR_REPORT","TRUE", , ,"297","TRUE",,"FALSE","FALSE","FALSE","FALSE","2","2","2",,,"MODULAR_REPORT","MODULAR_REPORT",,,,,"0",,,,"PRIMARY","VGSM_DB"
"4195E9A3-AF94-4969-A16E-6FCF9F252858","1","MODULAR_REPORT_ITEM","TRUE", , ,"298","TRUE",,"FALSE","FALSE","FALSE","FALSE","2","2","2",,,"MODULAR_REPORT_ITEM","MODULAR_REPORT_ITEM",,,,,"0",,,,"PRIMARY","VGSM_DB"
"4195E9A3-AF94-4969-A16E-6FCF9F252858","1","WEB_FAVORITE","TRUE", , ,"299","TRUE","{*************************************************}
{ Web Client Tables                               }
{*************************************************}","FALSE","FALSE","FALSE","FALSE","2","2","2",,,"WEB_FAVORITE","WEB_FAVORITE",,,,,"0",,,,"PRIMARY","VGSM_DB"
"4195E9A3-AF94-4969-A16E-6FCF9F252858","1","WEB_RECENT_ITEMS","TRUE", , ,"300","TRUE",,"FALSE","FALSE","FALSE","FALSE","2","2","2",,,"WEB_RECENT_ITEMS","WEB_RECENT_ITEMS",,,,,"0",,,,"PRIMARY","VGSM_DB"
"4195E9A3-AF94-4969-A16E-6FCF9F252858","1","CHROMELEON","TRUE", , ,"301","TRUE",,"FALSE","FALSE","FALSE","FALSE","2","2","2",,,"CHROMELEON","CHROMELEON",,,,,"0",,,,"PRIMARY","VGSM_DB"
"4195E9A3-AF94-4969-A16E-6FCF9F252858","1","CHROMELEON_PROPERTY","TRUE", , ,"302","TRUE",,"FALSE","FALSE","FALSE","FALSE","2","2","2",,,"CHROMELEON_PROPERTY","CHROMELEON_PROPERTY",,,,,"0",,,,"PRIMARY","VGSM_DB"
"4195E9A3-AF94-4969-A16E-6FCF9F252858","1","CHROMELEON_INSTRUMENT","TRUE", , ,"303","TRUE",,"FALSE","FALSE","FALSE","FALSE","2","2","2",,,"CHROMELEON_INSTRUMENT","CHROMELEON_INSTRUMENT",,,,,"0",,,,"PRIMARY","VGSM_DB"
"4195E9A3-AF94-4969-A16E-6FCF9F252858","1","CHROMELEON_MAPPING","TRUE", , ,"304","TRUE",,"FALSE","FALSE","FALSE","FALSE","2","2","2",,,"CHROMELEON_MAPPING","CHROMELEON_MAPPING",,,,,"0",,,,"PRIMARY","VGSM_DB"
"4195E9A3-AF94-4969-A16E-6FCF9F252858","1","CHROMELEON_MAPPING_RESULT","TRUE", , ,"305","TRUE",,"FALSE","FALSE","FALSE","FALSE","2","2","2",,,"CHROMELEON_MAPPING_RESULT","CHROMELEON_MAPPING_RESULT",,,,,"0",,,,"PRIMARY","VGSM_DB"
"4195E9A3-AF94-4969-A16E-6FCF9F252858","1","CHROMELEON_MAPPING_STANDARD","TRUE", , ,"306","TRUE",,"FALSE","FALSE","FALSE","FALSE","2","2","2",,,"CHROMELEON_MAPPING_STANDARD","CHROMELEON_MAPPING_STANDARD",,,,,"0",,,,"PRIMARY","VGSM_DB"
"4195E9A3-AF94-4969-A16E-6FCF9F252858","1","CHROMELEON_MAPPING_COMPONENT","TRUE", , ,"307","TRUE",,"FALSE","FALSE","FALSE","FALSE","2","2","2",,,"CHROMELEON_MAPPING_COMPONENT","CHROMELEON_MAPPING_COMPONENT",,,,,"0",,,,"PRIMARY","VGSM_DB"
"4195E9A3-AF94-4969-A16E-6FCF9F252858","1","CHROMELEON_MAPPING_PROPERTY","TRUE", , ,"308","TRUE",,"FALSE","FALSE","FALSE","FALSE","2","2","2",,,"CHROMELEON_MAPPING_PROPERTY","CHROMELEON_MAPPING_PROPERTY",,,,,"0",,,,"PRIMARY","VGSM_DB"
"4195E9A3-AF94-4969-A16E-6FCF9F252858","1","CHROMELEON_MAPPING_STD_PROP","TRUE", , ,"309","TRUE",,"FALSE","FALSE","FALSE","FALSE","2","2","2",,,"CHROMELEON_MAPPING_STD_PROP","CHROMELEON_MAPPING_STD_PROP",,,,,"0",,,,"PRIMARY","VGSM_DB"
"4195E9A3-AF94-4969-A16E-6FCF9F252858","1","CHROMELEON_MAPPING_SUB_INST","TRUE", , ,"310","TRUE",,"FALSE","FALSE","FALSE","FALSE","2","2","2",,,"CHROMELEON_MAPPING_SUB_INST","CHROMELEON_MAPPING_SUB_INST",,,,,"0",,,,"PRIMARY","VGSM_DB"
"4195E9A3-AF94-4969-A16E-6FCF9F252858","1","CHROMELEON_SEQUENCE","TRUE", , ,"311","TRUE",,"FALSE","FALSE","FALSE","FALSE","2","2","2",,,"CHROMELEON_SEQUENCE","CHROMELEON_SEQUENCE",,,,,"0",,,,"PRIMARY","VGSM_DB"
"4195E9A3-AF94-4969-A16E-6FCF9F252858","1","CHROMELEON_SEQUENCE_ENTRY","TRUE", , ,"312","TRUE",,"FALSE","FALSE","FALSE","FALSE","2","2","2",,,"CHROMELEON_SEQUENCE_ENTRY","CHROMELEON_SEQUENCE_ENTRY",,,,,"0",,,,"PRIMARY","VGSM_DB"
"4195E9A3-AF94-4969-A16E-6FCF9F252858","1","CHROMELEON_SEQUENCE_LOG","TRUE", , ,"313","TRUE",,"FALSE","FALSE","FALSE","FALSE","2","2","2",,,"CHROMELEON_SEQUENCE_LOG","CHROMELEON_SEQUENCE_LOG",,,,,"0",,,,"PRIMARY","VGSM_DB"
"4195E9A3-AF94-4969-A16E-6FCF9F252858","1","LOT_INVENTORY","TRUE", , ,"314","TRUE",,"FALSE","FALSE","FALSE","FALSE","2","2","2",,,"LOT_INVENTORY","LOT_INVENTORY",,,,,"0",,,,"PRIMARY","VGSM_DB"
"4195E9A3-AF94-4969-A16E-6FCF9F252858","1","LOT_RESERVATION","TRUE", , ,"315","TRUE",,"FALSE","FALSE","FALSE","FALSE","2","2","2",,,"LOT_RESERVATION","LOT_RESERVATION",,,,,"0",,,,"PRIMARY","VGSM_DB"
"4195E9A3-AF94-4969-A16E-6FCF9F252858","1","REPORT_LAYOUT_HEADER","TRUE", , ,"316","TRUE",,"FALSE","FALSE","FALSE","FALSE","2","2","2",,,"REPORT_LAYOUT_HEADER","REPORT_LAYOUT_HEADER",,,,,"0",,,,"PRIMARY","VGSM_DB"
"4195E9A3-AF94-4969-A16E-6FCF9F252858","1","REPORT_LAYOUT_FIELD","TRUE", , ,"317","TRUE",,"FALSE","FALSE","FALSE","FALSE","2","2","2",,,"REPORT_LAYOUT_FIELD","REPORT_LAYOUT_FIELD",,,,,"0",,,,"PRIMARY","VGSM_DB"
"4195E9A3-AF94-4969-A16E-6FCF9F252858","1","REPORT_LAYOUT_LINK","TRUE", , ,"318","TRUE",,"FALSE","FALSE","FALSE","FALSE","2","2","2",,,"REPORT_LAYOUT_LINK","REPORT_LAYOUT_LINK",,,,,"0",,,,"PRIMARY","VGSM_DB"
"4195E9A3-AF94-4969-A16E-6FCF9F252858","1","INSTRUMENT_CATEGORY","TRUE", , ,"319","TRUE",,"FALSE","FALSE","FALSE","FALSE","2","2","2",,,"INSTRUMENT_CATEGORY","INSTRUMENT_CATEGORY",,,,,"0",,,,"PRIMARY","VGSM_DB"
"4195E9A3-AF94-4969-A16E-6FCF9F252858","1","PARAMETER_TYPE","TRUE", , ,"320","TRUE",,"FALSE","FALSE","FALSE","FALSE","2","2","2",,,"PARAMETER_TYPE","PARAMETER_TYPE",,,,,"0",,,,"PRIMARY","VGSM_DB"
"4195E9A3-AF94-4969-A16E-6FCF9F252858","1","JOB_PARAMETER","TRUE", , ,"321","TRUE",,"FALSE","FALSE","FALSE","FALSE","2","2","2",,,"JOB_PARAMETER","JOB_PARAMETER",,,,,"0",,,,"PRIMARY","VGSM_DB"
"4195E9A3-AF94-4969-A16E-6FCF9F252858","1","SAMPLE_PARAMETER","TRUE", , ,"322","TRUE",,"FALSE","FALSE","FALSE","FALSE","2","2","2",,,"SAMPLE_PARAMETER","SAMPLE_PARAMETER",,,,,"0",,,,"PRIMARY","VGSM_DB"
"4195E9A3-AF94-4969-A16E-6FCF9F252858","1","TEST_PARAMETER","TRUE", , ,"323","TRUE",,"FALSE","FALSE","FALSE","FALSE","2","2","2",,,"TEST_PARAMETER","TEST_PARAMETER",,,,,"0",,,,"PRIMARY","VGSM_DB"
"4195E9A3-AF94-4969-A16E-6FCF9F252858","1","ENTITY_TEMPLATE_PARAMETER","TRUE", , ,"324","TRUE",,"FALSE","FALSE","FALSE","FALSE","2","2","2",,,"ENTITY_TEMPLATE_PARAMETER","ENTITY_TEMPLATE_PARAMETER",,,,,"0",,,,"PRIMARY","VGSM_DB"
"4195E9A3-AF94-4969-A16E-6FCF9F252858","1","INCIDENT_PARAMETER","TRUE", , ,"325","TRUE",,"FALSE","FALSE","FALSE","FALSE","2","2","2",,,"INCIDENT_PARAMETER","INCIDENT_PARAMETER",,,,,"0",,,,"PRIMARY","VGSM_DB"
"4195E9A3-AF94-4969-A16E-6FCF9F252858","1","C_JOB_PARAMETER","TRUE", , ,"326","TRUE",,"FALSE","FALSE","FALSE","FALSE","2","2","2",,,"C_JOB_PARAMETER","C_JOB_PARAMETER","DEFAULT_TABLE_SET",,,"BDE73AE7-48FE-4634-A569-DF9297ECE966","1","JOB_PARAMETER",,,"PRIMARY","VGSM_DB"
"4195E9A3-AF94-4969-A16E-6FCF9F252858","1","C_SAMPLE_PARAMETER","TRUE", , ,"327","TRUE",,"FALSE","FALSE","FALSE","FALSE","2","2","2",,,"C_SAMPLE_PARAMETER","C_SAMPLE_PARAMETER","DEFAULT_TABLE_SET",,,"ECCC4883-B657-4066-B4F1-D2D333D90AAA","1","SAMPLE_PARAMETER",,,"PRIMARY","VGSM_DB"
"4195E9A3-AF94-4969-A16E-6FCF9F252858","1","C_TEST_PARAMETER","TRUE", , ,"328","TRUE",,"FALSE","FALSE","FALSE","FALSE","2","2","2",,,"C_TEST_PARAMETER","C_TEST_PARAMETER","DEFAULT_TABLE_SET",,,"F1DD5560-FF26-4E8C-A8B4-BA7825D00181","1","TEST_PARAMETER",,,"PRIMARY","VGSM_DB"
"4195E9A3-AF94-4969-A16E-6FCF9F252858","1","LAB_METHOD","TRUE", , ,"329","TRUE",,"FALSE","FALSE","FALSE","FALSE","2","2","2",,,"LAB_METHOD","LAB_METHOD",,,,,"0",,,,"PRIMARY","VGSM_DB"
"4195E9A3-AF94-4969-A16E-6FCF9F252858","1","LAB_METHOD_STEP","TRUE", , ,"330","TRUE",,"FALSE","FALSE","FALSE","FALSE","2","2","2",,,"LAB_METHOD_STEP","LAB_METHOD_STEP",,,,,"0",,,,"PRIMARY","VGSM_DB"
"4195E9A3-AF94-4969-A16E-6FCF9F252858","1","LAB_METHOD_STEP_VARIABLE","TRUE", , ,"331","TRUE",,"FALSE","FALSE","FALSE","FALSE","2","2","2",,,"LAB_METHOD_STEP_VARIABLE","LAB_METHOD_STEP_VARIABLE",,,,,"0",,,,"PRIMARY","VGSM_DB"
"4195E9A3-AF94-4969-A16E-6FCF9F252858","1","LAB_METHOD_STEP_PARAMETER","TRUE", , ,"332","TRUE",,"FALSE","FALSE","FALSE","FALSE","2","2","2",,,"LAB_METHOD_STEP_PARAMETER","LAB_METHOD_STEP_PARAMETER",,,,,"0",,,,"PRIMARY","VGSM_DB"
"4195E9A3-AF94-4969-A16E-6FCF9F252858","1","LAB_METHOD_STEP_SUBSTANCE","TRUE", , ,"333","TRUE",,"FALSE","FALSE","FALSE","FALSE","2","2","2",,,"LAB_METHOD_STEP_SUBSTANCE","LAB_METHOD_STEP_SUBSTANCE",,,,,"0",,,,"PRIMARY","VGSM_DB"
"4195E9A3-AF94-4969-A16E-6FCF9F252858","1","LAB_METHOD_STEP_PREREQ","TRUE", , ,"334","TRUE",,"FALSE","FALSE","FALSE","FALSE","2","2","2",,,"LAB_METHOD_STEP_PREREQ","LAB_METHOD_STEP_PREREQ",,,,,"0",,,,"PRIMARY","VGSM_DB"
"4195E9A3-AF94-4969-A16E-6FCF9F252858","1","LAB_METHOD_TRAINING","TRUE", , ,"335","TRUE",,"FALSE","FALSE","FALSE","FALSE","2","2","2",,,"LAB_METHOD_TRAINING","LAB_METHOD_TRAINING",,,,,"0",,,,"PRIMARY","VGSM_DB"
"4195E9A3-AF94-4969-A16E-6FCF9F252858","1","LAB_PARSING_SCRIPT","TRUE", , ,"336","TRUE",,"FALSE","FALSE","FALSE","FALSE","2","2","2",,,"LAB_PARSING_SCRIPT","LAB_PARSING_SCRIPT",,,,,"0",,,,"PRIMARY","VGSM_DB"
"4195E9A3-AF94-4969-A16E-6FCF9F252858","1","LAB_MAPPING","TRUE", , ,"337","TRUE",,"FALSE","FALSE","FALSE","FALSE","2","2","2",,,"LAB_MAPPING","LAB_MAPPING",,,,,"0",,,,"PRIMARY","VGSM_DB"
"4195E9A3-AF94-4969-A16E-6FCF9F252858","1","LAB_ALIAS","TRUE", , ,"338","TRUE",,"FALSE","FALSE","FALSE","FALSE","2","2","2",,,"LAB_ALIAS","LAB_ALIAS",,,,,"0",,,,"PRIMARY","VGSM_DB"
"4195E9A3-AF94-4969-A16E-6FCF9F252858","1","LAB_ALIAS_ENTRY","TRUE", , ,"339","TRUE",,"FALSE","FALSE","FALSE","FALSE","2","2","2",,,"LAB_ALIAS_ENTRY","LAB_ALIAS_ENTRY",,,,,"0",,,,"PRIMARY","VGSM_DB"
"4195E9A3-AF94-4969-A16E-6FCF9F252858","1","LAB_IMPORT_DEFINITION","TRUE", , ,"340","TRUE",,"FALSE","FALSE","FALSE","FALSE","2","2","2",,,"LAB_IMPORT_DEFINITION","LAB_IMPORT_DEFINITION",,,,,"0",,,,"PRIMARY","VGSM_DB"
"4195E9A3-AF94-4969-A16E-6FCF9F252858","1","LAB_EXECUTION","TRUE", , ,"341","TRUE",,"FALSE","FALSE","FALSE","FALSE","2","2","2",,,"LAB_EXECUTION","LAB_EXECUTION",,,,,"0",,,,"PRIMARY","VGSM_DB"
"4195E9A3-AF94-4969-A16E-6FCF9F252858","1","LAB_EXECUTION_LINK_HISTORY","TRUE", , ,"342","TRUE",,"FALSE","FALSE","FALSE","FALSE","2","2","2",,,"LAB_EXECUTION_LINK_HISTORY","LAB_EXECUTION_LINK_HISTORY",,,,,"0",,,,"PRIMARY","VGSM_DB"
"4195E9A3-AF94-4969-A16E-6FCF9F252858","1","LAB_EXECUTION_LINK","TRUE", , ,"343","TRUE",,"FALSE","FALSE","FALSE","FALSE","2","2","2",,,"LAB_EXECUTION_LINK","LAB_EXECUTION_LINK",,,,,"0",,,,"PRIMARY","VGSM_DB"
"4195E9A3-AF94-4969-A16E-6FCF9F252858","1","LAB_EXECUTION_STEP","TRUE", , ,"344","TRUE",,"FALSE","FALSE","FALSE","FALSE","2","2","2",,,"LAB_EXECUTION_STEP","LAB_EXECUTION_STEP",,,,,"0",,,,"PRIMARY","VGSM_DB"
"4195E9A3-AF94-4969-A16E-6FCF9F252858","1","LAB_EXECUTION_STEP_PARAMETER","TRUE", , ,"345","TRUE",,"FALSE","FALSE","FALSE","FALSE","2","2","2",,,"LAB_EXECUTION_STEP_PARAMETER","LAB_EXECUTION_STEP_PARAMETER",,,,,"0",,,,"PRIMARY","VGSM_DB"
"4195E9A3-AF94-4969-A16E-6FCF9F252858","1","LAB_EXECUTION_STEP_LINK","TRUE", , ,"346","TRUE",,"FALSE","FALSE","FALSE","FALSE","2","2","2",,,"LAB_EXECUTION_STEP_LINK","LAB_EXECUTION_STEP_LINK",,,,,"0",,,,"PRIMARY","VGSM_DB"
"4195E9A3-AF94-4969-A16E-6FCF9F252858","1","LAB_DATA_SOURCE","TRUE", , ,"347","TRUE",,"FALSE","FALSE","FALSE","FALSE","2","2","2",,,"LAB_DATA_SOURCE","LAB_DATA_SOURCE",,,,,"0",,,,"PRIMARY","VGSM_DB"
"4195E9A3-AF94-4969-A16E-6FCF9F252858","1","LAB_DATA_SOURCE_SETTING","TRUE", , ,"348","TRUE",,"FALSE","FALSE","FALSE","FALSE","2","2","2",,,"LAB_DATA_SOURCE_SETTING","LAB_DATA_SOURCE_SETTING",,,,,"0",,,,"PRIMARY","VGSM_DB"
"4195E9A3-AF94-4969-A16E-6FCF9F252858","1","LAB_RACK_TEMPLATE","TRUE", , ,"349","TRUE",,"FALSE","FALSE","FALSE","FALSE","2","2","2",,,"LAB_RACK_TEMPLATE","LAB_RACK_TEMPLATE",,,,,"0",,,,"PRIMARY","VGSM_DB"
"4195E9A3-AF94-4969-A16E-6FCF9F252858","1","LAB_RACK_ICON","TRUE", , ,"350","TRUE",,"FALSE","FALSE","FALSE","FALSE","2","2","2",,,"LAB_RACK_ICON","LAB_RACK_ICON",,,,,"0",,,,"PRIMARY","VGSM_DB"
"4195E9A3-AF94-4969-A16E-6FCF9F252858","1","LAB_RACK_TEST_STATUS_ICON","TRUE", , ,"351","TRUE",,"FALSE","FALSE","FALSE","FALSE","2","2","2",,,"LAB_RACK_TEST_STATUS_ICON","LAB_RACK_TEST_STATUS_ICON",,,,,"0",,,,"PRIMARY","VGSM_DB"
"4195E9A3-AF94-4969-A16E-6FCF9F252858","1","LAB_RACK_ICON_EXPRESSION","TRUE", , ,"352","TRUE",,"FALSE","FALSE","FALSE","FALSE","2","2","2",,,"LAB_RACK_ICON_EXPRESSION","LAB_RACK_ICON_EXPRESSION",,,,,"0",,,,"PRIMARY","VGSM_DB"
"4195E9A3-AF94-4969-A16E-6FCF9F252858","1","LAB_RACK_OVERLAY_EXPRESSION","TRUE", , ,"353","TRUE",,"FALSE","FALSE","FALSE","FALSE","2","2","2",,,"LAB_RACK_OVERLAY_EXPRESSION","LAB_RACK_OVERLAY_EXPRESSION",,,,,"0",,,,"PRIMARY","VGSM_DB"
"4195E9A3-AF94-4969-A16E-6FCF9F252858","1","RETAIN_TEST_PLAN","TRUE", , ,"354","TRUE",,"FALSE","FALSE","FALSE","FALSE","2","2","2",,,"RETAIN_TEST_PLAN","RETAIN_TEST_PLAN",,,,,"0",,,,"PRIMARY","VGSM_DB"
"4195E9A3-AF94-4969-A16E-6FCF9F252858","1","SCHEMA_LAYOUT","TRUE", , ,"355","TRUE","{=====================================}
{Stores components for various schemas}
{=====================================}","FALSE","FALSE","FALSE","FALSE","2","2","2",,,"SCHEMA_LAYOUT","SCHEMA_LAYOUT",,,,,"0",,,,"PRIMARY","VGSM_DB"
"4195E9A3-AF94-4969-A16E-6FCF9F252858","1","SCHEMA_TABLE","TRUE", , ,"356","TRUE",,"FALSE","FALSE","FALSE","FALSE","2","2","2",,,"SCHEMA_TABLE","SCHEMA_TABLE",,,,,"0",,,,"PRIMARY","VGSM_DB"
"4195E9A3-AF94-4969-A16E-6FCF9F252858","1","SCHEMA_SEQUENCE","TRUE", , ,"357","TRUE",,"FALSE","FALSE","FALSE","FALSE","2","2","2",,,"SCHEMA_SEQUENCE","SCHEMA_SEQUENCE",,,,,"0",,,,"PRIMARY","VGSM_DB"
"4195E9A3-AF94-4969-A16E-6FCF9F252858","1","SCHEMA_TABLE_COLLECTION","TRUE", , ,"358","TRUE",,"FALSE","FALSE","FALSE","FALSE","2","2","2",,,"SCHEMA_TABLE_COLLECTION","SCHEMA_TABLE_COLLECTION",,,,,"0",,,,"PRIMARY","VGSM_DB"
"4195E9A3-AF94-4969-A16E-6FCF9F252858","1","SCHEMA_TABLE_INDEX","TRUE", , ,"359","TRUE",,"FALSE","FALSE","FALSE","FALSE","2","2","2",,,"SCHEMA_TABLE_INDEX","SCHEMA_TABLE_INDEX",,,,,"0",,,,"PRIMARY","VGSM_DB"
"4195E9A3-AF94-4969-A16E-6FCF9F252858","1","SCHEMA_TABLE_FIELD","TRUE", , ,"360","TRUE",,"FALSE","FALSE","FALSE","FALSE","2","2","2",,,"SCHEMA_TABLE_FIELD","SCHEMA_TABLE_FIELD",,,,,"0",,,,"PRIMARY","VGSM_DB"
"4195E9A3-AF94-4969-A16E-6FCF9F252858","1","SCHEMA_VIEW","TRUE", , ,"361","TRUE",,"FALSE","FALSE","FALSE","FALSE","2","2","2",,,"SCHEMA_VIEW","SCHEMA_VIEW",,,,,"0",,,,"PRIMARY","VGSM_DB"
"4195E9A3-AF94-4969-A16E-6FCF9F252858","1","SCHEMA_VIEW_FIELD","TRUE", , ,"362","TRUE",,"FALSE","FALSE","FALSE","FALSE","2","2","2",,,"SCHEMA_VIEW_FIELD","SCHEMA_VIEW_FIELD",,,,,"0",,,,"PRIMARY","VGSM_DB"
"4195E9A3-AF94-4969-A16E-6FCF9F252858","1","CERT_TEMPLATE","TRUE", , ,"363","TRUE",,"FALSE","FALSE","FALSE","FALSE","2","2","2",,,"CERT_TEMPLATE","CERT_TEMPLATE",,,,,"0",,,,"PRIMARY","VGSM_DB"
"4195E9A3-AF94-4969-A16E-6FCF9F252858","1","CERT_TEMPLATE_ENTRY","TRUE", , ,"364","TRUE",,"FALSE","FALSE","FALSE","FALSE","2","2","2",,,"CERT_TEMPLATE_ENTRY","CERT_TEMPLATE_ENTRY",,,,,"0",,,,"PRIMARY","VGSM_DB"
"4195E9A3-AF94-4969-A16E-6FCF9F252858","1","CERT","TRUE", , ,"365","TRUE",,"FALSE","FALSE","FALSE","FALSE","2","2","2",,,"CERT","CERT",,,,,"0",,,,"PRIMARY","VGSM_DB"
"4195E9A3-AF94-4969-A16E-6FCF9F252858","1","CERT_ENTRY","TRUE", , ,"366","TRUE",,"FALSE","FALSE","FALSE","FALSE","2","2","2",,,"CERT_ENTRY","CERT_ENTRY",,,,,"0",,,,"PRIMARY","VGSM_DB"
"4195E9A3-AF94-4969-A16E-6FCF9F252858","1","CERT_LOT","TRUE", , ,"367","TRUE",,"FALSE","FALSE","FALSE","FALSE","2","2","2",,,"CERT_LOT","CERT_LOT",,,,,"0",,,,"PRIMARY","VGSM_DB"
"4195E9A3-AF94-4969-A16E-6FCF9F252858","1","CERT_JOB","TRUE", , ,"368","TRUE",,"FALSE","FALSE","FALSE","FALSE","2","2","2",,,"CERT_JOB","CERT_JOB",,,,,"0",,,,"PRIMARY","VGSM_DB"
"4195E9A3-AF94-4969-A16E-6FCF9F252858","1","CERT_SAMPLE","TRUE", , ,"369","TRUE",,"FALSE","FALSE","FALSE","FALSE","2","2","2",,,"CERT_SAMPLE","CERT_SAMPLE",,,,,"0",,,,"PRIMARY","VGSM_DB"
"4195E9A3-AF94-4969-A16E-6FCF9F252858","1","CERT_TEST","TRUE", , ,"370","TRUE",,"FALSE","FALSE","FALSE","FALSE","2","2","2",,,"CERT_TEST","CERT_TEST",,,,,"0",,,,"PRIMARY","VGSM_DB"
"4195E9A3-AF94-4969-A16E-6FCF9F252858","1","CERT_RESULT","TRUE", , ,"371","TRUE",,"FALSE","FALSE","FALSE","FALSE","2","2","2",,,"CERT_RESULT","CERT_RESULT",,,,,"0",,,,"PRIMARY","VGSM_DB"
"4195E9A3-AF94-4969-A16E-6FCF9F252858","1","CERT_RESULT_LIMIT","TRUE", , ,"372","TRUE",,"FALSE","FALSE","FALSE","FALSE","2","2","2",,,"CERT_RESULT_LIMIT","CERT_RESULT_LIMIT",,,,,"0",,,,"PRIMARY","VGSM_DB"
"4195E9A3-AF94-4969-A16E-6FCF9F252858","1","PLATE_APPEARANCE","TRUE", , ,"373","TRUE",,"FALSE","FALSE","FALSE","FALSE","2","2","2",,,"PLATE_APPEARANCE","PLATE_APPEARANCE",,,,,"0",,,,"PRIMARY","VGSM_DB"
"4195E9A3-AF94-4969-A16E-6FCF9F252858","1","PLATE_APPEARANCE_ICON","TRUE", , ,"374","TRUE",,"FALSE","FALSE","FALSE","FALSE","2","2","2",,,"PLATE_APPEARANCE_ICON","PLATE_APPEARANCE_ICON",,,,,"0",,,,"PRIMARY","VGSM_DB"
"4195E9A3-AF94-4969-A16E-6FCF9F252858","1","PLATE_APPEARANCE_OVERLAY","TRUE", , ,"375","TRUE",,"FALSE","FALSE","FALSE","FALSE","2","2","2",,,"PLATE_APPEARANCE_OVERLAY","PLATE_APPEARANCE_OVERLAY",,,,,"0",,,,"PRIMARY","VGSM_DB"
"4195E9A3-AF94-4969-A16E-6FCF9F252858","1","PLATE_FILL_ORDER","TRUE", , ,"376","TRUE",,"FALSE","FALSE","FALSE","FALSE","2","2","2",,,"PLATE_FILL_ORDER","PLATE_FILL_ORDER",,,,,"0",,,,"PRIMARY","VGSM_DB"
"4195E9A3-AF94-4969-A16E-6FCF9F252858","1","PLATE_FILL_ORDER_ENTRY","TRUE", , ,"377","TRUE",,"FALSE","FALSE","FALSE","FALSE","2","2","2",,,"PLATE_FILL_ORDER_ENTRY","PLATE_FILL_ORDER_ENTRY",,,,,"0",,,,"PRIMARY","VGSM_DB"
"4195E9A3-AF94-4969-A16E-6FCF9F252858","1","PLATE_TYPE","TRUE", , ,"378","TRUE",,"FALSE","FALSE","FALSE","FALSE","2","2","2",,,"PLATE_TYPE","PLATE_TYPE",,,,,"0",,,,"PRIMARY","VGSM_DB"
"4195E9A3-AF94-4969-A16E-6FCF9F252858","1","PLATE","TRUE", , ,"379","TRUE",,"FALSE","FALSE","FALSE","FALSE","2","2","2",,,"PLATE","PLATE",,,,,"0",,,,"PRIMARY","VGSM_DB"
"4195E9A3-AF94-4969-A16E-6FCF9F252858","1","PLATE_PARAMETER","TRUE", , ,"380","TRUE",,"FALSE","FALSE","FALSE","FALSE","2","2","2",,,"PLATE_PARAMETER","PLATE_PARAMETER",,,,,"0",,,,"PRIMARY","VGSM_DB"
"4195E9A3-AF94-4969-A16E-6FCF9F252858","1","BATCH_HEADER_PARAMETER","TRUE", , ,"381","TRUE",,"FALSE","FALSE","FALSE","FALSE","2","2","2",,,"BATCH_HEADER_PARAMETER","BATCH_HEADER_PARAMETER",,,,,"0",,,,"PRIMARY","VGSM_DB"
"4195E9A3-AF94-4969-A16E-6FCF9F252858","1","LOCATION_FAVORITE","TRUE", , ,"382","TRUE",,"FALSE","FALSE","FALSE","FALSE","2","2","2",,,"LOCATION_FAVORITE","LOCATION_FAVORITE",,,,,"0",,,,"PRIMARY","VGSM_DB"
"4195E9A3-AF94-4969-A16E-6FCF9F252858","1","DM_RULE_TEMPLATE","TRUE", , ,"383","TRUE","{*************************************************}
{ Tables for Data Manager                         }
{*************************************************}","FALSE","FALSE","FALSE","FALSE","2","2","2",,,"DM_RULE_TEMPLATE","DM_RULE_TEMPLATE",,,,,"0",,,,"PRIMARY","VGSM_DB"
"4195E9A3-AF94-4969-A16E-6FCF9F252858","1","DM_CAPTURE_INTERVAL","TRUE", , ,"384","TRUE",,"FALSE","FALSE","FALSE","FALSE","2","2","2",,,"DM_CAPTURE_INTERVAL","DM_CAPTURE_INTERVAL",,,,,"0",,,,"PRIMARY","VGSM_DB"
"4195E9A3-AF94-4969-A16E-6FCF9F252858","1","DM_DATA_PACKAGE","TRUE", , ,"385","TRUE",,"FALSE","FALSE","FALSE","FALSE","2","2","2",,,"DM_DATA_PACKAGE","DM_DATA_PACKAGE",,,,,"0",,,,"PRIMARY","VGSM_DB"
"4195E9A3-AF94-4969-A16E-6FCF9F252858","1","DM_DATA_PACKAGE_FILE","TRUE", , ,"386","TRUE",,"FALSE","FALSE","FALSE","FALSE","2","2","2",,,"DM_DATA_PACKAGE_FILE","DM_DATA_PACKAGE_FILE",,,,,"0",,,,"PRIMARY","VGSM_DB"
"4195E9A3-AF94-4969-A16E-6FCF9F252858","1","DM_DATA_ITEM","TRUE", , ,"387","TRUE",,"FALSE","FALSE","FALSE","FALSE","2","2","2",,,"DM_DATA_ITEM","DM_DATA_ITEM",,,,,"0",,,,"PRIMARY","VGSM_DB"
"4195E9A3-AF94-4969-A16E-6FCF9F252858","1","DM_DATA_ITEM_DATA","TRUE", , ,"388","TRUE",,"FALSE","FALSE","FALSE","FALSE","2","2","2",,,"DM_DATA_ITEM_DATA","DM_DATA_ITEM_DATA",,,,,"0",,,,"PRIMARY","VGSM_DB"
"4195E9A3-AF94-4969-A16E-6FCF9F252858","1","DM_DATA_ITEM_PROPERTY","TRUE", , ,"389","TRUE",,"FALSE","FALSE","FALSE","FALSE","2","2","2",,,"DM_DATA_ITEM_PROPERTY","DM_DATA_ITEM_PROPERTY",,,,,"0",,,,"PRIMARY","VGSM_DB"
"4195E9A3-AF94-4969-A16E-6FCF9F252858","1","DM_CONVERTER","TRUE", , ,"390","TRUE",,"FALSE","FALSE","FALSE","FALSE","2","2","2",,,"DM_CONVERTER","DM_CONVERTER",,,,,"0",,,,"PRIMARY","VGSM_DB"
"4195E9A3-AF94-4969-A16E-6FCF9F252858","1","DM_PACKAGING_RULE","TRUE", , ,"391","TRUE",,"FALSE","FALSE","FALSE","FALSE","2","2","2",,,"DM_PACKAGING_RULE","DM_PACKAGING_RULE",,,,,"0",,,,"PRIMARY","VGSM_DB"
"4195E9A3-AF94-4969-A16E-6FCF9F252858","1","DM_CAPTURE_SOURCE","TRUE", , ,"392","TRUE",,"FALSE","FALSE","FALSE","FALSE","2","2","2",,,"DM_CAPTURE_SOURCE","DM_CAPTURE_SOURCE",,,,,"0",,,,"PRIMARY","VGSM_DB"
"4195E9A3-AF94-4969-A16E-6FCF9F252858","1","DM_DATA_DESTINATION","TRUE", , ,"393","TRUE",,"FALSE","FALSE","FALSE","FALSE","2","2","2",,,"DM_DATA_DESTINATION","DM_DATA_DESTINATION",,,,,"0",,,,"PRIMARY","VGSM_DB"
"4195E9A3-AF94-4969-A16E-6FCF9F252858","1","DM_PROPERTY_SCRIPT","TRUE", , ,"394","TRUE",,"FALSE","FALSE","FALSE","FALSE","2","2","2",,,"DM_PROPERTY_SCRIPT","DM_PROPERTY_SCRIPT",,,,,"0",,,,"PRIMARY","VGSM_DB"
"4195E9A3-AF94-4969-A16E-6FCF9F252858","1","DM_PROPERTY_SCRIPT_ENTRY","TRUE", , ,"395","TRUE",,"FALSE","FALSE","FALSE","FALSE","2","2","2",,,"DM_PROPERTY_SCRIPT_ENTRY","DM_PROPERTY_SCRIPT_ENTRY",,,,,"0",,,,"PRIMARY","VGSM_DB"
"4195E9A3-AF94-4969-A16E-6FCF9F252858","1","DM_PACKAGE_PROPERTY","TRUE", , ,"396","TRUE",,"FALSE","FALSE","FALSE","FALSE","2","2","2",,,"DM_PACKAGE_PROPERTY","DM_PACKAGE_PROPERTY",,,,,"0",,,,"PRIMARY","VGSM_DB"
"4195E9A3-AF94-4969-A16E-6FCF9F252858","1","DM_SERVER_COMPUTER","TRUE", , ,"397","TRUE",,"FALSE","FALSE","FALSE","FALSE","2","2","2",,,"DM_SERVER_COMPUTER","DM_SERVER_COMPUTER",,,,,"0",,,,"PRIMARY","VGSM_DB"
"4195E9A3-AF94-4969-A16E-6FCF9F252858","1","DM_AGENT_COMPUTER","TRUE", , ,"398","TRUE",,"FALSE","FALSE","FALSE","FALSE","2","2","2",,,"DM_AGENT_COMPUTER","DM_AGENT_COMPUTER",,,,,"0",,,,"PRIMARY","VGSM_DB"
"4195E9A3-AF94-4969-A16E-6FCF9F252858","1","DM_STATUS_AGENT","TRUE", , ,"399","TRUE",,"FALSE","FALSE","FALSE","FALSE","2","2","2",,,"DM_STATUS_AGENT","DM_STATUS_AGENT",,,,,"0",,,,"PRIMARY","VGSM_DB"
"4195E9A3-AF94-4969-A16E-6FCF9F252858","1","DM_STATUS_CAPTURE_SOURCE","TRUE", , ,"400","TRUE",,"FALSE","FALSE","FALSE","FALSE","2","2","2",,,"DM_STATUS_CAPTURE_SOURCE","DM_STATUS_CAPTURE_SOURCE",,,,,"0",,,,"PRIMARY","VGSM_DB"
"4195E9A3-AF94-4969-A16E-6FCF9F252858","1","DM_DATA_ITEM_LINK","TRUE", , ,"401","TRUE",,"FALSE","FALSE","FALSE","FALSE","2","2","2",,,"DM_DATA_ITEM_LINK","DM_DATA_ITEM_LINK",,,,,"0",,,,"PRIMARY","VGSM_DB"
"4195E9A3-AF94-4969-A16E-6FCF9F252858","1","DM_EVENT_ENTRY","TRUE", , ,"402","TRUE",,"FALSE","FALSE","FALSE","FALSE","2","2","2",,,"DM_EVENT_ENTRY","DM_EVENT_ENTRY",,,,,"0",,,,"PRIMARY","VGSM_DB"
"4195E9A3-AF94-4969-A16E-6FCF9F252858","1","DM_CLIENT_COMPUTER","TRUE", , ,"403","TRUE",,"FALSE","FALSE","FALSE","FALSE","2","2","2",,,"DM_CLIENT_COMPUTER","DM_CLIENT_COMPUTER",,,,,"0",,,,"PRIMARY","VGSM_DB"
"4195E9A3-AF94-4969-A16E-6FCF9F252858","1","DM_GLOBAL","TRUE", , ,"404","TRUE",,"FALSE","FALSE","FALSE","FALSE","2","2","2",,,"DM_GLOBAL","DM_GLOBAL",,,,,"0",,,,"PRIMARY","VGSM_DB"
"4195E9A3-AF94-4969-A16E-6FCF9F252858","1","DM_GAML_EXTRACTION_RULE","TRUE", , ,"405","TRUE",,"FALSE","FALSE","FALSE","FALSE","2","2","2",,,"DM_GAML_EXTRACTION_RULE","DM_GAML_EXTRACTION_RULE",,,,,"0",,,,"PRIMARY","VGSM_DB"
"4195E9A3-AF94-4969-A16E-6FCF9F252858","1","DM_GAML","TRUE", , ,"406","TRUE",,"FALSE","FALSE","FALSE","FALSE","2","2","2",,,"DM_GAML","DM_GAML",,,,,"0",,,,"PRIMARY","VGSM_DB"
"4195E9A3-AF94-4969-A16E-6FCF9F252858","1","DM_GAML_EXPERIMENT","TRUE", , ,"407","TRUE",,"FALSE","FALSE","FALSE","FALSE","2","2","2",,,"DM_GAML_EXPERIMENT","DM_GAML_EXPERIMENT",,,,,"0",,,,"PRIMARY","VGSM_DB"
"4195E9A3-AF94-4969-A16E-6FCF9F252858","1","DM_GAML_TRACE","TRUE", , ,"408","TRUE",,"FALSE","FALSE","FALSE","FALSE","2","2","2",,,"DM_GAML_TRACE","DM_GAML_TRACE",,,,,"0",,,,"PRIMARY","VGSM_DB"
"4195E9A3-AF94-4969-A16E-6FCF9F252858","1","DM_GAML_TRACE_ARRAY","TRUE", , ,"409","TRUE",,"FALSE","FALSE","FALSE","FALSE","2","2","2",,,"DM_GAML_TRACE_ARRAY","DM_GAML_TRACE_ARRAY",,,,,"0",,,,"PRIMARY","VGSM_DB"
"4195E9A3-AF94-4969-A16E-6FCF9F252858","1","DM_GAML_PEAK_TABLE","TRUE", , ,"410","TRUE",,"FALSE","FALSE","FALSE","FALSE","2","2","2",,,"DM_GAML_PEAK_TABLE","DM_GAML_PEAK_TABLE",,,,,"0",,,,"PRIMARY","VGSM_DB"
"4195E9A3-AF94-4969-A16E-6FCF9F252858","1","DM_GAML_PEAK","TRUE", , ,"411","TRUE",,"FALSE","FALSE","FALSE","FALSE","2","2","2",,,"DM_GAML_PEAK","DM_GAML_PEAK",,,,,"0",,,,"PRIMARY","VGSM_DB"
"4195E9A3-AF94-4969-A16E-6FCF9F252858","1","LABEL_SPECIFICATION","TRUE", , ,"412","TRUE",,"FALSE","FALSE","FALSE","FALSE","2","2","2",,,"LABEL_SPECIFICATION","LABEL_SPECIFICATION",,,,,"0",,,,"PRIMARY","VGSM_DB"
"4195E9A3-AF94-4969-A16E-6FCF9F252858","1","ACTIVITY_LOG","TRUE", , ,"413","TRUE",,"FALSE","FALSE","FALSE","FALSE","2","2","2",,,"ACTIVITY_LOG","ACTIVITY_LOG",,,,,"0",,,,"PRIMARY","VGSM_DB"
"4195E9A3-AF94-4969-A16E-6FCF9F252858","1","SITE","TRUE", , ,"414","TRUE",,"FALSE","FALSE","FALSE","FALSE","2","2","2",,,"SITE","SITE",,,,,"0",,,,"PRIMARY","VGSM_DB"
"4195E9A3-AF94-4969-A16E-6FCF9F252858","1","GROUP_REFERENCE","TRUE", , ,"415","TRUE",,"FALSE","FALSE","FALSE","FALSE","2","2","2",,,"GROUP_REFERENCE","GROUP_REFERENCE",,,,,"0",,,,"PRIMARY","VGSM_DB"
"4195E9A3-AF94-4969-A16E-6FCF9F252858","1","P_SHIP_CONTAINER","TRUE", , ,"416","TRUE","{PV table adds}
{p_ship_container - table of container ids}
{p_ship_container - table of container ids}","FALSE","FALSE","FALSE","FALSE","2","2","2",,,"P_SHIP_CONTAINER","P_SHIP_CONTAINER",,,,,"0",,,,"PRIMARY","VGSM_DB"
"4195E9A3-AF94-4969-A16E-6FCF9F252858","1","P_SHIPMENT","TRUE", , ,"417","TRUE","{end p_ship_container }
{ 1 or more container_shipments}","FALSE","FALSE","FALSE","FALSE","2","2","2",,,"P_SHIPMENT","P_SHIPMENT",,,,,"0",,,,"PRIMARY","VGSM_DB"
"4195E9A3-AF94-4969-A16E-6FCF9F252858","1","P_CONTAINER_SHIPMENT","TRUE", , ,"418","TRUE","{end p_shipment }
{the physical container - to be shipped }","FALSE","FALSE","FALSE","FALSE","2","2","2",,,"P_CONTAINER_SHIPMENT","P_CONTAINER_SHIPMENT",,,,,"0",,,,"PRIMARY","VGSM_DB"
"4195E9A3-AF94-4969-A16E-6FCF9F252858","1","P_CONTAINER_SHIPMENT_SPECIMENS","TRUE", , ,"419","TRUE","{end p_container_shipment }
{specimens in the physical shipment }","FALSE","FALSE","FALSE","FALSE","2","2","2",,,"P_CONTAINER_SHIPMENT_SPECIMENS","P_CONTAINER_SHIPMENT_SPECIMENS",,,,,"0",,,,"PRIMARY","VGSM_DB"
"4195E9A3-AF94-4969-A16E-6FCF9F252858","1","P_RACE","TRUE", , ,"420","TRUE","{
SELECT 
  DISTINCT  PCS2.CONTAINER_SHIPMENT, PCS2.SPECIMEN ,
   STUFF((SELECT ', ' + PCS.SPECIMEN_TYPE 
          FROM P_CONTAINER_SHIPMENT_SPECIMENS PCS
          WHERE PCS.SPECIMEN = PCS2.SPECIMEN and PCS.CONTAINER_SHIPMENT = PCS2.CONTAINER_SHIPMENT
          FOR XML PATH('')), 1, 1, '') [SPECIMEN/SPECIMEN_TYPE],
   STUFF((SELECT ', ' + PCS.SUFFIX 
          FROM P_CONTAINER_SHIPMENT_SPECIMENS PCS
          WHERE PCS.SPECIMEN = PCS2.SPECIMEN and PCS.CONTAINER_SHIPMENT = PCS2.CONTAINER_SHIPMENT
          FOR XML PATH('')), 1, 1, '') [SPECIMEN/SUFFIX],
	PCS2.PRE_LASIX
FROM P_CONTAINER_SHIPMENT_SPECIMENS  PCS2  
GROUP BY   PCS2.CONTAINER_SHIPMENT, PCS2.SPECIMEN , PCS2.SPECIMEN_TYPE ,PCS2.PRE_LASIX ;
}
{
SELECT 
  DISTINCT  ROW_NUMBER () OVER (ORDER BY (SELECT 1)) as rownum,PCS2.CONTAINER_SHIPMENT, PCS2.SPECIMEN ,
   STUFF((SELECT ', ' + PCS.SPECIMEN_TYPE 
          FROM P_CONTAINER_SHIPMENT_SPECIMENS PCS
          WHERE PCS.SPECIMEN = PCS2.SPECIMEN and PCS.CONTAINER_SHIPMENT = PCS2.CONTAINER_SHIPMENT
          FOR XML PATH('')), 1, 1, '') [SPECIMEN/SPECIMEN_TYPE],
   STUFF((SELECT ', ' + PCS.SUFFIX 
          FROM P_CONTAINER_SHIPMENT_SPECIMENS PCS
          WHERE PCS.SPECIMEN = PCS2.SPECIMEN and PCS.CONTAINER_SHIPMENT = PCS2.CONTAINER_SHIPMENT
          FOR XML PATH('')), 1, 1, '') [SPECIMEN/SUFFIX],
	PCS2.PRE_LASIX
FROM P_CONTAINER_SHIPMENT_SPECIMENS  PCS2  
GROUP BY    PCS2.CONTAINER_SHIPMENT, PCS2.SPECIMEN , PCS2.SPECIMEN_TYPE ,PCS2.PRE_LASIX ;
}","FALSE","FALSE","FALSE","FALSE","2","2","2",,,"P_RACE","P_RACE",,,,,"0",,,,"PRIMARY","VGSM_DB"
"4195E9A3-AF94-4969-A16E-6FCF9F252858","1","P_RACE_CARD","TRUE", , ,"421","TRUE","{ table p_race_card - race entry file - check fields to USA LIms}","FALSE","FALSE","FALSE","FALSE","2","2","2",,,"P_RACE_CARD","P_RACE_CARD",,,,,"0",,,,"PRIMARY","VGSM_DB"
"4195E9A3-AF94-4969-A16E-6FCF9F252858","1","P_SPECIMEN","TRUE", , ,"422","TRUE","{end table p_race_card}","FALSE","FALSE","FALSE","FALSE","2","2","2",,,"P_SPECIMEN","P_SPECIMEN",,,,,"0",,,,"PRIMARY","VGSM_DB"
"4195E9A3-AF94-4969-A16E-6FCF9F252858","1","P_SAMPLE_CONTAINERS","TRUE", , ,"423","TRUE","{sample containers , not related to ship containers}","FALSE","FALSE","FALSE","FALSE","2","2","2",,,"P_SAMPLE_CONTAINERS","P_SAMPLE_CONTAINERS",,,,,"0",,,,"PRIMARY","VGSM_DB"
"4195E9A3-AF94-4969-A16E-6FCF9F252858","1","TEST_UPLOAD","TRUE", , ,"424","TRUE","{field container_type links_to p_sample_containers.p_container_type;
		field container_count links_to p_sample_containers.p_container_count;}
{ field specimen_type links_to sample.p_specimen_type used_for unique_key; }
{ field container_id links_to p_sample_containers.container_id used_for unique_key;}","FALSE","FALSE","FALSE","FALSE","2","2","2",,,"TEST_UPLOAD","TEST_UPLOAD",,,,,"0",,,,"PRIMARY","VGSM_DB"
