﻿SMW_MENU
MENU_NAME,ENTRY_NUMBER,MENU_NUMBER,ORDER_NUMBER,OPTION_NUMBER,OPTION_NAME
10,10,10,10,10,30
                    1243
"SYSTEM","1","10","1","20","Setup"
"SYSTEM","2","10","2","920","Lots"
"SYSTEM","3","10","3","550","Jobs"
"SYSTEM","4","10","4","500","Samples"
"SYSTEM","5","10","5","570","Tests"
"SYSTEM","6","10","6","450","Results"
"SYSTEM","7","10","7","700","Worksheets"
"SYSTEM","8","10","8","810","Batches"
"SYSTEM","9","10","9","10000","Incidents"
"SYSTEM","10","20","1","50","Environment"
"SYSTEM","11","20","2","60","Laboratory"
"SYSTEM","12","20","3","70","Login"
"SYSTEM","13","20","4","80","System"
"SYSTEM","14","20","5","10050","Scheduling"
"SYSTEM","15","20","6","0",
"SYSTEM","16","20","7","435","Lab Table Sheet"
"SYSTEM","18","20","9","0",
"SYSTEM","19","20","10","910","Commit"
"SYSTEM","20","20","11","890","Auditor"
"SYSTEM","21","50","1","110","Hazards"
"SYSTEM","22","50","2","120","Locations"
"SYSTEM","23","50","3","130","Preparations"
"SYSTEM","24","50","4","140","Sample Points"
"SYSTEM","25","50","5","150","Projects"
"SYSTEM","26","50","6","160","Customers"
"SYSTEM","27","50","7","170","Charges"
"SYSTEM","28","60","1","210","Instruments"
"SYSTEM","29","60","2","220","Analyses"
"SYSTEM","30","60","3","230","Calculations"
"SYSTEM","31","60","4","680","List Results"
"SYSTEM","33","60","5","240","Standards"
"SYSTEM","34","60","6","630","Sig Figs"
"SYSTEM","35","60","7","640","MLP Specs"
"SYSTEM","36","60","8","660","MLP Levels"
"SYSTEM","37","60","9","750","MLP Phrases"
"SYSTEM","38","60","10","760","MLP Calculations"
"SYSTEM","39","60","11","590","Units"
"SYSTEM","40","60","12","690","Inspection Plans"
"SYSTEM","41","70","1","960","Lot Templates"
"SYSTEM","42","70","2","320","Job Templates"
"SYSTEM","43","70","3","310","Sample Templates"
"SYSTEM","44","70","4","330","Test Schedules"
"SYSTEM","45","70","5","780","Work Profile"
"SYSTEM","46","70","6","800","Batch Templates"
"SYSTEM","47","70","7","340","Login Schedules"
"SYSTEM","48","70","8","350","Syntaxes"
"SYSTEM","49","70","9","471","Master Template"
"SYSTEM","50","70","10","0",
"SYSTEM","51","70","11","10020","Rules"
"SYSTEM","52","70","12","10030","Column Sets"
"SYSTEM","53","70","13","10040","Sample Plan"
"SYSTEM","54","70","15","10060","Sampling Procedures"
"SYSTEM","55","80","1","360","Report Formats"
"SYSTEM","56","80","2","370","Operators"
"SYSTEM","57","80","3","410","Users"
"SYSTEM","58","80","4","380","Phrases"
"SYSTEM","59","80","5","390","Printers"
"SYSTEM","60","80","7","650","Groups"
"SYSTEM","61","80","11","460","Help"
"SYSTEM","62","80","12","580","Column Definitions"
"SYSTEM","63","80","13","830","Saved Criteria"
"SYSTEM","64","80","14","860","CGI Scripts"
"SYSTEM","65","80","15","90","Configuration"
"SYSTEM","66","80","16","0",
"SYSTEM","67","80","19","900","Install Options"
"SYSTEM","68","80","20","0",
"SYSTEM","69","80","21","239","Server Version"
"SYSTEM","70","90","1","100","Configuration Items"
"SYSTEM","71","90","2","0",
"SYSTEM","72","90","3","10871","Edit Current"
"SYSTEM","73","90","4","10869","Edit User"
"SYSTEM","74","90","5","10863","Edit Group"
"SYSTEM","75","90","6","10865","Edit System"
"SYSTEM","76","100","3","371","Add"
"SYSTEM","77","100","4","372","Copy"
"SYSTEM","78","100","5","373","Modify"
"SYSTEM","79","100","6","374","Display"
"SYSTEM","80","100","7","0",
"SYSTEM","81","100","8","375","Print"
"SYSTEM","82","100","9","376","List"
"SYSTEM","83","100","10","0",
"SYSTEM","84","100","11","377","Remove"
"SYSTEM","85","100","12","378","Restore"
"SYSTEM","86","110","3","4","Add"
"SYSTEM","87","110","4","26","Copy"
"SYSTEM","88","110","5","76","Modify"
"SYSTEM","89","110","6","135","Display"
"SYSTEM","90","110","7","0",
"SYSTEM","91","110","8","99","Print"
"SYSTEM","92","110","9","62","List"
"SYSTEM","93","110","10","0",
"SYSTEM","94","110","11","119","Remove"
"SYSTEM","95","110","12","149","Restore"
"SYSTEM","96","120","3","6","Add"
"SYSTEM","97","120","4","29","Copy"
"SYSTEM","98","120","5","78","Modify"
"SYSTEM","99","120","6","43","Display"
"SYSTEM","100","120","7","0",
"SYSTEM","101","120","8","103","Print"
"SYSTEM","102","120","9","64","List"
"SYSTEM","103","120","10","0",
"SYSTEM","104","120","11","122","Remove"
"SYSTEM","105","120","12","151","Restore"
"SYSTEM","106","130","3","121","Add"
"SYSTEM","107","130","4","32","Copy"
"SYSTEM","108","130","5","82","Modify"
"SYSTEM","109","130","6","45","Display"
"SYSTEM","110","130","7","0",
"SYSTEM","111","130","8","106","Print"
"SYSTEM","112","130","9","69","List"
"SYSTEM","113","130","10","0",
"SYSTEM","114","130","11","127","Remove"
"SYSTEM","115","130","12","155","Restore"
"SYSTEM","116","140","3","231","Add"
"SYSTEM","117","140","4","232","Copy"
"SYSTEM","118","140","5","233","Modify"
"SYSTEM","119","140","6","238","Display"
"SYSTEM","120","140","7","0",
"SYSTEM","121","140","8","236","Print"
"SYSTEM","122","140","9","237","List"
"SYSTEM","123","140","10","0",
"SYSTEM","124","140","11","234","Remove"
"SYSTEM","125","140","12","235","Restore"
"SYSTEM","126","150","3","341","Add"
"SYSTEM","127","150","4","342","Copy"
"SYSTEM","128","150","5","352","Modify"
"SYSTEM","129","150","6","343","Display"
"SYSTEM","130","150","7","0",
"SYSTEM","131","150","8","344","Print"
"SYSTEM","132","150","9","345","List"
"SYSTEM","133","150","10","0",
"SYSTEM","134","150","11","348","Remove"
"SYSTEM","135","150","12","351","Restore"
"SYSTEM","136","160","3","2","Add"
"SYSTEM","137","160","4","24","Copy"
"SYSTEM","138","160","5","74","Modify"
"SYSTEM","139","160","6","37","Display"
"SYSTEM","140","160","7","0",
"SYSTEM","141","160","8","97","Print"
"SYSTEM","142","160","9","58","List"
"SYSTEM","143","160","10","0",
"SYSTEM","144","160","11","116","Remove"
"SYSTEM","145","160","12","147","Restore"
"SYSTEM","146","170","3","425","Add"
"SYSTEM","147","170","4","426","Copy"
"SYSTEM","148","170","5","421","Modify"
"SYSTEM","149","170","6","422","Display"
"SYSTEM","150","170","7","0",
"SYSTEM","151","170","8","423","Print"
"SYSTEM","152","170","9","424","List"
"SYSTEM","153","170","10","0",
"SYSTEM","154","170","11","428","Remove"
"SYSTEM","155","170","12","427","Restore"
"SYSTEM","156","210","3","5","Add"
"SYSTEM","157","210","4","28","Copy"
"SYSTEM","158","210","5","77","Modify"
"SYSTEM","159","210","6","41","Display"
"SYSTEM","160","210","7","0",
"SYSTEM","161","210","8","132","Print"
"SYSTEM","162","210","9","63","List"
"SYSTEM","163","210","10","0",
"SYSTEM","164","210","11","104","Remove"
"SYSTEM","165","210","12","125","Restore"
"SYSTEM","166","220","3","1","Add"
"SYSTEM","167","220","4","21","Copy"
"SYSTEM","168","220","5","15035","New Version"
"SYSTEM","169","220","6","73","Modify"
"SYSTEM","170","220","7","36","Display"
"SYSTEM","171","220","8","0",
"SYSTEM","172","220","9","95","Print"
"SYSTEM","173","220","10","59","List"
"SYSTEM","174","220","11","0",
"SYSTEM","175","220","12","15102","Submit"
"SYSTEM","176","220","13","15101","Approve"
"SYSTEM","177","220","15","0",
"SYSTEM","178","220","16","115","Remove"
"SYSTEM","179","220","17","146","Restore"
"SYSTEM","180","220","18","0",
"SYSTEM","181","220","19","15038","Test Formula"
"SYSTEM","182","220","20","15046","Verify Formula"
"SYSTEM","183","230","3","251","Add"
"SYSTEM","184","230","4","252","Copy"
"SYSTEM","185","230","5","253","Modify"
"SYSTEM","186","230","6","256","Display"
"SYSTEM","187","230","7","0",
"SYSTEM","188","230","8","254","Print"
"SYSTEM","189","230","9","255","List"
"SYSTEM","190","230","10","0",
"SYSTEM","191","230","11","401","Remove"
"SYSTEM","192","230","12","402","Restore"
"SYSTEM","193","230","13","0",
"SYSTEM","194","230","14","227","Test"
"SYSTEM","195","230","15","207","Debug"
"SYSTEM","196","240","3","491","Add"
"SYSTEM","197","240","4","492","Copy"
"SYSTEM","198","240","5","493","Modify"
"SYSTEM","199","240","6","496","Display"
"SYSTEM","200","240","7","0",
"SYSTEM","201","240","8","497","Print"
"SYSTEM","202","240","9","498","List"
"SYSTEM","203","240","10","0",
"SYSTEM","204","240","11","494","Remove"
"SYSTEM","205","240","12","495","Restore"
"SYSTEM","206","240","13","0",
"SYSTEM","207","240","14","15019","Explore Versions"
"SYSTEM","208","240","15","0",
"SYSTEM","209","240","16","15018","Create Version"
"SYSTEM","210","240","17","15027","Modify Version"
"SYSTEM","211","240","18","15021","Display Version"
"SYSTEM","212","240","19","499","Expire Version"
"SYSTEM","213","310","3","15","Add"
"SYSTEM","214","310","4","206","Copy"
"SYSTEM","215","310","5","88","Modify"
"SYSTEM","216","310","6","49","Display"
"SYSTEM","217","310","7","0",
"SYSTEM","218","310","8","113","Print"
"SYSTEM","219","310","9","72","List"
"SYSTEM","220","310","10","0",
"SYSTEM","221","310","11","224","Remove"
"SYSTEM","222","310","12","225","Restore"
"SYSTEM","223","320","3","381","Add"
"SYSTEM","224","320","4","382","Copy"
"SYSTEM","225","320","5","383","Modify"
"SYSTEM","226","320","6","384","Display"
"SYSTEM","227","320","7","0",
"SYSTEM","228","320","8","385","Print"
"SYSTEM","229","320","9","386","List"
"SYSTEM","230","320","10","0",
"SYSTEM","231","320","11","387","Remove"
"SYSTEM","232","320","12","388","Restore"
"SYSTEM","233","330","3","14","Add"
"SYSTEM","234","330","4","243","Copy"
"SYSTEM","235","330","5","87","Modify"
"SYSTEM","236","330","6","48","Display"
"SYSTEM","237","330","7","0",
"SYSTEM","238","330","8","112","Print"
"SYSTEM","239","330","9","71","List"
"SYSTEM","240","330","10","0",
"SYSTEM","241","330","11","129","Remove"
"SYSTEM","242","330","12","208","Restore"
"SYSTEM","243","340","3","244","Add"
"SYSTEM","244","340","4","311","Copy"
"SYSTEM","245","340","5","245","Modify"
"SYSTEM","246","340","6","264","Display"
"SYSTEM","247","340","7","0",
"SYSTEM","248","340","8","312","Print"
"SYSTEM","249","340","9","313","List"
"SYSTEM","250","340","10","0",
"SYSTEM","251","340","11","314","Remove"
"SYSTEM","252","340","12","315","Restore"
"SYSTEM","253","350","3","195","Add"
"SYSTEM","254","350","4","196","Copy"
"SYSTEM","255","350","5","197","Modify"
"SYSTEM","256","350","6","136","Display"
"SYSTEM","257","350","7","0",
"SYSTEM","258","350","8","201","Print"
"SYSTEM","259","350","9","202","List"
"SYSTEM","260","350","10","0",
"SYSTEM","261","350","11","198","Remove"
"SYSTEM","262","350","12","199","Restore"
"SYSTEM","263","350","13","0",
"SYSTEM","264","350","14","271","Test"
"SYSTEM","265","350","15","272","Debug"
"SYSTEM","266","360","3","3","Add"
"SYSTEM","267","360","4","25","Copy"
"SYSTEM","268","360","5","75","Modify"
"SYSTEM","269","360","6","38","Display"
"SYSTEM","270","360","7","0",
"SYSTEM","271","360","8","98","Print"
"SYSTEM","272","360","9","61","List"
"SYSTEM","273","360","10","0",
"SYSTEM","274","360","11","118","Remove"
"SYSTEM","275","360","12","148","Restore"
"SYSTEM","276","360","13","0",
"SYSTEM","277","360","14","15012","Develop"
"SYSTEM","278","360","15","0",
"SYSTEM","279","360","16","56","Run"
"SYSTEM","280","360","17","166","Compile"
"SYSTEM","281","360","18","436","Show Errors"
"SYSTEM","282","360","19","55","Debug"
"SYSTEM","283","360","20","0",
"SYSTEM","284","360","21","15031","Perform Tool"
"SYSTEM","285","360","22","15032","Transaction Tool"
"SYSTEM","286","370","3","9","Add"
"SYSTEM","287","370","4","31","Copy"
"SYSTEM","288","370","5","81","Modify"
"SYSTEM","289","370","6","44","Display"
"SYSTEM","290","370","7","0",
"SYSTEM","291","370","8","105","Print"
"SYSTEM","292","370","9","68","List"
"SYSTEM","293","370","10","0",
"SYSTEM","294","370","11","126","Remove"
"SYSTEM","295","370","12","154","Restore"
"SYSTEM","296","370","13","0",
"SYSTEM","297","370","14","400","Approval"
"SYSTEM","298","380","3","449","Add"
"SYSTEM","299","380","4","219","Copy"
"SYSTEM","300","380","5","437","Modify"
"SYSTEM","301","380","6","438","Display"
"SYSTEM","302","380","7","0",
"SYSTEM","303","380","8","439","Print"
"SYSTEM","304","380","9","279","List"
"SYSTEM","305","380","10","0",
"SYSTEM","306","380","11","278","Remove"
"SYSTEM","307","380","12","277","Restore"
"SYSTEM","308","390","3","441","Add"
"SYSTEM","309","390","4","442","Copy"
"SYSTEM","310","390","5","443","Modify"
"SYSTEM","311","390","6","448","Display"
"SYSTEM","312","390","7","0",
"SYSTEM","313","390","8","446","Print"
"SYSTEM","314","390","9","447","List"
"SYSTEM","315","390","10","0",
"SYSTEM","316","390","11","444","Remove"
"SYSTEM","317","390","12","445","Restore"
"SYSTEM","318","400","1","701","Modify"
"SYSTEM","319","400","2","702","Display"
"SYSTEM","320","400","3","0",
"SYSTEM","321","400","4","704","Print"
"SYSTEM","322","400","5","703","List"
"SYSTEM","323","410","1","16","Add User"
"SYSTEM","324","410","2","209","Delete User"
"SYSTEM","325","410","3","0",
"SYSTEM","326","410","4","22","Change Access Level"
"SYSTEM","327","410","5","0",
"SYSTEM","328","410","6","34","Change Password"
"SYSTEM","329","410","7","226","Change Any Password"
"SYSTEM","330","410","8","0",
"SYSTEM","331","410","9","15054","ESig Setup"
"SYSTEM","332","450","3","247","Entry by Sample"
"SYSTEM","333","450","4","248","Entry by Test"
"SYSTEM","334","450","5","389","Entry by Spreadsht"
"SYSTEM","335","450","6","15041","Entry by Criteria"
"SYSTEM","336","450","7","0",
"SYSTEM","337","450","8","249","Display by Sample"
"SYSTEM","338","450","9","242","Display by Test"
"SYSTEM","339","450","10","391","Display by Spreadsht"
"SYSTEM","340","450","11","15042","Display by Criteria"
"SYSTEM","341","450","12","0",
"SYSTEM","342","450","13","514","Authorize by Sample"
"SYSTEM","343","450","14","515","Authorize by Test"
"SYSTEM","344","450","15","392","Authorize by Sprdsht"
"SYSTEM","345","450","16","15043","Authorize by Crt"
"SYSTEM","346","450","17","0",
"SYSTEM","347","450","18","15036","Ad-Hoc Reporter"
"SYSTEM","348","450","19","15039","Ad-Hoc Reporter Tmpl"
"SYSTEM","349","450","20","15001","Data Tree"
"SYSTEM","350","450","21","0",
"SYSTEM","351","450","22","339","Calculator"
"SYSTEM","352","450","23","141","Write Sample Report"
"SYSTEM","353","450","24","0",
"SYSTEM","354","450","25","393","Modify Result List"
"SYSTEM","355","460","1","670","Help Topic Setup"
"SYSTEM","356","460","2","451","Help Chapter Setup"
"SYSTEM","357","470","1","203","Run Report"
"SYSTEM","358","470","2","861","Modify Reports"
"SYSTEM","359","470","3","0",
"SYSTEM","360","470","4","204","List Entries"
"SYSTEM","361","470","5","0",
"SYSTEM","362","470","6","205","Terminate Background"
"SYSTEM","363","470","7","0",
"SYSTEM","364","470","8","850","Timer Schedules"
"SYSTEM","365","500","3","510","Login"
"SYSTEM","366","500","4","520","Process"
"SYSTEM","367","500","5","530","Tracking"
"SYSTEM","368","510","1","167","Login Sample"
"SYSTEM","369","510","2","168","Template"
"SYSTEM","370","510","3","12","New Job"
"SYSTEM","371","510","4","114","Add to Old Job"
"SYSTEM","372","510","5","0",
"SYSTEM","373","510","6","47","Display Sample"
"SYSTEM","374","510","7","10007","Display Full Sample"
"SYSTEM","375","510","8","86","Modify Sample"
"SYSTEM","376","510","9","361","Modify Full Sample"
"SYSTEM","377","510","10","57","Edit Tests"
"SYSTEM","378","510","11","0",
"SYSTEM","379","510","12","111","Print Receipt"
"SYSTEM","380","510","13","19","Print Label"
"SYSTEM","381","510","14","0",
"SYSTEM","382","510","15","257","Activate Schedule"
"SYSTEM","383","510","16","258","Deactivate Schedule"
"SYSTEM","384","520","1","15009","Change Priority"
"SYSTEM","385","520","2","85","Move Sample"
"SYSTEM","386","520","3","0",
"SYSTEM","387","520","4","182","Receive Sample"
"SYSTEM","388","520","5","261","Release Held Sample"
"SYSTEM","389","520","6","33","Complete Preparation"
"SYSTEM","390","520","7","138","Complete Sample"
"SYSTEM","391","520","8","145","Compare with MLP"
"SYSTEM","392","520","9","11","Authorize Sample"
"SYSTEM","393","520","10","186","Cancel Sample"
"SYSTEM","394","520","11","185","Reactivate Sample"
"SYSTEM","395","520","12","137","Resample"
"SYSTEM","396","520","13","0",
"SYSTEM","397","520","14","35","Commit Sample"
"SYSTEM","398","520","15","15033","Deconsign Sample"
"SYSTEM","399","520","16","0",
"SYSTEM","400","520","17","139","Inspect Sample"
"SYSTEM","401","520","18","15037","Inspection History"
"SYSTEM","402","520","19","0",
"SYSTEM","403","520","20","262","Suspend Sample"
"SYSTEM","404","520","21","263","Unsuspend Sample"
"SYSTEM","405","520","22","692","Archive"
"SYSTEM","406","530","1","144","Sample Status"
"SYSTEM","407","530","2","0",
"SYSTEM","408","530","3","13","Active Samples"
"SYSTEM","409","530","4","142","Suspended Samples"
"SYSTEM","410","530","5","93","Overdue Samples"
"SYSTEM","411","530","6","15002","Sample Tree"
"SYSTEM","412","530","7","0",
"SYSTEM","413","530","8","133","Specify Instrument"
"SYSTEM","414","530","9","131","Specify Customer"
"SYSTEM","415","530","10","134","Specify Location"
"SYSTEM","416","530","11","0",
"SYSTEM","417","530","12","15045","View Sample Audits"
"SYSTEM","418","550","3","259","Display"
"SYSTEM","419","550","4","323","Modify"
"SYSTEM","420","550","5","0",
"SYSTEM","421","550","6","324","Print"
"SYSTEM","422","550","7","326","Print with Samples"
"SYSTEM","423","550","8","325","List"
"SYSTEM","424","550","9","0",
"SYSTEM","425","550","10","328","Complete"
"SYSTEM","426","550","11","349","Authorize"
"SYSTEM","427","550","12","322","Cancel"
"SYSTEM","428","550","13","347","Reactivate"
"SYSTEM","429","550","14","0",
"SYSTEM","430","550","15","329","Commit with Samples"
"SYSTEM","431","550","16","15034","Deconsign"
"SYSTEM","432","550","17","0",
"SYSTEM","433","550","18","319","Suspend"
"SYSTEM","434","550","19","318","Unsuspend"
"SYSTEM","435","550","20","692","Archive"
"SYSTEM","436","550","21","0",
"SYSTEM","437","10100","1","10011","Job Login"
"SYSTEM","438","10100","2","10012","Job Login: Edit"
"SYSTEM","439","550","24","10013","Copy Job and Samples"
"SYSTEM","440","10100","4","10014","Environmental Login"
"SYSTEM","441","10100","6","10015","Show Trigger Path"
"SYSTEM","443","570","3","57","Edit Tests"
"SYSTEM","444","570","4","419","Display Tests"
"SYSTEM","445","570","5","411","Complete Early"
"SYSTEM","446","570","6","412","Authorize"
"SYSTEM","447","570","7","413","Cancel"
"SYSTEM","448","570","8","417","Reactivate"
"SYSTEM","449","570","9","414","Suspend"
"SYSTEM","450","570","10","415","Unsuspend"
"SYSTEM","451","570","11","416","Complete Preparation"
"SYSTEM","452","580","1","571","Add"
"SYSTEM","453","580","2","572","Copy"
"SYSTEM","454","580","3","573","Modify"
"SYSTEM","455","580","4","574","Display"
"SYSTEM","456","580","5","0",
"SYSTEM","457","580","6","575","Print"
"SYSTEM","458","580","7","576","List"
"SYSTEM","459","580","8","0",
"SYSTEM","460","580","9","577","Remove"
"SYSTEM","461","580","10","578","Restore"
"SYSTEM","462","590","3","581","Add"
"SYSTEM","463","590","4","582","Copy"
"SYSTEM","464","590","5","583","Modify"
"SYSTEM","465","590","6","584","Display"
"SYSTEM","466","590","7","0",
"SYSTEM","467","590","8","586","Print"
"SYSTEM","468","590","9","585","List"
"SYSTEM","469","590","10","0",
"SYSTEM","470","590","11","587","Remove"
"SYSTEM","471","590","12","588","Restore"
"SYSTEM","472","630","3","631","Add"
"SYSTEM","473","630","4","634","Copy"
"SYSTEM","474","630","5","635","Modify"
"SYSTEM","475","630","6","636","Display"
"SYSTEM","476","630","7","0",
"SYSTEM","477","630","8","638","Print"
"SYSTEM","478","630","9","637","List"
"SYSTEM","479","630","10","0",
"SYSTEM","480","630","11","639","Remove"
"SYSTEM","481","630","12","641","Restore"
"SYSTEM","482","630","13","0",
"SYSTEM","483","630","14","705","Test"
"SYSTEM","484","630","15","643","Display Errors"
"SYSTEM","485","630","16","706","Debug"
"SYSTEM","486","640","3","551","Add"
"SYSTEM","487","640","4","553","Copy"
"SYSTEM","488","640","5","555","New Version"
"SYSTEM","489","640","7","554","Modify"
"SYSTEM","490","640","8","557","Display"
"SYSTEM","491","640","9","0",
"SYSTEM","492","640","10","558","Print"
"SYSTEM","493","640","11","559","List"
"SYSTEM","494","640","19","0",
"SYSTEM","495","640","20","552","MLP to Test Schedule"
"SYSTEM","496","650","3","161","Add"
"SYSTEM","497","650","4","353","Copy"
"SYSTEM","498","650","5","192","Modify"
"SYSTEM","499","650","6","354","Display"
"SYSTEM","500","650","7","0",
"SYSTEM","501","650","8","355","Print"
"SYSTEM","502","650","9","356","List"
"SYSTEM","503","650","10","0",
"SYSTEM","504","650","11","357","Remove"
"SYSTEM","505","650","12","358","Restore"
"SYSTEM","506","650","13","0",
"SYSTEM","507","650","14","394","Assign Personnel"
"SYSTEM","508","650","15","67","Set Default"
"SYSTEM","509","660","3","531","Add"
"SYSTEM","510","660","4","532","Copy"
"SYSTEM","511","660","5","533","Modify"
"SYSTEM","512","660","6","534","Display"
"SYSTEM","513","660","7","0",
"SYSTEM","514","660","8","536","Print"
"SYSTEM","515","660","9","535","List"
"SYSTEM","516","670","1","671","Add"
"SYSTEM","517","670","2","672","Copy"
"SYSTEM","518","670","3","673","Modify"
"SYSTEM","519","670","4","678","Display"
"SYSTEM","520","670","5","0",
"SYSTEM","521","670","6","676","Print"
"SYSTEM","522","670","7","677","List"
"SYSTEM","523","670","8","0",
"SYSTEM","524","670","9","674","Remove"
"SYSTEM","525","670","10","675","Restore"
"SYSTEM","526","680","3","681","Add"
"SYSTEM","527","680","4","682","Copy"
"SYSTEM","528","680","5","683","Modify"
"SYSTEM","529","680","6","684","Display"
"SYSTEM","530","680","7","0",
"SYSTEM","531","680","8","685","Print"
"SYSTEM","532","680","9","686","List"
"SYSTEM","533","680","10","0",
"SYSTEM","534","680","11","687","Remove"
"SYSTEM","535","680","12","688","Restore"
"SYSTEM","536","680","13","0",
"SYSTEM","537","680","14","689","Test"
"SYSTEM","538","680","15","691","Debug"
"SYSTEM","539","690","3","693","Add"
"SYSTEM","540","690","4","694","Copy"
"SYSTEM","541","690","5","695","Modify"
"SYSTEM","542","690","6","696","Display"
"SYSTEM","543","690","7","0",
"SYSTEM","544","690","8","697","Print"
"SYSTEM","545","690","9","698","List"
"SYSTEM","546","690","10","0",
"SYSTEM","547","690","11","699","Remove"
"SYSTEM","548","690","12","721","Restore"
"SYSTEM","549","700","3","710","Analysis"
"SYSTEM","550","700","4","720","Sample"
"SYSTEM","551","700","5","730","Sample Prep"
"SYSTEM","552","700","6","740","Test Prep"
"SYSTEM","553","700","7","0",
"SYSTEM","554","700","8","15014","Not on Worksheet"
"SYSTEM","555","700","9","15015","Worksheet Summary"
"SYSTEM","556","710","1","462","Generate"
"SYSTEM","557","710","2","466","Print"
"SYSTEM","558","710","3","472","Complete"
"SYSTEM","559","710","4","0",
"SYSTEM","560","710","5","475","Result Entry"
"SYSTEM","561","710","6","484","Result Display"
"SYSTEM","562","710","7","485","Result Authorize"
"SYSTEM","563","710","8","0",
"SYSTEM","564","710","9","486","Send to Xchrom"
"SYSTEM","565","720","1","461","Generate"
"SYSTEM","566","720","2","465","Print"
"SYSTEM","567","720","3","513","Complete"
"SYSTEM","568","720","4","517","Regenerate"
"SYSTEM","569","720","5","0",
"SYSTEM","570","720","6","476","Result Entry"
"SYSTEM","571","720","7","511","Result Display"
"SYSTEM","572","720","8","512","Result Authorize"
"SYSTEM","573","730","1","464","Generate"
"SYSTEM","574","730","2","468","Print"
"SYSTEM","575","730","3","474","Complete"
"SYSTEM","576","740","1","463","Generate"
"SYSTEM","577","740","2","467","Print"
"SYSTEM","578","740","3","473","Complete"
"SYSTEM","579","750","3","591","Add"
"SYSTEM","580","750","4","592","Copy"
"SYSTEM","581","750","5","593","Modify"
"SYSTEM","582","750","6","594","Display"
"SYSTEM","583","750","7","0",
"SYSTEM","584","750","8","596","Print"
"SYSTEM","585","750","9","595","List"
"SYSTEM","586","750","10","0",
"SYSTEM","587","750","11","597","Remove"
"SYSTEM","588","750","12","598","Restore"
"SYSTEM","589","750","13","0",
"SYSTEM","590","750","14","599","Copy from Phrase"
"SYSTEM","591","760","3","731","Add"
"SYSTEM","592","760","4","732","Copy"
"SYSTEM","593","760","5","733","Modify"
"SYSTEM","594","760","6","734","Display"
"SYSTEM","595","760","7","0",
"SYSTEM","596","760","8","736","Print"
"SYSTEM","597","760","9","735","List"
"SYSTEM","598","760","10","0",
"SYSTEM","599","760","11","737","Remove"
"SYSTEM","600","760","12","738","Restore"
"SYSTEM","601","760","13","0",
"SYSTEM","602","760","14","739","Test"
"SYSTEM","603","780","3","781","Add"
"SYSTEM","604","780","4","782","Copy"
"SYSTEM","606","780","5","783","Modify"
"SYSTEM","607","780","6","784","Display"
"SYSTEM","608","780","7","0",
"SYSTEM","609","780","8","786","Print"
"SYSTEM","610","780","9","785","List"
"SYSTEM","611","780","10","0",
"SYSTEM","612","780","11","787","Remove"
"SYSTEM","613","780","12","788","Restore"
"SYSTEM","614","800","3","801","Add"
"SYSTEM","615","800","4","802","Copy"
"SYSTEM","616","800","5","803","Modify"
"SYSTEM","617","800","6","804","Display"
"SYSTEM","618","800","7","0",
"SYSTEM","619","800","8","806","Print"
"SYSTEM","620","800","9","805","List"
"SYSTEM","621","800","10","0",
"SYSTEM","622","800","11","807","Remove"
"SYSTEM","623","800","12","808","Restore"
"SYSTEM","624","800","13","0",
"SYSTEM","625","800","14","840","Charts"
"SYSTEM","626","810","3","811","Create"
"SYSTEM","627","810","4","812","Modify"
"SYSTEM","628","810","5","813","Display"
"SYSTEM","629","810","6","0",
"SYSTEM","630","810","7","821","Worksheet"
"SYSTEM","631","810","8","814","Result Entry"
"SYSTEM","632","810","9","826","Inspect"
"SYSTEM","633","810","10","815","Authorize"
"SYSTEM","634","810","11","0",
"SYSTEM","635","810","12","822","Report"
"SYSTEM","636","810","13","823","Job Report"
"SYSTEM","637","810","14","825","SQC Chart"
"SYSTEM","638","810","15","0",
"SYSTEM","639","810","16","816","Cancel"
"SYSTEM","640","810","17","817","Reactivate"
"SYSTEM","641","810","18","827","Commit"
"SYSTEM","642","810","19","0",
"SYSTEM","643","810","20","820","Chromatography Link"
"SYSTEM","644","820","1","818","Download"
"SYSTEM","645","820","2","819","Upload"
"SYSTEM","646","820","3","824","Update XChrom Data"
"SYSTEM","647","830","3","831","Add"
"SYSTEM","648","830","4","832","Copy"
"SYSTEM","649","830","5","833","Modify"
"SYSTEM","650","830","6","834","Display"
"SYSTEM","651","830","7","0",
"SYSTEM","652","830","8","836","Print"
"SYSTEM","653","830","9","835","List"
"SYSTEM","654","830","10","0",
"SYSTEM","655","830","11","837","Remove"
"SYSTEM","656","830","12","838","Restore"
"SYSTEM","657","840","1","841","Add"
"SYSTEM","658","840","2","842","Copy"
"SYSTEM","659","840","3","843","Modify"
"SYSTEM","660","840","4","844","Display"
"SYSTEM","661","840","5","0",
"SYSTEM","662","840","6","845","Print"
"SYSTEM","663","840","7","846","List"
"SYSTEM","664","840","8","0",
"SYSTEM","665","840","9","847","Remove"
"SYSTEM","666","840","10","848","Restore"
"SYSTEM","667","850","1","851","Add"
"SYSTEM","668","850","2","852","Copy"
"SYSTEM","669","850","3","853","Modify"
"SYSTEM","670","850","4","854","Display"
"SYSTEM","671","850","5","0",
"SYSTEM","672","850","6","855","Print"
"SYSTEM","673","850","7","856","List"
"SYSTEM","674","850","8","0",
"SYSTEM","675","850","9","857","Remove"
"SYSTEM","676","850","10","858","Restore"
"SYSTEM","677","850","11","0",
"SYSTEM","678","850","12","859","Test"
"SYSTEM","679","860","3","862","Add"
"SYSTEM","680","860","4","863","Copy"
"SYSTEM","681","860","5","864","Modify"
"SYSTEM","682","860","6","865","Display"
"SYSTEM","683","860","7","0",
"SYSTEM","684","860","8","866","Print"
"SYSTEM","685","860","9","867","List"
"SYSTEM","686","860","10","0",
"SYSTEM","687","860","11","868","Remove"
"SYSTEM","688","860","12","869","Restore"
"SYSTEM","689","890","1","15047","Configure"
"SYSTEM","690","890","2","15048","Explore"
"SYSTEM","691","890","3","0",
"SYSTEM","692","890","4","15017","Report"
"SYSTEM","693","890","5","0",
"SYSTEM","694","890","6","15044","Viewer"
"SYSTEM","695","890","7","15045","Sample Viewer"
"SYSTEM","696","900","1","15049","Table Loader"
"SYSTEM","697","900","2","15051","Table Saver"
"SYSTEM","700","910","1","123","Toggle Mode"
"SYSTEM","701","910","2","124","Change Table Set"
"SYSTEM","702","920","3","882","Login"
"SYSTEM","703","920","4","883","Display"
"SYSTEM","704","920","5","884","Modify"
"SYSTEM","705","920","6","0",
"SYSTEM","706","920","7","885","Review"
"SYSTEM","732","960","3","872","Add"
"SYSTEM","733","960","4","873","Copy"
"SYSTEM","734","960","5","874","Modify"
"SYSTEM","735","960","6","875","Display"
"SYSTEM","736","960","7","0",
"SYSTEM","737","960","8","876","Print"
"SYSTEM","738","960","9","877","List"
"SYSTEM","739","960","10","0",
"SYSTEM","740","960","11","878","Remove"
"SYSTEM","741","960","12","879","Restore"
"SYSTEM","752","10020","3","10021","Add"
"SYSTEM","753","10020","4","10022","Copy"
"SYSTEM","754","10020","5","10023","Modify"
"SYSTEM","755","10020","6","10024","Display"
"SYSTEM","756","10020","7","0",
"SYSTEM","757","10020","8","10025","Print"
"SYSTEM","758","10020","9","10026","List"
"SYSTEM","759","10020","10","0",
"SYSTEM","760","10020","11","10027","Remove"
"SYSTEM","761","10020","12","10028","Restore"
"SYSTEM","762","10030","3","10031","Add"
"SYSTEM","763","10030","4","10032","Copy"
"SYSTEM","764","10030","5","10033","Modify"
"SYSTEM","765","10030","6","10034","Display"
"SYSTEM","766","10030","7","0",
"SYSTEM","767","10030","8","10035","Print"
"SYSTEM","768","10030","9","10036","List"
"SYSTEM","769","10030","10","0",
"SYSTEM","770","10030","11","10037","Remove"
"SYSTEM","771","10030","12","10038","Restore"
"SYSTEM","772","10040","1","10041","Modify all"
"SYSTEM","773","10040","2","10042","Display all"
"SYSTEM","774","10040","3","10043","Restore Node"
"SYSTEM","776","10050","2","470","Watch Dog Timer"
"SYSTEM","777","10060","3","10061","Add"
"SYSTEM","778","10060","4","10062","Copy"
"SYSTEM","779","10060","5","10063","Modify"
"SYSTEM","780","10060","6","10064","Display"
"SYSTEM","781","10060","7","0",
"SYSTEM","782","10060","8","10065","Print"
"SYSTEM","783","10060","9","10066","List"
"SYSTEM","784","10060","10","0",
"SYSTEM","785","10060","11","10067","Remove"
"SYSTEM","786","10060","12","10068","Restore"
"SYSTEM","787","70","17","10070","Incident Template"
"SYSTEM","788","70","18","10080","Incident Checklist"
"SYSTEM","790","10000","6","10091","Login"
"SYSTEM","791","10000","9","10092","Modify"
"SYSTEM","792","10000","11","10093","Submit Release"
"SYSTEM","794","10000","13","10094","Review"
"SYSTEM","795","10000","14","0",
"SYSTEM","796","10000","15","10095","Checklist Results"
"SYSTEM","797","10000","16","10096","Complete"
"SYSTEM","798","10000","18","10097","Submit Inspect"
"SYSTEM","800","10000","20","10098","Inspect"
"SYSTEM","801","10000","21","0",
"SYSTEM","802","10000","8","10099","Display"
"SYSTEM","803","10000","23","10101","Cancel"
"SYSTEM","804","10070","3","10071","Add"
"SYSTEM","805","10070","4","10072","Copy"
"SYSTEM","806","10070","5","10073","Modify"
"SYSTEM","807","10070","6","10074","Display"
"SYSTEM","808","10070","7","0",
"SYSTEM","809","10070","8","10075","Print"
"SYSTEM","810","10070","9","10076","List"
"SYSTEM","811","10070","10","0",
"SYSTEM","812","10070","11","10077","Remove"
"SYSTEM","813","10070","12","10078","Restore"
"SYSTEM","814","10080","3","10081","Add"
"SYSTEM","815","10080","4","10082","Copy"
"SYSTEM","816","10080","5","10083","Modify"
"SYSTEM","817","10080","6","10084","Display"
"SYSTEM","818","10080","7","0",
"SYSTEM","819","10080","8","10085","Print"
"SYSTEM","820","10080","9","10086","List"
"SYSTEM","821","10080","10","0",
"SYSTEM","822","10080","11","10087","Remove"
"SYSTEM","823","10080","12","10088","Restore"
"SYSTEM","824","80","8","980","Roles"
"SYSTEM","825","980","3","931","Add"
"SYSTEM","826","980","4","932","Copy"
"SYSTEM","827","980","5","933","Modify"
"SYSTEM","828","980","6","934","Display"
"SYSTEM","829","980","8","935","Print"
"SYSTEM","830","980","9","936","List"
"SYSTEM","831","980","11","937","Remove"
"SYSTEM","832","980","12","938","Restore"
"SYSTEM","833","980","7","0",
"SYSTEM","834","980","10","0",
"SYSTEM","835","80","9","990","Master Menu"
"SYSTEM","836","990","3","921","Add"
"SYSTEM","837","990","4","922","Copy"
"SYSTEM","838","990","5","923","Modify"
"SYSTEM","839","990","6","924","Display"
"SYSTEM","840","990","8","925","Print"
"SYSTEM","841","990","9","926","List"
"SYSTEM","844","990","7","0",
"SYSTEM","845","990","10","0",
"SYSTEM","846","80","10","10110","SMW Menu"
"SYSTEM","847","10110","1","941","Add"
"SYSTEM","848","10110","2","942","Copy"
"SYSTEM","849","10110","3","943","Modify"
"SYSTEM","850","10110","4","944","Display"
"SYSTEM","851","10110","6","946","Delete"
"SYSTEM","852","10110","5","0",
"SYSTEM","853","550","22","10100","Sample Plan Login"
"SYSTEM","854","10100","5","0",
"SYSTEM","855","70","14","0",
"SYSTEM","856","550","23","0",
"SYSTEM","857","980","14","927","Add Menu Items"
"SYSTEM","858","980","13","0",
"SYSTEM","859","980","15","928","Delete Menu Items"
"SYSTEM","860","10110","7","0",
"SYSTEM","861","10110","8","947","Modify In Context"
"SYSTEM","863","990","11","951","Add In Context"
"SYSTEM","864","990","12","952","Copy In Context"
"SYSTEM","866","70","16","0",
"SYSTEM","867","10000","7","0",
"SYSTEM","868","10000","10","0",
"SYSTEM","869","10000","17","0",
"SYSTEM","870","220","14","15055","History"
"SYSTEM","871","640","17","17","Remove"
"SYSTEM","872","640","18","18","Restore"
"SYSTEM","873","640","12","0",
"SYSTEM","874","640","6","0",
"SYSTEM","875","10050","3","1010","Non-Working Periods"
"SYSTEM","876","1010","1","961","Add"
"SYSTEM","877","1010","2","962","Copy"
"SYSTEM","878","1010","3","963","Modify"
"SYSTEM","879","1010","4","964","Display"
"SYSTEM","880","1010","6","965","Print"
"SYSTEM","881","1010","7","966","List"
"SYSTEM","882","1010","9","967","Remove"
"SYSTEM","883","1010","10","968","Restore"
"SYSTEM","884","1010","5","0",
"SYSTEM","885","1010","8","0",
"SYSTEM","886","20","12","30","Data Pipe"
"SYSTEM","887","30","1","40","Destinations"
"SYSTEM","888","30","2","180","Dispatcher"
"SYSTEM","889","30","3","190","Data Trail"
"SYSTEM","890","40","3","10121","Add"
"SYSTEM","891","40","4","10122","Copy"
"SYSTEM","892","40","5","10123","Modify"
"SYSTEM","893","40","6","10124","Display"
"SYSTEM","894","40","9","10125","List"
"SYSTEM","895","40","7","0",
"SYSTEM","896","40","8","10126","Print"
"SYSTEM","897","40","11","10127","Remove"
"SYSTEM","898","40","10","0",
"SYSTEM","899","40","12","10128","Restore"
"SYSTEM","900","180","1","10135","Interactive"
"SYSTEM","901","180","2","10136","Status"
"SYSTEM","902","180","3","10137","Suspend"
"SYSTEM","903","180","4","10138","Resume"
"SYSTEM","904","180","5","10139","Terminate"
"SYSTEM","905","190","1","10129","Monitor"
"SYSTEM","906","190","3","10133","Display Failures"
"SYSTEM","907","190","4","10131","Resubmit Entry"
"SYSTEM","908","190","5","10132","Clear Entry"
"SYSTEM","909","190","2","10134","Display Record"
"SYSTEM","912","80","17","23","Explore Table Defaults"
"SYSTEM","913","80","18","0",
"SYSTEM","914","410","10","0",
"SYSTEM","915","410","11","15000","User Environment"
"SYSTEM","916","15000","1","46","Set Desktop Location"
"SYSTEM","917","15000","2","51","Set Desktop Home"
"SYSTEM","918","15000","3","0",
"SYSTEM","919","15000","4","15083","Reset Any Environment"
"SYSTEM","920","15000","5","15084","Copy to Any Environment"
"SYSTEM","921","15000","6","15085","Clone to Any Environment"
"SYSTEM","922","15000","7","0",
"SYSTEM","923","15000","8","15086","Reset Own Environment"
"SYSTEM","924","15000","9","15087","Copy to Own Environment"
"SYSTEM","925","830","13","0",
"SYSTEM","926","830","14","15118","Execute..."
"SYSTEM","927","830","16","15117","Query Builder..."
"SYSTEM","928","60","4","15010","Calc Functions"
"SYSTEM","929","15010","3","15091","Add"
"SYSTEM","930","15010","4","15092","Copy"
"SYSTEM","931","15010","5","15093","Modify"
"SYSTEM","932","15010","6","15094","Display"
"SYSTEM","933","15010","8","15095","Print"
"SYSTEM","934","15010","9","15096","List"
"SYSTEM","935","15010","11","15097","Remove"
"SYSTEM","936","15010","7","0",
"SYSTEM","937","15010","10","0",
"SYSTEM","938","15010","12","15098","Restore"
"SYSTEM","939","830","17","15119","Set Default..."
"SYSTEM","940","1020","1","15201","New Tabular Report"
"SYSTEM","942","1020","2","15202","Modify Saved Tabular Report"
"SYSTEM","943","1020","3","15203","Generate Saved Tabular Report"
"SYSTEM","944","1020","6","15209","Restore"
"SYSTEM","945","530","13","1020","Tabular Report"
"SYSTEM","946","1020","5","15208","Remove"
"SYSTEM","947","1020","7","15211","Print"
"SYSTEM","948","1020","8","15212","List"
"SYSTEM","949","1020","4","0",
"SYSTEM","950","110","1","15214","Open Hazards..."
"SYSTEM","951","110","2","0",
"SYSTEM","952","120","1","15215","Open Locations..."
"SYSTEM","953","120","2","0",
"SYSTEM","954","130","1","15216","Open Preparations..."
"SYSTEM","955","130","2","0",
"SYSTEM","956","140","1","15217","Open Sample Points..."
"SYSTEM","957","140","2","0",
"SYSTEM","958","150","1","15218","Open Projects..."
"SYSTEM","959","150","2","0",
"SYSTEM","960","160","1","15219","Open Customers..."
"SYSTEM","961","160","2","0",
"SYSTEM","962","170","1","15221","Open Charges..."
"SYSTEM","963","170","2","0",
"SYSTEM","964","210","1","15222","Open Instruments..."
"SYSTEM","965","210","2","0",
"SYSTEM","966","220","1","15223","Open Analyses..."
"SYSTEM","967","220","2","0",
"SYSTEM","968","230","1","15224","Open Calculations..."
"SYSTEM","969","230","2","0",
"SYSTEM","970","680","1","15226","Open List Results..."
"SYSTEM","971","680","2","0",
"SYSTEM","972","15010","1","15225","Open Calc Functions..."
"SYSTEM","973","15010","2","0",
"SYSTEM","974","240","1","15227","Open Standards..."
"SYSTEM","975","240","2","0",
"SYSTEM","976","630","1","15228","Open Sig Figs..."
"SYSTEM","977","630","2","0",
"SYSTEM","978","640","1","15229","Open MLP Specs..."
"SYSTEM","979","640","2","0",
"SYSTEM","980","660","1","15231","Open MLP Levels..."
"SYSTEM","981","660","2","0",
"SYSTEM","982","750","1","15232","Open MLP Phrases..."
"SYSTEM","983","750","2","0",
"SYSTEM","984","760","1","15233","Open MLP Calculations..."
"SYSTEM","985","760","2","0",
"SYSTEM","986","590","1","15234","Open Units..."
"SYSTEM","987","590","2","0",
"SYSTEM","988","690","1","15235","Open Inspection Plans..."
"SYSTEM","989","690","2","0",
"SYSTEM","990","960","1","15236","Open Lot Templates..."
"SYSTEM","991","960","2","0",
"SYSTEM","992","320","1","15237","Open Job Templates..."
"SYSTEM","993","320","2","0",
"SYSTEM","994","310","1","15238","Open Sample Templates"
"SYSTEM","995","310","2","0",
"SYSTEM","996","330","1","15239","Open Test Schedules..."
"SYSTEM","997","330","2","0",
"SYSTEM","998","780","1","15241","Open Work Profiles..."
"SYSTEM","999","780","2","0",
"SYSTEM","1000","800","1","15242","Open Batch Templates..."
"SYSTEM","1001","800","2","0",
"SYSTEM","1002","340","1","15243","Open Login Schedules..."
"SYSTEM","1003","340","2","0",
"SYSTEM","1004","350","1","15244","Open Syntaxes..."
"SYSTEM","1005","350","2","0",
"SYSTEM","1006","10020","1","15245","Open Rules..."
"SYSTEM","1007","10020","2","0",
"SYSTEM","1008","10030","1","15246","Open Column Sets..."
"SYSTEM","1009","10030","2","0",
"SYSTEM","1010","10060","1","15247","Open Sampling Procedures..."
"SYSTEM","1011","10060","2","0",
"SYSTEM","1012","10070","1","15248","Open Incident Templates..."
"SYSTEM","1013","10070","2","0",
"SYSTEM","1014","10080","1","15249","Open Incident Checklists..."
"SYSTEM","1015","10080","2","0",
"SYSTEM","1016","360","1","15251","Open Reports..."
"SYSTEM","1017","360","2","0",
"SYSTEM","1018","370","1","15252","Open Operators..."
"SYSTEM","1019","370","2","0",
"SYSTEM","1020","380","1","15253","Open Phrases..."
"SYSTEM","1021","380","2","0",
"SYSTEM","1022","390","1","15254","Open Printers..."
"SYSTEM","1023","390","2","0",
"SYSTEM","1024","650","1","15255","Open Groups..."
"SYSTEM","1025","650","2","0",
"SYSTEM","1026","980","1","15256","Open Roles..."
"SYSTEM","1027","980","2","0",
"SYSTEM","1028","990","1","15257","Open Master Menu..."
"SYSTEM","1029","990","2","0",
"SYSTEM","1030","830","1","15258","Open Criteria..."
"SYSTEM","1031","830","2","0",
"SYSTEM","1032","860","1","15259","Open CGI Scripts..."
"SYSTEM","1033","860","2","0",
"SYSTEM","1034","100","1","15261","Open Configuration"
"SYSTEM","1035","100","2","0",
"SYSTEM","1042","40","1","15265","Open Destinations..."
"SYSTEM","1043","40","2","0",
"SYSTEM","1044","920","1","15266","Open Lots..."
"SYSTEM","1045","920","2","0",
"SYSTEM","1046","550","1","15267","Open Jobs..."
"SYSTEM","1047","550","2","0",
"SYSTEM","1048","500","1","15268","Open Samples..."
"SYSTEM","1049","500","2","0",
"SYSTEM","1050","570","1","15269","Open Tests..."
"SYSTEM","1051","570","2","0",
"SYSTEM","1052","450","1","15271","Open Results..."
"SYSTEM","1053","450","2","0",
"SYSTEM","1054","810","1","15272","Open Batches..."
"SYSTEM","1055","810","2","0",
"SYSTEM","1056","10000","1","15273","Open Incidents..."
"SYSTEM","1057","10000","2","0",
"SYSTEM","1058","830","18","15213","View Table..."
"SYSTEM","1059","210","13","0",
"SYSTEM","1060","210","14","15088","Modify COM settings"
"SYSTEM","1061","210","15","15089","Display COM settings"
"SYSTEM","1062","80","6","1030","Infomaker Reports"
"SYSTEM","1063","1030","1","15302","Open Infomaker Reports..."
"SYSTEM","1064","1030","3","15292","Add"
"SYSTEM","1065","1030","2","0",
"SYSTEM","1066","1030","4","15293","Copy"
"SYSTEM","1067","1030","5","15294","Modify"
"SYSTEM","1068","1030","6","15295","Display"
"SYSTEM","1069","1030","8","15296","Print"
"SYSTEM","1070","1030","9","15297","List"
"SYSTEM","1071","1030","11","15298","Remove"
"SYSTEM","1072","1030","12","15299","Restore"
"SYSTEM","1073","1030","17","15291","Run"
"SYSTEM","1074","1030","19","15301","Sample Report"
"SYSTEM","1075","1030","15","15303","Add Master Menu"
"SYSTEM","1076","1030","16","15304","Add Master Menu in Context"
"SYSTEM","1077","1030","14","15305","Import Pbl"
"SYSTEM","1078","1030","7","0",
"SYSTEM","1079","1030","10","0",
"SYSTEM","1080","1030","13","0",
"SYSTEM","1081","1030","18","0",
"SYSTEM","1082","20","8","15053","Explorer"
"SYSTEM","1083","640","13","15422","Submit"
"SYSTEM","1084","640","14","15421","Approve"
"SYSTEM","1085","640","15","15423","History"
"SYSTEM","1086","640","16","0",
"SYSTEM","1087","700","1","15276","Open Worksheets..."
"SYSTEM","1088","700","2","0",
"SYSTEM","1089","20","14","15150","Interface"
"SYSTEM","1090","15150","1","15160","User Interface"
"SYSTEM","1091","15160","1","15511","Open..."
"SYSTEM","1092","15160","3","15512","Add"
"SYSTEM","1093","15160","4","15513","Copy"
"SYSTEM","1094","15160","5","15514","Modify"
"SYSTEM","1095","15160","6","15515","Display"
"SYSTEM","1096","15160","8","15516","List"
"SYSTEM","1097","15160","9","15517","Print"
"SYSTEM","1098","15160","11","15518","Remove"
"SYSTEM","1099","15160","12","15519","Restore"
"SYSTEM","1100","15160","14","15523","Test LTE"
"SYSTEM","1101","15160","15","15521","Convert LTE"
"SYSTEM","1102","15160","16","15524","Add Master Menu Items"
"SYSTEM","1103","15160","2","0",
"SYSTEM","1104","15160","7","0",
"SYSTEM","1105","15160","10","0",
"SYSTEM","1106","15160","13","0",
"SYSTEM","1107","15150","9","15170","Web Menu"
"SYSTEM","1108","15170","1","15525","Open..."
"SYSTEM","1109","15170","3","15526","Add"
"SYSTEM","1110","15170","4","15527","Copy"
"SYSTEM","1111","15170","5","15528","Modify"
"SYSTEM","1112","15170","6","15529","Display"
"SYSTEM","1113","15170","8","15531","List"
"SYSTEM","1114","15170","9","15532","Print"
"SYSTEM","1115","15170","10","15533","Remove"
"SYSTEM","1116","15170","11","15534","Restore"
"SYSTEM","1117","15170","2","0",
"SYSTEM","1118","15170","7","0",
"SYSTEM","1119","15170","13","15180","Master Menu"
"SYSTEM","1120","15180","1","15546","Add Web Link"
"SYSTEM","1121","15180","2","15304","Add Infomaker Report"
"SYSTEM","1122","15180","3","15552","Add Explorer Folder"
"SYSTEM","1123","15170","12","0",
"SYSTEM","1124","15150","3","15190","Web Link"
"SYSTEM","1125","15190","1","15535","Open..."
"SYSTEM","1126","15190","3","15536","Add"
"SYSTEM","1127","15190","4","15537","Copy"
"SYSTEM","1128","15190","5","15538","Modify"
"SYSTEM","1129","15190","6","15539","Display"
"SYSTEM","1130","15190","8","15541","List"
"SYSTEM","1131","15190","9","15542","Print"
"SYSTEM","1132","15190","11","15543","Remove"
"SYSTEM","1133","15190","12","15544","Restore"
"SYSTEM","1134","15190","2","0",
"SYSTEM","1135","15190","7","0",
"SYSTEM","1136","15190","10","0",
"SYSTEM","1137","15190","14","15545","Open Link"
"SYSTEM","1138","15190","15","15546","Add to Menu"
"SYSTEM","1139","15190","17","15548","Thermo"
"SYSTEM","1140","15190","18","15549","Thermo Informatics"
"SYSTEM","1141","15190","16","0",
"SYSTEM","1142","15190","13","0",
"SYSTEM","1143","15150","4","15200","Explorer"
"SYSTEM","1144","15200","7","15551","Explore Folder"
"SYSTEM","1145","15200","6","15552","Add to Menu"
"SYSTEM","1146","15150","11","15210","LIMSML Action"
"SYSTEM","1147","15210","1","15553","Open..."
"SYSTEM","1148","15210","3","15554","Add"
"SYSTEM","1149","15210","4","15555","Copy"
"SYSTEM","1150","15210","5","15556","Modify"
"SYSTEM","1151","15210","6","15557","Display"
"SYSTEM","1152","15210","8","15558","List"
"SYSTEM","1153","15210","9","15559","Print"
"SYSTEM","1154","15210","11","15561","Remove"
"SYSTEM","1155","15210","12","15562","Restore"
"SYSTEM","1156","15210","10","0",
"SYSTEM","1157","15210","7","0",
"SYSTEM","1158","15210","2","0",
"SYSTEM","1159","15150","10","0",
"SYSTEM","1160","15150","2","0",
"SYSTEM","1161","15150","5","15220","Infomaker Reports"
"SYSTEM","1162","15220","1","15302","Open Infomaker Reports..."
"SYSTEM","1163","15220","2","0",
"SYSTEM","1164","15220","3","15292","Add"
"SYSTEM","1165","15220","4","15293","Copy"
"SYSTEM","1166","15220","5","15294","Modify"
"SYSTEM","1167","15220","6","15295","Display"
"SYSTEM","1168","15220","7","0",
"SYSTEM","1169","15220","8","15296","Print"
"SYSTEM","1170","15220","9","15297","List"
"SYSTEM","1171","15220","10","0",
"SYSTEM","1172","15220","11","15298","Remove"
"SYSTEM","1173","15220","12","15299","Restore"
"SYSTEM","1174","15220","13","0",
"SYSTEM","1175","15220","14","15305","Import Pbl"
"SYSTEM","1176","15220","15","15303","Add Master Menu"
"SYSTEM","1177","15220","16","15304","Add Master Menu in Context"
"SYSTEM","1178","15220","17","15291","Run"
"SYSTEM","1179","15220","18","0",
"SYSTEM","1180","15220","19","15301","Sample Report"
"SYSTEM","1181","15150","8","15230","SMW Menu"
"SYSTEM","1182","15230","1","941","Add"
"SYSTEM","1183","15230","2","942","Copy"
"SYSTEM","1184","15230","3","943","Modify"
"SYSTEM","1185","15230","4","944","Display"
"SYSTEM","1186","15230","5","0",
"SYSTEM","1187","15230","6","946","Delete"
"SYSTEM","1188","15230","7","0",
"SYSTEM","1189","15230","8","947","Modify In Context"
"SYSTEM","1190","15150","6","0",
"SYSTEM","1191","15150","7","15240","Master Menu"
"SYSTEM","1192","15240","1","15257","Open Master Menu..."
"SYSTEM","1193","15240","2","0",
"SYSTEM","1194","15240","3","921","Add"
"SYSTEM","1195","15240","4","922","Copy"
"SYSTEM","1196","15240","5","923","Modify"
"SYSTEM","1197","15240","6","924","Display"
"SYSTEM","1198","15240","7","0",
"SYSTEM","1199","15240","8","925","Print"
"SYSTEM","1200","15240","9","926","List"
"SYSTEM","1201","15240","10","0",
"SYSTEM","1202","15240","11","951","Add In Context"
"SYSTEM","1203","15240","12","952","Copy In Context"
"SYSTEM","1204","15200","2","15250","Cabinets"
"SYSTEM","1205","15250","1","15264","Open Explorer Cabinets..."
"SYSTEM","1206","15250","2","0",
"SYSTEM","1207","15250","3","912","Add"
"SYSTEM","1208","15250","4","913","Copy"
"SYSTEM","1209","15250","5","914","Modify"
"SYSTEM","1210","15250","6","915","Display"
"SYSTEM","1211","15250","7","0",
"SYSTEM","1212","15250","8","916","Print"
"SYSTEM","1213","15250","9","917","List"
"SYSTEM","1214","15250","10","0",
"SYSTEM","1215","15250","11","918","Remove"
"SYSTEM","1216","15250","12","919","Restore"
"SYSTEM","1217","15250","13","0",
"SYSTEM","1218","15250","14","27","Explore Cabinet"
"SYSTEM","1219","15200","3","15260","Aux Reports"
"SYSTEM","1220","15260","1","15263","Open Aux Reports..."
"SYSTEM","1221","15260","2","0",
"SYSTEM","1222","15260","3","902","Add"
"SYSTEM","1223","15260","4","903","Copy"
"SYSTEM","1224","15260","5","904","Modify"
"SYSTEM","1225","15260","6","905","Display"
"SYSTEM","1226","15260","7","0",
"SYSTEM","1227","15260","8","906","Print"
"SYSTEM","1228","15260","9","907","List"
"SYSTEM","1229","15260","10","0",
"SYSTEM","1230","15260","11","908","Remove"
"SYSTEM","1231","15260","12","909","Restore"
"SYSTEM","1232","15200","5","0",
"SYSTEM","1233","15200","8","23","Explore Table Defaults"
"SYSTEM","1234","15200","1","15270","Icons"
"SYSTEM","1235","15270","1","15262","Open Icons..."
"SYSTEM","1236","15270","2","0",
"SYSTEM","1237","15270","3","892","Add"
"SYSTEM","1238","15270","4","893","Copy"
"SYSTEM","1239","15270","5","894","Modify"
"SYSTEM","1240","15270","6","895","Display"
"SYSTEM","1241","15270","7","0",
"SYSTEM","1242","15270","8","896","Print"
"SYSTEM","1243","15270","9","897","List"
"SYSTEM","1244","15270","10","0",
"SYSTEM","1245","15270","11","898","Remove"
"SYSTEM","1246","15270","12","899","Restore"
"SYSTEM","1247","20","13","0",
"SYSTEM","1248","920","8","886","Compare With MLP"
"SYSTEM","1249","550","25","327","Compare With MLP"
"SYSTEM","1250","60","11","15020","MLP Family"
"SYSTEM","1251","15020","1","541","Open..."
"SYSTEM","1252","15020","2","0",
"SYSTEM","1253","15020","3","542","Add"
"SYSTEM","1254","15020","4","543","Copy"
"SYSTEM","1255","15020","5","544","Modify"
"SYSTEM","1256","15020","6","545","Display"
"SYSTEM","1257","15020","7","0",
"SYSTEM","1258","15020","8","547","Print"
"SYSTEM","1259","15020","9","546","List"
"SYSTEM","1260","15020","10","0",
"SYSTEM","1261","15020","11","548","Remove"
"SYSTEM","1262","15020","12","549","Restore"
"SYSTEM","1263","60","14","15320","CoA Templates"
"SYSTEM","1264","15320","1","15751","Open..."
"SYSTEM","1265","15320","2","0",
"SYSTEM","1266","15320","3","15752","Add"
"SYSTEM","1267","15320","4","15753","Copy"
"SYSTEM","1268","15320","5","15754","Modify"
"SYSTEM","1269","15320","6","15755","Display"
"SYSTEM","1270","15320","7","0",
"SYSTEM","1271","15320","9","15757","Print"
"SYSTEM","1272","15320","8","15756","List"
"SYSTEM","1273","15320","10","0",
"SYSTEM","1274","15320","11","15758","Remove"
"SYSTEM","1275","15320","12","15759","Restore"
"SYSTEM","1276","15320","13","0",
"SYSTEM","1277","15320","14","15761","New Version"
"SYSTEM","1278","15320","15","15762","Approve"
"SYSTEM","1279","15320","16","15763","Submit"
"SYSTEM","1280","15320","17","0",
"SYSTEM","1281","15320","18","15764","Generate Certificate"
"SYSTEM","1282","15320","19","15765","Preview Certificate"
"SYSTEM","1283","15320","20","15766","Display Certificate"
"SYSTEM","1284","15200","4","1040","Hierarchy"
"SYSTEM","1285","1040","1","15701","Open..."
"SYSTEM","1286","1040","3","15702","Add"
"SYSTEM","1287","1040","4","15703","Copy"
"SYSTEM","1288","1040","5","15704","Modify"
"SYSTEM","1289","1040","6","15705","Display"
"SYSTEM","1290","1040","9","15706","List"
"SYSTEM","1291","1040","8","15707","Print"
"SYSTEM","1292","1040","12","15709","Restore"
"SYSTEM","1293","1040","11","15708","Remove"
"SYSTEM","1294","1040","2","0",
"SYSTEM","1295","1040","7","0",
"SYSTEM","1296","1040","10","0",
"SYSTEM","1297","900","4","15776","Convert Menu"
"SYSTEM","1298","900","6","15778","Load Menu Tree"
"SYSTEM","1299","900","7","15777","Save Menu Tree"
"SYSTEM","1300","900","3","0",
"SYSTEM","1301","900","5","0",
