﻿STANDARD
IDENTITY,CATEGORY,GROUP_ID,STANDARD_TYPE,STANDARD_NAME,EXPIRY_TYPE,LIFETIME,MAXIMUM_USAGE,INTERNAL_EXTERNAL,DESCRIPTION,MODIFIABLE,REMOVEFLAG,PRODUCT_ID,TEMPLATE_ID,SUBSTANCE,NAME,WORKFLOW_NODE_CONTROL
10,10,10,10,60,1,16,10,1,60,1,1,10,10,10,100,36
                     203
"100",,,"CALIB",,"T",,"1","FALSE",,"TRUE","TRUE",,,,"100","06833E29-B7E5-4DFC-98C1-91B9AF7B6A41"
"10000NGML",,,"CALIB",,"U",,"999999","FALSE","Confirmation 10,000 ng/mL in Plasma Calibrator","TRUE","FALSE",,,,"10,000 ng/mL in Plasma","06833E29-B7E5-4DFC-98C1-91B9AF7B6A41"
"1000AASMIX",,,"CALIB",,"U",,"100000","FALSE","1000 AASMIX Calibrator 6","TRUE","FALSE",,,,"1000 pg/mL AAS mix","06833E29-B7E5-4DFC-98C1-91B9AF7B6A41"
"100AASMIX",,,"CALIB",,"U",,"100000","FALSE","100 AASMIX Calibrator 3","TRUE","FALSE",,,,"100 pg/mL AAS mix","06833E29-B7E5-4DFC-98C1-91B9AF7B6A41"
"150",,,"CALIB",,"U",,"1000000","FALSE","Confirmation 75 ng/ml in Plasma Calibrator","TRUE","FALSE",,,,"150","06833E29-B7E5-4DFC-98C1-91B9AF7B6A41"
"175",,,"CALIB",,"U",,"100000","FALSE","Confirmation 75 ng/ml in Plasma Calibrator","TRUE","FALSE",,,,"175","06833E29-B7E5-4DFC-98C1-91B9AF7B6A41"
"200",,,"CALIB",,"U",,"100000","FALSE","Confirmation 75 ng/ml in Plasma Calibrator","TRUE","FALSE",,,,"200","06833E29-B7E5-4DFC-98C1-91B9AF7B6A41"
"2500AASMIX",,,"CALIB",,"U",,"100000","FALSE","2500 AASMIX Calibrator 7","TRUE","FALSE",,,,"2500 pg/mL AAS mix","06833E29-B7E5-4DFC-98C1-91B9AF7B6A41"
"250AASMIX",,,"CALIB",,"U",,"100000","FALSE","250 AASMIX Calibrator 4","TRUE","FALSE",,,,"250 pg/mL AAS Mix","06833E29-B7E5-4DFC-98C1-91B9AF7B6A41"
"25AANEAT",,,"CALIB",,"U",,"100000","FALSE","25 pg/mL AAS Neat","TRUE","FALSE",,,,"25 pg/mL AAS Neat","06833E29-B7E5-4DFC-98C1-91B9AF7B6A41"
"25AASMIX",,,"CALIB",,"U",,"100000","FALSE","25AASMIX Calibrator 1","TRUE","FALSE",,,,"25 pg/mL AAS Mix","06833E29-B7E5-4DFC-98C1-91B9AF7B6A41"
"5000AASMIX",,,"CALIB",,"U",,"100000","FALSE","5000 AASMIX Calibrator 8","TRUE","FALSE",,,,"5000 pg/mL AAS mix","06833E29-B7E5-4DFC-98C1-91B9AF7B6A41"
"500AASMIX",,,"CALIB",,"U",,"100000","FALSE","500 AASMIX Calibrator 5","TRUE","FALSE",,,,"500 pg/mL AAS mix","06833E29-B7E5-4DFC-98C1-91B9AF7B6A41"
"50AASMIX",,,"CALIB",,"U",,"100000","FALSE","50 AASMIX Calibrator 2","TRUE","FALSE",,,,"50 pg/mL AAS mix","06833E29-B7E5-4DFC-98C1-91B9AF7B6A41"
"C_0025NGML",,,"CALIB",,"U",,"999999999","FALSE","Confirmation 0.25 ng/ml in Plasma Calibrator","TRUE","FALSE",,,,"0.25 ng/mL in Plasma","06833E29-B7E5-4DFC-98C1-91B9AF7B6A41"
"C_005_NGML",,,"CALIB",,"U",,"999999","FALSE","Confirmation 0.5 ng/ml in Plasma Calibrator","TRUE","FALSE",,,,"0.5 ng/mL in Plasma_","06833E29-B7E5-4DFC-98C1-91B9AF7B6A41"
"C_025_NGML",,,"CALIB",,"U","9999 00:00:00.00","999999999","FALSE","Confirmation 2.5 ng/ml in Plasma Calibrator","TRUE","FALSE",,,,"2.5 ng/ml in Plasma","06833E29-B7E5-4DFC-98C1-91B9AF7B6A41"
"C_025_PGML",,,"CALIB",,"U","9999 00:00:00.00","999999999","FALSE","Confirmation 2.5 pg/ml in Plasma Calibrator","TRUE","FALSE",,,,"2.5 pg/mL in Plasma","06833E29-B7E5-4DFC-98C1-91B9AF7B6A41"
"C_05_NGML",,,"CALIB",,"U",,"10000","FALSE","Confirmation 0.5 ng/mL calibrator","TRUE","FALSE",,,,"0.5 ng/mL in Plasma","06833E29-B7E5-4DFC-98C1-91B9AF7B6A41"
"C_05UGML",,,"CALIB",,"U",,"999999999","FALSE","Confirmation 0.5 ug/mL in Plasma Calibrator","TRUE","FALSE",,,,"0.5 ug/mL in Plasma","06833E29-B7E5-4DFC-98C1-91B9AF7B6A41"
"C_075_NGML",,,"CALIB",,"U",,"999999","FALSE","Confirmation 7.5 ng/ml in Plasma Calibrator","TRUE","FALSE",,,,"7.5 ng/mL in Plasma","06833E29-B7E5-4DFC-98C1-91B9AF7B6A41"
"C_1_NGML",,,"CALIB",,"U",,"999999","FALSE","Confirmation 1.0 ng/mL in Plasma Calibrator","TRUE","FALSE",,,,"1.0 ng/mL in Plasma","06833E29-B7E5-4DFC-98C1-91B9AF7B6A41"
"C_1_PGML",,,"CALIB",,"U","9999 00:00:00.00","999999999","FALSE","Confirmation 1 pg/ml in Plasma Calibrator","TRUE","FALSE",,,,"1 pg/mL in Plasma","06833E29-B7E5-4DFC-98C1-91B9AF7B6A41"
"C_10_NGML",,,"CALIB",,"U",,"999999","FALSE","Confirmation 10 ng/ml in Plasma Calibrator","TRUE","FALSE",,,,"10 ng/mL in Plasma","06833E29-B7E5-4DFC-98C1-91B9AF7B6A41"
"C_10_PGML",,,"CALIB",,"U",,"999999999","FALSE","Confirmation 10 pg/ml in Plasma Calibrator","TRUE","FALSE",,,,"10 pg/mL in Plasma","06833E29-B7E5-4DFC-98C1-91B9AF7B6A41"
"C_100_NGML",,,"CALIB",,"U",,"999999","FALSE","Confirmation 100 ng/ml in Plasma Calibrator","TRUE","FALSE",,,,"100 ng/mL in Plasma","06833E29-B7E5-4DFC-98C1-91B9AF7B6A41"
"C_100_PGML",,,"CALIB",,"U",,"999999999","FALSE","Confirmation 100 pg/ml in Plasma Calibrator","TRUE","FALSE",,,,"100 pg/mL in Plasma","06833E29-B7E5-4DFC-98C1-91B9AF7B6A41"
"C_1000NGML",,,"CALIB",,"U",,"999999","FALSE","Confirmation 1000 ng/mL in Plasma Calibrator","TRUE","FALSE",,,,"1000 ng/mL in Plasma","06833E29-B7E5-4DFC-98C1-91B9AF7B6A41"
"C_1000PGML",,,"CALIB",,"U",,"999999999","FALSE","Confirmation 1000 pg/ml in Plasma Calibrator","TRUE","FALSE",,,,"1000 pg/mL in Plasma","06833E29-B7E5-4DFC-98C1-91B9AF7B6A41"
"C_100PGML",,,"CALIB",,"U",,"999999999","FALSE","Confirmation 100 pg/mL in Urine Calibrator","TRUE","FALSE",,,,"100 pg/mL in Urine","06833E29-B7E5-4DFC-98C1-91B9AF7B6A41"
"C_10PGML",,,"CALIB",,"U",,"999999999","FALSE","Confirmation 10 pg/ml in Urine Calibrator","TRUE","FALSE",,,,"10 pg/mL in Urine","06833E29-B7E5-4DFC-98C1-91B9AF7B6A41"
"C_10UGML",,,"CALIB",,"U",,"999999999","FALSE","Confirmation 10 ug/mL in Plasma Calibrator","TRUE","FALSE",,,,"10 ug/mL in Plasma","06833E29-B7E5-4DFC-98C1-91B9AF7B6A41"
"C_125_NGML",,,"CALIB",,"U",,"999999","FALSE","Confirmation 125 ng/ml in Plasma Calibrator","TRUE","FALSE",,,,"125 ng/mL in Plasma","06833E29-B7E5-4DFC-98C1-91B9AF7B6A41"
"C_15_NGML",,,"CALIB",,"U",,"9999999","FALSE","Confirmation 150 ng/ml in Plasma Calibrator","TRUE","FALSE",,,,"15 ng/mL in Plasma","06833E29-B7E5-4DFC-98C1-91B9AF7B6A41"
"C_150_NGML",,,"CALIB",,"U",,"9999999","FALSE","Confirmation 150 ng/ml in Plasma Calibrator","TRUE","FALSE",,,,"150 ng/mL in Plasma","06833E29-B7E5-4DFC-98C1-91B9AF7B6A41"
"C_150_PGML",,,"CALIB",,"U",,"999999999","FALSE","Confirmation 150 pg/ml in Plasma Calibrator","TRUE","FALSE",,,,"150 pg/mL in Plasma","06833E29-B7E5-4DFC-98C1-91B9AF7B6A41"
"C_15UGML",,,"CALIB",,"U",,"999999999","FALSE","Confirmation 15 ug/mL in Plasma Calibrator","TRUE","FALSE",,,,"15 ug/mL in Plasma","06833E29-B7E5-4DFC-98C1-91B9AF7B6A41"
"C_1UGML",,,"CALIB",,"U",,"999999999","FALSE","Confirmation 1.0 ug/mL in Plasma Calibrator","TRUE","FALSE",,,,"1.0 ug/mL in Plasma","06833E29-B7E5-4DFC-98C1-91B9AF7B6A41"
"C_20_NGML",,,"CALIB",,"U",,"999999","FALSE","Confirmation 20 ng/ml in Plasma Calibrator","TRUE","FALSE",,,,"20 ng/mL in Plasma","06833E29-B7E5-4DFC-98C1-91B9AF7B6A41"
"C_20_PGML",,,"CALIB",,"U",,"999999999","FALSE","Confirmation 20 pg/ml in Plasma Calibrator","TRUE","FALSE",,,,"20 pg/mL in Plasma","06833E29-B7E5-4DFC-98C1-91B9AF7B6A41"
"C_200_NGML",,,"CALIB",,"U","9999 00:00:00.00","1","FALSE","Confirmation 200 ng/ml in Plasma Calibrator","TRUE","FALSE",,,,"200 ng/mL in Plasma","06833E29-B7E5-4DFC-98C1-91B9AF7B6A41"
"C_200_PGML",,,"CALIB",,"U",,"999999999","FALSE","Confirmation 200 pg/ml in Plasma Calibrator","TRUE","FALSE",,,,"200 pg/mL in Plasma","06833E29-B7E5-4DFC-98C1-91B9AF7B6A41"
"C_2000NGML",,,"CALIB",,"U",,"999999","FALSE","Confirmation 2000 ng/mL in Plasma Calibrator","TRUE","FALSE",,,,"2000 ng/mL in Plasma","06833E29-B7E5-4DFC-98C1-91B9AF7B6A41"
"C_2000PGML",,,"CALIB",,"U",,"999999","FALSE","Confirmation 2000 ng/mL in Plasma Calibrator","TRUE","FALSE",,,,"2000 pg/ml in plasma","06833E29-B7E5-4DFC-98C1-91B9AF7B6A41"
"C_20PGMLU",,,"CALIB",,"U",,"999999999","FALSE","Confirmation 20 pg/ml in Urine Calibrator","TRUE","FALSE",,,,"20 pg/mL in Urine","06833E29-B7E5-4DFC-98C1-91B9AF7B6A41"
"C_20UGML",,,"CALIB",,"U",,"999999999","FALSE","Confirmation 20 ug/mL in Plasma Calibrator","TRUE","FALSE",,,,"20 ug/mL in Plasma","06833E29-B7E5-4DFC-98C1-91B9AF7B6A41"
"C_25_NGML",,,"CALIB",,"U",,"999999","FALSE","Confirmation 25 ng/ml in Plasma Calibrator","TRUE","FALSE",,,,"25 ng/mL in Plasma","06833E29-B7E5-4DFC-98C1-91B9AF7B6A41"
"C_25_PGML",,,"CALIB",,"U",,"999999999","FALSE","Confirmation 25 pg/ml in Plasma Calibrator","TRUE","FALSE",,,,"25 pg/mL in Plasma","06833E29-B7E5-4DFC-98C1-91B9AF7B6A41"
"C_250_NGML",,,"CALIB",,"U",,"999999999","FALSE","Confirmation 250 ng/ml in Plasma Calibrator","TRUE","FALSE",,,,"250 ng/mL in Plasma","06833E29-B7E5-4DFC-98C1-91B9AF7B6A41"
"C_250_PGML",,,"CALIB",,"U",,"999999999","FALSE","Confirmation 250 pg/ml in Plasma Calibrator","TRUE","FALSE",,,,"250 pg/mL in Plasma","06833E29-B7E5-4DFC-98C1-91B9AF7B6A41"
"C_2500PGML",,,"CALIB",,"U",,"999999999","FALSE","Confirmation 2500 pg/ml in Plasma Calibrator","TRUE","FALSE",,,,"2500 pg/mL in Plasma","06833E29-B7E5-4DFC-98C1-91B9AF7B6A41"
"C_250PGML",,,"CALIB",,"U",,"999999999","FALSE","Confirmation 250 pg/mL in Urine Calibrator","TRUE","FALSE",,,,"250 pg/mL in Urine","06833E29-B7E5-4DFC-98C1-91B9AF7B6A41"
"C_25PGML",,,"CALIB",,"U",,"999999999","FALSE","Confirmation 25 pg/ml in Urine Calibrator","TRUE","FALSE",,,,"25 pg/mL in Urine","06833E29-B7E5-4DFC-98C1-91B9AF7B6A41"
"C_2UGML",,,"CALIB",,"U",,"999999999","FALSE","Confirmation 2.0 ug/mL in Plasma Calibrator","TRUE","FALSE",,,,"2.0 ug/mL in Plasma","06833E29-B7E5-4DFC-98C1-91B9AF7B6A41"
"C_30_NGML",,,"CALIB",,"U","9999 00:00:00.00","1","FALSE","Confirmation 30 ng/ml in Plasma Calibrator","TRUE","FALSE",,,,"30 ng/mL in Plasma","06833E29-B7E5-4DFC-98C1-91B9AF7B6A41"
"C_300_NGML",,,"CALIB",,"U",,"999999999","FALSE","Confirmation 300 ng/mL in Plasma Calibrator","TRUE","FALSE",,,,"300 ng/mL in Plasma","06833E29-B7E5-4DFC-98C1-91B9AF7B6A41"
"C_40_NGML",,,"CALIB",,"U","9999 00:00:00.00","1","FALSE","Confirmation 40 ng/ml in Plasma Calibrator","TRUE","FALSE",,,,"40 ng/mL in Plasma","06833E29-B7E5-4DFC-98C1-91B9AF7B6A41"
"C_40_NGML2",,,"CALIB",,"U",,"999999999","FALSE","Confirmation 40 ng/ml in Plasma Calibrator","TRUE","FALSE",,,,"40 ng/mL in Plasma (V2)","06833E29-B7E5-4DFC-98C1-91B9AF7B6A41"
"C_400_NGML",,,"CALIB",,"U","9999 00:00:00.00","1","FALSE","Confirmation 400 ng/ml in Plasma Calibrator","TRUE","FALSE",,,,"400 ng/mL in Plasma","06833E29-B7E5-4DFC-98C1-91B9AF7B6A41"
"C_5_NGML",,,"CALIB",,"U",,"100000","FALSE","Confirmation 5.0 ng/ml in Plasma Calibrator","TRUE","FALSE",,,,"5.0 ng/mL in Plasma","06833E29-B7E5-4DFC-98C1-91B9AF7B6A41"
"C_5_PGML",,,"CALIB",,"U","9999 00:00:00.00","999999999","FALSE","Confirmation 5 pg/ml in Plasma Calibrator","TRUE","FALSE",,,,"5 pg/mL in Plasma","06833E29-B7E5-4DFC-98C1-91B9AF7B6A41"
"C_50_NGML",,,"CALIB",,"U",,"1","FALSE","Confirmation 50 ng/ml in Plasma Calibrator","TRUE","FALSE",,,,"50 ng/mL in Plasma","06833E29-B7E5-4DFC-98C1-91B9AF7B6A41"
"C_50_PGML",,,"CALIB",,"U",,"999999999","FALSE","Confirmation 50 pg/ml in Plasma Calibrator","TRUE","FALSE",,,,"50 pg/mL in Plasma","06833E29-B7E5-4DFC-98C1-91B9AF7B6A41"
"C_500_NGML",,,"CALIB",,"U",,"999999999","FALSE","Confirmation 500 ng/mL in Plasma Calibrator","TRUE","FALSE",,,,"500 ng/mL in Plasma","06833E29-B7E5-4DFC-98C1-91B9AF7B6A41"
"C_500_PGML",,,"CALIB",,"U",,"999999999","FALSE","Confirmation 500 pg/ml in Plasma Calibrator","TRUE","FALSE",,,,"500 pg/mL in Plasma","06833E29-B7E5-4DFC-98C1-91B9AF7B6A41"
"C_5000NGML",,,"CALIB",,"U",,"999999","FALSE","Confirmation 5000 ng/mL in Plasma Calibrator","TRUE","FALSE",,,,"5000 ng/mL in Plasma","06833E29-B7E5-4DFC-98C1-91B9AF7B6A41"
"C_500PGML",,,"CALIB",,"U",,"999999999","FALSE","Confirmation 500 pg/mL in Urine Calibrator","TRUE","FALSE",,,,"500 pg/mL in Urine","06833E29-B7E5-4DFC-98C1-91B9AF7B6A41"
"C_50PGML",,,"CALIB",,"U",,"999999999","FALSE","Confirmation 50 pg/mL in Urine Calibrator","TRUE","FALSE",,,,"50 pg/mL in Urine","06833E29-B7E5-4DFC-98C1-91B9AF7B6A41"
"C_5UGML",,,"CALIB",,"U",,"999999999","FALSE","Confirmation 5.0 ug/mL in Plasma Calibrator","TRUE","FALSE",,,,"5.0 ug/mL in Plasma","06833E29-B7E5-4DFC-98C1-91B9AF7B6A41"
"C_75_NGML",,,"CALIB",,"U",,"999999999","FALSE","Confirmation 75 ng/ml in Plasma Calibrator","TRUE","FALSE",,,,"75 ng/mL in Plasma","06833E29-B7E5-4DFC-98C1-91B9AF7B6A41"
"C_75_PGML",,,"CALIB",,"U",,"100000","FALSE","Confirmation 75 pg/ml in Plasma Calibrator","TRUE","FALSE",,,,"75 pg/mL in Plasma","06833E29-B7E5-4DFC-98C1-91B9AF7B6A41"
"C_750_PGML",,,"CALIB",,"U",,"100000","FALSE","Confirmation 750 pg/ml in Plasma Calibrator","TRUE","FALSE",,,,"750 pg/mL in Plasma","06833E29-B7E5-4DFC-98C1-91B9AF7B6A41"
"C_7500NGML",,,"CALIB",,"U",,"999999","FALSE","Confirmation 7500 ng/mL in Plasma Calibrator","TRUE","FALSE",,,,"7500 ng/mL in Plasma","06833E29-B7E5-4DFC-98C1-91B9AF7B6A41"
"C_750PGML",,,"CALIB",,"U",,"999999999","FALSE","Confirmation 750 pg/mL in Urine Calibrator","TRUE","FALSE",,,,"750 pg/mL in Urine","06833E29-B7E5-4DFC-98C1-91B9AF7B6A41"
"C10000NGML",,,"CALIB",,"U",,"999999","FALSE","Confirmation 10,000 ng/mL in Urine Calibrator","TRUE","FALSE",,,,"10,000 ng/mL in Urine","06833E29-B7E5-4DFC-98C1-91B9AF7B6A41"
"C1000NGML",,,"CALIB",,"U",,"999999","FALSE","Confirmation 1000 ng/mL in Urine Calibrator","TRUE","FALSE",,,,"1000 ng/mL in Urine","06833E29-B7E5-4DFC-98C1-91B9AF7B6A41"
"C1000PGML",,,"CALIB",,"U",,"999999999","FALSE","Confirmation 1000 pg/mL in Urine Calibrator","TRUE","FALSE",,,,"1000 pg/mL in Urine","06833E29-B7E5-4DFC-98C1-91B9AF7B6A41"
"C100NGML",,,"CALIB",,"U",,"999999","FALSE","Confirmation 100 ng/mL in Urine Calibrator","TRUE","FALSE",,,,"100 ng/mL in Urine","06833E29-B7E5-4DFC-98C1-91B9AF7B6A41"
"C2000NGML",,,"CALIB",,"U",,"999999","FALSE","Confirmation 2000 ng/mL in Urine Calibrator","TRUE","FALSE",,,,"2000 ng/mL in Urine","06833E29-B7E5-4DFC-98C1-91B9AF7B6A41"
"C-2000NGML",,,"CALIB",,"U",,"999999","FALSE","Confirmation 2000 ng/mL in Plasma Calibrator","TRUE","FALSE",,,,"Calibrator 2000 ng/mL Urine","06833E29-B7E5-4DFC-98C1-91B9AF7B6A41"
"C2000PGML",,,"CALIB",,"U",,"999999999","FALSE","Confirmation 2000 pg/mL in Urine Calibrator","TRUE","FALSE",,,,"2000 pg/mL in Urine","06833E29-B7E5-4DFC-98C1-91B9AF7B6A41"
"C200NGML",,,"CALIB",,"U","9999 00:00:00.00","1","FALSE","Confirmation 200 ng/mL in Urine Calibrator","TRUE","FALSE",,,,"200 ng/mL in Urine","06833E29-B7E5-4DFC-98C1-91B9AF7B6A41"
"C2500PGML",,,"CALIB",,"U",,"999999999","FALSE","Confirmation 2500 pg/mL in Urine Calibrator","TRUE","FALSE",,,,"2500 pg/mL in Urine","06833E29-B7E5-4DFC-98C1-91B9AF7B6A41"
"C3000PGML",,,"CALIB",,"U",,"999999999","FALSE","Confirmation 3000 pg/mL in Urine Calibrator","TRUE","FALSE",,,,"3000 pg/mL in Urine","06833E29-B7E5-4DFC-98C1-91B9AF7B6A41"
"C300NGML",,,"CALIB",,"U",,"999999999","FALSE","Confirmation 300 ng/mL in Urine Calibrator","TRUE","FALSE",,,,"300 ng/mL in Urine","06833E29-B7E5-4DFC-98C1-91B9AF7B6A41"
"C4000PGML",,,"CALIB",,"U",,"999999999","FALSE","Confirmation 4000 pg/mL in Urine Calibrator","TRUE","FALSE",,,,"4000 pg/mL in Urine","06833E29-B7E5-4DFC-98C1-91B9AF7B6A41"
"C5000NGML",,,"CALIB",,"U",,"999999","FALSE","Confirmation 5000 ng/mL in Urine Calibrator","TRUE","FALSE",,,,"5000 ng/mL in Urine","06833E29-B7E5-4DFC-98C1-91B9AF7B6A41"
"C5000PGML",,,"CALIB",,"U",,"999999999","FALSE","Confirmation 5000 pg/mL in Urine Calibrator","TRUE","FALSE",,,,"5000 pg/mL in Urine","06833E29-B7E5-4DFC-98C1-91B9AF7B6A41"
"C5000PGMLP",,,"CALIB",,"U",,"999999","FALSE","Confirmation 5000 pg/mL in Plasma Calibrator","TRUE","FALSE",,,,"5000 pg/mL in Plasma","06833E29-B7E5-4DFC-98C1-91B9AF7B6A41"
"C500NGML",,,"CALIB",,"U","9999 00:00:00.00","1","FALSE","Confirmation 500 ng/mL in Urine Calibrator","TRUE","FALSE",,,,"500 ng/mL in Urine","06833E29-B7E5-4DFC-98C1-91B9AF7B6A41"
"C7500NGML",,,"CALIB",,"U",,"999999","FALSE","Confirmation 7500 ng/mL in Urine Calibrator","TRUE","FALSE",,,,"7500 ng/mL in Urine","06833E29-B7E5-4DFC-98C1-91B9AF7B6A41"
"COL_TEST",,,"CALIB",,"U",,"10000","FALSE","Confirmation Column Test","TRUE","FALSE",,,,"Confirmation Column Test","06833E29-B7E5-4DFC-98C1-91B9AF7B6A41"
"CTRL_HPLC",,,"CONTROL",,"B","90 00:00:00.00","200","FALSE","control stanadrd","TRUE","TRUE",,,,"Control HPLC Standard","06833E29-B7E5-4DFC-98C1-91B9AF7B6A41"
"DMSO_CAL01",,,"CALIB",,"U",,"990000","FALSE","DMSO Phenylbutazone Screen Calibrator 0.1","TRUE","FALSE",,,,"DMSO Phenylbutazone Screen Calibrator 0.1","06833E29-B7E5-4DFC-98C1-91B9AF7B6A41"
"DMSO_CAL02",,,"CALIB",,"U",,"990000","FALSE","DMSO Phenylbutazone Screen Calibrator 0.2","TRUE","FALSE",,,,"DMSO Phenylbutazone Screen Calibrator 0.2","06833E29-B7E5-4DFC-98C1-91B9AF7B6A41"
"DMSO_CAL03",,,"CALIB",,"U",,"990000","FALSE","DMSO Phenylbutazone Screen Calibrator 0.3","TRUE","FALSE",,,,"DMSO Phenylbutazone Screen Calibrator 0.3","06833E29-B7E5-4DFC-98C1-91B9AF7B6A41"
"DMSO_CAL1",,,"CALIB","SR 1234","U",,"100000","FALSE","DMSO Phenylbutazone Screen Calibrator 1","TRUE","FALSE",,,,"DMSO Phenylbutazone Screen Calibrator 1","06833E29-B7E5-4DFC-98C1-91B9AF7B6A41"
"DMSO_CAL10",,,"CALIB",,"U",,"100000","FALSE","DMSO Phenylbutazone Screen Calibrator 10","TRUE","FALSE",,,,"DMSO Phenylbutazone Screen Calibrator 10","06833E29-B7E5-4DFC-98C1-91B9AF7B6A41"
"DMSO_CAL2",,,"CALIB",,"U",,"100000","FALSE","DMSO Phenylbutazone Screen Calibrator 2","TRUE","FALSE",,,,"DMSO Phenylbutazone Screen Calibrator 2","06833E29-B7E5-4DFC-98C1-91B9AF7B6A41"
"DMSO_CAL20",,,"CALIB",,"U",,"990000","FALSE","DMSO Phenylbutazone Screen Calibrator 20","TRUE","FALSE",,,,"DMSO Phenylbutazone Screen Calibrator 20","06833E29-B7E5-4DFC-98C1-91B9AF7B6A41"
"DMSO_CAL25",,,"CALIB",,"U",,"100000","FALSE","DMSO Phenylbutazone Screen Calibrator 25","TRUE","TRUE",,,,"DMSO Phenylbutazone Screen Calibrator 25","06833E29-B7E5-4DFC-98C1-91B9AF7B6A41"
"DMSO_CAL3",,,"CALIB",,"U",,"990000","FALSE","DMSO Phenylbutazone Screen Calibrator 3","TRUE","FALSE",,,,"DMSO Phenylbutazone Screen Calibrator 3","06833E29-B7E5-4DFC-98C1-91B9AF7B6A41"
"DMSO_CAL5",,,"CALIB",,"U",,"100000","FALSE","DMSO Phenylbutazone Screen Calibrator 5","TRUE","FALSE",,,,"DMSO Phenylbutazone Screen Calibrator 5","06833E29-B7E5-4DFC-98C1-91B9AF7B6A41"
"DMSO_CAL50",,,"CALIB",,"U",,"100000","FALSE","DMSO Phenylbutazone Screen Calibrator 50","TRUE","TRUE",,,,"DMSO Phenylbutazone Screen Calibrator 50","06833E29-B7E5-4DFC-98C1-91B9AF7B6A41"
"DMSO_PLASB",,,"BLANK",,"U",,"100000","FALSE","DMSO Phenylbutazone Screen Plasma Blank","TRUE","FALSE",,,,"DMSO Phenylbutazone Screen Plasma Blank","06833E29-B7E5-4DFC-98C1-91B9AF7B6A41"
"DMSO_PLISB",,,"BLANK",,"U",,"100000","FALSE","DMSO Phenylbutazone Screen Plasma+IS Blank","TRUE","FALSE",,,,"DMSO Phenylbutazone Screen Plasma+IS Blank","06833E29-B7E5-4DFC-98C1-91B9AF7B6A41"
"DMSO_SOLVB",,,"BLANK",,"U",,"100000","FALSE","DMSO Phenylbutazone Screen Solvent Blank","TRUE","FALSE",,,,"DMSO Phenylbutazone Screen Solvent Blank","06833E29-B7E5-4DFC-98C1-91B9AF7B6A41"
"ELISA_ALL",,,"CALIB",,"U",,"10000","FALSE","ELISA General Standard","TRUE","FALSE",,,,"ELISA General Standard","06833E29-B7E5-4DFC-98C1-91B9AF7B6A41"
"ELISA_NC",,,"CALIB",,"U",,"10000","FALSE","ELISA General NC","TRUE","FALSE",,,,"ELISA General NC","06833E29-B7E5-4DFC-98C1-91B9AF7B6A41"
"ELISA_U_01",,,"CALIB",,"U",,"1000000","FALSE","ELISA Urine 1.0 ng.mL PC","TRUE","FALSE",,,,"ELISA Urine 1.0 ng.mL PC","06833E29-B7E5-4DFC-98C1-91B9AF7B6A41"
"ELISA_U_10",,,"CALIB",,"U",,"1000000","FALSE","ELISA Urine 10 ng/mL PC","TRUE","FALSE",,,,"ELISA Urine 10 ng/mL PC","06833E29-B7E5-4DFC-98C1-91B9AF7B6A41"
"ELISA_U_25",,,"CALIB",,"U",,"1000000","FALSE","ELISA Urine 25 ng/mL PC","TRUE","FALSE",,,,"ELISA Urine 25 ng/mL PC","06833E29-B7E5-4DFC-98C1-91B9AF7B6A41"
"EPO_100_PC",,,"CALIB",,"U",,"10000","FALSE","EPO 100.0 mIU/mL PC","TRUE","FALSE",,,,"EPO 100 PC","06833E29-B7E5-4DFC-98C1-91B9AF7B6A41"
"EPO_2_5",,,"CALIB",,"U",,"10000","FALSE","EPO 2.5 mIU/mL PC","TRUE","FALSE",,,,"EPO 2.5 PC","06833E29-B7E5-4DFC-98C1-91B9AF7B6A41"
"EPO_20_PC",,,"CALIB",,"U",,"10000","FALSE","EPO 20.0 mIU/mL PC","TRUE","FALSE",,,,"EPO 20 PC","06833E29-B7E5-4DFC-98C1-91B9AF7B6A41"
"EPO_200_PC",,,"CALIB",,"U",,"10000","FALSE","EPO 200.0 mIU/mL PC","TRUE","FALSE",,,,"EPO 200 PC","06833E29-B7E5-4DFC-98C1-91B9AF7B6A41"
"EPO_5",,,"CALIB",,"U",,"10000","FALSE","EPO 5.0 mIU/mL PC","TRUE","FALSE",,,,"EPO 5 PC","06833E29-B7E5-4DFC-98C1-91B9AF7B6A41"
"EPO_50_PC",,,"CALIB",,"U",,"10000","FALSE","EPO 50.0 mIU/mL PC","TRUE","FALSE",,,,"EPO 50 PC","06833E29-B7E5-4DFC-98C1-91B9AF7B6A41"
"EPO_NC",,,"CALIB",,"U",,"10000","FALSE","EPO Negative Control plasma","TRUE","FALSE",,,,"EPO Negative Control","06833E29-B7E5-4DFC-98C1-91B9AF7B6A41"
"EX_TEST",,,"CONTROL",,"U","365 00:00:00.00","1000000","FALSE","Used for testing","TRUE","FALSE",,,,"Evan Xue Test Standard","06833E29-B7E5-4DFC-98C1-91B9AF7B6A41"
"FURO_100",,,"CALIB",,"U",,"1000000","FALSE","ELISA Furosemide PC 100","TRUE","FALSE",,,,"ELISA Furosemide PC 100","06833E29-B7E5-4DFC-98C1-91B9AF7B6A41"
"FURO_75",,,"CALIB",,"U",,"1000000","FALSE","ELISA Furosemide PC 75 ng/mL","TRUE","FALSE",,,,"ELISA Furosemide PC 75","06833E29-B7E5-4DFC-98C1-91B9AF7B6A41"
"FURO_NC",,,"CALIB",,"U",,"1000000","FALSE","ELISA Furosemide Negative Control","TRUE","FALSE",,,,"ELISA Furosemide NC","06833E29-B7E5-4DFC-98C1-91B9AF7B6A41"
"JUSTINE",,,"CALIB",,"T",,"1","FALSE","100","TRUE","TRUE",,,,"Justine","06833E29-B7E5-4DFC-98C1-91B9AF7B6A41"
"LC_CAL1",,,"CALIB",,"U",,"10000000","FALSE","Calibrator with no specific designation","TRUE","FALSE",,,,"LC Confirmation Calibrator 1","06833E29-B7E5-4DFC-98C1-91B9AF7B6A41"
"LC_CAL10",,,"CALIB",,"U",,"10000000","FALSE","Calibrator with no specific designation","TRUE","FALSE",,,,"LC Confirmation Calibrator 10","06833E29-B7E5-4DFC-98C1-91B9AF7B6A41"
"LC_CAL11",,,"CALIB",,"U",,"10000000","FALSE","Calibrator with no specific designation","TRUE","FALSE",,,,"LC Confirmation Calibrator 11","06833E29-B7E5-4DFC-98C1-91B9AF7B6A41"
"LC_CAL2",,,"CALIB",,"U",,"10000000","FALSE","Calibrator with no specific designation","TRUE","FALSE",,,,"LC Confirmation Calibrator 2","06833E29-B7E5-4DFC-98C1-91B9AF7B6A41"
"LC_CAL3",,,"CALIB",,"U",,"10000000","FALSE","Calibrator with no specific designation","TRUE","FALSE",,,,"LC Confirmation Calibrator 3","06833E29-B7E5-4DFC-98C1-91B9AF7B6A41"
"LC_CAL4",,,"CALIB",,"U",,"10000000","FALSE","Calibrator with no specific designation","TRUE","FALSE",,,,"LC Confirmation Calibrator 4","06833E29-B7E5-4DFC-98C1-91B9AF7B6A41"
"LC_CAL5",,,"CALIB",,"U",,"10000000","FALSE","Calibrator with no specific designation","TRUE","FALSE",,,,"LC Confirmation Calibrator 5","06833E29-B7E5-4DFC-98C1-91B9AF7B6A41"
"LC_CAL6",,,"CALIB",,"U",,"10000000","FALSE","Calibrator with no specific designation","TRUE","FALSE",,,,"LC Confirmation Calibrator 6","06833E29-B7E5-4DFC-98C1-91B9AF7B6A41"
"LC_CAL7",,,"CALIB",,"U",,"10000000","FALSE","Calibrator with no specific designation","TRUE","FALSE",,,,"LC Confirmation Calibrator 7","06833E29-B7E5-4DFC-98C1-91B9AF7B6A41"
"LC_CAL8",,,"CALIB",,"U",,"10000000","FALSE","Calibrator with no specific designation","TRUE","FALSE",,,,"LC Confirmation Calibrator 8","06833E29-B7E5-4DFC-98C1-91B9AF7B6A41"
"LC_CAL9",,,"CALIB",,"U",,"10000000","FALSE","Calibrator with no specific designation","TRUE","FALSE",,,,"LC Confirmation Calibrator 9","06833E29-B7E5-4DFC-98C1-91B9AF7B6A41"
"NC_AAS",,,"BLANK",,"U",,"100000","FALSE","Plasma Blank Anabolic Steroid Screen","TRUE","FALSE",,,,"NC for Anabolic Steroid Screen","06833E29-B7E5-4DFC-98C1-91B9AF7B6A41"
"NC_CONFIRM",,,"CALIB",,"U",,"1000000000","FALSE","Used for all Confirmations","TRUE","FALSE",,,,"NC for all Confirmations","06833E29-B7E5-4DFC-98C1-91B9AF7B6A41"
"NCIS_PLAS",,,"CONTROL",,"U",,"999999","FALSE","Negative Control with Internal Standard for Plasma","TRUE","FALSE",,,,"Negative Control Internal Standard for Plasma","06833E29-B7E5-4DFC-98C1-91B9AF7B6A41"
"NCIS_URINE",,,"CONTROL",,"U",,"999999","FALSE","Negative Control with Internal Standard for Urine","TRUE","FALSE",,,,"Negative Control Internal Standard for Urine","06833E29-B7E5-4DFC-98C1-91B9AF7B6A41"
"NEG_CONTRL",,,"BLANK",,"U",,"999999","FALSE","Negative Control for Plasma","TRUE","FALSE",,,,"NC QNP#","06833E29-B7E5-4DFC-98C1-91B9AF7B6A41"
"NEG_CONU",,,"BLANK",,"U",,"999999","FALSE","Negative Control for Urine","TRUE","FALSE",,,,"Negative Urine","06833E29-B7E5-4DFC-98C1-91B9AF7B6A41"
"PB_AAS",,,"BLANK",,"U",,"100000","FALSE","Plasma Blank Anabolic Steroid Screen","TRUE","FALSE",,,,"Plasma Blank for Anabolic Steroid Screen","06833E29-B7E5-4DFC-98C1-91B9AF7B6A41"
"PRO_01",,,"CALIB",,"U",,"10000","FALSE","Promazine 1.0 ng/mL PC","TRUE","FALSE",,,,"Promazine 1.0 ng/mL PC","06833E29-B7E5-4DFC-98C1-91B9AF7B6A41"
"PRO_10",,,"CALIB",,"U",,"10000","FALSE","Promazine 10 ng/mL PC","TRUE","FALSE",,,,"Promazine 10 ng/mL PC","06833E29-B7E5-4DFC-98C1-91B9AF7B6A41"
"PRO_25",,,"CALIB",,"U",,"10000","FALSE","Promazine 25 ng/mL PC","TRUE","FALSE",,,,"Promazine 25 ng/mL PC","06833E29-B7E5-4DFC-98C1-91B9AF7B6A41"
"PRO_NC",,,"CALIB",,"U",,"10000","FALSE","ELISA Promazine Negative Control","TRUE","FALSE",,,,"ELISA Promazine Negative Control","06833E29-B7E5-4DFC-98C1-91B9AF7B6A41"
"Q2000NGML",,,"CONTROL",,"U",,"999999999","FALSE","Confirmation 2000 ng/mL in Plasma QC","TRUE","FALSE",,,,"QC 2000 ng/mL in Plasma","06833E29-B7E5-4DFC-98C1-91B9AF7B6A41"
"QC_075NGML",,,"CONTROL",,"U",,"999999","FALSE","Confirmation 7.5 ng/mL in Plasma QC","TRUE","FALSE",,,,"Qc 7.5 ng/ml in plasma","06833E29-B7E5-4DFC-98C1-91B9AF7B6A41"
"QC_1",,,"CONTROL",,"U",,"10000000","FALSE","QC with no specific designation","TRUE","FALSE",,,,"QC for Confirmation 1","06833E29-B7E5-4DFC-98C1-91B9AF7B6A41"
"QC_1_NGML",,,"CALIB",,"U",,"100000","FALSE","Confirmation 1 ng/ml in Plasma QC","TRUE","FALSE",,,,"1 ng/mL Quality Control for Plasma","06833E29-B7E5-4DFC-98C1-91B9AF7B6A41"
"QC_10_NGML",,,"CONTROL",,"U",,"999999","FALSE","Confirmation 10 ng/ml in Plasma QC","TRUE","FALSE",,,,"QC 10 ng/mL for Plasma","06833E29-B7E5-4DFC-98C1-91B9AF7B6A41"
"QC_10_PGML",,,"CONTROL",,"U",,"999999999","FALSE","Confirmation 10 pg/ml in Plasma QC","TRUE","FALSE",,,,"10 pg/mL Quality Control in Plasma","06833E29-B7E5-4DFC-98C1-91B9AF7B6A41"
"QC_100NGML",,,"CONTROL",,"U",,"9999999","FALSE","Confirmation  100 ng/ml in Plasma QC","TRUE","FALSE",,,,"100 ng/ml Quality control for plasma","06833E29-B7E5-4DFC-98C1-91B9AF7B6A41"
"QC_12_NGML",,,"CONTROL",,"U",,"999999","FALSE","Confirmation 12 ng/ml in Plasma QC","TRUE","FALSE",,,,"12 ng/mL Quality Control in Plasma","06833E29-B7E5-4DFC-98C1-91B9AF7B6A41"
"QC_150NGML",,,"CONTROL",,"U",,"99999","FALSE","Confirmation 150 ng/ml in Plasma QC","TRUE","FALSE",,,,"150 ng/mL Quality Control for Plasma","06833E29-B7E5-4DFC-98C1-91B9AF7B6A41"
"QC_15UGML",,,"CONTROL",,"U",,"999999999","FALSE","Confirmation 15 ug/mL in Plasma QC","TRUE","FALSE",,,,"QC 15 ug/mL in Plasma","06833E29-B7E5-4DFC-98C1-91B9AF7B6A41"
"QC_2",,,"CONTROL",,"U",,"10000000","FALSE","QC with no specific designation","TRUE","FALSE",,,,"QC for Confirmation 2","06833E29-B7E5-4DFC-98C1-91B9AF7B6A41"
"QC_20_NGML",,,"CONTROL",,"U",,"9999999","FALSE","Confirmation 20 ng/mL in Plasma QC","TRUE","FALSE",,,,"QC 20 ng/mL in Plasma","06833E29-B7E5-4DFC-98C1-91B9AF7B6A41"
"QC_20PGML",,,"CALIB",,"U",,"99999999","FALSE","Confirmation 20 pg/ml in Plasma QC","TRUE","FALSE",,,,"20 pg/mL Quality Control in Plasma","06833E29-B7E5-4DFC-98C1-91B9AF7B6A41"
"QC_25_NGML",,,"CALIB",,"U",,"99999999","FALSE","Confirmation 25 ng/ml in Plasma QC","TRUE","FALSE",,,,"25 ng/mL Quality Control for Plasma","06833E29-B7E5-4DFC-98C1-91B9AF7B6A41"
"QC_25_PGML",,,"CONTROL",,"U",,"9999999","FALSE","Confirmation 25 pg/ml in Plasma Calibrator","TRUE","TRUE",,,,"25 pg/mL Quality Control in Plasma","06833E29-B7E5-4DFC-98C1-91B9AF7B6A41"
"QC_250PGML",,,"CALIB",,"U",,"99999999","FALSE","Confirmation 250 pg/ml in Plasma QC","TRUE","FALSE",,,,"250 pg/mL Quality Control in Plasma","06833E29-B7E5-4DFC-98C1-91B9AF7B6A41"
"QC_2PGML",,,"CONTROL",,"U",,"999999999","FALSE","Confirmation 2.0 ng/mL in Plasma QC","TRUE","FALSE",,,,"QC 2.0 pg/mL in Plasma","06833E29-B7E5-4DFC-98C1-91B9AF7B6A41"
"QC_2UGML",,,"CONTROL",,"U",,"999999999","FALSE","Confirmation 2.0 ug/mL in Plasma QC","TRUE","FALSE",,,,"QC 2.0 ug/mL in Plasma","06833E29-B7E5-4DFC-98C1-91B9AF7B6A41"
"QC_300NGML",,,"CONTROL",,"U",,"999999999","FALSE","Confirmation 300 ng/mL in Plasma QC","TRUE","FALSE",,,,"QC 300 ng/mL in Plasma","06833E29-B7E5-4DFC-98C1-91B9AF7B6A41"
"QC_40_NGML",,,"CONTROL",,"U",,"99999999","FALSE","Confirmation 40 ng/ml in Plasma QC","TRUE","FALSE",,,,"40 ng/mL Quality Control in Plasma","06833E29-B7E5-4DFC-98C1-91B9AF7B6A41"
"QC_5_NGML",,,"CALIB",,"U",,"999999999","FALSE","Confirmation 5 ng/ml in Plasma QC","TRUE","FALSE",,,,"5 ng/mL Quality Control for Plasma","06833E29-B7E5-4DFC-98C1-91B9AF7B6A41"
"QC_5_PGML",,,"CONTROL",,"U",,"999999999","FALSE","Confirmation 5 pg/ml in Plasma QC","TRUE","FALSE",,,,"5 pg/mL Quality Control in Plasma","06833E29-B7E5-4DFC-98C1-91B9AF7B6A41"
"QC_50_NGML",,,"CALIB",,"U",,"999999","FALSE","Confirmation 50 ng/mL in Plasma Calibrator","TRUE","FALSE",,,,"50 ng/mL Quality Control for Plasma","06833E29-B7E5-4DFC-98C1-91B9AF7B6A41"
"QC_50_PGML",,,"CONTROL",,"U",,"999999","FALSE","Confirmation 50 pg/mL in Plasma QC","TRUE","FALSE",,,,"50 pg/mL Quality Control in Plasma","06833E29-B7E5-4DFC-98C1-91B9AF7B6A41"
"QC_50PGML",,,"CONTROL",,"U",,"999999","FALSE","Confirmation 50 pg/mL in Urine QC","TRUE","FALSE",,,,"QC 50 pg/mL in Urine","06833E29-B7E5-4DFC-98C1-91B9AF7B6A41"
"QC_75_NGML",,,"CONTROL",,"U",,"100000","FALSE","Confirmation 75 ng/ml in Plasma QC","TRUE","FALSE",,,,"75 ng/mL Quality Control for Plasma","06833E29-B7E5-4DFC-98C1-91B9AF7B6A41"
"QC_750PGML",,,"CALIB",,"U",,"999999999","FALSE","Confirmation 750 pg/mL in Plasma QC","TRUE","FALSE",,,,"QC 750 pg/mL in plasma","06833E29-B7E5-4DFC-98C1-91B9AF7B6A41"
"QC1000PGML",,,"CONTROL",,"U",,"99999999","FALSE","Confirmation 1000 pg/ml in Plasma QC","TRUE","FALSE",,,,"1000 pg/mL Quality Control in Plasma","06833E29-B7E5-4DFC-98C1-91B9AF7B6A41"
"QC100PGML",,,"CALIB",,"U",,"99999999","FALSE","Confirmation 100 pg/ml in Plasma QC","TRUE","FALSE",,,,"100 pg/mL Quality Control in Plasma","06833E29-B7E5-4DFC-98C1-91B9AF7B6A41"
"QC140PGML",,,"CONTROL",,"U",,"999999999","FALSE","Confirmation 140 pg/mL in Urine QC","TRUE","FALSE",,,,"QC 140 pg/mL in Urine","06833E29-B7E5-4DFC-98C1-91B9AF7B6A41"
"QC2000NGML",,,"CONTROL",,"U",,"999999999","FALSE","Confirmation 2000 ng/mL in Urine QC","TRUE","FALSE",,,,"QC 2000 ng/mL in Urine","06833E29-B7E5-4DFC-98C1-91B9AF7B6A41"
"QC2000PGML",,,"CALIB",,"U",,"99999999","FALSE","Confirmation 2000 pg/ml in Plasma QC","TRUE","FALSE",,,,"2000 pg/mL Quality Control for Plasma","06833E29-B7E5-4DFC-98C1-91B9AF7B6A41"
"QC250PGMLU",,,"CALIB",,"U",,"99999999","FALSE","Confirmation 250 pg/mL in Urine QC","TRUE","FALSE",,,,"250 pg/mL Quality Control in Urine","06833E29-B7E5-4DFC-98C1-91B9AF7B6A41"
"QC3000PGML",,,"CONTROL",,"U",,"999999999","FALSE","Confirmation 3000 pg/mL in Urine QC","TRUE","FALSE",,,,"QC 3000 pg/mL in Urine","06833E29-B7E5-4DFC-98C1-91B9AF7B6A41"
"QC300NGML",,,"CONTROL",,"U",,"999999999","FALSE","Confirmation 300 ng/mL in Urine QC","TRUE","FALSE",,,,"QC 300 ng/mL in Urine","06833E29-B7E5-4DFC-98C1-91B9AF7B6A41"
"QC500PGML",,,"CONTROL",,"U",,"999999999","FALSE","Confirmation 500 pg/mL in Urine QC","TRUE","FALSE",,,,"QC 500 pg/mL in Urine","06833E29-B7E5-4DFC-98C1-91B9AF7B6A41"
"QC900PGML",,,"CONTROL",,"U",,"999999999","FALSE","Confirmation 900 pg/mL in Urine QC","TRUE","FALSE",,,,"QC 900 pg/mL in Urine","06833E29-B7E5-4DFC-98C1-91B9AF7B6A41"
"QCP500PGML",,,"CONTROL",,"U",,"999999999","FALSE","Confirmation 500 pg/mL in Plasma QC","TRUE","FALSE",,,,"QC 500 pg/mL in Plasma","06833E29-B7E5-4DFC-98C1-91B9AF7B6A41"
"QU1000PGML",,,"CONTROL",,"U",,"99999999","FALSE","Confirmation 1000 pg/mL in Urine QC","TRUE","FALSE",,,,"QC 1000 pg/mL in Urine","06833E29-B7E5-4DFC-98C1-91B9AF7B6A41"
"STD_H_MET",,,"CALIB","Cadmium, Lead, & Copper combined standard","T","9999 00:00:00.00","1000","FALSE","Calibration standard for heavy metals analysis","TRUE","TRUE",,,,"Std H Met","06833E29-B7E5-4DFC-98C1-91B9AF7B6A41"
"STD_HPLC",,,"CALIB","Fructose, glucose & sucrose combined standard","B","9999 00:00:00.00","100","FALSE","Calibration standard for HPLC analysis of sugars","TRUE","TRUE",,,,"Std Hplc","06833E29-B7E5-4DFC-98C1-91B9AF7B6A41"
"STD_PH",,,"CALIB","pH Calibration buffer","B","9999 00:00:00.00","1000","FALSE","Calibration buffer for pH analysis","TRUE","TRUE",,,,"Std Ph","06833E29-B7E5-4DFC-98C1-91B9AF7B6A41"
"TC_1_4_B",,,"BLANK",,"U","365 00:00:00.00","100000","FALSE","Blank 1.4% HNO3","TRUE","FALSE",,,,"Blank 1.4% HNO3","06833E29-B7E5-4DFC-98C1-91B9AF7B6A41"
"TC_CAL_1",,,"CALIB",,"U","365 00:00:00.00","1000000","FALSE","Calibrator 1.0 ppb Co","TRUE","FALSE",,,,"Calibrator 1.0 ppb Co","06833E29-B7E5-4DFC-98C1-91B9AF7B6A41"
"TC_CAL0",,,"CALIB",,"U","365 00:00:00.00","100000","FALSE","Calibrator 0 ppb Co","TRUE","FALSE",,,,"Calibrator 0 ppb Co","06833E29-B7E5-4DFC-98C1-91B9AF7B6A41"
"TC_CAL0_05",,,"CALIB",,"U","365 00:00:00.00","100000","FALSE","Calibrator 0.05 ppb Co","TRUE","FALSE",,,,"Calibrator 0.05 ppb Co","06833E29-B7E5-4DFC-98C1-91B9AF7B6A41"
"TC_CAL0_10",,,"CALIB",,"U","365 00:00:00.00","100000","FALSE","Calibrator 0.10 ppb Co","TRUE","FALSE",,,,"Calibrator 0.10 ppb Co","06833E29-B7E5-4DFC-98C1-91B9AF7B6A41"
"TC_CAL0_25",,,"CALIB",,"U","365 00:00:00.00","100000","FALSE","Calibrator 0.25 ppb Co","TRUE","FALSE",,,,"Calibrator 0.25 ppb Co","06833E29-B7E5-4DFC-98C1-91B9AF7B6A41"
"TC_CAL0_50",,,"CALIB",,"U","365 00:00:00.00","100000","FALSE","Calibrator 0.50 ppb Co","TRUE","FALSE",,,,"Calibrator 0.50 ppb Co","06833E29-B7E5-4DFC-98C1-91B9AF7B6A41"
"TC_CAL0_75",,,"CALIB",,"U","365 00:00:00.00","100000","FALSE","Calibrator 0.75 ppb Co","TRUE","FALSE",,,,"Calibrator 0.75 ppb Co","06833E29-B7E5-4DFC-98C1-91B9AF7B6A41"
"TC_QC0",,,"BLANK",,"U","365 00:00:00.00","1000000","FALSE","QC Spike Blank Plasma","TRUE","FALSE",,,,"Total Cobalt QC 0 ppb","06833E29-B7E5-4DFC-98C1-91B9AF7B6A41"
"TC_QC25",,,"CONTROL",,"U","365 00:00:00.00","1000000","FALSE","Total Cobalt QC 25 ppb","TRUE","FALSE",,,,"Total Cobalt QC 25 ppb","06833E29-B7E5-4DFC-98C1-91B9AF7B6A41"
"TC_QC50",,,"CONTROL",,"U",,"100000","FALSE","Total Cobalt QC 50 ppb","TRUE","FALSE",,,,"Total Cobalt QC 50 ppb","06833E29-B7E5-4DFC-98C1-91B9AF7B6A41"
"TC_QCBLK",,,"CONTROL",,"U","365 00:00:00.00","100000","FALSE","Total Cobalt QC blank for Avg 25 calc","TRUE","FALSE",,,,"Tc Qcblk","06833E29-B7E5-4DFC-98C1-91B9AF7B6A41"
"TC_SPB0",,,"BLANK",,"T","365 00:00:00.00","2000","FALSE","QC Spike Blank Plasma","TRUE","TRUE",,,,"QC Spike Blank Plasma","06833E29-B7E5-4DFC-98C1-91B9AF7B6A41"
"TCCAL0_075",,,"CALIB",,"U","365 00:00:00.00","100000","FALSE","Calibrator 0.075 ppb Co","TRUE","FALSE",,,,"Calibrator 0.075 ppb Co","06833E29-B7E5-4DFC-98C1-91B9AF7B6A41"
"TESTING123",,,"CONTROL",,"B","5 00:00:00.00","12","FALSE","Testing Standard","TRUE","TRUE",,,,"Testing123 Standard","06833E29-B7E5-4DFC-98C1-91B9AF7B6A41"
