﻿SUBSTANCE
IDENTITY,GROUP_ID,DESCRIPTION,NAME,DEFINITION_TYPE,GHS_SIGNAL_WORD,SDS,MSDS,HEALTH,FLAMMABILITY,INSTABILITY,SPECIAL,HANDLING_INSTRUCTIONS,STORAGE_INSTRUCTIONS,DISPOSAL_INSTRUCTIONS,MODIFIABLE,REMOVEFLAG,P_CAS_NUMBER
10,10,234,100,10,10,100,100,10,10,10,10,234,234,234,1,1,20
                      10
"67_56_1",,"Clenbuterol hydrochloride solution
C-080
Received:  11/22/2017
Lot # FN04051601
1 mg/mL in MeOH
Expires:  4/1/2021","67 56 1","GHS","DANGER",,,"0","0","0",,,,,"TRUE","FALSE",
"BLOOD",,"Human Blood Specimen","Human Blood","GHS","WARNING",,,"0","0","0","BIO",,,,"TRUE","FALSE",
"C2H6O",,"Ethanol, Absolute","Ethanol","GHS","DANGER","http://fscimage.fishersci.com/msds/89308.htm","http://fscimage.fishersci.com/msds/89308.htm","1","3","0",,"Wash thoroughly after handling. Use only in a well-ventilated area. Ground and bond
containers when transferring material. Use spark-proof tools and explosion proof equipment. Avoid
contact with eyes, skin, and clothing. Empty conta","Keep away from heat, sparks, and flame. Keep away from sources of ignition. Store in a
tightly closed container. Keep from contact with oxidizing materials. Store in a cool, dry, well-ventilated
area away from incompatible substance","The waste material should be treated and/or disposed of at site authorized to handle hazardous chemical waste.","TRUE","FALSE",
"CAPSAICIN",,"Reference Standard","Capsaicin","GHS","DANGER","\\fileserver.vet.upenn.edu\groups$\PETRL-Public\SDS\(-)-Cannabidiol.pdf","http://fscimage.fishersci.com/msds/89308.htm","2","3","0",,"Wash thoroughly after handling. Use only in a well-ventilated area. Ground and bond
containers when transferring material. Use spark-proof tools and explosion proof equipment. Avoid
contact with eyes, skin, and clothing. Empty conta","Keep away from heat, sparks, and flame. Keep away from sources of ignition. Store in a
tightly closed container. Keep from contact with oxidizing materials. Store in a cool, dry, well-ventilated
area away from incompatible substance","The waste material should be treated and/or disposed of at site authorized to handle hazardous chemical waste.","TRUE","FALSE",
"DANGER",,"Dangerous Chemical","Danger","GHS",,,,"4","4","4","W",,,,"TRUE","FALSE",
"PLASMA",,"Human Blood Plasma Specimen","Human Blood Plasma","GHS","WARNING",,,"0","0","0","BIO",,,,"TRUE","FALSE",
"SERUM",,"Human Blood Serum Specimen","Human Blood Serum","GHS","WARNING",,,"0","0","0","BIO",,,,"TRUE","FALSE",
"STEROID",,"Reference Standard","methylprednisolone","GHS","DANGER","http://fscimage.fishersci.com/msds/89308.htm","http://fscimage.fishersci.com/msds/89308.htm","2","3","0",,"Wash thoroughly after handling. Use only in a well-ventilated area. Ground and bond
containers when transferring material. Use spark-proof tools and explosion proof equipment. Avoid
contact with eyes, skin, and clothing. Empty conta","Keep away from heat, sparks, and flame. Keep away from sources of ignition. Store in a
tightly closed container. Keep from contact with oxidizing materials. Store in a cool, dry, well-ventilated
area away from incompatible substance","The waste material should be treated and/or disposed of at site authorized to handle hazardous chemical waste.","TRUE","FALSE",
"TISSUE",,"Horse Tissue","Horse Tissue","BOTH",,,,"0","0","0",,,,,"TRUE","FALSE",
"URINE",,"Human Urine Specimen","Human Urine","GHS","WARNING",,,"1","0","0","BIO",,,,"TRUE","FALSE",
