﻿SYNTAX
IDENTITY,SYNTAX,DESCRIPTION,USER_WRITTEN,LAST_USED,MODIFIABLE,REMOVEFLAG,NAME,TABLE_NAME,FORMULA
10,80,234,1,30,1,1,100,30,500
                      42
"BATCH_SYN",,"Batch  Syntax with Date","TRUE",,"TRUE","FALSE","Batch Syntax","BATCH_HEADER","[TemplateId.Identity]+'-'+FormatDate(Now(), 'MMddyy')+'-'+Increment('BATCH_SYNTAX',[TemplateId.Identity]+'-'+FormatDate(Now(), 'yyMMdd'))"
"BATCHDEF",,"Batch Default Syntax","TRUE",,"TRUE","FALSE","Batch Default","BATCH_HEADER",
"CERT_NAME",,"Default Certificate Naming Syntax","FALSE",,"TRUE","FALSE","Cert Name","CERT","'CERT-' +  [TableName] + '-' + IncrementPadded('CERT', 'NAME',6 )"
"CHROM_INJ",,"Chromeleon Injection Name","TRUE",,"TRUE","FALSE","Chromeleon Injection Name",,
"CHROM_SEQ",,"Chromeleon Sequence Name","TRUE",,"TRUE","FALSE","Chromeleon Sequence Name",,
"CHROMBATCH",,"The Syntax used to when creating a Chromeleon System Batch Identity","FALSE",,"TRUE","FALSE","Chromeleon System Batch","BATCH_HEADER","'CHROMELEON' +IncrementPadded('CHROMELEON', 'BATCH',8)"
"COA","lit(CERT-) + dat + lit(-) + inc(-6,SYNTAX)","COA Default Syntax","FALSE",,"TRUE","FALSE","COA Default","CERTIFICATE",
"DEF_SAMP_C",,"Sample Control Default Syntax","TRUE",,"TRUE","FALSE","Sample Control Default","SAMPLE",
"DEFAULT",,"Sample Default Syntax","FALSE",,"TRUE","FALSE","Sample Default","SAMPLE","Upper(Replace('SM-' + FormatDate(Now(), 'd-MMM-yyyy') + '-'+IncrementPadded('SYNTAX', 'DEFAULT', 6),' ', ''))"
"DEFSUBSAMP",,"Sub Sample Default Syntax","FALSE",,"TRUE","FALSE","Sub Sample Default","SAMPLE","[SplitParent.IdText] + '-' + Increment('SAMPLE', [SplitParent.IdText])"
"DMSYNTAX1",,"Package Name based on the Rule used to create the package.","FALSE",,"TRUE","FALSE","Packaging Rule and Increment","DM_DATA_PACKAGE","[DmPackagingRule] + '-' + IncrementPadded('DATA_PACKAGE',[DmPackagingRule.DmPackagingRuleName],6)"
"DMSYNTAX2",,"Package Name based on the Packaging Rule name and the path to the Key File.","FALSE",,"TRUE","FALSE","Packaging Rule and Key File","DM_DATA_PACKAGE","[DmPackagingRule] + ': ' + [KeyFileName]"
"DMSYNTAX3",,"Package Name based on the Computer containing the data and the path to the Key File.","FALSE",,"TRUE","FALSE","Computer Name and Key File","DM_DATA_PACKAGE","[ComputerName] + ': ' + [KeyFileName]"
"INCIDENT","lit(INC-) + inc(-6,SYNTAX)","Incident Default Syntax","FALSE",,"TRUE","FALSE","Incident Default","INCIDENTS",
"JOBCOPY",,"Job Copy Syntax","TRUE",,"TRUE","FALSE","Job Copy","JOB_HEADER",
"JOBDEFAULT",,"Job Default Syntax","FALSE",,"TRUE","FALSE","Job Default","JOB_HEADER","'JOB_' + IncrementPadded('SYNTAX', 'JOBDEFAULT',10 )"
"LE_TASK",,"Syntax used for Lab Execution Tasks","FALSE",,"FALSE","FALSE","Lab Execution Default Task","LAB_EXECUTION","Iif(Len([LabMethod.LabMethodName])>90,SubString([LabMethod.LabMethodName],0,90),[LabMethod.LabMethodName]) +' (' + IncrementPadded ('TASK', Iif(Len([LabMethod.LabMethodName])>40, Substring([LabMethod.LabMethodName],0,40),[LabMethod.LabMethodName]), 3) + ')'"
"MANUAL_PAR",,"Equine Sample Syntax Parent
HP_200919_1_866666         (Parent)","FALSE",,"TRUE","FALSE","Manual Parent Sample","SAMPLE","Upper(Replace( [SamplingPoint.Identity] + '_'+ FormatDate(  [JobName.PRaceDate],'MMddyy') +'_'  + [PSpecimenId]   + '_'  + Iif( IsNullOrEmpty([PCommissionNo]) ,  [IdNumeric]  ,[PCommissionNo] )  ,' ',''  ))"
"MANUALTISS",,"RaceTrack SubSample Syntax - HP_092019_1T_866666    (Tissue Sub sample)


","FALSE",,"TRUE","FALSE","Manual Accession entry for Tissues","SAMPLE","Upper(Replace( [SamplingPoint.Identity] + '_'+ FormatDate(  [JobName.PRaceDate],'MMddyy') +'_'  + [PSpecimenId] + 'T'  + '_'  + Iif( IsNullOrEmpty([PCommissionNo]) ,  [IdNumeric]  ,[PCommissionNo] ) + '_' + [SampleName]  ,' ',''  ))"
"MLP","lit(SP) + inc(-6,SYNTAX)","Sample Plan created MLP syntax","FALSE",,"TRUE","FALSE","Sample Plan MLP","MLP_HEADER",
"PETRLPLATE",,"PETRL Plate Naming Syntax","FALSE",,"TRUE","FALSE","Petrl plate","PLATE","Upper(Replace( [EntityTemplateId]+ '_' +  FormatDate(Now(), 'MM-dd-yy') + '-' + Increment([EntityTemplateId] + '_',  FormatDate(Now(), 'MM-dd-yy')  )  ,' ','' ))"
"PLATE_NAME",,"Default Plate Naming Syntax","FALSE",,"TRUE","FALSE","Plate Name","PLATE","'PLATE-' + IncrementPadded('PLATE', 'NAME',6 )"
"RACETRKJOB",,"Race Tracj Job ( Accession)","FALSE",,"TRUE","FALSE","Racetrack Job","JOB_HEADER","'T'+IncrementPadded('ACCESSION', 'NO', 6)"
"RACETRKSAM",,"Equine Sample Syntax Parent
HP_200919_1_866666         (Parent)","FALSE",,"TRUE","FALSE","Racetrack Sample","SAMPLE","Upper(Replace( [SamplingPoint.Identity] + '_'+ FormatDate(  [JobName.PRaceDate],'MMddyy') +'_'  + [PSpecimenId]   + '_'  + Iif( IsNullOrEmpty([PCommissionNo]) ,  [IdNumeric]  ,[PCommissionNo] )  ,' ',''  ))"
"RACETSUB_B",,"RaceTrack SubSample Syntax -  HP_092019_1B_866666    (Blood Sub sample)


","FALSE",,"TRUE","FALSE","Race Track SubSample Blood","SAMPLE","Upper(Replace( [SamplingPoint.Identity] + '_'+ FormatDate(  [JobName.PRaceDate],'MMddyy') +'_'  + [PSpecimenId] + 'B'  + '_'  + Iif( IsNullOrEmpty([PCommissionNo]) ,  [IdNumeric]  ,[PCommissionNo] )  ,' ',''  ))"
"RACETSUB_C",,"RaceTrack SubSample Syntax -  HP_200919_1C_866666   Special sub sample 


","FALSE",,"TRUE","FALSE","Race Track SubSample Special C","SAMPLE","Upper(Replace( [SamplingPoint.Identity] + '_'+ FormatDate(  [JobName.PRaceDate],'ddMMyy') +'_'  + [PSpecimenId] +  'C'  + '_'  + Iif( IsNullOrEmpty([PCommissionNo]) ,  [IdNumeric]  ,[PCommissionNo] )  ,' ',''  ))"
"RACETSUB_H",,"RaceTrack SubSample Syntax -  HP_200919_1H_866666   Special sub sample 


","FALSE",,"TRUE","FALSE","Race Track SubSample Special H","SAMPLE","Upper(Replace( [SamplingPoint.Identity] + '_'+ FormatDate(  [JobName.PRaceDate],'ddMMyy') +'_'  + [PSpecimenId] +  'H'  + '_'  + Iif( IsNullOrEmpty([PCommissionNo]) ,  [IdNumeric]  ,[PCommissionNo] )  ,' ',''  ))"
"RACETSUB_O",,"RaceTrack SubSample Syntax -  HP_200919_1O_866666   Special sub sample 


","FALSE",,"TRUE","FALSE","Race Track SubSample Special O","SAMPLE","Upper(Replace( [SamplingPoint.Identity] + '_'+ FormatDate(  [JobName.PRaceDate],'ddMMyy') +'_'  + [PSpecimenId] +  'O'  + '_'  + Iif( IsNullOrEmpty([PCommissionNo]) ,  [IdNumeric]  ,[PCommissionNo] )  ,' ',''  ))"
"RACETSUB_P",,"RaceTrack SubSample Syntax -  HP_200919_1P_866666   Special sub sample 


","FALSE",,"TRUE","FALSE","Race Track SubSample Special P","SAMPLE","Upper(Replace( [SamplingPoint.Identity] + '_'+ FormatDate(  [JobName.PRaceDate],'ddMMyy') +'_'  + [PSpecimenId] +  'P'  + '_'  + Iif( IsNullOrEmpty([PCommissionNo]) ,  [IdNumeric]  ,[PCommissionNo] )  ,' ',''  ))"
"RACETSUB_S",,"RaceTrack SubSample Syntax -  HP_200919_1S_866666   Special sub sample 


","FALSE",,"TRUE","FALSE","Race Track SubSample Special S","SAMPLE","Upper(Replace( [SamplingPoint.Identity] + '_'+ FormatDate(  [JobName.PRaceDate],'ddMMyy') +'_'  + [PSpecimenId] +  'S'  + '_'  + Iif( IsNullOrEmpty([PCommissionNo]) ,  [IdNumeric]  ,[PCommissionNo] )  ,' ',''  ))"
"RACETSUB_T",,"RaceTrack SubSample Syntax - HP_092019_1T_866666    (Tissue Sub sample)


","FALSE",,"TRUE","FALSE","Race Track SubSample Tissue","SAMPLE","Upper(Replace( [SamplingPoint.Identity] + '_'+ FormatDate(  [JobName.PRaceDate],'MMddyy') +'_'  + [PSpecimenId] + 'T'  + '_'  + Iif( IsNullOrEmpty([PCommissionNo]) ,  [IdNumeric]  ,[PCommissionNo] )  ,' ',''  ))"
"RACETSUB_U",,"RaceTrack SubSample Syntax -  HP_092019_1U_866666    (Urine Sub sample)


","FALSE",,"TRUE","FALSE","Race Track SubSample Urine","SAMPLE","Upper(Replace( [SamplingPoint.Identity] + '_'+ FormatDate(  [JobName.PRaceDate],'MMddyy') +'_'  + [PSpecimenId] + 'U'  + '_'  + Iif( IsNullOrEmpty([PCommissionNo]) ,  [IdNumeric]  ,[PCommissionNo] )  ,' ',''  ))"
"RESAMPLED",,"Request Resample Syntax","TRUE",,"TRUE","FALSE","Request Resample Syntax","SAMPLE",
"SAMP_BLOOD",,"Sample Blood Syntax","FALSE",,"TRUE","TRUE","Sample Blood","SAMPLE","Upper(Replace('BLOOD-' + FormatDate(Now(), 'yyyyMMdd') + '-'+IncrementPadded('SAMPLE', 'BLOOD-' + FormatDate(Now(), 'yyyyMMdd'), 4),' ', ''))"
"SAMP_COMP",,"Sample Composit Syntax","FALSE",,"TRUE","FALSE","Sample Composit","SAMPLE","Upper(Replace('COMP-' + FormatDate(Now(), 'yyyyMMdd') + '-'+IncrementPadded('SAMPLE', 'BLOOD-' + FormatDate(Now(), 'yyyyMMdd'), 4),' ', ''))"
"SAMP_OPER",,"Sample Blood Syntax","FALSE",,"TRUE","TRUE","Samp Oper","SAMPLE","Upper(Replace(Operator() +'-'+ FormatDate(Now(), 'yyyyMMdd') + '-'+IncrementPadded('SAMPLE', Operator() + FormatDate(Now(), 'yyyyMMdd'), 4),' ', ''))"
"SAMP_TEMPL","lit(SP) + inc(-6,SYNTAX)","Sample Plan created Sample Template syntax","FALSE",,"TRUE","FALSE","Sample Plan Sample Template","SAMP_TMPL_HEADER",
"SAMP_TRACK",,"Sample from Track","FALSE",,"TRUE","TRUE","Sample Track","SAMPLE","Upper(Replace( [CustomerId.Identity] +'-' + FormatDate(Now(), 'yyyyMMdd') + '-'+IncrementPadded('SAMPLE', [CustomerId.Identity] +'-' + FormatDate(Now(), 'yyyyMMdd'), 4),' ', ''))"
"SAMP_URINE",,"Sample Urine Syntax","FALSE",,"TRUE","TRUE","Sample Urine","SAMPLE","Upper(Replace('URINE-' + FormatDate(Now(), 'yyyyMMdd') + '-'+IncrementPadded('SAMPLE', 'BLOOD-' + FormatDate(Now(), 'yyyyMMdd'), 4),' ', ''))"
"SAMPLECOPY",,"Sample Copy Syntax","TRUE",,"TRUE","FALSE","Sample Copy","SAMPLE",
"SAMPLEPLAN","lit(SP) + inc(-6,SYNTAX)","Sample Plan Node Syntax","FALSE",,"TRUE","FALSE","Sample Plan Node","SAMPLE_PLAN_HEADER",
"STD_ID_P",,"Sample  Syntax for PETRL QC","FALSE",,"TRUE","FALSE","Standard ID PETRL","SAMPLE","'QC_'+Upper(Replace(Iif(  IsNullOrEmpty([StandardId]) , [StandardType] ,  Iif( StartsWith([StandardType], 'MS') , [StandardType] , [StandardId])  ),' ','_'))+ '_'+FormatDate( Now() , 'MMddyy') +'-'+trim( [IdNumeric] )"
