﻿TAB_GUI
IDENTITY,REPORT_TITLE,GROUP_ID,MODIFIABLE,REMOVEFLAG,REPORT_DISPLAY,OUTPUT_FILE,REPORT_TYPE,PREVIEW_DATA,COLUMN_SORT,INCLUDE_AUDITS,GROUPING_FIELD,TABLESET,SAMPLES_WITHOUT_TESTS,OFF_SPEC_MARK_RESULTS,COLOUR_OFF_SPEC_RESULTS,OFF_SPEC_SYMBOL,OFF_SPEC_COLOUR,OFF_SPEC_COLOUR_HTML,OFF_SPEC_STRIKETHROUGH,OFF_SPEC_BOLD,OFF_SPEC_ITALIC,OFF_SPEC_UNDERLINED,INCLUDE_OPER_AND_DATE,INCLUDE_REPLICATES,PREFIX_DATES
20,234,10,1,1,10,234,10,1,1,1,20,10,1,1,1,1,10,10,1,1,1,1,1,1,1
                       2
"DEFAULT","Default Tabular Report",,"TRUE","FALSE","Display",,"HTML","TRUE","TRUE","FALSE",,"ACTIVE","TRUE","FALSE","FALSE","*","255","#FF0000","FALSE","FALSE","FALSE","FALSE","TRUE","FALSE","FALSE"
"EXPLORER","Sample/Result Tabular Report",,"TRUE","FALSE","Display",,"HTML","FALSE","FALSE","FALSE",,"ACTIVE","FALSE","FALSE","FALSE","*","255","#FF0000","FALSE","FALSE","FALSE","FALSE","TRUE","FALSE","FALSE"
