﻿TIMERQUEUE
ENTRY_NUMBER,RUN_TIME,REPEAT_INTERVAL,REPORT_NAME,ROUTINE_NAME,PRINTER,PARAM_STRING,ENTRY_ID,USER_NAME,TIMER_SCHEDULE,RUN_WINDOW,SUSPENDED,START_DATE,NUMBER_OF_OCCURENCES,END_DATE,RECURRENCE_TYPE,RECURRENCE_DATA_1,RECURRENCE_DATA_2,RECURRENCE_DATA_3,TASK,TASK_PARAMS
10,32,16,20,50,10,255,20,10,10,16,1,32,10,32,10,234,234,234,234,234
                       3
"1"," 07-11-2025 00:01:00.00",,,,,,,"INSTALL",,"0 23:00:00.00","FALSE"," 02-08-2019 00:01:00.00","0", ,"1","         1",,,"TrainingRecordCheck",
"2"," 07-11-2025 00:01:00.00",,,,,,,"INSTALL",,"0 23:00:00.00","FALSE"," 02-08-2019 00:01:00.00","0", ,"1","         1",,,"InstrumentCheck",
"9"," 09-11-2025 22:01:00.00",,"$BACKCOMM",,,,,"SYSTEM",,"0 04:00:00.00","FALSE"," 22-08-2021 22:01:00.00","0", ,"3","         1","         1",,,
