﻿UNIT_HEADER
IDENTITY,SYSTEM,CLASS,QUANTITY,DESCRIPTION,DERIVATION,COMPLEMENT,MODIFIABLE,REMOVEFLAG
40,4,2,10,60,40,40,1,1
                     355
"%","LMSC","D","PERC","percent","int/(100*int)",,"TRUE","FALSE"
"%AC","LMSC","D","TEXT","area coverage","1.00E+00*int",,"TRUE","TRUE"
"%ERR","LMSC","B","PERC","Percent Error","1",,"TRUE","FALSE"
"%IACS","LMSC","D","TEXT","percent international annealed copper standard","1.00E+00*int",,"TRUE","TRUE"
"%REC","LMSC","D","PERC","Percent Recovery","int/int",,"TRUE","FALSE"
"%vol","LMSC","D","CONVV","percent volume to volume","1.00E-02*l/l",,"TRUE","TRUE"
"%wt","LMSC","D","CONWW","percent weight to weight","1.00E-02*kg/kg",,"TRUE","TRUE"
"%wtvol","LMSC","D","CONWV","percent weight to volume","1.00E-02*kg/l",,"TRUE","TRUE"
"A","SI","B","ECU","ampere","1.00E+00",,"TRUE","TRUE"
"abampere","SI","D","ECU","abampere","1.00E+01*A",,"TRUE","TRUE"
"abcoulomb","SI","D","ECH","abcoulomb","1.00E+01*C",,"TRUE","TRUE"
"abfarad","SI","D","ECP","abfarad","1.00E+09*F",,"TRUE","TRUE"
"abhenry","SI","D","EIN","abhenry","1.00E-09*H",,"TRUE","TRUE"
"abmho","SI","D","ECN","abmho","1.00E+09*S",,"TRUE","TRUE"
"abohm","SI","D","ER","abohm","1.00E-09*ohm",,"TRUE","TRUE"
"abs_unit","GEN","D","ILL","Absorbance Unit","1",,"TRUE","FALSE"
"abvolt","SI","D","EP","abvolt","1.00E-08*V",,"TRUE","TRUE"
"acre","ENGL","D","A","acre","4.05E+03*m^2",,"TRUE","TRUE"
"amp_h","SI","D","ECH","ampere hour","3.60E+03*C",,"TRUE","TRUE"
"amu","LMSC","B","M","atomic mass unit","1.00E+00",,"TRUE","TRUE"
"Angs","ENGL","D","L","angstrom unit","1.00E-10*m",,"TRUE","TRUE"
"area","LMSC","D","INT","area","1.00E+00*int",,"TRUE","FALSE"
"astro_unit","ENGL","D","L","astronomical unit","1.50E+11*m",,"TRUE","TRUE"
"atm","ENGL","D","PRS","""atmosphere, standard""","1.013250E+05*Pa",,"TRUE","TRUE"
"AWG","LMSC","D","TEXT","american wire gage","1.00E+00*int",,"TRUE","TRUE"
"bar","ENGL","D","PRS","bar","1.00E+05*Pa",,"TRUE","TRUE"
"Barcol","LMSC","D","TEXT","hardness Barcol","1.00E+00*int",,"TRUE","TRUE"
"barn","ENGL","D","A","barn","1.00E-28*m^2",,"TRUE","TRUE"
"barrel","ENGL","D","V","""barrel (oil, 42 gal)""","1.59E-01*m^3",,"TRUE","TRUE"
"barrel_dry","ENGL","S","V","barrel (US dry)","0.11562712*cu_m",,"TRUE","TRUE"
"barrel_fl","ENGL","S","V","barrel (US liquid)","0.11924047*cu_m",,"TRUE","TRUE"
"barrel_oil","ENGL","S","V","barrel (oil, 42 gal)","42*gal_fl",,"TRUE","TRUE"
"barrel_uk","ENGL","S","V","barrel (UK)","0.1636591*cu_m",,"TRUE","TRUE"
"Baume","ENGL","D","SPGR","degrees Baume gravity","1.00E+00*int",,"TRUE","TRUE"
"board_ft","ENGL","D","V","board foot","2.36E-03*m^3",,"TRUE","TRUE"
"Bq","SI","D","RA","becquerel","1.00E+00*int",,"TRUE","TRUE"
"Brinell","LMSC","D","TEXT","hardness Brinell","1.00E+00*int",,"TRUE","TRUE"
"Btu","ENGL","D","EWH","British thermal unit","1.06E+03*J",,"TRUE","TRUE"
"bushel","ENGL","D","V","bushel (US)","3.52E-02*m^3",,"TRUE","TRUE"
"bushel_uk","ENGL","S","V","bushel (UK)","8*gal_uk",,"TRUE","TRUE"
"bushel_us","ENGL","S","V","bushel (US)","8*gal_fl",,"TRUE","TRUE"
"C","SI","D","ECH","coulomb","A*s",,"TRUE","TRUE"
"cal","ENGL","D","EWH","gram-calorie","4.19E+00*J",,"TRUE","TRUE"
"carat","SI","D","M","carat (metric)","2.00E-04*kg",,"TRUE","TRUE"
"case","ENGL","B","V","case","1",,"TRUE","FALSE"
"cc","SI","D","V","cubic centimeter","1.00E-06*m^3",,"TRUE","TRUE"
"cd","SI","B","LI","candela","1.00E+00",,"TRUE","TRUE"
"cfm","ENGL","D","FL","cubic feet per minute","ft^3/(s*60)",,"TRUE","TRUE"
"chain","ENGL","D","L","chain","2.01E+02*m",,"TRUE","TRUE"
"Ci","SI","D","RA","curie","3.70E+10*Bq",,"TRUE","TRUE"
"cir_mil","ENGL","D","A","circular mil","5.07E-10*m^2",,"TRUE","TRUE"
"cl","SI","S","V","centilitre","1.00E-02*l",,"TRUE","TRUE"
"cm","SI","D","L","centimeter","1.00E-02*m",,"TRUE","TRUE"
"cm_Hg","SI","D","PRS","centimeter of mercury (0 deg C)","1.33322E+03*Pa",,"TRUE","TRUE"
"cm_water","SI","D","PRS","centimeter of water (4 deg C)","9.80638E+01*Pa",,"TRUE","TRUE"
"cnt/cu_ft","ENGL","S","INT","count/cubic foot","1",,"TRUE","TRUE"
"colonies","LMSC","D","INT","colonies (of bacteria)","1.00E+00*int",,"TRUE","TRUE"
"count","LMSC","D","INT","count","1.00E+00*int",,"TRUE","FALSE"
"cP","SI","D","VISD","centipoise","1.00E-03*Pa*s",,"TRUE","TRUE"
"cps","SI","D","VE","centimeter per second","1.00E-02*m/s",,"TRUE","FALSE"
"cSt","SI","D","VISK","centistokes","1.00E-06*m^2/s",,"TRUE","TRUE"
"cu_cm","SI","D","V","cubic centimeter","1.00E-06*m^3",,"TRUE","TRUE"
"cu_ft","ENGL","D","V","cubic foot","2.831685E-02*m^3",,"TRUE","TRUE"
"cu_in","ENGL","D","V","cubic inch","1.638706E-05*m^3",,"TRUE","TRUE"
"cu_m","SI","D","V","cubic meter","1.00E+00*m^3",,"TRUE","TRUE"
"cubit","ENGL","S","L","cubit","18*in",,"TRUE","TRUE"
"cup","ENGL","D","V","cup","2.37E-04*m^3",,"TRUE","TRUE"
"cwt_long","ENGL","S","M","hundredweight long","112*lb",,"TRUE","TRUE"
"cwt_short","ENGL","S","M","hundredweight short","100*lb",,"TRUE","TRUE"
"dalton","ENGL","D","M","dalton","1.65E-21*kg",,"TRUE","TRUE"
"darcy","ENGL","D","A","darcy","9.87E-13*m^2",,"TRUE","TRUE"
"day","SI","D","T","day","8.64E+04*s",,"TRUE","FALSE"
"dB","SI","B","PRF","decible","1",,"TRUE","TRUE"
"deg","ENGL","S","PA","degree angle","1.7453293E-02*rad",,"TRUE","TRUE"
"deg_angle","ENGL","D","PA","degree angle","1.745329E-02*radian",,"TRUE","TRUE"
"deg_C","SI","C","TT","degree Celsius","1.0*K-273.15","1.0*deg_C+273.15","TRUE","FALSE"
"deg_F","ENGL","C","TT","degree Fahrenheit","1.8*K-459.67","5/9*deg_F+255.37222","TRUE","FALSE"
"deg_R","ENGL","D","TT","degree Rankin","1.8*K+0","1.0*deg_R/1.8","TRUE","TRUE"
"delta%refl","LMSC","D","TEXT","change in the percentage of reflectance","1.00E+00*int",,"TRUE","TRUE"
"denier","ENGL","D","MPL","denier","1.11E-07*kg/m",,"TRUE","TRUE"
"disk","LMSC","D","INT","disk","1.00E+00*int",,"TRUE","TRUE"
"dl","SI","D","V","deciliter","1.00E-04*m^3",,"TRUE","TRUE"
"double","ENGL","S","V","double","50*ml",,"TRUE","TRUE"
"dp","LMSC","D","TEXT","dew point","1.00E+00*int",,"TRUE","TRUE"
"dwt","ENGL","S","M","pennyweight","1.55517384*g",,"TRUE","TRUE"
"dyne","SI","D","F","dyne","1.00E-05*N",,"TRUE","TRUE"
"each","ENGL","B","V","eac","1",,"TRUE","FALSE"
"EMU_capac","SI","D","ECP","EMU capacitance","1.00E+09*F",,"TRUE","TRUE"
"EMU_curr","SI","D","ECU","EMU current","1.00E+01*A",,"TRUE","TRUE"
"EMU_induct","SI","D","EIN","EMU inductance","1.00E-09*H",,"TRUE","TRUE"
"EMU_poten","SI","D","EP","EMU electric potential","1.00E-08*V",,"TRUE","TRUE"
"EMU_resis","SI","D","ER","EMU resistance","1.00E-09*ohm",,"TRUE","TRUE"
"eq","LMSC","D","AS","equivalent","1.00E+00*int",,"TRUE","TRUE"
"erg","ENGL","D","EWH","erg","1.00E-07*J",,"TRUE","TRUE"
"ESU_capac","ENGL","D","ECP","ESU capacitance","1.11E-12*F",,"TRUE","TRUE"
"ESU_curr","ENGL","D","ECU","ESU current","3.34E-10*A",,"TRUE","TRUE"
"ESU_induct","ENGL","D","EIN","ESU inductance","8.99E+11*H",,"TRUE","TRUE"
"ESU_poten","ENGL","D","EP","ESU electric potential","3.00E+02*V",,"TRUE","TRUE"
"ESU_resis","ENGL","D","ER","ESU resistance","8.99E+11*ohm",,"TRUE","TRUE"
"eV","ENGL","D","EWH","electronvolt","1.60E-19*J",,"TRUE","TRUE"
"F","SI","D","ECP","farad","C/V",,"TRUE","TRUE"
"farad","SI","B","CAP","Farads","1",,"TRUE","TRUE"
"faraday","ENGL","D","ECH","faraday (based on carbon-12)","9.65E+04*C",,"TRUE","TRUE"
"faraday_ch","ENGL","D","ECH","""faraday, chemical""","9.65E+04*C",,"TRUE","TRUE"
"faraday_ph","ENGL","D","ECH","""faraday, physical""","9.65E+04*C",,"TRUE","TRUE"
"fathom","ENGL","D","L","fathom","1.83E+00*m",,"TRUE","TRUE"
"fermi","SI","D","L","fermi","1.00E-15*m",,"TRUE","TRUE"
"FILTER","LMSC","D","INT","filter","1.00E+00*int",,"TRUE","TRUE"
"firkin_uk","ENGL","S","V","firkin (UK)","9*gal_uk",,"TRUE","TRUE"
"firkin_us","ENGL","S","V","firkin (US)","9*gal_fl",,"TRUE","TRUE"
"floz_uk","ENGL","S","V","fluid ounce (UK)","0.02841225*l",,"TRUE","TRUE"
"floz_us","ENGL","S","V","fluid ounce (US)","0.029572702*l",,"TRUE","TRUE"
"fpm","ENGL","D","VE","foot per minute","5.08E-03*m/s",,"TRUE","TRUE"
"fps","ENGL","D","VE","foot per second","3.048E-01*m/s",,"TRUE","TRUE"
"ft","ENGL","D","L","foot","3.048E-01*m",,"TRUE","TRUE"
"ft_lbf","ENGL","D","EWH","foot-pound force","1.36E+00*J",,"TRUE","TRUE"
"ftcandle","ENGL","D","ILL","footcandle","1.08E+01*lx",,"TRUE","TRUE"
"ftlambert","ENGL","D","LI","footlambert","3.43E+00*cd/m^2",,"TRUE","TRUE"
"furlong","ENGL","S","L","furlong","7920*in",,"TRUE","TRUE"
"g","SI","D","M","gram","1.00E-03*kg",,"TRUE","FALSE"
"gal","ENGL","D","V","""gallon, US liquid""","3.785412E-03*m^3",,"TRUE","TRUE"
"gal_accl","SI","D","ACC","gal (acceleration)","m/(s^2)",,"TRUE","TRUE"
"gal_dry","ENGL","D","V","""gallon, US dry""","4.404884E-03*m^3",,"TRUE","TRUE"
"gal_fl","ENGL","S","V","gallon (US liquid)","3.7854118*l",,"TRUE","TRUE"
"gal_uk","ENGL","S","V","gallon (UK)","4.545960*l",,"TRUE","TRUE"
"gamma","SI","D","MFD","gamma","1.00E-09*T",,"TRUE","TRUE"
"gauss","SI","D","MFD","gauss","1.00E-04*T",,"TRUE","TRUE"
"gilbert","ENGL","D","ECU","gilbert","7.96E-01*A",,"TRUE","TRUE"
"gill","ENGL","D","V","gill (US)","1.182941E-04*m^3",,"TRUE","TRUE"
"gill_uk","ENGL","S","V","gill (UK)","0.25*pint_uk",,"TRUE","TRUE"
"gill_us","ENGL","S","V","gill (US)","0.25*pint_fl",,"TRUE","TRUE"
"glove","LMSC","D","INT","glove","1.00E+00*int",,"TRUE","TRUE"
"grad","ENGL","S","PA","grade angle","1.5707963E-02*rad",,"TRUE","TRUE"
"grade","ENGL","D","PA","grade angle","1.570796E-02*radian",,"TRUE","TRUE"
"grain","ENGL","D","M","grain","6.479891E-05*kg",,"TRUE","TRUE"
"Gy","SI","D","AD","gray","J/kg",,"TRUE","TRUE"
"H","SI","D","EIN","henry","(V*s)/(m^2)",,"TRUE","TRUE"
"hand","ENGL","S","L","hand","4*in",,"TRUE","TRUE"
"hectare","SI","D","A","hectare","1.00E+04*m^2",,"TRUE","TRUE"
"hole","LMSC","D","INT","hole","1.00E+00*int",,"TRUE","TRUE"
"Hp","ENGL","D","PRF","""horsepower, electric""","7.46E+02*W",,"TRUE","TRUE"
"Hp_elec","ENGL","S","PRF","horsepower, electric","0.746*kW",,"TRUE","TRUE"
"hp_metric","ENGL","D","PRF","""horsepower, metric""","7.35E+02*W",,"TRUE","TRUE"
"Hp_metric","ENGL","S","PRF","horsepower, metric","0.735499*kW",,"TRUE","TRUE"
"hr","SI","D","T","hour","3.60E+03*s",,"TRUE","FALSE"
"Hz","SI","D","FRQ","hertz","1/s",,"TRUE","TRUE"
"in","ENGL","D","L","inch","2.54E-02*m",,"TRUE","TRUE"
"in_Hg","ENGL","D","PRS","inch of mercury (60 deg F)","3.38638E+03*Pa",,"TRUE","TRUE"
"in_lbf","LMSC","D","F","inch-pounds torque","1.11E-01*J",,"TRUE","TRUE"
"in_water","ENGL","D","PRS","inch of water (60 deg F)","2.4884E+02*Pa",,"TRUE","TRUE"
"int","LMSC","B","INT","integer","1.00E+00",,"TRUE","TRUE"
"J","SI","D","EWH","joule","N*m",,"TRUE","TRUE"
"K","SI","B","TT","Kelvin","1.0*1+0","1.0*1-0","TRUE","TRUE"
"kft","ENGL","D","L","thousand feet","3.048E+02*m",,"TRUE","TRUE"
"kg","SI","B","M","kilogram","1.00E+00",,"TRUE","TRUE"
"kgf","SI","D","F","kilogram force","9.81E+00*N",,"TRUE","TRUE"
"kHz","SI","S","FRQ","kilohertz","1.00E+03*Hz",,"TRUE","TRUE"
"kilocal","ENGL","D","EWH","kilogram-calorie (International)","4.19E+03*J",,"TRUE","TRUE"
"kip","ENGL","D","F","kip (1000 lbf)","4.45E+03*N",,"TRUE","TRUE"
"km","SI","S","L","kilometer","1.00E+03*m",,"TRUE","TRUE"
"kN","SI","D","F","kilonewton","1.00E-03*N",,"TRUE","TRUE"
"Knoop","LMSC","D","TEXT","Knoop hardness number","1.00E+00*int",,"TRUE","TRUE"
"knot","ENGL","D","VE","knot (International)","5.144444E-01*m/s",,"TRUE","TRUE"
"kp","ENGL","D","F","kilopound","9.81E+00*N",,"TRUE","TRUE"
"kPa","SI","D","PRS","kilopascal","1.00E+03*Pa",,"TRUE","TRUE"
"kph","ENGL","S","VE","kilometers per hour","km/hr",,"TRUE","TRUE"
"ksi","LMSC","D","PRS","kilopound-force per square inch","6.89E+06*N/m^2",,"TRUE","TRUE"
"KU","ENGL","B",,,"1",,"TRUE","TRUE"
"kV","SI","S","EP","kilovolt","1.00E+03*V",,"TRUE","TRUE"
"kW","SI","D","PRF","kilowatt","1.00E+03*W",,"TRUE","TRUE"
"kW_h","ENGL","D","EWH","kilowatt-hour","3.60E+06*J",,"TRUE","TRUE"
"kW_hr","ENGL","S","EWH","kilowatt-hour","3.60E+06*J",,"TRUE","TRUE"
"l","SI","D","V","liter","1.00E-03*m^3",,"TRUE","FALSE"
"lambert","ENGL","D","LI","lambert","3.18E+03*cd/m^2",,"TRUE","TRUE"
"lb","ENGL","S","M","pound (avdp)","0.45359237*kg",,"TRUE","TRUE"
"lb_troy","ENGL","S","M","pound mass, troy","3.7324172E-01*kg",,"TRUE","TRUE"
"lbf","ENGL","D","F","pound-force","4.45E+00*N",,"TRUE","TRUE"
"lbm","ENGL","D","M","pound mass","4.535924E-01*kg",,"TRUE","TRUE"
"lbm_troy","ENGL","D","M","""pound mass, troy""","3.732417E-01*kg",,"TRUE","TRUE"
"light_yr","ENGL","D","L","light year","9.46E+15*m",,"TRUE","TRUE"
"lm","SI","D","LF","lumen","cd*s",,"TRUE","TRUE"
"lx","SI","D","ILL","lux","lm/(m^2)",,"TRUE","TRUE"
"m","SI","B","L","meter","1.00E+00",,"TRUE","FALSE"
"mA","SI","D","ECU","milliampere","1.00E-3*A",,"TRUE","TRUE"
"MagPerm","LMSC","D","TEXT","magnetic permeability","1.00E+00*int",,"TRUE","TRUE"
"maxwell","SI","D","MF","maxwell","1.00E-08*Wb",,"TRUE","TRUE"
"meq","LMSC","D","AS","milliequivalent","1.00E-03*eq",,"TRUE","FALSE"
"mg","SI","D","M","milligram","1.00E-06*kg",,"TRUE","FALSE"
"mho","SI","D","ECN","mho","1.00E+00*S",,"TRUE","TRUE"
"MHz","SI","D","FRQ","megahertz","1.00E+06*Hz",,"TRUE","TRUE"
"mi","ENGL","D","L","mile (US statute)","1.609347E+03*m",,"TRUE","TRUE"
"mi_Intl","ENGL","D","L","mile (International)","1.609344E+03*m",,"TRUE","TRUE"
"mi_naut","ENGL","D","L","nautical mile","1.852E+03*m",,"TRUE","TRUE"
"mil","ENGL","D","L","mil","2.54E-05*m",,"TRUE","TRUE"
"millibar","SI","D","PRS","millibar","1.00E+02*Pa",,"TRUE","TRUE"
"min","SI","D","T","minute (time)","6.00E+01*s",,"TRUE","FALSE"
"min_angle","ENGL","D","PA","""minute, angle""","2.908882E-04*radian",,"TRUE","TRUE"
"mIU","GEN","B","AS","milli Intenrational Units - PETRL","1.00E-03*eq",,"TRUE","FALSE"
"ml","SI","D","V","milliliter","1.00E-06*m^3",,"TRUE","FALSE"
"mm","SI","D","L","millimeter","1.00E-03*m",,"TRUE","FALSE"
"mm_Hg","SI","D","PRS","millimeter of mercury (0 C)","1.33322E+02*Pa",,"TRUE","TRUE"
"mmole","SI","D","AS","millimole","1.00E-03*mole",,"TRUE","FALSE"
"mohm","SI","D","ER","microhm","1.00E-06*ohm",,"TRUE","TRUE"
"Mohm","SI","D","ER","megohm","1.00E+06*ohm",,"TRUE","TRUE"
"mole","SI","B","AS","mole","1.00E+00",,"TRUE","FALSE"
"mon","SI","D","T","month","2.628E+06*s",,"TRUE","FALSE"
"MPa","SI","D","PRS","megapascal","1.00E+06*Pa",,"TRUE","TRUE"
"mph","ENGL","D","VE","mile per hour","4.4704E-01*m/s",,"TRUE","TRUE"
"msec","SI","D","T","milliseconds - PETRL","1.00E+03*s",,"TRUE","TRUE"
"Msi","LMSC","D","PRS","megapounds force per square inch","6.89E+09*Pa",,"TRUE","TRUE"
"mV","SI","D","EP","millivolt","1.00E-03*V",,"TRUE","TRUE"
"MV","SI","S","EP","Megavolt","1.00E+06*V",,"TRUE","TRUE"
"MW","SI","S","PRF","megawatt","1.00E+06*W",,"TRUE","TRUE"
"mz","GEN","B","INT","mass to charge ratio","1.00E+00*int",,"TRUE","TRUE"
"N","SI","D","F","newton","kg*m/(s^2)",,"TRUE","TRUE"
"ng","SI","D","M","nanogram","1.00E+12*kg",,"TRUE","FALSE"
"ng/ml","ENGL","B","CONWV",,"1",,"TRUE","FALSE"
"nm","SI","D","L","nanometer","1.00E-09*m",,"TRUE","FALSE"
"NTU","GEN","B","ILL","Nephelometer Turbidity Unit","1",,"TRUE","TRUE"
"OD","GEN","D","ILL","Optical Density","1",,"TRUE","FALSE"
"oersted","ENGL","D","ECU","oersted","7.96E+01*A/m",,"TRUE","TRUE"
"ohm","SI","D","ER","ohm","V/A",,"TRUE","TRUE"
"ohm_cm_pf","ENGL","D","ER","ohm circular-mil per foot","1.66E-09*ohm*m",,"TRUE","TRUE"
"oz","ENGL","S","M","ounce (avdp)","28.349523*g",,"TRUE","TRUE"
"oz_fl","ENGL","D","V","fluid ounce (US)","2.957353E-05*m^3",,"TRUE","TRUE"
"oz_mass","ENGL","D","M","""ounce, mass (avdp)""","2.834952E-02*kg",,"TRUE","TRUE"
"oz_troy","ENGL","D","M","troy ounce","3.110348E-02*kg",,"TRUE","TRUE"
"ozf","ENGL","D","F","ounce force","2.78E-01*N",,"TRUE","TRUE"
"P","SI","D","VISD","poise","1.00E-01*Pa*s",,"TRUE","TRUE"
"Pa","SI","D","PRS","Pascal","N/(m^2)",,"TRUE","TRUE"
"pack","ENGL","B","V",,"1",,"TRUE","FALSE"
"parsec","ENGL","D","L","parsec","3.085678E+16*m",,"TRUE","TRUE"
"part","LMSC","D","INT","part","1.00E+00*int",,"TRUE","TRUE"
"peck","ENGL","D","V","peck (US)","8.81E-03*m^3",,"TRUE","TRUE"
"peck_uk","ENGL","S","V","peck (UK)","2*gal_uk",,"TRUE","TRUE"
"peck_us","ENGL","S","V","peck (US)","2*gal_dry",,"TRUE","TRUE"
"pennywt","ENGL","D","M","pennyweight","1.56E-03*kg",,"TRUE","TRUE"
"perm","ENGL","D","PERM","permeance at 23C","5.75E+01*ng/(Pa*s*m^2)",,"TRUE","TRUE"
"perm_inch","ENGL","D","PERM","permeability at 23C","1.46E+00*ng/(Pa*s*m)",,"TRUE","TRUE"
"pF","SI","B","CAP","Pico Farads","1",,"TRUE","TRUE"
"pg","SI","D","M","picogram","1.00E-12*kg",,"TRUE","FALSE"
"pH_unit","LMSC","D","TEXT","pH unit","1.00E+00*int",,"TRUE","FALSE"
"pica","ENGL","D","L","pica (printers)","4.217518E-03*m",,"TRUE","TRUE"
"pint_dry","ENGL","D","V","pint (US dry)","5.506105E-04*m^3",,"TRUE","TRUE"
"pint_fl","ENGL","D","V","pint (US liquid)","4.731765E-04*m^3",,"TRUE","TRUE"
"pint_uk","ENGL","S","V","pint (UK)","0.5682450*l",,"TRUE","TRUE"
"pits","LMSC","B","INT","pits","1",,"TRUE","TRUE"
"pixel","LMSC","D","INT","pixel","1.00E+00*int",,"TRUE","TRUE"
"point","ENGL","D","L","point (printers)","3.514598E-04*m",,"TRUE","TRUE"
"poundal","ENGL","D","F","poundal","1.38E-01*N",,"TRUE","TRUE"
"ppb","GEN","S","PERC","parts per billion","1.00E-07*%",,"TRUE","FALSE"
"ppb_vol","LMSC","D","CONVV","parts per billion by volume/volume","1.00E-9*l/l",,"TRUE","TRUE"
"ppb_wt","LMSC","D","CONWW","parts per billion by weight/weight","1.00E-9*kg/kg",,"TRUE","TRUE"
"ppb_wt_v","LMSC","D","CONWV","parts per billion by weight/volume","1.00E-9*kg/l",,"TRUE","TRUE"
"pph_vol","LMSC","D","CONVV","parts per hundred by volume/volume","1.00E-2*l/l",,"TRUE","TRUE"
"pph_wt","LMSC","D","CONWW","parts per hundred by weight/weight","1.00E-2*kg/kg",,"TRUE","TRUE"
"pph_wt_v","LMSC","D","CONWV","parts per hundred by weight/volume","1.00E-2*kg/l",,"TRUE","TRUE"
"ppm","GEN","S","PERC","parts per million","1.00E-04*%",,"TRUE","FALSE"
"ppm_vol","LMSC","D","CONVV","parts per million by volume/volume","1.00E-6*l/l",,"TRUE","TRUE"
"ppm_wt","LMSC","D","CONWW","parts per million by weight/weight","1.00E-6*kg/kg",,"TRUE","TRUE"
"ppm_wt_v","LMSC","D","CONWV","parts per million by weight/volume","1.00E-6*kg/l",,"TRUE","TRUE"
"ppt_vol","LMSC","D","CONVV","parts per trillion by volume/volume","1.00E-12*l/l",,"TRUE","TRUE"
"ppt_wt","LMSC","D","CONWW","parts per trillion by weight/weight","1.00E-12*kg/kg",,"TRUE","TRUE"
"ppt_wt_v","LMSC","D","CONWV","parts per trillion by weight/volume","1.00E-12*kg/l",,"TRUE","TRUE"
"psi","ENGL","D","PRS","pounds per square inch","6.894757E+03*Pa",,"TRUE","TRUE"
"psig","ENGL","D","F","PSI-Gage","1",,"TRUE","TRUE"
"qt_dry","ENGL","S","V","quart (US dry)","0.25*gal_dry",,"TRUE","TRUE"
"qt_fl","ENGL","S","V","quart (US liquid)","0.25*gal_fl",,"TRUE","TRUE"
"qt_liq","ENGL","D","V","quart (US liquid)","9.463529E-04*m^3",,"TRUE","TRUE"
"qt_uk","ENGL","S","V","quart (UK)","0.25*gal_uk",,"TRUE","TRUE"
"qt_USdry","ENGL","D","V","quart (US dry)","1.101221E-03*m^3",,"TRUE","TRUE"
"R","SI","D","EXP","roentgen","2.58E-04*C/kg",,"TRUE","TRUE"
"rad","SI","B","PA","radian","1",,"TRUE","TRUE"
"radian","SI","S","PA","radian","1.00E+00*int",,"TRUE","TRUE"
"rd","SI","D","AD","rad radiation","1.00E-02*Gy",,"TRUE","TRUE"
"rem","SI","D","DEQ","rem","1.00E-02*Sv",,"TRUE","TRUE"
"rev","SI","D","PA","revolution","6.28E+00*radian",,"TRUE","TRUE"
"RH","LMSC","D","TEXT","relative humidity","1.00E+00*int",,"TRUE","TRUE"
"rhe","SI","D","VISD","rhe","1.00E+01*1/(Pa*s)",,"TRUE","TRUE"
"rob","ENGL","B","INT",,"1",,"TRUE","TRUE"
"RockwellB","LMSC","D","TEXT","Hardness Rockwell B","1.00E+00*int",,"TRUE","TRUE"
"RockwellC","LMSC","D","TEXT","Hardness Rockwell C","1.00E+00*int",,"TRUE","TRUE"
"RockwellE","LMSC","D","TEXT","Hardness Rockwell E","1.00E+00*int",,"TRUE","TRUE"
"rod","ENGL","D","L","rod","5.029210E+00*m",,"TRUE","TRUE"
"rough_RMS","LMSC","D","TEXT","roughness-root mean square","1.00E+00*int",,"TRUE","TRUE"
"RPD","LMSC","D","TEXT","relative percent difference","1.00E+00*int/int",,"TRUE","FALSE"
"rpm","SI","D","AVE","revolutions per minute","1.047198E-01*radian/s",,"TRUE","FALSE"
"rps","SI","D","AVE","revolutions per second","1.7453E-03*radian/s",,"TRUE","TRUE"
"s","SI","B","T","""second, time""","1.00E+00",,"TRUE","TRUE"
"S","SI","D","ECN","siemens","A/V",,"TRUE","TRUE"
"SAMPLE","LMSC","D","INT","Sample","1.00E+00*int",,"TRUE","TRUE"
"sec_angle","ENGL","D","PA","second angle","4.848137E-06*radian",,"TRUE","TRUE"
"Shore_A","LMSC","D","TEXT","hardness Shore A","1.00E+00*int",,"TRUE","TRUE"
"Shore_D","LMSC","D","TEXT","hardness Shore D","1.00E+00*int",,"TRUE","TRUE"
"short","ENGL","S","V","short","25*ml",,"TRUE","TRUE"
"slug","ENGL","D","M","slug","1.46E+01*kg",,"TRUE","TRUE"
"sq_cm","SI","D","A","square centimeter","1.00E-04*m^2",,"TRUE","TRUE"
"sq_ft","ENGL","D","A","square foot","9.290304E-02*m^2",,"TRUE","TRUE"
"sq_in","ENGL","D","A","square inch","6.451600E-04*m^2",,"TRUE","TRUE"
"sq_m","SI","D","A","square meter","m^2",,"TRUE","TRUE"
"sq_mi","ENGL","D","A","square mile","2.589998E+06*m^2",,"TRUE","TRUE"
"sq_mm","LMSC","D","A","square millimeter","1.00E-06*m^2",,"TRUE","TRUE"
"sq_pixel","LMSC","D","TEXT","square pixel","1.00E+00*int",,"TRUE","TRUE"
"sq_yd","ENGL","D","A","square yard","8.361274E-01*m^2",,"TRUE","TRUE"
"sr","SI","B","SA","steradian","1",,"TRUE","TRUE"
"St","SI","D","VISK","stokes","1.00E-04*m^2/s",,"TRUE","TRUE"
"statamp","SI","D","ECU","statampere","3.34E-10*A",,"TRUE","TRUE"
"statcoul","SI","D","ECH","statcoulomb","3.34E-10*C",,"TRUE","TRUE"
"statfarad","SI","D","ECP","statfarad","1.11E-12*F",,"TRUE","TRUE"
"stathenry","SI","D","EIN","stathenry","8.99E+11*H",,"TRUE","TRUE"
"statmho","SI","D","ER","statmho","8.99E+11*ohm",,"TRUE","TRUE"
"statvolt","SI","D","EP","statvolt","3.00E+02*V",,"TRUE","TRUE"
"steradian","SI","S","PA","steradian","1.00E+00*int",,"TRUE","TRUE"
"stere","SI","D","V","stere","1.00E+00*m^3",,"TRUE","TRUE"
"Sv","SI","D","DEQ","sievert","J/kg",,"TRUE","TRUE"
"T","SI","D","MFD","tesla","Wb/(m^2)",,"TRUE","TRUE"
"Tbls","ENGL","D","V","tablespoon","1.478676E-05*m^3",,"TRUE","TRUE"
"teas","ENGL","D","V","teaspoon","4.928922E-06*m^3",,"TRUE","TRUE"
"tex","ENGL","D","MPL","tex","1.00E-06*kg/m",,"TRUE","TRUE"
"therm","ENGL","D","EWH","therm (US)","1.05E+08*J",,"TRUE","TRUE"
"ton_long","ENGL","D","M","""ton (long, 2240 lb)""","1.02E+03*kg",,"TRUE","TRUE"
"ton_met","SI","D","M","ton (metric)","1.00E+03*kg",,"TRUE","TRUE"
"ton_short","ENGL","D","M","""ton (short, 2000 lb)""","9.07E+02*kg",,"TRUE","TRUE"
"tonf","ENGL","D","F","ton force","8.90E+03*N",,"TRUE","TRUE"
"tonne","SI","S","M","ton (metric)","1.00E+03*kg",,"TRUE","TRUE"
"torr","ENGL","D","PRS","torr (mm Hg @ 0 C)","1.33322E+02*Pa",,"TRUE","TRUE"
"u_henry","ENGL","B","IND","Micro henry","1",,"TRUE","TRUE"
"uA","SI","D","ECU","microampere","1.00E-6*A",,"TRUE","TRUE"
"uF","SI","D","ECP","microfarad","1.00E-06*F",,"TRUE","TRUE"
"ug","SI","D","M","microgram","1.00E-09*kg",,"TRUE","FALSE"
"uHz","SI","D","FRQ","microhertz","1.00E-06*Hz",,"TRUE","TRUE"
"uin","ENGL","D","L","microinch","2.54E-08*m",,"TRUE","TRUE"
"ul","SI","D","V","microliter","1.00E-09*m^3",,"TRUE","FALSE"
"um","SI","D","L","micrometer","1.00E-06*m",,"TRUE","FALSE"
"umho","LMSC","D","ECN","micromho","1.00E-06*S",,"TRUE","TRUE"
"unit","LMSC","D","INT","unit","1.00E+00*int",,"TRUE","TRUE"
"unit_pole","SI","D","MF","unit pole","1.26E-07*Wb",,"TRUE","TRUE"
"uS","SI","D","ECN","microsiemens","1.00E-06*S",,"TRUE","TRUE"
"uu_mho","SI","B","ECN","micro micro mhos","1",,"TRUE","TRUE"
"uumho","LMSC","D","ECN","micromicromho","1.00E-12*S",,"TRUE","TRUE"
"uV","SI","S","EP","microvolt","1.00E-06*V",,"TRUE","TRUE"
"V","SI","D","EP","volt","W/A",,"TRUE","TRUE"
"Vickers","LMSC","D","TEXT","Vickers","1.00E+00*int",,"TRUE","TRUE"
"W","SI","D","PRF","watt","J/s",,"TRUE","TRUE"
"W_h","ENGL","D","EWH","watt-hour","3.60E+03*J",,"TRUE","TRUE"
"W_hr","ENGL","S","EWH","watt-hour","3.60E+03*J",,"TRUE","TRUE"
"W_s","ENGL","D","EWH","watt-second","1.00E+00*J",,"TRUE","TRUE"
"wafer","LMSC","D","INT","wafer","1.00E+00*int",,"TRUE","TRUE"
"wavelength","ENGL","B","L","Angstroms","1",,"TRUE","TRUE"
"Wb","SI","D","MF","weber","V*s",,"TRUE","TRUE"
"week","SI","S","T","week","168*hr",,"TRUE","FALSE"
"WIPE","LMSC","D","INT","wipe","1.00E+00*int",,"TRUE","TRUE"
"wk","SI","D","T","week","6.048E+05*s",,"TRUE","FALSE"
"yd","ENGL","D","L","yard","9.144E-01*m",,"TRUE","TRUE"
"yr","SI","D","T","year (based on 365 days)","3.1536E+07*s",,"TRUE","FALSE"
