﻿VERSIONED_C_L_HEADER
ANALYSIS,ANALYSIS_VERSION,COMP_LIST,DESCRIPTION,GROUP_ID
10,10,10,255,10
                     377
"8AAS_LC_SC","1","SAMPLE",,
"8AAS_LC_SC","1","8AAS_LC_SC","LCMS 8AAS Daily Screen Batch Template",
"8AAS_RETIR","1","BLANK",,
"8AAS_RETIR","1","CAL",,
"8AAS_RETIR","1","LC_8AAS_2","8AAS Anabolic Steroid Screen",
"8AAS_RETIR","1","LC_8AAS_SC","8AAS Anabolic Steroid Screen",
"8AAS_RETIR","1","MANUAL","just option components",
"8AAS_RETIR","1","SAMPLE",,
"BARBIT_RCK","1","BLANK",,
"BARBIT_RCK","1","CALSTD",,
"BARBIT_RCK","1","SAMPLE",,
"BARBIT_RCK","1","BARBIT_RCK","ELISA Barbituates Recheck Test",
"BARBITUR_U","1","BLANK",,
"BARBITUR_U","1","CALSTD",,
"BARBITUR_U","1","BARBITUR_U",,
"BARBITUR_U","1","SAMPLE",,
"BG_TCO2_SC","1","BG_TCO2_SC","Blood Gas TCO2 Screen",
"BG_TCO2_SC","1","MANUA_RES",,
"BG_TCO2_SC","1","SAMPLE","Sample",
"BUPREN_RCK","1","BUPREN_RCK","ELISA Buprenorphine Recheck Test",
"BUPREN_RCK","1","BLANK",,
"BUPREN_RCK","1","CALSTD",,
"BUPREN_RCK","1","SAMPLE",,
"BUPRENOR_U","1","BLANK",,
"BUPRENOR_U","1","CALSTD",,
"BUPRENOR_U","1","PROMAZNE_U","ELISA Promazine Urine Test",
"BUPRENOR_U","1","SAMPLE",,
"CHROM_C","1","CHROM_CL1","A component list comprised of fructose and glucose",
"CHROM_C","1","CHROM_CL2","A component list comprised of fructose and sucrose",
"CHROM_C","1","CHROM_CL3","A component list comprised of glucose and sucrose",
"COCAIN_RCK","1","COCAIN_RCK","ELISA Cocaine Recheck Test",
"COCAIN_RCK","1","SAMPLE",,
"COCAIN_RCK","1","BLANK",,
"COCAIN_RCK","1","CALSTD",,
"COCAINE_U","1","BLANK",,
"COCAINE_U","1","CALSTD",,
"COCAINE_U","1","PROMAZNE_U","ELISA Promazine Urine Test",
"COCAINE_U","1","SAMPLE",,
"CONTAM","1","DEFAULTS",,
"DMSOMANUAL","1","SAMPLE","Component List for Sample
",
"DMSOMANUAL","1","DMSOMANUAL","DMSO PBUTE Manual Batch Template",
"DOXAPRAM_U","1","BLANK",,
"DOXAPRAM_U","1","CALSTD",,
"DOXAPRAM_U","1","PROMAZNE_U","ELISA Promazine Urine Test",
"DOXAPRAM_U","1","SAMPLE",,
"DOXPRM_RCK","1","DOXPRM_RCK","ELISA Doxapram Recheck Test",
"DOXPRM_RCK","1","BLANK",,
"DOXPRM_RCK","1","CALSTD",,
"DOXPRM_RCK","1","SAMPLE",,
"ELISA_ALL","1","SAMPLE",,
"ELISA_ALL","1","ELISA_ALL","ELISA Screen Test for All Drugs",
"ELISA_ALL","1","BLANK",,
"ELISA_ALL","1","CALSTD",,
"ELISAU_ALL","1","SAMPLE",,
"ELISAU_ALL","1","BLANK",,
"ELISAU_ALL","1","CALSTD",,
"ELISAU_ALL","1","ELISAU_ALL","ELISA Urine Batch for All Drugs",
"EXACTIV_EX","1","SAMPLE",,
"EXACTIV_EX","1","EXACTIV_EX","Exactive Example Test",
"EXACTIV_EX","1","QE_SCREEN",,
"FENGRP_RCK","1","FENGRP_RCK","ELISA Fentanil Group Recheck Test",
"FENGRP_RCK","1","BLANK",,
"FENGRP_RCK","1","CALSTD",,
"FENGRP_RCK","1","SAMPLE",,
"FENTAGR_U","1","BLANK",,
"FENTAGR_U","1","CALSTD",,
"FENTAGR_U","1","PROMAZNE_U","ELISA Promazine Urine Test",
"FENTAGR_U","1","SAMPLE",,
"FENTANYL_U","1","BLANK",,
"FENTANYL_U","1","CALSTD",,
"FENTANYL_U","1","PROMAZNE_U","ELISA Promazine Urine Test",
"FENTANYL_U","1","SAMPLE",,
"FENTYL_RCK","1","BLANK",,
"FENTYL_RCK","1","CALSTD",,
"FENTYL_RCK","1","SAMPLE",,
"FENTYL_RCK","1","FENTYL_RCK","ELISA Fentanyl Recheck Test",
"GC","1","OPTION_1","Processing Option 1",
"GC","1","OPTION_2","Processing option 2
",
"GCMS_NSAID","1","DEFAULT",,
"GLYCOP_RCK","1","GLYCOP_RCK","ELISA Glycopyrrolate Recheck Test",
"GLYCOP_RCK","1","BLANK",,
"GLYCOP_RCK","1","CALSTD",,
"GLYCOP_RCK","1","SAMPLE",,
"GLYCOPY_U","1","BLANK",,
"GLYCOPY_U","1","CALSTD",,
"GLYCOPY_U","1","PROMAZNE_U","ELISA Promazine Urine Test",
"GLYCOPY_U","1","SAMPLE",,
"HEAVY_MET","2","CAD_COP","A component list comprising cadmium and copper components",
"HEAVY_MET","2","CAD_LEAD","A component list comprising cadmium and lead components",
"HEAVY_MET","2","LEAD_COP","A component list comprising lead and copper components",
"HPLC","1","TJH_MY_BAT",,
"HYDROM_RCK","1","HYDROM_RCK","ELISA Hydromorphone Recheck Test",
"HYDROM_RCK","1","BLANK",,
"HYDROM_RCK","1","CALSTD",,
"HYDROM_RCK","1","SAMPLE",,
"HYDROMOR_U","1","BLANK",,
"HYDROMOR_U","1","CALSTD",,
"HYDROMOR_U","1","PROMAZNE_U","ELISA Promazine Urine Test",
"HYDROMOR_U","1","SAMPLE",,
"IA_EPO_RCK","1","SAMP_MEAN","Sample Mean of EPO Conc",
"IA_EPO_RCK","1","BLANK","Blank",
"IA_EPO_RCK","1","CALSTD","Calibration Standard",
"IA_EPO_RCK","1","IA_EPO_SCR","ELISA EPO Screen for Blood",
"IA_EPO_RCK","1","MANUAL_RES","This is for Manual Result Entry of an option phrase",
"IA_EPO_RCK","1","SAMPLE","This is for result import",
"IA_EPO_RCK","1","IA_EPO_RCK","ELISA EPO Recheck for Blood",
"IA_EPO_SCR","1","CALSTD","Calibration Standard",
"IA_EPO_SCR","1","SAMPLE","This is for result import",
"IA_EPO_SCR","1","MANUAL_RES","This is for Manual Result Entry of an option phrase",
"IA_EPO_SCR","1","BLANK","Blank",
"IA_EPO_SCR","1","IA_EPO_SCR","ELISA EPO Screen for Blood",
"IA_FUR_RCK","2","BLANK","Blank",
"IA_FUR_RCK","2","PC75CHECK",,
"IA_FUR_RCK","2","IA_FUR_RCK","ELISA Furosumide Recheck",
"IA_FUR_RCK","2","MANUAL_RES","This is for Manual Result Entry of an option phrase",
"IA_FUR_RCK","2","SAMP_MEAN","Sample Mean of EPO Conc",
"IA_FUR_RCK","2","SAMPLE","This is for result import",
"IA_FUR_RCK","1","BLANK","Blank",
"IA_FUR_RCK","1","CALSTD","Calibration Standard",
"IA_FUR_RCK","1","IA_EPO_RCK","ELISA EPO Recheck for Blood",
"IA_FUR_RCK","1","IA_EPO_SCR","ELISA EPO Screen for Blood",
"IA_FUR_RCK","1","MANUAL_RES","This is for Manual Result Entry of an option phrase",
"IA_FUR_RCK","1","SAMP_MEAN","Sample Mean of EPO Conc",
"IA_FUR_RCK","1","SAMPLE","This is for result import",
"IA_FUR_RCK","2","PC100CHECK",,
"IA_FUR_RCK","1","IA_FUR_RCK","ELISA Furosumide Recheck",
"IA_FUR_SCN","1","PC75CHECK","Checks the PC 75 Check",
"IA_FUR_SCN","1","PC100CHECK","PC100 Check
",
"IA_FUR_SCN","1","IA_FUR_SCN","ELISA Furosumide Screen",
"IA_FUR_SCN","1","MANUAL_RES","This is for Manual Result Entry of an option phrase",
"IA_FUR_SCN","1","SAMPLE","This is for result import",
"IA_FUR_SCN","1","BLANK","For NC",
"IPATRO_RCK","1","BLANK",,
"IPATRO_RCK","1","CALSTD",,
"IPATRO_RCK","1","SAMPLE",,
"IPATRO_RCK","1","IPATRO_RCK","ELISA Ipatropium Recheck Test",
"IPATRO_RCK","2","BLANK",,
"IPATRO_RCK","2","CALSTD",,
"IPATRO_RCK","2","IPATRO_RCK","ELISA Ipatropium Recheck Test",
"IPATRO_RCK","2","SAMPLE",,
"IPATROP_U","1","BLANK",,
"IPATROP_U","1","CALSTD",,
"IPATROP_U","1","PROMAZNE_U","ELISA Promazine Urine Test",
"IPATROP_U","1","SAMPLE",,
"LC_8AAS_SC","1","LC_8AAS_2","8AAS Anabolic Steroid Screen",
"LC_8AAS_SC","1","SAMPLE",,
"LC_8AAS_SC","1","BLANK",,
"LC_8AAS_SC","1","CAL",,
"LC_8AAS_SC","1","LC_8AAS_SC","8AAS Anabolic Steroid Screen",
"LC_8AAS_SC","1","MANUAL","just option components",
"LC_CONFIRM","1","LC_CONFIRM",,
"LC_CONFIRM","1","RESULT",,
"LC_CONFIRM","1","CONFIRM_EX",,
"LC_CONFIRM","1","DT_CONF",,
"LC_CONFIRM","1","JM_LC_TEST",,
"LC_CONFIRM","1","KR_LC_TEST","Capsaicin LCMS Confirmation Template",
"LC_CONFIRM","1","EX_LC_TEST",,
"LC_CONFIRM","1","PREDN_CONF","Sildenafil LCMS Confirmation Template",
"LC_CONFIRM","1","SILDE_CONF","3-OH Lidocaine LCMS Confirmation Template",
"LC_CONFIRM","1","LIDO_CONF","Methamphetamine LCMS Confirmation Template",
"LC_CONFIRM","1","CAPS_CONF",,
"LC_CONFIRM","1","NAN_CONF",,
"LC_CONFIRM","1","DEX_CONF",,
"LC_CONFIRM","1","BETA_CONF",,
"LC_CONFIRM","1","TRIAC_CONF",,
"LC_CONFIRM","1","LEVU_CONF",,
"LC_CONFIRM","1","LEVP_CONF",,
"LC_CONFIRM","1","JUSTINES70",,
"LC_CONFIRM","1","FLU_CONF",,
"LC_CONFIRM","1","FUR_CONF",,
"LC_CONFIRM","1","BLANK",,
"LC_CONFIRM","1","METH_CONF","Buprenorphine LCMS Confirmation Template",
"LC_CONFIRM","1","BUPR_CONF",,
"LC_CONFIRM","1","STAN_CONF",,
"LC_CONFIRM","1","CAFF_CONF",,
"LC_CONFIRM","1","OXYCO_CONU",,
"LC_CONFIRM","1","LCMSCONF",,
"LC_CONFIRM","1","COCA_CONF",,
"LC_CONFIRM","1","PEMO_CONF",,
"LC_CONFIRM","2","LC_1DRUG","LC Confirmation for 1 Drug",
"LC_CONFIRM","2","LC_CON_2",,
"LC_CONFIRM","1","CONFIRM_2",,
"LC_CONFIRM","1","DG_LC_TEST",,
"LC_CONFIRM","1","DT_LC_TES","Prednisolone LCMS Confirmation Template",
"LC_CONFIRM","1","THEOP_CONF",,
"LC_CONFIRM","1","THEOU_CONF",,
"LC_CONFIRM","1","OMEP_CONF",,
"LC_CONFIRM","1","MPRED_CONF",,
"LC_CONFIRM","1","GLAUALK_CO","Methocarbamol confirmation Template",
"LC_CONFIRM","1","METHCARB",,
"LC_CONFIRM","1","FICOX_CONF",,
"LC_CONFIRM","1","OXYCOD_CON",,
"LC_CONFIRM","2","BLANK",,
"LC_CONFIRM","1","CM_LC_TEST","Pemoline Confirmation template",
"LC_CONFIRM","1","ALTR_CONF",,
"LC_CONFIRM","1","RANIT_CONF",,
"LC_CONFIRM","1","GUAIF_CONF",,
"LC_CONFIRM","1","CARB_CONF",,
"LC_CONFIRM","2","CONFIRM_2",,
"LC_CONFIRM","2","CONFIRM_EX",,
"LC_CONFIRM","2","DG_LC_TEST",,
"LC_CONFIRM","2","DRUG1CONF","Drug 1 Confirmation",
"LC_CONFIRM","2","DRUG1FINAL","Calc final results",
"LC_CONFIRM","2","DRUG2CONF","Drug 1&2 Confirmation",
"LC_CONFIRM","2","DRUG2FINAL","Drug 1&2 Final results",
"LC_CONFIRM","2","LC_CONFIRM",,
"LC_CONFIRM","2","LCMS_CONF2","confirm 2 drugs",
"LC_CONFIRM","2","LCMSCONF",,
"LC_CONFIRM","2","RESULT",,
"LC_CONFIRM","1","PBUTE_CONF",,
"LC_CONFIRM","1","TEST_CONF",,
"LC_CONFIRM","1","CLEN_CONF",,
"LC_CONFIRM","1","CLEN_UTCON",,
"LC_CONFIRM","1","CLEN_P_CON",,
"LC_CONFIRM","1","CLEN_T_CON",,
"LC_CONFIRM","1","CLEN_H_CON",,
"LC_DMSOPBT","2","BLANK","Blank List",
"LC_DMSOPBT","2","CAL","Calibrator",
"LC_DMSOPBT","2","LC_DMSOPBT","LCMS DMSO Phenylbutazone Screen for Blood",
"LC_DMSOPBT","2","LCMS_TEMP",,
"LC_DMSOPBT","2","SAMPLE","Sample List
",
"LC_DMSOPBT","2","SOLVBLANK","Solvent Blank
",
"LC_DMSOPBT","2","DMSOPBUTE","DMSO PBUTE Version 2",
"LC_DMSOPBT","1","LCMS_TEMP",,
"LC_DMSOPBT","1","BLANK","Blank List",
"LC_DMSOPBT","1","CAL","Calibrator",
"LC_DMSOPBT","1","SAMPLE","Sample List
",
"LC_DMSOPBT","1","SOLVBLANK","Solvent Blank
",
"LC_DMSOPBT","1","LC_DMSOPBT","LCMS DMSO Phenylbutazone Screen for Blood",
"LC_RECHECK","1","KR_LC_TEST","Capsaicin LCMS Confirmation Template",
"LC_RECHECK","1","LC_CONFIRM",,
"LC_RECHECK","1","LEVP_CONF",,
"LC_RECHECK","1","LEVU_CONF",,
"LC_RECHECK","1","LIDO_CONF",,
"LC_RECHECK","1","METHCARB",,
"LC_RECHECK","1","MPRED_CONF",,
"LC_RECHECK","1","NAN_CONF",,
"LC_RECHECK","1","OMEP_CONF",,
"LC_RECHECK","1","OXYCOD_CON",,
"LC_RECHECK","1","PBUTE_CONF",,
"LC_RECHECK","1","PREDN_CONF","Sildenafil LCMS Confirmation Template",
"LC_RECHECK","1","RANIT_CONF",,
"LC_RECHECK","1","RESULT",,
"LC_RECHECK","1","SILDE_CONF","3-OH Lidocaine LCMS Confirmation Template",
"LC_RECHECK","1","TEST_CONF",,
"LC_RECHECK","1","THEOP_CONF",,
"LC_RECHECK","1","THEOU_CONF",,
"LC_RECHECK","1","TRIAC_CONF",,
"LC_RECHECK","1","ALTR_CONF",,
"LC_RECHECK","1","BETA_CONF",,
"LC_RECHECK","1","CAPS_CONF",,
"LC_RECHECK","1","CARB_CONF",,
"LC_RECHECK","1","CLEN_CONF",,
"LC_RECHECK","1","CLEN_H_CON",,
"LC_RECHECK","1","CLEN_P_CON",,
"LC_RECHECK","1","CLEN_T_CON",,
"LC_RECHECK","1","CLEN_UTCON",,
"LC_RECHECK","1","CM_LC_TEST","Oxycodone Confirmation Template",
"LC_RECHECK","1","CONFIRM_2",,
"LC_RECHECK","1","CONFIRM_EX",,
"LC_RECHECK","1","DEX_CONF",,
"LC_RECHECK","1","DG_LC_TEST",,
"LC_RECHECK","1","DT_CONF",,
"LC_RECHECK","1","DT_LC_TES","Prednisolone LCMS Confirmation Template",
"LC_RECHECK","1","EX_LC_TEST",,
"LC_RECHECK","1","FICOX_CONF",,
"LC_RECHECK","1","FLU_CONF",,
"LC_RECHECK","1","FUR_CONF",,
"LC_RECHECK","1","GLAUALK_CO","Methocarbamol confirmation Template",
"LC_RECHECK","1","GUAIF_CONF",,
"LC_RECHECK","1","JM_LC_TEST",,
"LC_RECHECK","1","JUSTINES70",,
"LCMS_CHECK","1","LCMS_CHECK","LCMS Recheck Batch",
"LCMS_CHECK","1","SAMPLE",,
"LEVALL_RCK","1","LEVALL_RCK","ELISA Levallophan Recheck Test",
"LEVALL_RCK","1","BLANK",,
"LEVALL_RCK","1","CALSTD",,
"LEVALL_RCK","1","SAMPLE",,
"LEVALLOR_U","1","BLANK",,
"LEVALLOR_U","1","CALSTD",,
"LEVALLOR_U","1","PROMAZNE_U","ELISA Promazine Urine Test",
"LEVALLOR_U","1","SAMPLE",,
"LIDOCA_RCK","1","BLANK",,
"LIDOCA_RCK","1","CALSTD",,
"LIDOCA_RCK","1","SAMPLE",,
"LIDOCA_RCK","1","LIDOCA_RCK","ELISA Lidocaine Recheck Test",
"LIDOCAIN_U","1","BLANK",,
"LIDOCAIN_U","1","CALSTD",,
"LIDOCAIN_U","1","PROMAZNE_U","ELISA Promazine Urine Test",
"LIDOCAIN_U","1","SAMPLE",,
"MEPHEN_RCK","1","MEPHEN_RCK","ELISA Methylphenidate Recheck Test",
"MEPHEN_RCK","1","BLANK",,
"MEPHEN_RCK","1","CALSTD",,
"MEPHEN_RCK","1","SAMPLE",,
"MEPRED_RCK","1","BLANK",,
"MEPRED_RCK","1","CALSTD",,
"MEPRED_RCK","1","SAMPLE",,
"MEPRED_RCK","1","MEPRED_RCK","ELISA Methylprednisolone Recheck Test",
"METHPRED_U","1","BLANK",,
"METHPRED_U","1","CALSTD",,
"METHPRED_U","1","PROMAZNE_U","ELISA Promazine Urine Test",
"METHPRED_U","1","SAMPLE",,
"METHYLPH_U","1","BLANK",,
"METHYLPH_U","1","CALSTD",,
"METHYLPH_U","1","PROMAZNE_U","ELISA Promazine Urine Test",
"METHYLPH_U","1","SAMPLE",,
"NSAID","1","SAMPLE","Sample Component List",
"NSAID","1","NSAID_SCN","NSAID Screen Batch Template",
"OPIATE_RCK","1","OPIATE_RCK","ELISA Opiate Group Recheck Test",
"OPIATE_RCK","1","BLANK",,
"OPIATE_RCK","1","CALSTD",,
"OPIATE_RCK","1","SAMPLE",,
"OPIATE_U","1","BLANK",,
"OPIATE_U","1","CALSTD",,
"OPIATE_U","1","PROMAZNE_U","ELISA Promazine Urine Test",
"OPIATE_U","1","SAMPLE",,
"OXYMOR_RCK","1","OXYMOR_RCK",,
"OXYMOR_RCK","1","BLANK",,
"OXYMOR_RCK","1","CALSTD",,
"OXYMOR_RCK","1","SAMPLE",,
"OXYMORPH_U","1","BLANK",,
"OXYMORPH_U","1","CALSTD",,
"OXYMORPH_U","1","PROMAZNE_U","ELISA Promazine Urine Test",
"OXYMORPH_U","1","SAMPLE",,
"PROMAZNE_U","1","SAMPLE",,
"PROMAZNE_U","1","CALSTD",,
"PROMAZNE_U","1","BLANK",,
"PROMAZNE_U","1","PROMAZNE_U","ELISA Promazine Urine Test",
"PROMZ_RCK","1","BLANK",,
"PROMZ_RCK","1","CALSTD",,
"PROMZ_RCK","1","PROMAZNE_U","ELISA Promazine Urine Test",
"PROMZ_RCK","1","SAMPLE",,
"PROMZ_RCK","1","PROMZ_RCK","ELISA Promazine Recheck Test",
"PROPRANO_U","1","BLANK",,
"PROPRANO_U","1","CALSTD",,
"PROPRANO_U","1","PROMAZNE_U","ELISA Promazine Urine Test",
"PROPRANO_U","1","SAMPLE",,
"PROPRO_RCK","1","PROPRO_RCK","ELISA Propronolol Recheck Test",
"PROPRO_RCK","1","BLANK",,
"PROPRO_RCK","1","CALSTD",,
"PROPRO_RCK","1","SAMPLE",,
"PROPRO_RCK","2","BLANK",,
"PROPRO_RCK","2","CALSTD",,
"PROPRO_RCK","2","PROPRO_RCK","ELISA Propronolol Recheck Test",
"PROPRO_RCK","2","SAMPLE",,
"QESCREEN","1","EXACTIV_EX","Exactive Example Test",
"QESCREEN","1","QE_SCREEN","QE General Screen EX audit 7/8",
"QESCREEN","1","SAMPLE",,
"SCANNABI_U","1","BLANK",,
"SCANNABI_U","1","CALSTD",,
"SCANNABI_U","1","PROMAZNE_U","ELISA Promazine Urine Test",
"SCANNABI_U","1","SAMPLE",,
"SPICEC_RCK","1","SPICEC_RCK","ELISA Spice Cannabinoids Recheck Test",
"SPICEC_RCK","1","BLANK",,
"SPICEC_RCK","1","CALSTD",,
"SPICEC_RCK","1","SAMPLE",,
"TC_CONFIRM","1","BLANK","Blank",
"TC_CONFIRM","1","CALSTD","Calibration Standard",
"TC_CONFIRM","1","CALSTD3","CAL STD 3 w S/N",
"TC_CONFIRM","1","MS","QC Spike Blank / Matrix Spike",
"TC_CONFIRM","1","QCAVG25","for avg of 25 %ERR",
"TC_CONFIRM","1","QCSPIKE","QC Spike",
"TC_CONFIRM","1","QCSPIKE0","QC Spike Blank 0",
"TC_CONFIRM","1","SAMPLE","Sample",
"TC_CONFIRM","1","TC_SCREEN","blood screen. Note to handle MS recovery on QC sample, the Start sequence has a Sample which must be a special login QC sample from the job, assigned in slot 7, and the MS in slot 8 uses 10 as parent. the login QC samp = TC_QC0 res.",
"TC_CONFIRM","1","TC_CONFIRM","blood screen. Note to handle MS recovery on QC sample, the Start sequence has a Sample which must be a special login QC sample from the job, assigned in slot 7, and the MS in slot 8 uses 10 as parent. the login QC samp = TC_QC0 res.",
"TC_SCREEN","1","QCAVG25","for avg of 25 %ERR",
"TC_SCREEN","1","BLANK","Blank",
"TC_SCREEN","1","CALSTD","Calibration Standard",
"TC_SCREEN","1","CALSTD3","CAL STD 3 w S/N",
"TC_SCREEN","1","MS","QC Spike Blank / Matrix Spike",
"TC_SCREEN","1","QCSPIKE","QC Spike",
"TC_SCREEN","1","QCSPIKE0","QC Spike Blank 0",
"TC_SCREEN","1","SAMPLE","Sample",
"TC_SCREEN","1","TC_SCREEN","blood screen. Note to handle MS recovery on QC sample, the Start sequence has a Sample which must be a special login QC sample from the job, assigned in slot 7, and the MS in slot 8 uses 10 as parent. the login QC samp = TC_QC0 res.",
"TEST","1","DEFAULT","default",
"TJH_VALUES","2","DEFAULT",,
