﻿WEB_MENU_SECTION
IDENTITY,SECTION,DESCRIPTION,GROUP_ID,MODIFIABLE,REMOVEFLAG,ORDER_NUMBER,NAME,ICON,VISIBLE,ALWAYS_VISIBLE,IMAGE_LINK,INTRODUCTION,SUMMARY,SHOW_MENU_OPTIONS
20,20,255,10,1,1,10,100,30,1,1,100,2000,2000,1
                       5
"SYSTEM","CONFIG","System Configuration and Monitoring Options",,"TRUE","FALSE","2","Configuration",,"TRUE","FALSE","~\images\commercial\54199.jpg","The following configuration functions are available in this section;","You can return to this page by using the ""Section Home"" option on the Panelbar. If you need more assistance with the Web Interface, please click on the Help icon in the System Menu.","TRUE"
"SYSTEM","HIDDEN","Hidden Menu Options - Used for Security Control",,"TRUE","FALSE","10","Hidden",,"FALSE","FALSE",,,,"FALSE"
"SYSTEM","MAIN","Login and Activity Reporting Options",,"TRUE","FALSE","1","Sample Management",,"TRUE","FALSE","~\images\commercial\54219.jpg","Welcome to the SampleManager Web Application. This interface is designed to allow the user to login samples, review data and generate reports. The site is divided into a number of sections indicated by the Tabs at the top of this page. The following options are also available in this section:","To return to the start page of any section, select the  ""Section Home"" option on the Panelbar. If you need more assistance with the Web Interface, please click on the Help icon in System Menu.","TRUE"
"SYSTEM","MY_ITEMS","Explorer Folders containing Operator Specific Data",,"TRUE","FALSE","1","My Data",,"TRUE","TRUE",,,,"FALSE"
"SYSTEM","SYSTEM","Always Present Options",,"TRUE","FALSE","4","System",,"TRUE","TRUE",,,,"FALSE"
