﻿WORKFLOW_STATUS_EVENT
TABLE_NAME,STATUS_FROM,STATUS_TO,EVENT_TYPE_ID
30,1,1,30
                     150
"JOB_HEADER",,"C","COMPLETED"
"JOB_HEADER",,"V","AVAILABLE"
"JOB_HEADER","A","A","AUTHORIZED"
"JOB_HEADER","A","C","REACTIVATED"
"JOB_HEADER","C","A","AUTHORIZED"
"JOB_HEADER","C","S","SUSPENDED"
"JOB_HEADER","C","V","SAMPLE_ASSIGNED"
"JOB_HEADER","C","X","CANCELED"
"JOB_HEADER","R","C","REACTIVATED"
"JOB_HEADER","S","C","UNSUSPENDED"
"JOB_HEADER","S","V","UNSUSPENDED"
"JOB_HEADER","V","C","COMPLETED"
"JOB_HEADER","V","S","SUSPENDED"
"JOB_HEADER","V","V","SAMPLE_ASSIGNED"
"JOB_HEADER","V","X","CANCELED"
"JOB_HEADER","X","C","REACTIVATED"
"JOB_HEADER","X","V","REACTIVATED"
"RESULT",,"E","ENTERED"
"RESULT",,"U","CREATED"
"RESULT","A","E","REACTIVATED"
"RESULT","A","M","REACTIVATED"
"RESULT","A","R","REACTIVATED"
"RESULT","A","X","REACTIVATED"
"RESULT","E","A","AUTHORIZED"
"RESULT","E","E","ENTERED"
"RESULT","E","M","MODIFIED"
"RESULT","E","R","REJECTED"
"RESULT","E","U","DELETED"
"RESULT","E","X","CANCELED"
"RESULT","M","A","AUTHORIZED"
"RESULT","M","E","ENTERED"
"RESULT","M","M","MODIFIED"
"RESULT","M","R","REJECTED"
"RESULT","M","U","DELETED"
"RESULT","M","X","CANCELED"
"RESULT","R","A","REACTIVATED"
"RESULT","R","E","REACTIVATED"
"RESULT","R","M","REACTIVATED"
"RESULT","R","X","REACTIVATED"
"RESULT","U","E","ENTERED"
"RESULT","U","M","MODIFIED"
"RESULT","U","R","REJECTED"
"RESULT","U","U","DELETED"
"RESULT","U","X","CANCELED"
"RESULT","X","A","REACTIVATED"
"RESULT","X","E","REACTIVATED"
"RESULT","X","M","REACTIVATED"
"RESULT","X","R","REACTIVATED"
"RESULT","X","U","REACTIVATED"
"SAMPLE",,"C","COMPLETED"
"SAMPLE",,"H","ON_HOLD"
"SAMPLE",,"U","UNRECEIVED"
"SAMPLE",,"V","WAIT_PREP"
"SAMPLE",,"W","WAIT_PREP"
"SAMPLE","A","A","AUTHORIZED"
"SAMPLE","A","C","REACTIVATED"
"SAMPLE","A","I","REACTIVATED"
"SAMPLE","B","C","RETAIN_RELEASE"
"SAMPLE","B","S","SUSPENDED"
"SAMPLE","B","V","RETAIN_RELEASE"
"SAMPLE","B","X","CANCELED"
"SAMPLE","C","A","AUTHORIZED"
"SAMPLE","C","I","SUBMITTED"
"SAMPLE","C","S","SUSPENDED"
"SAMPLE","C","V","TEST_ASSIGNED"
"SAMPLE","C","W","PREPARATION_MODIFIED"
"SAMPLE","C","X","CANCELED"
"SAMPLE","H","C","COMPLETED"
"SAMPLE","H","S","SUSPENDED"
"SAMPLE","H","V","RELEASED"
"SAMPLE","H","X","CANCELED"
"SAMPLE","I","A","AUTHORIZED"
"SAMPLE","I","I","INSPECTED"
"SAMPLE","I","R","REJECTED"
"SAMPLE","I","X","CANCELED"
"SAMPLE","R","C","REACTIVATED"
"SAMPLE","R","I","REACTIVATED"
"SAMPLE","S","B","UNSUSPENDED"
"SAMPLE","S","C","UNSUSPENDED"
"SAMPLE","S","H","UNSUSPENDED"
"SAMPLE","S","U","UNSUSPENDED"
"SAMPLE","S","V","UNSUSPENDED"
"SAMPLE","S","W","UNSUSPENDED"
"SAMPLE","U","C","COMPLETED"
"SAMPLE","U","S","SUSPENDED"
"SAMPLE","U","V","RECEIVED"
"SAMPLE","U","W",
"SAMPLE","U","X","CANCELED"
"SAMPLE","V","A","AUTHORIZED"
"SAMPLE","V","C","COMPLETED"
"SAMPLE","V","S","SUSPENDED"
"SAMPLE","V","V",
"SAMPLE","V","W","PREPARATION_MODIFIED"
"SAMPLE","V","X","CANCELED"
"SAMPLE","W","C","COMPLETED"
"SAMPLE","W","S","SUSPENDED"
"SAMPLE","W","V","PREPARED"
"SAMPLE","W","W","PREPARATION_MODIFIED"
"SAMPLE","W","X","CANCELED"
"SAMPLE","X","B","REACTIVATED"
"SAMPLE","X","C","REACTIVATED"
"SAMPLE","X","H","REACTIVATED"
"SAMPLE","X","I","REACTIVATED"
"SAMPLE","X","U","REACTIVATED"
"SAMPLE","X","V","REACTIVATED"
"SAMPLE","X","W","REACTIVATED"
"SAMPLE","X","X","CANCELED"
"TEST",,"C","COMPLETED"
"TEST",,"U","PRE_CREATE"
"TEST",,"V","PRE_CREATE"
"TEST",,"W","PRE_CREATE"
"TEST","A","C","REACTIVATED"
"TEST","C","A","AUTHORIZED"
"TEST","C","C","COMPLETED"
"TEST","C","I","SUBMITTED"
"TEST","C","P","REACTIVATED"
"TEST","C","R","REJECTED"
"TEST","C","S","SUSPENDED"
"TEST","C","V","LIST_MODIFIED"
"TEST","C","X","CANCELED"
"TEST","P","A","AUTHORIZED"
"TEST","P","C","COMPLETED"
"TEST","P","R","REJECTED"
"TEST","P","S","SUSPENDED"
"TEST","P","V","LIST_MODIFIED"
"TEST","P","X","CANCELED"
"TEST","R","C","REACTIVATED"
"TEST","S","C","UNSUSPENDED"
"TEST","S","P","UNSUSPENDED"
"TEST","S","U","UNSUSPENDED"
"TEST","S","V","UNSUSPENDED"
"TEST","S","W","UNSUSPENDED"
"TEST","U",,"DELETED"
"TEST","U","S","SUSPENDED"
"TEST","V",,"DELETED"
"TEST","V","A","AUTHORIZED"
"TEST","V","C","COMPLETED"
"TEST","V","P","STARTED"
"TEST","V","R","REJECTED"
"TEST","V","S","SUSPENDED"
"TEST","V","X","CANCELED"
"TEST","W",,"DELETED"
"TEST","W","S","SUSPENDED"
"TEST","W","U","REACTIVATED"
"TEST","W","V","PREPARED"
"TEST","W","X","CANCELED"
"TEST","X","C","REACTIVATED"
"TEST","X","P","REACTIVATED"
"TEST","X","U","REACTIVATED"
"TEST","X","V","REACTIVATED"
