﻿WORKFLOW_STATE
TABLE_NAME,IDENTITY,NAME,GROUP_ID,DESCRIPTION,MODIFIABLE,REMOVEFLAG,ICON_ID,ANY_CONDITION_MATCH,TRACK
30,30,100,10,255,1,1,30,1,1
                     106
"BATCH_HEADER","ASSIGNABLE","Batch Assignable",,"Is Batch assignable to a plate","TRUE","FALSE",,"FALSE","FALSE"
"BATCH_HEADER","AUTHORIZED","Batch Header Authorized",,"Batch Authorized","FALSE","FALSE","INT_BATCH_HEADER_A","FALSE","FALSE"
"BATCH_HEADER","AVAILABLE","Batch Header Available",,"Batch Available","FALSE","FALSE","INT_BATCH_HEADER_V","FALSE","FALSE"
"BATCH_HEADER","CANCELED","Batch Header Canceled",,"Batch Canceled","FALSE","FALSE","INT_BATCH_HEADER_X","FALSE","FALSE"
"BATCH_HEADER","COMPLETED","Batch Header Completed",,"Batch Complete","FALSE","FALSE","INT_BATCH_HEADER_C","FALSE","FALSE"
"BATCH_HEADER","INSPECTION","Batch Header Inspection",,"Batch Inspection","FALSE","FALSE","INT_BATCH_HEADER_I","FALSE","FALSE"
"BATCH_HEADER","USED","Batch Header Used",,"Batch Used","FALSE","FALSE","INT_BATCH_HEADER_U","FALSE","FALSE"
"CERT","AUTHORIZABLE","Certificate Authorizable",,"Certificate Can Authorize","TRUE","FALSE",,"FALSE","FALSE"
"CERT","AUTHORIZED","Certificate Authorized",,"Certificate Authorized State","TRUE","FALSE","INT_CERT_A","FALSE","TRUE"
"CERT","CANCELABLE","Certificate Cancelable",,"Certificate Can Cancel","TRUE","FALSE",,"FALSE","FALSE"
"CERT","CANCELED","Certificate Canceled",,"Certificate Canceled State","TRUE","FALSE","INT_CERT_X","FALSE","TRUE"
"CERT","DRAFT","Certificate Draft",,"Certificate In Progress State","TRUE","FALSE","INT_CERT_D","FALSE","TRUE"
"CERT","INSPECTABLE","Certificate Inspectable",,"Certificate may be Inspected","TRUE","FALSE",,"FALSE","FALSE"
"CERT","SUBMITTABLE","Certificate Submittable",,"Certificate may be Submitted","TRUE","FALSE",,"FALSE","FALSE"
"DM_DATA_PACKAGE","POST_CREATE","Data Package Complete",,"Data Package Complete","FALSE","FALSE","INT_SAMPLE_V","FALSE","TRUE"
"DM_DATA_PACKAGE","PRE_CREATE","Data Package Available",,"Data Package Available","FALSE","FALSE","INT_SAMPLE_V","FALSE","TRUE"
"DM_DATA_PACKAGE","SUPERSEDE","Data Package Supersede",,"Data Package Supersede","FALSE","FALSE","INT_SAMPLE_S","FALSE","TRUE"
"INCIDENTS","AUTHORIZABLE","Incidents Authorizable",,"Incident can be authorized","TRUE","FALSE",,"TRUE","FALSE"
"INCIDENTS","CANCELABLE","Incidents Cancelable",,"Incident can Cancel","TRUE","FALSE",,"FALSE","FALSE"
"INCIDENTS","COMPLETABLE","Incidents Completable",,"Incident can be completed","TRUE","FALSE",,"FALSE","FALSE"
"INCIDENTS","INSPECTABLE","Incidents Inspectable",,"Incident can be inspected.","TRUE","FALSE",,"FALSE","FALSE"
"INCIDENTS","MODIFIABLE","Incidents Modifiable",,"Incident can be modified","TRUE","FALSE",,"TRUE","FALSE"
"INCIDENTS","REVIEWABLE","Incidents Reviewable",,"Incident can be reviewed","TRUE","FALSE",,"FALSE","FALSE"
"INCIDENTS","SUBMITTABLE","Incidents Submittable",,"Incident can be submitted","TRUE","FALSE",,"FALSE","FALSE"
"JOB_HEADER","AUTHORIZED","Job Header Authorized",,"Job Authorized","FALSE","FALSE","INT_JOB_HEADER_A","FALSE","TRUE"
"JOB_HEADER","AVAILABLE","Job Available",,"Job Available","FALSE","FALSE","INT_JOB_HEADER_V","FALSE","TRUE"
"JOB_HEADER","COMPLETE","Job Complete",,"Job Complete","FALSE","FALSE","INT_JOB_HEADER_C","FALSE","TRUE"
"JOB_HEADER","DISPOSED","Job Disposed",,"Job Disposed","TRUE","FALSE",,"FALSE","FALSE"
"JOB_HEADER","NEEDS_CERTIFICATE","Job Needs Certificate",,"Certificate Template assigned but no certificate created","TRUE","FALSE","CERT","FALSE","FALSE"
"JOB_HEADER","SUSPENDED","Job Header Suspended",,"Job Suspended","FALSE","FALSE","INT_JOB_HEADER_S","FALSE","TRUE"
"LAB_EXECUTION","AUTHORIZED","Lab Execution Authorized",,"Lab Execution Authorized State","TRUE","FALSE",,"FALSE","TRUE"
"LAB_EXECUTION","AVAILABLE","Lab Execution Available",,"Lab Execution Available","TRUE","FALSE",,"FALSE","FALSE"
"LAB_EXECUTION","CANCELABLE","Lab Execution Cancelable",,"Lab Execution Can Cancel","TRUE","FALSE",,"FALSE","FALSE"
"LAB_EXECUTION","CANCELED","Lab Execution Canceled",,"Lab Execution Canceled State","TRUE","FALSE",,"FALSE","TRUE"
"LAB_EXECUTION","COMPLETED","Lab Execution Completed",,"Lab Execution Completed State","TRUE","FALSE",,"FALSE","TRUE"
"LAB_EXECUTION","INPROGRESS","Lab Execution Inprogress",,"Lab Execution In Progress State","TRUE","FALSE",,"FALSE","TRUE"
"LAB_EXECUTION","INSPECTABLE","Lab Execution Inspectable",,"Lab Execution may be Inspected","TRUE","FALSE",,"FALSE","FALSE"
"LAB_EXECUTION","REACTIVATABLE","Lab Execution Reactivatable",,"Lab Execution Can Reactivate","TRUE","FALSE",,"FALSE","FALSE"
"LAB_EXECUTION","REOPENABLE","Lab Execution Reopenable",,"Lab Execution Can Reopen","TRUE","FALSE",,"FALSE","FALSE"
"LAB_EXECUTION","STARTABLE","Lab Execution Startable",,"Lab Execution may be Started","TRUE","FALSE",,"FALSE","FALSE"
"LAB_EXECUTION","SUBMITTABLE","Lab Execution Submittable",,"Lab Execution may be Submitted","TRUE","FALSE",,"FALSE","FALSE"
"LOT_DETAILS","AVAILABLE","Lot Available",,"Lot Available","TRUE","FALSE","INT_LOT_DETAILS_V","FALSE","FALSE"
"LOT_DETAILS","C_OR_V","Lot Complete or Available",,,"TRUE","FALSE","INT_LOT_TEMPLATE","FALSE","FALSE"
"LOT_DETAILS","CANCELED","Lot Cancel",,"Lot Cancel","TRUE","FALSE","INT_LOT_DETAILS_X","FALSE","FALSE"
"LOT_DETAILS","COMPLETE","Lot Complete",,"Lot Complete","TRUE","FALSE","INT_LOT_DETAILS_C","FALSE","FALSE"
"LOT_DETAILS","NEEDS_CERTIFICATE","Lot Needs Certificate",,"Certificate Template assigned but no certificate created","TRUE","FALSE","CERT","FALSE","FALSE"
"LOT_DETAILS","RECONCILE","Lot Details Reconcile",,,"TRUE","FALSE","BOX_INTO","FALSE","FALSE"
"LOT_RESERVATION","AVAILABLE","Lot Reservation Available",,"Lot Reservation Available","TRUE","FALSE","INT_LOT_DETAILS_V","FALSE","FALSE"
"LOT_RESERVATION","CANCEL","Lot Reservation Cancel",,"Lot Reservation Cancel","TRUE","TRUE","INT_LOT_DETAILS_X","FALSE","FALSE"
"LOT_RESERVATION","CANCELABLE","Lot Reservation Complete or Available or In Progress",,"Lot Reservation Complete or Available","TRUE","FALSE","INT_LOT_DETAILS_X","TRUE","FALSE"
"LOT_RESERVATION","COMPLETE","Lot Reservation Complete",,"Lot Reservation Complete","TRUE","FALSE","INT_LOT_DETAILS_C","FALSE","FALSE"
"LOT_RESERVATION","INPROGRESS","Lot Reservation In Progress",,"Lot Reservation In Progress","TRUE","FALSE","BOX_NEW","FALSE","FALSE"
"PLATE","AUTHORIZABLE","Plate Authorizable",,"Plate may be Authorized","FALSE","FALSE",,"FALSE","FALSE"
"PLATE","AUTHORIZED","Plate Authorized",,"Plate Authorized State","FALSE","FALSE","INT_PLATE_A","FALSE","TRUE"
"PLATE","AVAILABLE","Plate Available",,"Plate Available State","FALSE","FALSE","INT_PLATE_V","FALSE","TRUE"
"PLATE","CANCELABLE","Plate Cancelable",,"Plate may be Canceled","FALSE","FALSE",,"FALSE","FALSE"
"PLATE","CANCELED","Plate Canceled",,"Plate Canceled State","FALSE","FALSE","INT_PLATE_X","FALSE","TRUE"
"PLATE","COMPLETED","Plate Completed",,"Plate Completed State","FALSE","FALSE","INT_PLATE_C","FALSE","TRUE"
"PLATE","DISPOSABLE","Plate Disposable",,"Plate can be disposed","FALSE","FALSE",,"FALSE","FALSE"
"PLATE","INSPECTABLE","Plate Inspectable",,"Plate may be Inspected","FALSE","FALSE",,"FALSE","FALSE"
"PLATE","MOVEABLE","Plate Moveable",,"Plate can be moved","FALSE","FALSE",,"FALSE","FALSE"
"PLATE","REJECTED","Plate Rejected",,"Plate Rejected State","FALSE","FALSE",,"FALSE","TRUE"
"PLATE","REVERTABLE","Plate Revertable",,"Plate can be Reactivated","FALSE","FALSE",,"FALSE","FALSE"
"PLATE","SUBMITTABLE","Plate Submittable",,"Plate may be Submitted","FALSE","FALSE",,"FALSE","FALSE"
"PLATE","SUSPENDABLE","Plate Suspendable",,"Plate may be suspended","FALSE","FALSE",,"FALSE","FALSE"
"PLATE","SUSPENDED","Plate Suspended",,"Plate Suspended State","FALSE","FALSE",,"FALSE","TRUE"
"PLATE","UNAVAILABLE","Plate Unavailable",,"Plate Unavailable State","FALSE","FALSE","INT_PLATE_U","FALSE","FALSE"
"PLATE","VERIFIABLE","Plate Verifiable",,"Plate may be verified","TRUE","FALSE",,"FALSE","FALSE"
"RESULT","E_OR_M","Result Entered or Modified",,"Result Entered or Modified","FALSE","FALSE","INT_RESULT_E","FALSE","FALSE"
"RESULT","UNAVAILABLE","Result Unavailable",,"Result Unavailable","FALSE","FALSE","INT_RESULT_U","FALSE","TRUE"
"RESULT","UNINITIALIZED","Result Uninitialized",,"Result Uninitialized","FALSE","FALSE","INT_RESULT_BLANK","FALSE","TRUE"
"SAMPLE","AUTHORIZED","Sample Authorized",,"Sample has been Authorized","FALSE","FALSE","INT_SAMPLE_A","FALSE","TRUE"
"SAMPLE","AVAILABLE","Sample Available",,"Sample Available","FALSE","FALSE","INT_SAMPLE_V","FALSE","TRUE"
"SAMPLE","BATCH_ASSIGNABLE","Sample Batch Assignable",,"Sample can be assigned to a batch","FALSE","FALSE","INT_SAMPLE_MODIFY","FALSE","TRUE"
"SAMPLE","C_OR_V","Sample Complete or Available",,"Sample Complete or Available","FALSE","FALSE","INT_SAMPLE_X","TRUE","FALSE"
"SAMPLE","CANCELED","Sample Canceled",,"Sample has been Canceled","FALSE","FALSE","INT_SAMPLE_R","FALSE","FALSE"
"SAMPLE","COMPLETE","Sample Complete",,"Sample Complete","FALSE","FALSE","INT_SAMPLE_C","FALSE","TRUE"
"SAMPLE","DISPOSED","Sample Disposed",,"Sample Disposed","TRUE","FALSE","INT_SAMPLE_D","FALSE","TRUE"
"SAMPLE","EXPIRED","Sample Expired",,"Sample Expired","TRUE","FALSE","INT_SAMPLE_E","FALSE","TRUE"
"SAMPLE","FINAL_STATUS","Sample Final Status",,"Sample at Final Status","FALSE","FALSE","INT_SAMPLE_A","FALSE","TRUE"
"SAMPLE","INSPECTION","Sample in Inspection",,"Sample in Inspection","FALSE","FALSE","INT_SAMPLE_I","FALSE","TRUE"
"SAMPLE","NEEDS_CERTIFICATE","Sample Needs Certificate",,"Certificate Template assigned but no certificate created","TRUE","FALSE","CERT","FALSE","FALSE"
"SAMPLE","ONHOLD","Sample On Hold",,"Sample On Hold","FALSE","FALSE","INT_SAMPLE_H","FALSE","TRUE"
"SAMPLE","READY_FOR_INSPECTION","Sample Ready For Inspection",,"Sample Ready For Inspection","FALSE","FALSE","INT_SAMPLE_I","FALSE","FALSE"
"SAMPLE","RESAMPLE_ALLOWED","Sample Resample Allowed",,,"FALSE","FALSE","INT_SAMPLE_R","FALSE","FALSE"
"SAMPLE","RETAIN_TYPE","Sample Retain Type",,"Sample Retain Type","TRUE","FALSE","INT_SAMPLE_B","FALSE","FALSE"
"SAMPLE","RETAINED","Sample Retained",,"Sample Retain","TRUE","FALSE","INT_SAMPLE_B","FALSE","TRUE"
"SAMPLE","SAMPLE","Sample Cancel",,"Sample Cancel","FALSE","FALSE","INT_SAMPLE_X","FALSE","TRUE"
"SAMPLE","SAMPLE_COMPOSITE_REQ","Sample Composite Required",,"Sample is waiting for a Composite to be created","FALSE","FALSE","JOIN","FALSE","FALSE"
"SAMPLE","SUSPENDED","Sample Suspended",,"Sample Suspended","FALSE","FALSE","INT_SAMPLE_S","FALSE","TRUE"
"SAMPLE","TRANSIT","Sample Transit",,"Sample with status ""in Transit"" (T)","TRUE","FALSE",,"FALSE","TRUE"
"SAMPLE","UNINITIALIZED","Sample Uninitialized",,"Sample Uninitialized","FALSE","FALSE","INT_SAMPLE_BLANK","FALSE","TRUE"
"SAMPLE","UNRECEIVED","Sample Unreceived",,"Sample Unreceived","FALSE","FALSE","INT_SAMPLE_U","FALSE","TRUE"
"SAMPLE","WAITFORPREPARATION","Sample Waiting for Preparation",,"Sample Waiting for Preparation","FALSE","FALSE","INT_SAMPLE_W","FALSE","TRUE"
"TEST","AUTHORIZED","Test Authorized",,"Test Authorized","FALSE","FALSE","INT_TEST_A","FALSE","TRUE"
"TEST","AVAILABLE","Test Available",,"Test Available","FALSE","FALSE","INT_TEST_V","FALSE","TRUE"
"TEST","CANCELED","Test Canceled",,"Test Canceled","FALSE","FALSE","INT_TEST_X","FALSE","TRUE"
"TEST","COMPLETE","Test Complete",,"Test Complete","FALSE","FALSE","INT_TEST_C","FALSE","TRUE"
"TEST","INPROGRESS","Test in Progress",,"Test in Progress","FALSE","FALSE","INT_TEST_P","FALSE","TRUE"
"TEST","INSPECTION","Test in Inspection",,"Test in Inspection","FALSE","FALSE","INT_TEST_I","FALSE","TRUE"
"TEST","REJECTED","Test Rejected",,"Test Rejected","FALSE","FALSE","INT_TEST_R","FALSE","TRUE"
"TEST","SUSPENDED","Test Suspended",,"Test Suspended","FALSE","FALSE","INT_TEST_S","FALSE","TRUE"
"TEST","UNAVAILABLE","Test Unavailable",,"Test Unavailable","FALSE","FALSE","INT_SAMPLE_U","FALSE","TRUE"
"TEST","UNINITIALIZED","Test Uninitialized",,"Test Uninitialized","FALSE","FALSE","INT_TEST_BLANK","FALSE","TRUE"
"TEST","V_OR_P","Test Available or In Progress",,"Test Available or In Progress","FALSE","FALSE","INT_TEST_V","FALSE","FALSE"
"TEST","WAITFORPREPARATION","Test Waiting for Preparation",,"Test Waiting for Preparation","FALSE","FALSE","INT_TEST_W","FALSE","TRUE"
