﻿WORKFLOW
WORKFLOW_GUID,WORKFLOW_VERSION,NAME,TABLE_NAME,WORKFLOW_TYPE,GROUP_ID,DESCRIPTION,MODIFIABLE,REMOVEFLAG,INCLUDE_IN_MENU,MENU_ICON_ID,MENU_TEXT,SUB_MENU_GROUP,ACTIVE,ACTIVE_FROM,ACTIVE_TO,APPROVAL_STATUS,INSPECTION_PLAN
36,10,100,30,10,10,255,1,1,1,30,100,100,1,32,32,1,10
                     124
"0178B5B1-0349-4766-9895-9AC640E54E47","1","Stock Batch","STOCK_BATCH","ENTITY",,"Stock Batches Entity Workflow","TRUE","FALSE","FALSE",,,,"TRUE", , ,"A",
"043C8D4C-F064-4392-AE8D-9DF3B121A130","1","Single Lot","LOT_DETAILS","LOT",,,"TRUE","FALSE","FALSE",,,,"TRUE", , ,"A",
"0768DA1C-FA7C-40F0-9FDA-79F2ECC27C44","1","Single Adhoc Batch Default","BATCH_HEADER","BATCH",,"Single Adhoc Batch Default, used by plate login to create new batches non-interactively.","TRUE","FALSE","FALSE",,,,"TRUE", , ,"A",
"09004CA2-03D5-44A4-BC3E-2081B0859DF2","1","This is a Sample","SAMPLE","SAMPLE",,,"TRUE","FALSE","FALSE",,,,"TRUE", , ,"A",
"096B5B45-68E1-4375-847D-F9754CDF1B3B","1","Practice","SAMPLE","SAMPLE",,,"TRUE","TRUE","FALSE",,,,"TRUE", , ,"A",
"0B937E0D-800C-4765-944C-75ADC2201EE4","1","DT_Bloodgas Work Flow","SAMPLE","SAMPLE",,"BloodGas Workflow","TRUE","TRUE","FALSE",,,,"TRUE", , ,"A",
"0C0C68AD-7952-44EF-AFFC-F73FCD2B05A4","1","PETRL Job Lifecycle","JOB_HEADER","LIFECYCLE",,"PETRL Race track jobs","TRUE","FALSE","FALSE",,,,"TRUE", , ,"A",
"118FEAA5-4D2E-4698-AA46-3B33E826E602","1","Race Track Accession Simulation Test Selection","JOB_HEADER","JOB_HEADER",,"Race Track Accession (Job) this is simulated Race Track job with  system generated accession and commission #s","TRUE","FALSE","FALSE",,,,"FALSE", ," 03-06-2020 11:51:53.32","A",
"118FEAA5-4D2E-4698-AA46-3B33E826E602","2","Manual Accession Creation","JOB_HEADER","JOB_HEADER",,"Race Track Accession (Job) this is simulated Race Track job with  system generated accession and commission #s","TRUE","FALSE","FALSE",,,,"TRUE", , ,"A",
"1420C2E0-4D0B-44C8-8F20-AADB2F24C720","1","Default Result","RESULT","DEFAULT",,"Default workflow for Result","FALSE","FALSE","FALSE",,,,"TRUE", , ,"A",
"14DDF724-5633-4467-B2A6-EB251BB32B70","1","Single Plate Batch Ad-Hoc Login","PLATE","PLATE",,"Single Plate and Batch using an ad-hoc batch which prompts for an analysis","TRUE","FALSE","FALSE",,,,"FALSE"," 01-06-2021 00:00:00.00"," 02-06-2021 00:00:00.00","A",
"18693C5C-B14B-41F9-82F8-E2D9A199E83D","1","Default Job","JOB_HEADER","DEFAULT",,"Default workflow for Job","FALSE","FALSE","FALSE",,,,"TRUE", , ,"A",
"1909FE19-4DF5-40BA-83E8-EC23960A2964","1","Single Result Incident","INCIDENTS","INCIDENT",,"Single Result Incident using default incident template","TRUE","FALSE","FALSE",,,,"TRUE", , ,"A",
"1A806AEA-672E-4D6E-89A7-3BB2FA7349DD","1","TJH Check Specification","SAMPLE","SAMPLE",,"Check result specification, add test","TRUE","TRUE","FALSE",,,,"TRUE", , ,"A",
"1AFF7816-1ABB-460C-8A3B-D1359E70760F","1","PETRL Single Sample Horse Manual entry","SAMPLE","SAMPLE",,"PETRL Single Sample Horse Manual entry.","TRUE","TRUE","FALSE",,,,"TRUE", , ,"A",
"1C594267-C32D-423F-A5BA-BED874361F36","1","Default Incidents","INCIDENTS","DEFAULT",,"Default workflow for Incidents","FALSE","FALSE","FALSE",,,,"TRUE", , ,"A",
"23513CEF-9E87-4F0D-BD2F-7EF53415EC69","1","Default Lab Execution","LAB_EXECUTION","DEFAULT",,"Default workflow for Lab Execution","FALSE","FALSE","FALSE",,,,"TRUE", , ,"A",
"23DFFBB5-3A82-4860-9908-6D79CFD34886","1","Race Track Sample SubSample","SAMPLE","SAMPLE",,"Racetrack  sample & Subsamples - From RaceTrack File, 4/23/21 - notes to Description","TRUE","FALSE","FALSE",,,,"TRUE", , ,"A",
"286610D7-974A-48E2-86F3-00C40C55FAA8","1","Race Track Accession Simulation","JOB_HEADER","JOB_HEADER",,"Race Track Accession (Job)
this is simulated Race Track job with  system generated accession and commission #s","TRUE","FALSE","FALSE",,,,"TRUE", , ,"A",
"2B043919-778A-43F7-8D4B-D268A34DA5C4","1","testing again","SAMPLE","SUBSAMPLE",,"testing again","TRUE","TRUE","FALSE",,,,"TRUE", , ,"A",
"2B0B784C-FD96-4E39-986A-3CD27A5C9DD0","1","ELISA Urine Screen Recheck New","TEST","METHOD",,"ELISA Urine Screen Recheck method workflow built 10/14","TRUE","FALSE","FALSE",,,,"TRUE", , ,"A",
"2FEB2615-3A80-4282-9CDF-DF52F05B8FCA","1","Screen Recheck Copy Test EX","TEST","METHOD",," Screen Recheck , perform addiitonal tests if result is SUSPECT. add If statement to do different RECHECK tests - under If Suspect
currently Elisa and DMSOButte","TRUE","FALSE","FALSE",,,,"FALSE", ," 15-05-2020 09:19:40.76","A",
"2FEB2615-3A80-4282-9CDF-DF52F05B8FCA","2","ELISA Urine Screen Recheck","TEST","METHOD",,"ELISA Urine Screen Recheck method workflow","TRUE","FALSE","FALSE",,,,"TRUE", , ,"A",
"324181F1-D1A0-4E2C-A388-35AEBE563AB3","1","PETRL Container Shipment Lifecycle","P_CONTAINER_SHIPMENT","DEFAULT",,"LC for specimen container certificate - reports","TRUE","FALSE","FALSE",,,,"TRUE", , ,"A",
"337A186D-1437-4384-BD7B-638586752392","1","PETRL Container Incident","INCIDENTS","INCIDENT",,"PETRL Single Container Incident based on the default incident template","TRUE","FALSE","FALSE",,,,"TRUE", , ,"A",
"35621489-2B16-4D5E-BB67-ED46A0242F88","1","Single Job","JOB_HEADER","JOB_HEADER",,"Single Job using the default job template","TRUE","FALSE","FALSE",,,,"TRUE", , ,"A",
"3797FE43-FA53-407E-9CA3-214C001F06DE","1","Track Testing","SAMPLE","SAMPLE",,"Sample Testing from Track","TRUE","TRUE","FALSE",,,,"TRUE", , ,"A",
"382F94E0-D01E-4017-A390-62EA1B2303C4","1","Single Batch","BATCH_HEADER","BATCH",,"Single Batch using the default batch entity template","TRUE","FALSE","FALSE",,,,"TRUE", , ,"A",
"38A6356F-CBF8-45C6-9008-61B037AAA76F","1","Single Sample Retain","SAMPLE","SAMPLE",,"Single Sample Retain using the default retain sample template and retain lifecycle","TRUE","FALSE","FALSE",,,,"TRUE", , ,"A",
"38C8DA56-A500-4FDF-BA19-95A732CD4DC9","1","PETRL Single Plate Copy - Furo Recheck","PLATE","PLATE",,"Single Plate - for Furosemide Recheck
","TRUE","FALSE","FALSE",,,,"TRUE", , ,"A",
"399811A1-0C66-4187-850A-023F099DF402","1","Single Adhoc Batch","BATCH_HEADER","BATCH",,"Interactive single Adhoc Batch not associated with a batch template.","TRUE","FALSE","FALSE",,,,"TRUE", , ,"A",
"3CA81868-0B8C-493D-AEE3-67C6E79BD5C4","1","Urine Recheck Plate","PLATE","PLATE",,"Workflow to creat ELISA Urine recheck plates","TRUE","FALSE","FALSE",,,,"FALSE", ," 14-05-2020 17:45:05.18","A",
"3CA81868-0B8C-493D-AEE3-67C6E79BD5C4","2","PETRL Urine Recheck Plate","PLATE","PLATE",,"Workflow to create ELISA Urine recheck plates","TRUE","FALSE","FALSE",,,,"TRUE", , ,"A",
"405CB4A9-C1F1-4E11-9151-939A18B7462C","1","Default Certificate","CERT","DEFAULT",,"Default lifecycle for the Cert entity.","TRUE","FALSE","FALSE",,,,"TRUE", , ,"A",
"4092C4C6-3415-46EE-A4AE-3E66CE41A4C5","1","Default Plate","PLATE","DEFAULT",,"Default workflow for Plate","FALSE","FALSE","FALSE",,,,"TRUE", , ,"A",
"42EE9ECC-BFC9-4460-8468-69C75CD767E5","1","Batch Stage Copy","BATCH_HEADER","BATCH",,"Batch Stage copy creates a batch by prompting for a preparation batch and copying the tests to a new batch.","TRUE","FALSE","FALSE",,,,"TRUE", , ,"A",
"446D70F4-A704-43D8-BAB9-CB7B7AD7B0E5","1","Default Lot Reservation","LOT_RESERVATION","DEFAULT",,"Default Lot Reservation","TRUE","FALSE","FALSE",,,,"TRUE", , ,"A",
"451F5CE6-9557-4B99-9CEB-D98A1B2A5D27","1","PETRL Sample Lifecycle","SAMPLE","LIFECYCLE",,"PETRL sample Lifecycle","TRUE","FALSE","FALSE",,,,"TRUE", , ,"A",
"4A588308-8A1C-4727-A97D-CAC90F68F86D","1","Default Sample","SAMPLE","DEFAULT",,"Default workflow for Sample","FALSE","FALSE","FALSE",,,,"TRUE", , ,"A",
"4ACB72C6-B01F-4E5D-8E6F-753846AA8D7D","1","Human Blood/Plasma/Serum/Urine Testing","SAMPLE","SAMPLE",,"Testing is determined by what is selected in the Substance field","TRUE","TRUE","FALSE",,,,"TRUE", , ,"A",
"4BD2066E-5258-4B86-BF28-302DA9735D11","1","TJH Sample Login Workflow Eample","SAMPLE","SAMPLE",,"my example","TRUE","TRUE","FALSE",,,,"TRUE", , ,"A",
"4CCF7092-F646-4420-9BBA-4F5582CB3334","1","Race Track Bkg Accession","JOB_HEADER","JOB_HEADER",,"Run in background","TRUE","FALSE","FALSE",,,,"TRUE", , ,"A",
"52F6556B-12BB-461E-A167-9B595D62982D","1","QE Screen Workflow","TEST","METHOD",,"Exactive workflow to move suspects into LCMS Check test","TRUE","FALSE","FALSE",,,,"TRUE", , ,"A",
"53102337-E54E-41F2-B201-EFF529FBBA9D","1","PETRL Sample Disposition Lifecycle","SAMPLE","LIFECYCLE",,"PETRL Sample Disposition Lifecycle","FALSE","FALSE","FALSE",,,,"TRUE", , ,"A",
"5494F09A-DD2B-4124-B722-3C088CC9083E","1","Broken Sample","INCIDENTS","INCIDENT",,"Broken Sample Workflow","TRUE","FALSE","FALSE",,,,"TRUE", , ,"A",
"5594011C-A3C0-47A5-8D60-15B3257E2F9E","1","TJH Human Blood or Urine Testing Unavailable","SAMPLE","SAMPLE",,"sample testing Unavailable","TRUE","TRUE","FALSE",,,,"TRUE", , ,"A",
"58A1D936-F98C-485C-82FE-9C621BEE8722","1","TJH Batch Login","BATCH_HEADER","BATCH",,"hello","TRUE","TRUE","FALSE",,,,"TRUE", , ,"A",
"599868F0-CDD5-4F8D-B590-F3E588B98406","1","Single Sub Sample","SAMPLE","SUBSAMPLE",,"Single Sub Sample using the default sub sample template","TRUE","FALSE","TRUE",,,,"TRUE", , ,"A",
"5CCE200A-50E3-4F9B-A482-E9F054BAB96A","1","PETRL Container Incidents","INCIDENTS","LIFECYCLE",,"PETRL Shipment Container Incidents","TRUE","FALSE","FALSE",,,,"TRUE", , ,"A",
"5FE7134C-9628-4F23-8DDB-90015110365B","1","Single Sub Sample Retain","SAMPLE","SUBSAMPLE",,"Single Sub Sample using the default retain sample template","TRUE","FALSE","FALSE",,,,"TRUE", , ,"A",
"6254C731-C6DA-4C3F-9157-C54B08A5AA22","1","PETRL Single Plate Elisa Urine","PLATE","PLATE",,"Single Plate and Batch using the default plate template for urine elisa","TRUE","FALSE","FALSE",,,,"FALSE", ," 15-05-2020 00:28:01.17","A",
"6254C731-C6DA-4C3F-9157-C54B08A5AA22","2","PETRL Single Plate Elisa (Deprecated)","PLATE","PLATE",,"Single Plate and Batch using the default plate template for urine elisa","TRUE","FALSE","FALSE",,,,"FALSE"," 01-06-2021 00:00:00.00"," 02-06-2021 00:00:00.00","A",
"6653B0A7-9745-4E6A-A095-6975CBCBF1AE","1","TC Screen","TEST","METHOD",,"Total Cobalt Screen , perform addiitonal tests if result is SUSPECT. add If statement to do different RECHECK tests - under If Suspect","TRUE","FALSE","FALSE",,,,"TRUE", , ,"A",
"669B953F-B036-4159-9418-97BD7DD8ADBC","1","Single Plate Batch Login","PLATE","PLATE",,"Single Plate and Batch using the default plate template which prompts for a batch template","TRUE","FALSE","FALSE",,,,"FALSE"," 01-06-2021 00:00:00.00"," 02-06-2021 00:00:00.00","A",
"6C6CB19E-EF63-436D-B54E-3604B8F9E06A","1","Race Track Missing Sample Manual Entry","SAMPLE","SAMPLE",,"Race Track Missing Sample Manual Entry","TRUE","FALSE","FALSE",,,,"TRUE", , ,"A",
"79228281-CF35-45A6-9C4D-7764CC25A349","1","PETRL Elisa Recheck Plate","PLATE","PLATE",,"Single Plate and Batch using the  plate template which uses IA_EPO_RCK","TRUE","FALSE","FALSE",,,,"TRUE", , ,"A",
"7B2CC80A-CB78-40B8-A9F5-C7526FEB6B84","1","Single Plate Login","PLATE","PLATE",,"Single Plate using the default plate template","TRUE","FALSE","FALSE",,,,"FALSE"," 01-06-2021 00:00:00.00"," 02-06-2021 00:00:00.00","A",
"7B85E2FB-C3AA-41E8-B067-E3F0CA232234","1","PETRL Batch","BATCH_HEADER","BATCH",,"PETRL Batch - uses BATCH_SYN syntax","TRUE","FALSE","FALSE",,,,"TRUE", , ,"A",
"7BEE3522-1685-47A1-9AE5-00BAC611F521","1","TSH","TEST","METHOD",,"TSH checking and processing","TRUE","FALSE","FALSE",,,,"TRUE", , ,"A",
"7D863BC1-BFE1-4DF6-8DB7-223504A0518B","1","TJH GC Calibration","SAMPLE","SAMPLE",,"GC Calibration","TRUE","TRUE","FALSE",,,,"TRUE", , ,"A",
"7E40BE74-BC80-4828-9E39-D73DEF7A0B5B","1","PETRL Sample Incident","INCIDENTS","INCIDENT",,"PETRL Single Sample Incident based on the default incident template","TRUE","FALSE","FALSE",,,,"TRUE", , ,"A",
"832DB4DD-4941-455C-BED4-6A0D9C93B52F","1","Race Track Sample Simulation SubSample","SAMPLE","SAMPLE",,"Racetrack  sample Simulation Subsample","TRUE","FALSE","FALSE",,,,"TRUE", , ,"A",
"8446A2C7-F49A-4616-8555-FD9AC165A530","1","Single Test Incident","INCIDENTS","INCIDENT",,"Single Test Incident using the default incident template","TRUE","FALSE","FALSE",,,,"TRUE", , ,"A",
"8726A84D-A091-46D8-AD19-0A150DEB1E27","1","PETRL Sample Disposition Workflow","ACCESS_LOG","DEFAULT",,"PETRL Sample Disposition Workflow","TRUE","FALSE","FALSE",,,,"TRUE", , ,"A",
"89BE119A-BAE4-47A4-B137-ABD7D5240409","1","Urine Sub Sample","SAMPLE","SUBSAMPLE",,"Urine Sub Sample Workflow","TRUE","FALSE","TRUE",,,,"TRUE", , ,"A",
"89D8E597-1EFF-484F-BE41-24ED7963FC07","1","PETRL Single Plate","PLATE","PLATE",,"Single Plate - for Furosemide
","TRUE","FALSE","FALSE",,,,"FALSE", ," 15-05-2020 14:12:55.64","A",
"89D8E597-1EFF-484F-BE41-24ED7963FC07","2","PETRL Single Plate for Furosemide","PLATE","PLATE",,"AW 7/1/21 Furosemide Screen 512
","TRUE","FALSE","FALSE",,,,"TRUE", , ,"A",
"8A3582A0-00A8-4D66-A562-856F334C7BA0","1","TJH Composite","SAMPLE","SAMPLE",,"Sample","TRUE","TRUE","FALSE",,,,"TRUE", , ,"A",
"8AEFB29D-03A0-4D66-9E63-DE985C7EB35F","1","ELISA Furosemide Rehceck","TEST","METHOD",,"ELISA Furosemide recheck method workflow","TRUE","FALSE","FALSE",,,,"TRUE", , ,"A",
"8B48414B-BD7F-402A-9EBD-66A5EB13D162","1","Data Item","DM_DATA_ITEM","DATAITEM",,"Data Item using the default Lifecycle","TRUE","FALSE","FALSE",,,,"TRUE", , ,"A",
"8B94BAC2-BF70-4FC0-B2F2-B6DC1768D698","1","Single Location Incident","INCIDENTS","INCIDENT",,"Single Location Incident using the default incident template","TRUE","FALSE","FALSE",,,,"TRUE", , ,"A",
"8C7F8ADB-11AC-46BB-ABF8-BE7CE197D4A4","1","GenericBatchExplorer","BATCH_HEADER","BATCH",,"PETRL - use with custom task / master menu item to use explorer folder selected batch template to create batch.  entity template fields added to batch_tmpl_header","TRUE","FALSE","FALSE",,,,"TRUE", , ,"A",
"8CF48F6F-A17A-4CC3-9594-5D0B94F73B8D","1","TJH Check Result","SAMPLE","SAMPLE",,"Check result value, add test","TRUE","TRUE","FALSE",,,,"TRUE", , ,"A",
"8E77D81A-959F-4E50-AD17-55431FA6ACE1","1","Default Test","TEST","DEFAULT",,"Default workflow for Test","FALSE","FALSE","FALSE",,,,"TRUE", , ,"A",
"8F9DBE58-C8A5-4134-B228-112A4492B20F","1","LCMS Check Workflow","TEST","METHOD",,"LCMS Check Workflow","TRUE","FALSE","FALSE",,,,"TRUE", , ,"A",
"8FD9A412-80C4-4365-A345-BCD8BE2B7BDD","1","LCMS Confirmation Workflow","TEST","METHOD",,"LCMS Confirmation Workflow","TRUE","FALSE","FALSE",,,,"TRUE", , ,"A",
"92110B67-E1A6-411A-A4A8-B6FB81A6EF63","1","TCO2SUBSAMPLE","SAMPLE","SUBSAMPLE",,"TCO2SUBSAMPLE WORKFLOW","TRUE","TRUE","FALSE",,,,"TRUE", , ,"A",
"93316B22-D291-405B-8B67-BF52CFA49B2C","1","Testing Sample Login","SAMPLE","SAMPLE",,"Testing","TRUE","TRUE","FALSE",,,,"TRUE", , ,"A",
"99FA5F90-D545-473D-AAEE-B50D4B4F74A6","1","Default Batch","BATCH_HEADER","DEFAULT",,"Default workflow for Batch","TRUE","FALSE","FALSE",,,,"TRUE", , ,"A",
"9B3F4053-AC42-4FC3-BC89-FB3E513A0496","1","Single Sample Control","SAMPLE","SAMPLE",,"Single Sample for creating control samples.","TRUE","FALSE","FALSE",,,,"TRUE", , ,"A",
"A534709A-27BE-45F3-89EE-B04841B463D2","1","Default Data Item","DM_DATA_ITEM","DEFAULT",,"Default workflow for Data Item","FALSE","FALSE","FALSE",,,,"TRUE", , ,"A",
"A672D99F-3F88-4000-A3B5-4EDE302D4E6B","1","ELISA Urine Recheck","TEST","METHOD",,"ELISA Urine Recheck method workflow","TRUE","FALSE","FALSE",,,,"TRUE", , ,"A",
"A743B6C1-58BD-4C55-98ED-B2316D5D37AB","1","RT Special Sample SubSample","SAMPLE","SAMPLE",,"Racetrack Special   sample & Subsamples - From RaceTrack File - add specimens from file , no tests.  Tests will need to be assigned later. note if specimens added to phrase specimen_S , need to modify subsample section for new phrase. 4/23/21NotesToDesc","TRUE","FALSE","FALSE",,,,"TRUE", , ,"A",
"A8E49D6E-28AA-44BE-8DC7-D4AA242DE182","1","Race Track Sample Simulation","SAMPLE","SAMPLE",,"Racetrack  sample Simulation","TRUE","TRUE","FALSE",,,,"TRUE", , ,"A",
"AA8C6FAD-999B-406E-9EC2-90F4CAECE539","1","Race Track QC Sample","SAMPLE","SAMPLE",,"Racetrack QC  sample  - for background creation from RT jobs","TRUE","FALSE","FALSE",,,,"TRUE", , ,"A",
"AB4EEB57-5A4B-4825-AFCB-9C0E0F772CBC","1","Race Track Non Race Day Accession","JOB_HEADER","JOB_HEADER",,"Run from RT Portal custom .net code for special jobs","TRUE","FALSE","FALSE",,,,"TRUE", , ,"A",
"ADF8EE8D-4E80-42BE-91EF-C4A02325252A","1","Default Lab Execution Step","LAB_EXECUTION_STEP","DEFAULT",,"Default workflow for a Lab Execution Step","FALSE","FALSE","FALSE",,,,"TRUE", , ,"A",
"B456883D-E6D6-446C-9A90-D2314BF0553F","1","Single Sample Control PETRL","SAMPLE","SAMPLE",,"Single Sample for creating control / QC samples.","TRUE","FALSE","FALSE",,,,"TRUE", , ,"A",
"B925E6F5-8499-4012-97B4-8B9B6F6D3FE0","1","Race Track Accession Simulation Test Selection Copy","JOB_HEADER","JOB_HEADER",,"Race Track Accession (Job) this is simulated Race Track job with  system generated accession and commission #s","TRUE","FALSE","FALSE",,,,"TRUE", , ,"A",
"BA9BFC9B-B1D1-4DC3-9C9A-1CC3B3C1947A","1","PETRL Single Plate EPO ELisa - Batch Template Selection","PLATE","PLATE",,"Single Plate and Batch with Batch Template Selection","TRUE","FALSE","FALSE",,,,"FALSE", ," 30-06-2021 13:58:41.36","A",
"BA9BFC9B-B1D1-4DC3-9C9A-1CC3B3C1947A","2","PETRL Single Plate EPO Elisa - Batch Template Selection","PLATE","PLATE",,"Single Plate and Batch with Batch Template Selection","TRUE","FALSE","FALSE",,,,"TRUE", , ,"A",
"BB374758-8CC9-4AC4-AF84-3CA4F2C610D7","1","TJH Specification","SAMPLE","SAMPLE",,"TB_Spec specification being used","TRUE","TRUE","FALSE",,,,"TRUE", , ,"A",
"BDD721DC-9792-4E7A-A82C-CC305752124E","1","Single Batch Non Interactive","BATCH_HEADER","BATCH",,"Single Batch using the default batch entity template Non Interactive","TRUE","FALSE","FALSE",,,,"TRUE", , ,"A",
"BE02F037-B08B-4D21-B898-F7485DB10976","1","Screen Recheck","TEST","METHOD",," Screen Recheck , perform addiitonal tests if result is SUSPECT. add If statement to do different RECHECK tests - under If Suspect
currently Elisa and DMSOButte","TRUE","FALSE","FALSE",,,,"TRUE", , ,"A",
"C286EA1F-D574-459B-9232-F88F972A6DCF","1","PETRL Sample Lifecycle RT","SAMPLE","LIFECYCLE",,"PETRL sample Lifecycle - Race Track Samples - add in Transit status","TRUE","FALSE","FALSE",,,,"TRUE", , ,"A",
"C55AC869-4F70-41C4-90FC-EAD2565B3798","1","Standard Versions","STANDARD_VERSIONS","ENTITY",,"Standard Versions Entity Workflow","TRUE","FALSE","FALSE",,,,"TRUE", , ,"A",
"C6BB18AD-DB0A-4801-A224-5969AF51166E","1","Single Sample Incident","INCIDENTS","INCIDENT",,"Single Sample Incident using the default incident template","TRUE","FALSE","FALSE",,,,"TRUE", , ,"A",
"C874C9CE-67F9-4ED4-8B93-60D42C248B38","1","RaceTrackJob",,"GENERAL",,"Job from Race track file, 4/23/21 - get notes, add to sample description. 5/1 add logging","TRUE","FALSE","FALSE",,,,"TRUE", , ,"A",
"C9D81657-D13C-4D67-9FF8-2112552F2A80","1","TJH Color","SAMPLE","SAMPLE",,"Color of sample","TRUE","TRUE","FALSE",,,,"TRUE", , ,"A",
"CC9ED780-9F97-4E2F-8896-2F1CDA86C1CE","1","Manual Sample Simulation SubSample Test Selection","SAMPLE","SAMPLE",,"Racetrack  sample Simulation Subsample with Test Selection in If statements - Currently PROMAZINE_U  and COCAINE_U - Urine only","TRUE","FALSE","FALSE",,,,"TRUE", , ,"A",
"CDE51504-763D-469F-9AD2-5DAA9EF3D27B","1","ELISA Screen","TEST","METHOD",,"ELISA Screen , perform addiitonal tests if result is SUSPECT. add If statement to do different RECHECK tests - under If Suspect","TRUE","FALSE","FALSE",,,,"TRUE", , ,"A",
"CE8B5782-683E-4C05-9F5A-9A1B99C1B6BB","1","ELISA EPO Recheck","TEST","METHOD",,"ELISA EPO Recheck method workflow","TRUE","FALSE","FALSE",,,,"TRUE", , ,"A",
"D37B6C5F-7475-4D61-B30D-A7F7DA29615A","1","Default Data Package","DM_DATA_PACKAGE","DEFAULT",,"Default workflow for Data Package","FALSE","FALSE","FALSE",,,,"TRUE", , ,"A",
"D59530B7-C992-4144-8B38-382FA72F1584","1","Single Sample","SAMPLE","SAMPLE",,"Single Sample using the default sample template","TRUE","FALSE","FALSE",,,,"TRUE", , ,"A",
"D957A0D2-F475-4DC9-9415-BD2C4C84C302","1","8AAS Screen Copy","TEST","METHOD",,"Copies Suspect 8AAS samples to be re-run again in a screen","TRUE","FALSE","FALSE",,,,"TRUE", , ,"A",
"DD4F82FA-86E5-409C-A8A3-13E05F468E2B","1","KO Sample Login Workflow Example","SAMPLE","SAMPLE",,"example","TRUE","TRUE","FALSE",,,,"TRUE", , ,"A",
"DF6CE620-BE11-41D6-9BE7-624935CE195F","1","BatchExtended","BATCH_HEADER","LIFECYCLE",,,"TRUE","FALSE","FALSE",,,,"TRUE", , ,"A",
"E0557988-B503-4415-8A0F-3F89D3C21B37","1","Data Package","DM_DATA_PACKAGE","DATAPACKAG",,"Data Package using the default Lifecycle","TRUE","FALSE","FALSE",,,,"TRUE", , ,"A",
"E36A5574-4DC2-48C0-9F87-FBD47FABB804","1","NSAID Method Workflow","TEST","METHOD",,"NSAID Method Workflow","TRUE","FALSE","FALSE",,,,"TRUE", , ,"A",
"E49A6B6B-C1AD-42BB-AB54-6E47A9FC8BA0","1","NEG_REPORT","ACCESS_LOG","DEFAULT",,"Sub Workflow for sending negative reports","TRUE","FALSE","FALSE",,,,"TRUE", , ,"A",
"E8BC9214-C215-4392-A42D-AA383A09F91B","1","PETRL Race Card Lifecycle","P_RACE_CARD","DEFAULT",,"Lifecycle for race - WItness reports - Race Track. mod 7/18/21 to avoid KeyNF error. note check Group assignment on report attach","TRUE","FALSE","FALSE",,,,"TRUE", , ,"A",
"E8F42820-4196-48E1-B796-C7DBAFBBBB32","1","PETRL Race Lifecycle","P_RACE","DEFAULT",,"Lifecycle for Race Reports - Race TRack","TRUE","FALSE","FALSE",,,,"TRUE", , ,"A",
"E931713C-7B89-402D-B2AF-758DEFDE04B4","1","PETRL Sample Lifecycle RT Copy Test","SAMPLE","LIFECYCLE",,"PETRL sample Lifecycle - Race Track Samples - add in Transit status","TRUE","FALSE","FALSE",,,,"TRUE", , ,"A",
"EC4F44AC-43EE-4528-8920-025D26D97A8D","1","TJH Human Blood or Urine Testing","SAMPLE","SAMPLE",,"sample testing","TRUE","TRUE","FALSE",,,,"TRUE", , ,"A",
"EE6F2197-BF9A-4347-8201-F267730F2D13","1","TJH Sub Sample","SAMPLE","SUBSAMPLE",,,"TRUE","TRUE","FALSE",,,,"TRUE", , ,"A",
"EF0AB427-6219-4A49-8972-4E8DA44A08BE","1","Plate copy to child","PLATE","PLATE",,"Plate stage copy plate to child, creates a new plate and prompts the user for an existing plate then creates sub samples and tests to create later stages of testing and links stages through sample hierarchy.
","TRUE","FALSE","FALSE",,,,"FALSE"," 01-06-2021 00:00:00.00"," 02-06-2021 00:00:00.00","A",
"F03E87F1-DEA4-46FE-825E-87473E5C9854","1","Chromeleon Sequence","CHROMELEON_SEQUENCE","ENTITY",,"Chromeleon Sequence Entity Workflow","TRUE","FALSE","FALSE",,,,"TRUE", , ,"A",
"F61EAA36-C24F-47A3-8EB9-77DB6054D84D","1","Race Track Sample Simulation Sub","SAMPLE","SAMPLE",,"Racetrack  sample Simulation with Subsample","TRUE","TRUE","FALSE",,,,"TRUE", , ,"A",
"F7BE0113-2596-497D-A585-AB5C5B8853F3","1","PETRL Single Plate Elisa Urine All Test","PLATE","PLATE",,"DLT Test Plate 3/25!","TRUE","FALSE","FALSE",,,,"TRUE", , ,"A",
"F8234E0C-A40A-410A-94C3-5CF306BDFB8C","1","PETRL Shipment Lifecycle","P_SHIPMENT","DEFAULT",,"LC for Shipment of containers - reports","TRUE","FALSE","FALSE",,,,"TRUE", , ,"A",
"F847C3AF-A291-47CC-A8BA-F37B9E4037D7","1","PETRL Single Plate EPO Recheck","PLATE","PLATE",,"Single Plate and Batch using the default plate template which uses IA_EPO_SCR","TRUE","FALSE","FALSE",,,,"TRUE", , ,"A",
"FAD7BA2B-418A-4E47-82F8-F0F418215C9C","1","Petrl Sample Incidents","INCIDENTS","LIFECYCLE",,,"TRUE","FALSE","FALSE",,,,"TRUE", , ,"A",
"FB9F9C87-275D-4A14-A2CF-93135D6E556A","1","Retain Sample Lifecycle","SAMPLE","LIFECYCLE",,"Sample extended lifecycle to be used with Retain Samples","FALSE","FALSE","FALSE",,,,"TRUE", , ,"A",
"FE607AC1-FFB2-4B6D-82C8-EAAA833BA41C","1","Default Lot","LOT_DETAILS","DEFAULT",,"Default workflow for Lot","TRUE","FALSE","FALSE",,,,"TRUE", , ,"A",
